ref_text,best_candidate
नए page पर जाने के लिए writer gray box के बाहर तीन बार धीरे से click करें,नए पेज पर जाने के लिए writer grey box के बाहर तीन बार धीरे से click करें
checkout servlet . java पर जाते हैं,checkout servicelet java पर जाते हैं
यह comments प्रविष्ट करने का एक वैकल्पिक तरीका है,यह comments प्रविष्ट करने का एक वैकल्पिक तरीका है
यह है localhost : 8080 / my first project / greeting servlet path username = arya और password = arya * 123,यह local host colon 80 slash my first project slash greeting server path  क्वेशन मार्क  यूजरनेम equal to area और पासवर्ड equal to area star 123
इस file को text editor में खोलें,इस file को text editor में खोलें
admin section . jsp में हम देख सकते हैं हमारे पास form action = to admin section है,admin section jsp में हम देख सकते हैं हमारे पास formaction equal to admin section है
अतः हम तारीख़ में today और उस समय के साथ केवल एक user rebecca raymond देख सकते हैं अगर,इस tutorial में हम तारीख में टुड़े और उस समय के साथ केवल एक यूजर rebecca raymond देख सकते हैं
dvd / cdrom reader writer एक cd या dvd को read या write करने के लिए उपयोग होता है अब computer के fea,यह पहले dvd cd prompt author एक cd या dvd को read या राइट करने के लिए उपयोग होता है
अग्रणी software mnc के corporate social responsibility कार्यक्रम के अंतर्गत योगदान दिया गया है इस spoken tutorial के लिए,इस मिशन सिस्टम अगरानी सॉफ्टवेयर mnc के कोर्परेट सोशियल रिस्पॉन्सिबिलिटी कार्यक्रम के अंतर्गत योगदान दिया गया है
बंद करे terminal पर निम्न लाइनें type करें,terminal पर निम्न लाइनें type करें
आपका पूर्ण नियत कार्य निम्न प्रकार दिखेगा,आपका पूर्ण नियत कार्य निम्न प्रकार दिखेगा
करें अब url bar पर click करें और type करें addons . mozilla . org,अब url bar पर click करें और type करें addonse dot mozilla dot org space पर click करें
हमने पहले my first project नामक एक सरल project बनाया था,हमने पहले my first project named एक सरल project बनाया था
एक email भेजना,एक email भेजना
अतः मुझे इस line से username मिलता है,अतः मुझे इस line से यूजरनेम मिलता है
आपने address bar में gmail address की दाएँ तरफ के पीले star पर ध्यान दिया यह द,आपने address bar में jmol address की दायें तरफ के पीले स्टार पर ध्यान दिया
यह spoken tutorial project को सारांशित करता है,यह स्पोकन ट्यूटोरिययल प्रोजेक्ट को सारांशित करता है
bio package से seqio module को import करें,पहले बाईं पैकेज से sq io module को import करें
हमने पहले ही इसके elements के रूप में coordinate system और graphics icon annotation की चर्चा की है,हमने पहले ही इसके elements के रूप में coordinate system और graphics icon buffered की चर्चा की है
यह वो folder बनाता है जो सारी udacity projects data files रखेगा,यह वो folder बनाता है जो सारी odacity project data files रखेगा
वैकल्पिक रूप से addons manager tab खोलने के लिए आप ctrl + shift + a key एक साथ दबा सकते हैं,वैकल्पिक रूप से address manager type खोलने के लिए आप ctrl प्रस shift प्रस a की एक साथ दबा सकते हैं
हम देख सकते हैं कि यहाँ दो parameters हैं जो doget method को passed किये जाते हैं,हम देख सकते हैं कि यहाँ दो parameters हैं जो do get method को passed किये जाते हैं
और submit button पर click करें,और submit button पर click करें
जब आपने ffmpeg को download तथा install कर लिए हो आप सरल commands द्वारा video या audio को एक media file से अलग कर सकते है या audio तथा video को दो अलग media files से एक file में जोड़ सकते है,जब आपने ffmpeg को downloaded तथा installed कर लिया हो आप सरल commands द्वारा video या audio को एक media file से अलग कर सकते हैं या audio तथा video को दो अलग media file से एक file में जोड़ सकते हैं
दूसरा fragment sequence के बारहवें base से अंत तक तक होगा,दूसरा fragment sequence के बार में पेज से अंत तक होगा
यह play button बिलकुल vcr control play button की तरह व्यवहार करता है,यह play button बिल्कुल vcr control play button की तरह व्यवहार करता है
अब आप इस page को पढ़ सकते हैं यहाँ तक कि जब आप,अब आप इस पेज को पढ़ सकते हैं यहाँ तक कि जब आप अपना चाहिए तो फिर से बदल सकते हैं
python version 1 . 64 और mozilla firefox browser 35 . 0,python version 114 और mozilla firefox browser 350
इसको हल करने के लिए हम screen पर दिखने वाला,इसको हल करने के लिए हम screen पर दिखने वाला powerpoint देखेंगे
upload किया है इस code का उपयोग करके किसी भी size का dna sequence protein sequence पर translate,इस code का उपयोग करके किसी भी size का dna sequence protein sequence पर translate किया जा सकता है
यहाँ math के लिए कुछ reference links हैं,यहाँ maths के लिए कुछ reference links हैं
इस tutorial के अनुसरण के लिए आपको स्नातक स्तर की biochemistry या bioinformatics और बुनियाद,इस tutorial के अनुसरण के लिए आपको स्नातक स्तर की biochemistry या bio- इन्फॉर्मेटिक्स और
यह इस virtual machine के लिए 4 gb ram आवंटित करेगा,और चिल मशन के लिए 4gb ram आवंटित करेगा
यहाँ attachments हैं,यहाँ attachmentsations हैं
हमारे docs documents बनाने के लिए google docs हैं spread,अब हमारे पास document बनाने के लिए
labels को हटाया भी जा सकता है,lables को हटाया भी जा सकता है
checkout book पर click करें,checkout book पर click करें
यह अब आपको verification यानी सत्यापन के अगले भाग पर ले जायेगा,यह अब आपको verification यानी सत्यापन के अगले भाग पर ले जायेगा
इस tutorial के लिए इतना ही अब सारांशित करते हैं इस tutorial में हमने सीखा audacity प्रयोग करके editing के basics,इस tutorial के लिए इतना ही अब सारांशित करते हैं इस tutorial में हमने सीखा audacity प्रयोग करके editing के basics
der time derivative के लिए modelica function है,der time derivative के लिए modelिका फंक्शन है
acceleration due to gravity को g द्वारा प्रदर्शित किया गया है और इसे स्थाई माना जाता है,excelization duegativity को g द्वारा प्रदर्शित किया गया है और इसे स्थायलमाना जाता है
connection है जो computer को network से जोड़ने की अनुमति देता है lan cable,यह एक अनेक्शन है जो कॉम्प्यूटर को नेटवर्क से जोड़ने की अनुमति देता है
या your message has been sent,या यह message has been sent
चलिए अपने उदाहरण save करते हैं,चलिए अपने उदाहरण स्वेव करते हैं
libreoffice math पर spoken tutorial में आपका स्वागत है,लिबर ऑफिस मैथ पर spoken tutorial में आपका स्वागत है
scroll button घुमाकर scroll ऊपर या नीचे करने में उपयोग होता है computer mouse, scroll button पर scroll ऊपर या नीचे करने में उपयोग होता है
कितना आसान है उस site पर जाना जहाँ आप पहले गए थे site back up खुद का एक search हो,जो कितना आसान है उस site पर जाना जहाँ आप पहले गए थे
प्रदर्शन के लिए मैं firefox web browser प्रयोग करुँगी,प्रदर्शन के लिए मैं firefox web browser प्रयोग करुँगी
installing ubuntu linux os in a virtual box पर spoken tutorial में आपका स्वागत है इस,installing ubuntu linux os in a virtual box पर spoken tutorial में आपका स्वागत है
canvas में कहीं left click करें और mouse को पकड कर खींचे,canvas में कहीं left click करें और mouse को पकड़कर खींचें
headphone speaker या line out को जोड़ने के लिए उपयोग होता है अब सारे उपकरण,addressess या lineout को जोड़ने के लिए उपयोग होता है
उदाहरण के लिए उपरोक्त line में import का i छोटे अक्षरों में और bio का b बड़े अक्षरों में है,उदाहरण के लिए उपराक्त लाइन में इम्पोर्ट का i छोटे अक्षरों में और बायों का b बड़े अक्षरों में है
extension की सुविधाओं के बारे में पता करें और अपने mail खाते से अपठित mail की जांच करने के लिए इनका उपयोग कैसे करें,extension की सुविधाओं के बारे में पता करें और अपने मेल खाते से अपठित मेल की जाँच करने के लिए इनका उपयोग कैसे करें
हालाँकि यह संभव है पर बड़े web application को करने के लिए यह मुश्किल है,हालाँकि यह संभव है पर बडे web एप्लिकेशन को करने के लिए यह मुश्किल है
save changes button पर और फिर done पर click करें और इस,save changes button पर और फिर done पर click करें
अंततः सीखते हैं कि इस web page को print कैसे करें,अंततः सीखते हैं कि इस वेबपेज को print कैसे करें
सभी को bookmark करें,भी को bookmark करें
के अनुसार भी tabs को व्यवस्थित कर सकते हैं tab पर,आप अपने दोनों के अनुसार भी tabs को व्यवस्थित कर सकते हैं
बिल्कुल पहले है जब भी हम content जोड़ते या मिटाते हैं तो हमारा email default drafts folder में स्वतः ही save किया जायेगा,जब भी हम कंटेंट जोड़ते या मिटाते हैं तो हमारा email default dots folder में स्वतः ही सेव किया जायेगा
इस tutorial में हम फ़ायरफ़ॉक्स interface और tool,इस tutorial में हम firefox interface और tools बनाएँगे
यहां virtual machine है ubuntu जिसे हमने अभी बनाया है,यहां वर्षिल मशीन है उबंटु जिसे हमने अभी बनाया है
हमसे जुड़ने के लिए धन्यवाद,हमसे जुड़ने के लिए धन्यवाद
अब फ़ायरफ़ॉक्स browser खोलें,अब firefox browser खोलें
हम कार्यशालाएं संचालित करते हैं और online tests pass करने वालों को प्रमाणपत्र देते हैं,हमकार्यशालाएं संचालित करते हैं और online test pass करने वालों को प्रमाणपत्र देते हैं
browser पर वापस आते हैं,browser पर वापस आते हैं
audacity open करे narration शुरू करे और ध्यान रखे के वाक्यों के बीच उपयुक्त pause हो,इस tutorial की ज़रूरत में हमें ध्यान रखने के लिए प्रस्तुतियोग की ज़रूरत होती है
अब हमारा printer computer से जुड़ गया है,अब हमारा printer computer से जुड़ गया है
फिर advanced पर click करें,फिर advanced पर click करें
class अब text view में खुलता है,class अब text व्यू में खुलता है
चिन्ह है संख्या 5 के बाद नये,संख्या 5 के बाद नये खाली चुनें
formulae को format करिये,उल्ले को format करिये
यदि आपके पास अच्छा bandwidth नहीं है तो आप इसे download करके देख सकते हैं,यदि आपके पास अच्छा bandwidth नहीं है तो आप इसे download करके देख सकते हैं
grid में क्षैतिज field को 4 units में बदलें ok पर click करें, grid में क्षैतिज field को 4 units में बदलें ok पर click करें
start और unit attributes पहले ही परिभाषित किए गए हैं,start और unit attributes पहले ही परिभाषित किये गए हैं
google drive options के spoken tutorial में आपका स्वागत है इस tutorial,model drive options के स्पोकन ट्यूटोरियल में आपका स्वागत है
printer properties dialog box में दोबारा ok पर click करें,printer properties dialog box में दोबारा ok पर click करें
आप दो या अधिक usb ports और एक dvd cdrom या reader writer भी देखेंगे usb ports,अतः आप दो या अधिक usb ports और एक dvd cd ram reader writer भी देखेंगे
अब हम audacity को open करते है applications पर click करे फिर sound and video फिर audacity को run करने के लिए उसे चुने,अब हम audacity को open करते हैं applications पर click करें फिर sound & video फिर audacity forum करने के लिए उसे चुनें
password textbox के नीचे हम कुछ और options देख सकते हैं मै require my password to login चुनुंगी,password textbox के नीचे हम कुछ और options देख सकते हैं मैं  require my password to login चुनूँगी
writer gray box में partial derivatives के लिए del चिन्ह पर ध्यान दें,इस greater क्लिक करें बॉक्स में partial derivatives के लिए cell चिन्ह पर ध्यान दें
यदि आप एक नयी sequence चाहते हैं तो उपरोक्त की तरह उसी command के लिए up arrow key दबाएं enter दबाएं,यदि आप एक नयी sequence चाहते हैं तो उपरोक्त की तरह उसी command के लिए अप arrow की दबाएं enter दबाएं
show details पर click करें,showdetails पर click करें
इस tutorial में हम windows base machine पर virtual box में ubuntu linux 16 . 04 संस्थापित करना सीखेंगे,इस tutorial में हम windows base machine पर virtual box में ubuntu linux 1604 संस्थापित करना सीखेंगे
the history of email के लिए search करें,the history of the email के लिए search करें
out करने के लिए here पर click करें अब,dialog box को अपलोड करने के लिए your पर click करें
servlets controller की तरह और jsp s view की तरह कार्य करता है,blets controller की तरह और jsp view की तरह कार्य करता है
click करें चलिए अब देखते हैं कि कैसे integral equation,चलिए अब देखते हैं कि कैसे internal division
click करता हूँ और दिखाता हूँ कि इसमें क्या है अब हम deployment,मैं click करता हूँ और दिखाता हूँ कि इसमें क्या है
इसे सारांशित करते हैं,इसे सारांशित करते हैं
इसी तरह यह signal के amplification के लिए signal 1 और signal 2 की value को दर्शाता है जिसकी हमने पहले ही चर्चा की है,इसी तरह यह signal के amplification के लिए signal 1 और signal 2 की value प्रदर्शाता है जिसकी हमने पहले ही चर्चा की है
संस्थापन शुरू करने के लिए नीचे start button पर click करें,संस्थापन शुरू करने के लिए नीचे start बटन पर क्लिक करें
type करें len में dna 2 enter दबाएं,टाइप करें len ब्रैकेट्स में dna2 एंटर दबाएं
करने के लिए tracks tab पर जाएँ और mix and render चुनें,ऐसा करने के लिए tags टैब पर जाएँ और mix and render चुनें
port microphone जोड़ने में उपयोग होता है नीला port,माइक्रोफन जोड़ने में उपयोग होता है
spoken tutorial project भारत सरकार के mhrd के nmeict द्वारा निधिबद्ध है,spoken tutorial project भारत सरकार के mhrd के nmeict द्वारा निधिबद्ध है
पर click करें हम देख सकते हैं कि,अब अपने पेज पर क्लिक करें
निम्नलिखित link पर उपलब्ध video देखें यह spoken tutorial project को सारांशित करता है,निम्नलिखित link पर उपलब्ध video देखें यह spoken tutorial project को सारांशित करता है
यह हमारे द्वारा properties dialogue box का उपयोग करके icon view में किए गए बदलाव के कारण है,यह हमारे द्वारा properties dialog box का उपयोग करके icon view में किये गए बदलाव के कारण है
पहले छोटे records के लिए records . sort command line में arguments को reverse करें,पहले छोटे records के लिए records sort command line में arguments को reverse करें
फिर file पर click करें browse करें और save की हुई file को खोलें,browse करें और सेव की हुई file को खोलें
ध्यान दें ellipse को सम्मिलित किया गया है और इसकी properties icon annotation के graphical filled में निर्दिष्ट है,ध्यान दें ellipse को सम्मिलित किया गया है और इसकी properties icon annotation के graphical field में निर्दिष्ट हैं
नीचे continue button पर click करें,नीचे continue button पर click करें
उनकी properties को संशोधित करें और उनके annotation को समझें,उनके properties को संशोधित करें और उनके annotation को समझें
glassfish server select करें ध्यान दे कि,glassfishfish server सेलेक्ट करें
हम admin के रूप में फिर से login करते हैं,हम admin के रूप में फिर से login करते हैं
जैसा एक icon हैं आप जिस भी webpage पर हैं यह button आपको वहाँ से d,आप जिस भी वेबपेज पर हैं यह button आपको वहाँ से default कर सकते हैं
और c constant है और हम formula में a के लिए 1 b के लिए - 7 और c के लिए 3 रखकर eq,और c constant है और हम फॉर्मूले में a के लिए 1 b के लिए minus 7 और c के लिए तीन रखकर इक्वेशन करते हैं
हमें success greeting page प्राप्त होता है जिस,हमें success greeting पेज प्राप्त होता है
browser window खुलती है,browser window खुलती है
में जो audio format चाहिए उसमें final projects को export करे जैसे के wav mp3 इत्यादि,अब हम में यह command में जो audio format चाहिए उसमें final project को export करें जैसे कि डब्ल्यूएवी sp3 इत्यादि
play आता है अब book,अब ब्लॉक बनाते हैं
दूसरों को email की blind यानी गुप्त copy mark करने के लिए bcc विकल्प प्रयोग कर सकते हैं,तूसरों को email की line यानि गुप्त copy मार्क करने के लिए bccvick प्रयोग कर सकते हैं
doget method के अंदर type करें,toget method के अंदर type करें
जब आपका computer पहली बार खुलता है तो आप काले screen पर शब्दों की कुछ लाइनें देखेंगे यह,यदब आपका computer पहली बार खुलता है तो आप काले screen पर शब्दों की कुछ लाइनें देखेंगे
fill style में color पर click करें,fill style में color पर click करें
i i t bombay से मैं श्रुति आर्य आपसे विदा लेती हूँ हमसे जुड़ने के लिए धन्यवाद,यह ट्यूटोरियल this अमित कुमार द्वारा अनुवादित है आईआईटी बॉम्बे से मैं श्रुति आर्य आपसे विदा लेती हूँ हमसे जुड़ने के लिए धन्यवाद
output के लिए type करें dna 3 enter दबाएं,output के लिए type करें dna3 enter दबाएँ
रूप से my drive menu चयनित किया जायेगा और इसकी विषय वस्तु केंद्र में दिखाई देगी,default रूप से my drive menu चयनित किया जायेगा और इसकी विषय वस्तु centre में दिखाई देगी
सबसे पहले sum block को देखते हैं,सबसे पहले sun block को देखते हैं
यह हमें इस tutorial के अंत में लाता है,यह हमें tutorial के अंत में लाता है
mouse है विशिष्ठ रूप से,जैसा कि हमारे पास mouse है
नियत कार्य में 30 bases का एक यादृच्छिक dna sequence बनाएं,नियत कार्य में 30 basis का एक यादृच्छिक dns सीकुन्स बनाएं
विकल्प के साथ users comment text पर click करके उस comment का उत्तर दे सकते हैं comment,उस edit विकल्प के साथ users command text पर क्लिक करके उस command का उत्तक दे सकते हैं
यदि आपके पास अच्छा bandwidth नहीं है तो आप इसे download करके देख,यदि आपके पास अच्छा bandwidth नहीं है तो आप इसे download करके देख सकते हैं
output के लिये type करें dna 4 enter दबाएं,output के लिए type करें dna4 enter दबाएं
file को browse करें और चुनें जो आप mail में भेजना चाहते हैं,file को browse करें और चुनें जो आप mail में भेजना चाहते हैं
अब success user . jsp पर आते हैं,अब success user jsp पर आते हैं
हमें attribute user की value प्राप्त होती है और इसे user object की तरह संचित करते हैं,हमें attribute user की value प्राप्त होती है और इसे user object की तरह संचित करते हैं
page ubuntu linux संस्थापन के दौरान महत्वपूर्ण steps में से एक है यहाँ हमे यह तय करना होंगा की हम ubuntu links संस्थापीत करने जा रहे है यह,पीच उपन्टू लिनक्संस्थापन के दौरान महत्वपूर्ण स्टेप्स में से एक है यहाँ हमें यह तय करना होगा कि हम उबंटु लिनक्स संस्थापित करने जा रहे हैं
और मौसम की update भी प्रदर्शित करे,और मौसम की अपडेट भी प्रदर्शित करें
web browser खोलें और अपने gmail account पर login करें,web browser खोलें और अपने जमें अकाउंट पर click करें
greek अक्षर के लिए mark up पर ध्यान दें जो है alpha जोकि सूची के नीचे दर्शाया गया,ग्रीक अक्षर के लिए मार्कअप पर ध्यान दें जो है alpha जोकि सूची के नीचे दर्शाया गया है
system type में हम देख सकते हैं कि हम window का 32 bit या 64 bit version का उपयोग कर रहे हैं,system type में हम देख सकते हैं कि हम window का 32bit या 64bit version का उपयोग कर रहे हैं
to वो स्थान है जहाँ हम उस व्यक्ति का email address type करते हैं जिसे हम email भेजना चाहते हैं,2 वह स्थान है जहाँ हम उस व्यक्ति का email address type करते हैं जिसे हम मेल भेजना चाहते हैं
आदर्श रूप से mouse को बिना हिलाये एक भाग चुनें नहीं तो paste की हुई movie में mouse की गतिविधि का दोहराव हो जायेगा यह देख,आदर्श रूप से mouse को बिना हिलायें एक भाग चुनें नहीं तो pasted की हुई clip में mouse की गतिविधि का दोहराव हो जायेगा
फिर selection सूची में पहला item चुनें जो पहला factorial formula जो हमने लिखा है दर्शा रहा है,फिर selection सूची में पहला item चुनें जो पहला factorial formula जो हमने लिखा है दर्शा रहा है
दर्शाये अनुसार monitor से जोड़ें अब दूसरे,दर्शाए अनुसार monitor से जोड़ें
अगर आप windows movie maker पहली बार उपयोग कर रहे हैं तो कलैक्शन panel खाली होगा,अगर आप windows movie में कर पहली बार उपयोग कर रहे हैं तो collection panel खाली होगा
अधिक जानकारी दिए गए link पर उपलब्ध है spoken tutorial . org / nmeict intro,इस मिशन पर अधिक जानकारी दिए गए लिंक पर उपलब्ध है spoken hyphen tutorial dot org slash nmeict hyphen intro
with चुनें ok पर click करें,transition फिर database चुनें ok पर click करें
अक अलग दर्शाइए alignments और spacing बदल कर steps को,alignment और spacing बदलकर steps को फॉर्म के अंदर दबाएँ
audio file को edit करने के लिए हमें सबसे पहले इसको audacity में import करने की ज़रुरत है ऐसा करने के लिए file import audio पर जाएँ,audio file को edit करने के लिए हमें सबसे पहले इसको audacity में import करने की ज़रुरत है ऐसा करने के लिए file import audio पर जाएँ
हम देखते हैं कि text welcome browser पर printed हुआ है,हम देखते हैं कि text welcome browser पर printed हुआ है
भारत सरकार के mhrd के ict के माध्यम से राष्ट्रीय साक्षरता mission द्वारा समर्थित है,यह भारत सरकार के एमएचआरडी के आईसीटी के माध्यम से राष्ट्रीय साक्षरता mission द्वारा समर्थित है
किन्तु हमें इससे बाध्य होने की आवश्यकता नहीं है हम अपनी पसंद का search engine चुन सकते हैं,किन्तु हमें इससे बाद दे होने की आवश्यकता नहीं है हम अपनी पसंद का search engine चुन सकते हैं
timeline पर दो stereo tracks है जहाँ narration दिखाई देते है spike या way form,अब हम देखेंगे कि दो टाइम लाइन पर दो स्टीरियो ट्रैक्स हैं जहाँ निरेशन दिखाई देते हैं
miso एक आंशिक block है जिसका अर्थ है कि यह केवल inherit किया जा सकता है लेकिन instentiate नहीं,मी से एक आंशिक ब्लॉक है जिसका अर्थ है कि यह केवल inherit किया जा सकता है लेकिन instance नहीं किया जा सकता है
पूरी audio file एक या एक से अधिक बार सुनने के बाद edit करने की संरचना निश्चित की जा सकती है ; ज़रुरत के अनुसार file के भागों को मिटाया या खिसकाया जा सकता है,पूरी audio file एक या एक से अधिक बार सुनने के बाद edit करने की संरचना निश्चित की जा सकती है ज़रुरत के अनुसार file के भागों को मिटाया या खिसकाया जा सकता है
चलिए लिखते हैं solving a quadratic eq,चलिए लिखते हैं solver a quadraticix
अब देखते हैं कि इस method में हम क्या करते हैं,अब देखते हैं कि इस method में हम क्या करते हैं
फिर हम success user page की तरह forward होते हैं,फिर हम success user पेज की तरह फॉर्वर्ड होते हैं
public करें windows users कृपया tools,windows users क्रमशः क्लिक करें
अब अपना gender चुनें,अब अपना gender चुनें
timeline के ऊपर यहाँ अनेक icons हैं जो editing के दौरान मदद कर सकते हैं,time line के ऊपर यहाँ अनेक icons हैं जो editing के दौरान मदद कर सकते हैं
यानी टूकडे बनने में एक नयी sequence बनाने के लिए दो sequences को एकसाथ,एक नयी sequence बनाने के लिए दो sequencees को एक साज बनाएँ
protein sequence के अंत में * देखें यह stop codon दिखाता है उपरोक्त,protein sequence के अंत में asterisk देखें यह stop codeon दिखाता है ऊपरोक्स है
sp पर double click करें हम यहाँ source code,print करने के लिए एक expeacher double click करें
मैं india में रहती हूँ अतः मेरे location drop down में india प्रदर्शित है,मैं india में रहती हूँ अतः मेरी location drop down में india प्रदर्शित है
हम output welcome देखते हैं इसलिए,हम output welcome देखते हैं
table के अंदर हमने एक शीर्षक welcome to library management system सम्मिलित कर लिया है,table के अंदर हमने एक शीर्षक welcome to library management system सम्मिलित कर लिया है
एक registered user को login करने की अनुमति देता है,रिजिस्टर यूज़र को लॉग इन करने की अनुमति देता है
आगे dna strand का mrna पर coding का transcription,आगे dna string का mhrna पर coding का transcription
"hello world प्रदर्शित हुआ है इसको सारांशित कर --Here, listen to audio to fix. Copy 1 off below",hello world प्रदर्शित हुआ है
इस file को aup file यानी audacity projects file की तरह save करें file save project as पर click करके जो,इस file को a up file यानि audacity project file की तरह सेव करें file save project as पर क्लिक करके
चलिए searchbar में फिर email type करते हैं और आवर्धक lens पर click,अब चलिए search bar में फिर email type करते हैं और आवर्धक lens पर click करते हैं
netbeans ide उपयोग करके core java और,netbeans ide उपयोग करके कोड java और
करते हैं अब इस method पर आते हैं,अब इस method पर आते हैं
इस tutorial को समझने के लिए आपको physical systems के equation आधारित modelling को जानने की आवश्यकता है,इस tutorial को समझने के लिए आपको physical system के equation आधारित modeling को जानने की आवश्यकता है
इसे सारांशित करते हैं,इसे सारांशित करते हैं
इस युग्म की पहली संख्या - 200 है जो canvas के ऊपरी बाएं कोने के क्षैतिज निर्देशांक को दर्शाता है,इस युग्मिकी पहली संख्या100 है जो canvas के ऊपरी बाएं कोने के क्षैति निर्दिषांक को दर्शाता है
सरकार के mhrd मंत्रालय के राष्ट्रीय साक्षरता mission ने ict क े माध्यम से समर्थित किया है इस mission पर,यह भारत सरकार के एमएचआरडी मंत्रालय के राष्ट्रीय साक्षरता mission ने आई सी टी ict के माध्यम से समर्थित किया है
xml file के बारे में या मैं उपयोग कर,इस xaml फाइल के बारे में
करें इस tutorial में हम ubuntu 10 . 04 पर firefox version 7 . 0 इस्तेमाल करेंगे,इस tutorial में हम उबंटू 1004 पर firefox वर्ज़न 70 का इस्तेमाल करेंगे
आवश्कता में आपको gmail की बुनियादी जानकारी होनी चाहिए यदि,अब आवश्यकता में आपको जीमेल की बुनियादी जानकारी होनी चाहिए
rcam,ruby की जाँचती है
sp page है और इसका शीर्षक hello world है जब हम web application,यह एक xt पेज है और इसका शीर्षक hello world है
default to fullscreen विकल्प compose window को बड़ा करेगा,default to full screen विकल्पकंपोज window को बड़ा करेगा
फिर आप सबसे अधिक प्रासंगिक या उपयोगी addons को चुन कर संस्थापित कर सकते हैं,फिर आप सबसे अधिक पासंगिक या उपयोगी एर्डाउन को चुनका संस्थापित कर सकते हैं
एक track मिटायें,एक track मिटायें
version dropdown से मैं ubuntu 64 bit चुनुंगी,वर्शन ड्रॉपडाउन से मैं ubuntu 64 बीच चुनूँगी
उनको प्रमाणपत्र भी देते हैं जो online test pass करते हैं,उनको प्रमाणपत्र भी देते हैं जो online test pass करते हैं
करते है अधिक जानकारी के लिए कृपया contact @ spoken tutorial . org पर,अधिक जानकारी के लिए कृपया contact at spoken hyphen tutorial dot org पर संपर्क करें
एक नया google account बनाना,एक नया google account बनाना
एक बार जब आपने अपना sequence object edit कर लिया है तो इसे वापस read only form,एक बार जब आपने अपना sequence object एडिट कर लिया है तो इसे वापस read only com में लिखें
कोई पसंदीदा webpage type करे बायीं ओर नीचे कोने में close button पर click करके firefox preferences window,बायीं ओर नीचे कोने में close button पर क्लिक करके firefox preference window में type करें
अगला हम उपरी व्यंजक में - b + or - जोड़ेंगे और उनको हम curly कोष्टकों के भीतर रख देंगे,अगला हम ऊपरी वैंजक में माइनस b प्लस और माइनस जोड़ेंगे और उनको हम कर्ली कोष्ठकों के भीतर रख change
please correct the following error invalid username or password, please correct the following error invalidid username और password
हम देखेंगे कि हम इस method में क्या करते हैं,हम देखेंगे कि हम इस method में we करते हैं
कुछ समय बाद वो document दोबारा खोलते हैं तो हम अन्य shared users के द्वारा किये गए edits देख सक,कुछ समय बाद वो document दोबारा खोलते हैं तो हम अन्य शेयर्ड users के द्वारा की गए bullets देख सकते हैं
अनुसार cpu से जोड़ें फिर इसे,उसके अनुसार cpu से जोड़ें
folder dropdown पर click करें और choose चुनें,folder dropdown पर click करें और choose चुनें
firefox browser restart करने के लिए prompted किया जाएगा,को firefox ब्राउज़र रिस्टार्ट करने के लिए प्रॉम्प्ट किया जायेगा
yahoo homepage पर जाने के लिए homepage icon पर click करें,या हूँ homepage पर जाने के लिए homepage icon पर click करें
n 4 gb या अधिक hard,हम4gb या अधिक
यह प्रमाणित users को library management system login करने की अनुमति देगा,यह प्रमाणित users को library management system login करने की अनुमति देगा
उदाहरण के लिए यदि लिखना है 4 into 3 हम formula editor window में type करते हैं 4 times 3,उदाहरण के लिए यदि लिखना है 4 into 3 हम formula editor window में type करते हैं 4 times 3
book . java book का model है,book java book का model है
यदि आपका base machine 32 bit है तो drop down से ubuntu 32 bit चुनें और windows,यदि आपका base machine 32bit है तो ड्रॉप डाउन से ubuntu 32bit चुनें
हम चाहते हैं तो यहाँ वो कोड़,तो यहाँ वो code है
math को फिर से लाएं,met को फिर से लाएँ
data से परिणाम उत्पादन की प्रक्रिया का समर्थन करती है उसे output unit कहते हैं monitor और,यह प्रोडेटा से परिणाम उत्पादन की प्रक्रिया का समर्थन करती है उसे आउटपुट यूनिट कहते हैं
हम अपने gmail page पर हैं,हम अपने जीमेल पेज पर हैं
अक्सर विज्ञापन हमारे internet अनुभव के साथ हस्तक्षेप करते हैं,अक्सर विज्ञापन हमारे इंटरनेट अनुभाव के साथ हस्तशेप करते हैं
निम्न link पर उपलब्ध video देखें,निम्न link पर उपलब्ध video देखें
अब यह servlet request object से form data को access करने के लिए सक्षम होगा,अब यह सर्वलैट रिक्वेस्ट ऑब्जेक्ट से form data को एक्सेस करने के लिए सक्षम होगा
अब इस method पर आते हैं,अब इस method पर आते हैं
spoken tutorials का उपयोग करके कार्यशाला,spoken tutorials का उपयोग करके कार्यशालाएँ भी चलाती है
netbeans ide 7 . 3,netbeans ide 733
अब हम इस tutorial की,अब हम इस tutorial के समाप्ति की ओर आ गये हैं
writer document में हम control + enter दबाकर नये page में जायेंगे,साइटर डॉक्युमेंट में हम control plus enter दबा कर नए पेज में जायेंगे
अधिक जानकारी के लिए हमसे संपर्क करें,अधिक जानकारी के लिए हमसे संपर्क करें
tutorial project file भारत सरकार के mhrd के nmeict द्वारा निधिबद्ध है,spoken tutorial project भारत सरकार के mhrd के nmeict द्वारा निधिबद्ध है
है omedit डिफॉल्ट रूप से welcome perspective में खुलता है,यह menuedit default रूप से welcome perspective में खुलता है
spoken tutorial project भारत सरकार के mhrd के nmeict द्वारा समर्थित है,spoken tutorial project भारत सरकार के mhrd के nmeict द्वारा समर्थित है
अतः सामान्य नियमों का अनुसरण करें जैसे कि आप python strings के लिए,अतः सामान्य नियमों का अनुसरण करें जैसे कि आप python strings के लिए
चिन्ह का चुनाव करें इस dialog box के विविध options के बारे में अन्य tutorial में चर्चा करेंगे,इस dialog box के विविध options के बारे में अन्य tutorial में चर्चा करेंगे
ध्यान दें यहाँ extent grid और component नामक श्रेणियां हैं,ध्यान दें यहां extend grid और component नामक श्रेणियाँ है
नहीं हम पहले x और y को जोड़ना चाहते हैं और यह हम x और y के पीछे curly कोष्ठकों को लगाकर कर सकते हैं और mark up ऐसे दिखेगा 5 over x,नहीं हम पहले x और y को जोड़ना चाहते हैं और यह हम x और y के पीछे कर्ली कोष्ठकों को लगाकर कर सकते हैं और markup ऐसे दिखेगा 5 ओफर x पर click करें
ध्यान दें हमने यह java class packageorg . spokentutorial . model में बनाया है,ध्यान दें हमने यह java class package org spokentutorial org में बनाया है
पहले पुर्व आवश्यक tutorial का उल्लेख हमारी website पर किया गया है कृपया उन्हें देखें,उल्व आवश्यक ट्यूटोरियल का उल्लेख हमारी बदलकर पर किया गया है कृपया पुन्हें देखें
अब slides पर वापस आते हैं,अब slides पर वापस आते हैं
भारत सरकार के mhrd के ict के माध्यम से राष्ट्रीय साक्षरता mission द्वारा समर्थित है,भारत सरकार के एमएचआरडी के आईसीटी के माध्यम से राष्ट्रीय साक्षरता mission द्वारा समर्थित है
देखते हैं thumbnail आपको दिखाता है कि themes कैसे,थमनेल आपको दिखाता है कि themes कैसे करते हैं
शीर्ष command का अनुसरण करें जैसे सामान्य python में कर,शेष command का अनुसरण करें जैसे सामान्य पाइथन निकारता है
दिए गए link पर उपलब्ध video spoken tutorial project को सारांशित करता है कृपया इसे देखें और download करें,निम्न लिंक पर उपलब्ध वीडियो स्पोकन ट्यूटोरियल प्रोजेक्ट को सारांशित करता है कृपया इसे देखें और डाउनलोड करें
manipulating sequences पर spoken tutorial में आपका स्वागत है,manimating sequences पर spoken tutorial में आपका स्वागत है
से मैं श्रुति आर्य आपसे विदा लेती हूँ हमारे साथ जुड़ने के लिए धन्यवाद,आई आई टी बॉम्बे से मैं श्रुति आर्य आपसे विदा लेती हूँ हमारे साथ जुड़ने के लिए धन्यवाद
अब adduser . jsp पर आते हैं,add adduser jsp पीपर आते हैं
चुके हैं इस tutorial में हमने themes personas और ad,इस tutorial में हमने themes पर सुनाज़ और add दीजाएँ हैं
जैसा पहले उल्लिखित है आप एक भाषा से दूसरी भाषा में video को कैसे dub करते हैं पर tutorial देखना चाह सकते हैं,जैसा पहले उल्लिखित है आप एक भाषा से दूसरी भाषा में विडियो को कैसे डब करते हैं पर ट्यूटोरियल देखना चाह सकते हैं
अब आप google homepage में होंगे,अब आप google home पेज में होंगे
pop up window बंद करें,popअप window बंद करें
mouse spoken tutorial bookmark पर ले जाएँ अब बा,mouse spoken tutorial bookmark पर ले जाएँ
connection settings dialog box को बंद करने के लिए close button पर click करें फिरसे preference या,connection settings dialog box को बंद करने के लिए close button पर click करें
वे रंग के rgb तीव्रता के अनुरूप हैं,वे रंग के rgb तीर्वता के अनुरूप हैं
icon या diagram view में polygon और ellipse कैसे प्रविष्ट करें,icon या diagram view में polygon और ellipse कैसे प्रविष्ट करें
है यहाँ हमने जो सीखा उसका त्वरित,यहाँ हमने जो सीखा उसका त्वरित्त प्रविष्ट किया है
biopython tools उपयोग करके हम file में records को लम्बाई से sort यानि कि,pypython tools उपयोग करके हम file में records को लम्बाई से sort यानि किया जाता है
अब शुरू करते हैं,वर्ष की अब शुरू करते हैं
ए हम अपनी revision history check सकते हैं इसे खोल,इसके लिए हम अपनी revision history देख सकते हैं
अब इस method पर आते हैं,अब इस method पर आते हैं
अब पहले एक pdf file संलग्न करते हैं जो 1 mb size से छोटी है,अब पहले एक pdf file संलग्न करते हैं जो 1mb size से छोटी है
firefox menu bar से file पर click करें और page set,fire firefox menu bar से file पर click करें और page set करें
नाम से क्रमबद्ध होते हैं आप book,आपका इस name से क्रमबद्ध होते हैं
enter दबाएँ screen पर ipython prompt,enter दबाएं screen पर ipython prompt प्रविष्ट करें
वे component oriented modeling के लिए drag और drop कार्यक्षमता को सक्षम करते हैं,वे component oriented मॉडलिंग के लिए ड्रैग और ड्रॉप कार्यक्षमता को सक्षम करते हैं
मैं modeling perspective पर वापस जाती हूँ,मैं modeling perspective पर वापस जाता हूँ
जुड़ने के लिए धन्यवाद,हमसे जुड़ने के लिए धन्यवाद
हम उनमें से प्रत्येक को व्यक्तिगत रूप से देखेंगे,हम उनमें से प्रत्येक को व्यक्तिगत रूप से देखेंगे
यह tutorial windows movie maker प्रयोग करके video को कैसे edit करना है के मूल तत्वों को समझायेगा,यह tutorial windows movie प्रयोग करके windows को कैसे edit करना है कि मूल तत्वों को समझायेगा
अब username में type करें arya और password मे type करें aryastar123,अब user name में type करें area और password में type करें area star123
सीखेंगे अतः अब मैं drive पर click करती हूँ यह,अब मैं drive पर click करती हूँ
अब cpu को देखते हैं,अब cpu को देखते हैं
यूज़र नहीं चाहता कि data की विषयवस्तु url में दिखाई दे,यूज़र नहीं चाहता कि data की विषयवस्तु url में दिखाई दे
यहाँ हमने यह validate किया कि age field valid positive integer रखता है,यहाँ हमने यह validate किया कि ऐज फिल्ड वैलिड पॉजिटिव इंटिजर रखता है
यहाँ visitors home page नामक page के लिए एक link है,यहाँ visitors zoom  पेज नामक पेज के लिए एक लिंक है
करते हैं इस tutorial में हमने सीखा sequence रेकॉर्ड objects बनाना,इस tutorial में हमने सीखा sequence record object बनाना
कार्य है निम्लिखित derivative formula लिखिए,निम्नलिखित derivative फॉर्मूला लिखिए
alignment को left में बदलें,alignment को left में बदलें
प्रयोग करके आप अनेक programs खोलकर computer के साथ interact कर सकते हैं keyboard comp,nose प्रयोग करके आप अनेक programs खोलकर computer के साथ इंटरैक्ट कर सकते हैं
ellipse पर right click करें और अपने पसंद की properties बदलने के लिए properties चुनें ok पर click करें,loops पर right click करें और अपने पसंद की properties बदलने के लिए properties चुनें ok पर click करें
ptor के बारे में web . x,जिस फिर से वेबटर के बारे में
सारी formatting जो हमने पहले की थी plain text mode विकल्प उसको हटा देगा और mail को plain text में बदल देगा,सारी formatting जो हमने पहले की थी plain text mode विकल्प उसको हटा देगा और मेल को plain text में बदल देगा
उनको प्रमाणपत्र भी देते हैं जो online test pass करते हैं,उनको प्रमाणपत्र भी देते हैं जो online test pass करते हैं
इसके लिए चलिए सबसे पहले उदाहरण writer document खोलते हैं जिसको हमने पिछले tutorials में बनाया था mathexample 1 . odt,इसके लिए चलिए सबसे पहले उदाहरण writer document खोलते हैं जिसको हमने पिछले tutorial में बनाया था
हम set attribute method उपयोग करके request scope में variable error messages set करते हैं,हम setattribute method उपयोग करके रिक्वेस्ट scope में वेरिएबल एरर मैसेजेस set करते हैं
time की unit अन्य variables के लिए इ्स्तेमाल units के system पर आधारित है,time के unit अन्य वायरित इसके लिए इस्तमाल unit के सिस्टम पर आधारित है
इस tutorial में हम सीखेंगे कि sequence record objects कैसे बनाते हैं,इस tutorial में हम सीखेंगे कि sequence record objects कैसे बनाते हैं
firefox बंद हो जाता है जब यह restart,यहाँ firefox बंद हो जाता है
इसके नीचे आप एक link देखेंगे जो कहता है create an account,इसके नीचे आप एक link देखेंगे जो कहता है create an account
निम्लिखित integral लिखिए,निम्नलिखित इंटीरियल लिखिये
इसको सारांशित करते हैं,इसको सारांशित करते हैं
पसंद का कोई भी web browser प्रयोग कर सकते हैं इस tutorial के अंत,इस tutorial के अनुसार के लिए पसंद का कोई भी web browser प्रयोग कर सकते हैं
अब हमारे पास दूसरा fragment भी sequence object की तरह ही है,अब हमारे पास दूसरा फ्रैग्मेंट भी sequence ऑब्जेक्ट की तरह ही है
अच्छी bandwidth नहीं है तो इसे download करके भी देख सकते हैं,यदि आपके पास अच्छी bandwidth नहीं है तो आप इसे download करके भी देख सकते हैं
books की वो list जिनकी current date return date से ज़्यादा हो गयी है,बुक्स की वोलिस्ट जिनकी करंट डेट रिटर्न डेट से ज़्यादा हो गयी है
कर सकते हैं यहाँ मैंने एक fasta file hemoglobin . fasta खोली है जो छह records रखती है,यहाँ मैंने एक फास्टा फ़ाइल hemoglobin डॉट फास्टा खोली है जो झैरिक और सकती है
split button पर फिर से click करें ध्यान दें कि clip इस स्थिति पर दोबारा से विभाजित होती है,split button पर फिर से click करें ध्यान दें कि clip इस स्थिति पर दोबारा से विभाजित होती है
output translate की हुई sequence में stop codons की उपस्थिति से सम्बंधित जानकारी भी दिखाता है,आउटपुट ट्रांसलेट की हुई sequence में stop columns की उपस्थिति से सम्बंधित जानकारी भी दिखाता है
पृथ्वी की सतह से दूर किए गए variable को सकारात्मक माना जाता है,प्रचवी की सतह से दूर किए गए वेरिएबल को सकारात्मक माना जाता है
उनको प्रमाणपत्र भी देते हैं जो online test pass,उनको प्रमाणपत्र भी देते हैं जो online test pass करते हैं
दिए हुए dna sequence को protein sequence में translate करें,दिए हुए dna sequence को protein sequence में translate करें
bioinformatic algorithms जैसे blast को run कर,बायोइन्फॉर्मेटिक एल्गोर्दम्स जैसे ब्लास्ड को रन करता है
अब address bar में g अक्षर type कर,अब address bar में g अक्षर type करते हैं
इस tutorial में हमने सीखा ncbi database website से fasta और genbank files download करना और seqio module से parse और read functions उपयोग करना और,इस tutorial में हमने सीखा
username में arya type करें,यूजरनेम में  area टाइप करें
अब एक बार फिर से circle पर right click करें और properties चुनें,अब एक बार फिर से circle पर right click करें और properties चुनें
जाती है projects file को नियमित रूप से save करें,project file को नियमित रूप से सेव करें
मैं यह document दो अन्य users के साथ share करती हूँ,अब मैं यह document दो अन्य users के साथ शेयर करती हूँ
cursor को send to विकल्प पर लाएं जो page के ऊपरी दाएं कोने पर है,standctor को send to विकल्प पर लाएँ जो पेज के ऊपरी दाएं कोने पर है
यहाँ continue button पर click करें,यहाँ  continue बटन पर क्लिक करें
field validation, field validation
मैं यश वोरा अब आपसे विदा लेता हूँ हमसे जुड़ने के लिए धन्यवाद,यह स्क्रिप्ट प्रभाकर द्वारा अनुवादित है मैं यश वोरा अब आपसे विदा लेता हूँ
load करना चाहते हैं मैं desktop से xyz . odt file चुनूँगी और open button पर click करुँगी,मैं desktop से xyz odt file चुनूँगी और open button पर click करुँगी
ये हें इसे,इसे बायें
हैं कि अपने formula में कोष्ठक कैसे प्रयुक्त करते हैं,अब सीखते हैं कि अपने फॉर्मूलों में कोष्ठक कैसे प्रयुक्त करते हैं
यहाँ मैं उपयोग कर रहा हूँ,यहाँ मैं उपयोग कर रहा हूँ
ls इस directory की files दिखाने के लिए,ls इस directory की files दिखाने के लिए
project team spoken tutorial,spoken tutorial project team
हम seq module का built इन transcribe method उपयोग,हम sqmodule का builtane transfer method उपयोग कर सकते हैं
category से खुलती है,कंटिग विंडो खुलती है
type करें google home page आता है,mouse के लिए type करें
अब मैं जल्दी दिखाती how कि document कैसे print करते हैं,अब मैं जल्दी दिखाती how कि document कैसे print करते हैं
यहाँ harshita username था जो हमने दिया था,यहाँ हरशिता यूजरनेम था जो हमने दिया था
dialog box को बंद करने के लिए close पर click करें,dialog box को बंद करने के लिए close पर click करें
एक अच्छा option है यदि हम सीधे virtual box के बिना हमारी machine पर ubuntu संस्थापित कर रहे हैं,यह एक अच्छा option है यदि हम सीधे वो shell box के बिना हमारी machine पर उबंटू संस्थापित कर रहे हैं
वही sites हैं जो आपने bookmarked tag या visit की हैं,ये वही साइट्स हैं जो आपने bookmark tag या विजिट की हैं
section page पर वापस जाने के लिए हम here पर click करेंगे,अब हम section पेज पर वापस जाने के लिए हम यह पर click करेंगे
mozilla firefox बंद हो जाता है,मुधिला firefox बंद हो जाता है
label area में x button पर click करके हम एक audio track को हटा सकते है,label area में x button पर क्लिक करके हम एक audio track को हटा सकते हैं
time line पर जहाँ cursor स्थित है उस . पर cursor के साथ एक label खुलेगा,time line पर जहाँ cursor स्थित है उस प्वॉइंट पर cursor के साथ एक label खुलेगा
और usb ports भी हैं यहाँ एक video,यहाँ एक विडियो भी है
spoken tutorial projects nmeict mhrd भारत सरकार द्वारा वित्तपोषित है,spoken tutorial project nmeict mhrd भारत सरकार द्वारा वित्तपोषित है
elements window का उपयोग करके आसानी से formula लिख सकते हैं लेकिंन,elements window का उपयोग करके आसानी से formula लिख सकते हैं
model page में मेरा printer model स्वचालित रूप से पाया गया है,model पेज में मेरा printer model स्वचालित रूप से पाया गया है
कर सकते हैं अपने email वार्तालाप में कहीं भी ज़रूरत के अनुसार इस विशेषता,अपने email वर्तलाप में कहीं भी जरूरत के अनुसार इस विशेषताएँ भी जोड़ी जा सकती है
फिर हम सारी borrow की गयी books को iterate करते हैं,फिर हम सारी बोरों की गई बुक्स को इंट्रेट करते हैं
किया जा सकता है एक sequence को edit करने के लिए हमें इसे परिवर्तनीय sequence object में बदल,एक sequence को edit करने के लिए हमें इसे परिवर्तनीय sequence object में बदलने की आवश्यकता है
हमारे ide पर आते हैं हम देख सकते हैं की,अब हमारे ide पर आते हैं
zoom in button video timeline को खींचता है जिससे video का प्रत्येक frame edit किया जा सके,zoom इन button video time line को खींचता है जिससे video का प्रत्येक frame एडिट किया जा सके
n factorial is = to prod from k = 1 to n of k,n factorial is equal to rod from k is equal to 1 to n of k
intersection दोनों sets के लिए समान elements रखता है,intersection दोनों cells के लिए समान एलीमेन्ट्स रखता है
dialog box के बिलकुल नीचे when using location bar suggest नामक एक option है इसको विस्तार में,dialog box के बिलकुल नीचे when using location bar subject नामक एक option है इसको विस्तार में देख सकता है
bombay से मैं श्रुति आर्य आपसे विदा लेती हूँ हमसे जुड़ने के लिए धन्यवाद,यह ट्यूटोरियल this अमित कुमार द्वारा अनुवादित है आईआईटी बॉम्बे से मैं श्रुति आर्य आपसे विदा लेती हूँ हमसे जुड़ने के लिए धन्यवाद
register करने के लिए here पर click करें,register करने के लिए यह पर क्लिक करें
इसके नीचे यहाँ add a photo यानी photo जोड़ने के लिए एक विक,इसके नीचे यहाँ add a photo यानी photo जोडने के लिए एक विकल्प है
इस प्रकार हम adduser . jsp में fields को validate करते हैं,इस प्रकार हम adduser jsp में fields को validate करते हैं
हम मैसेज welcome को अलग format में देखते हैं,हम message welcome को अलग format में देखते हैं
यह कहता है anyone with the link can view,यह मुझे बताता है कि यह कहता है animal with the link can view
आगे हमारे पास एक सरल login form है यह form,आगे हमारे पास एक सरल लॉगिन फॉर्म है
एक file बनाएं text editor के साथ खोलें ध्या,एक file बनाएँ text editor के साथ खोलें
अंतिम चरण login विवरण प्रदान करना है मैं your name filled में spoken भरूंगी,निम्न आंतिम चर्ण लॉग इन विवरण प्रदान करना है मैं your name field में  spoken भरूँगी
click करें यहाँ ok button पर click करके,यहाँ ok button पर क्लिक करके ok button पर क्लिक करके phone पर क्लिक करते हैं
और virtualization bios पर enable होना चाहिए,और virtualization बायउस पर इनेबल होना चाहिए
नयी sequence की लम्बाई ज्ञात करने के लिए हम len function उपयोग करेंगे,नई sequence की लंबाई ज्ञात करने के लिए हम len फंक्शन उपयोग करेंगे
addons सूची से एक नया addons संस्थापित करें addons manage,कुछ एरडाउन्स सूची से एक नया एडाउन संस्थापित करें
नमस्कार printer connection के spoken tutorial में आपका स्वागत है,नमस्कार printer connection के spoken tutorial में आपका स्वागत है
इसे servlet container भी कहते हैं,इसे outlet कंटेनर भी कहते हैं
इस mission,इस mission पर अधिक जानकारी निम्न लिंक पर उपलप्लिष्ट करें
blast को run करने के दो भिन्नभिन्न तरीके हैं,ब्लास्ट को रन करने के दो भिन्नभिन्न तरीके हैं
print विकल्प like हुए mail को default रूप से जुड़े हुए printer को भेजेगा,print विकल्प लिखे हुए मेल को default रूप से जुड़े हुए printer को भेजेगा
coordinate system जैसे हमने slides में देखा icon annotation में एक field है,coordinate system जैसे हमने slides में देखा icon annotation में एक field है
उन्होंने इस विषय वस्तु की पुष्टि भी की है मै ये सुरा,इस पर विषय पर जाने के लिए उन्होंने इस विषय वस्तु की पुष्टि भी की है
इस tutorial में हम निम्न सीखेंगे,इस tutorial में हम निम्न सीखेंगे
user table पर वापस आते हैं हम देख सकते हैं कि harshita database में जोड़ी जा चुकी है,यूज़र table पर वापस आते हैं हम देख सकते हैं कि हरशिता database में जोडी जा चुकी है
options dialog box बंद करने के लिए close पर click करें ज्यादातर software की तरह,dialog box बंद करने के लिए close पर click करें
नीचे स्थित textbox में यह kolkata दर्शाता है हमारे चयन के आधार पर यह समय क्षेत्र निर्धारित करेंगा,नीचे स्थित टैक्स्ट बॉक्स में यह कॉलकता दर्शाता है हमारे चयन के आधार पर यह समय क्षेत्र निर्धारित करेंगा
हम spoken tutorial का उपयोग कर कार्यशालाओं का आयोजन करते हैं प्रमाण पत्र देते हैं कृपया हमसे,हम इस spoken tutorial का उपयोग कर कार्यशालाओं का आयोजन करते हैं प्रमाणपत्र देते हैं कृपया हमसे संपर्क करें
इसमें यह 64 bit windows है,अब हम इसमें यह 64bit windows है
हाँ लेकिन उपयोगकर्ता द्वारा कई tabs न खुलें हों मान्य की आप एक,हाँ लेकिन उपयोगकर्ता द्वारा कई टैल्स न खुले हों
हमारे पास submit button और add user की तरह value भी है,हमारे पास submit button और add user की तरह value भी है
यह project spoken - tutorial . org,यह project
share and send button पर click करें,sare and send button पर click करें
email प्राप्त कर्ताओं के बारे में जैसे to cc bcc,email प्राप्त करताओं के बारे में जैसे 2cc bcc
उदाहरणस्वरुप gamma को बड़े अक्षर में लिखने के लिए type करें % gamma या % theta,उदाहरणस्वरूप गामा को बड़े अक्षर में लिखने के लिए type करें percent gamma या percent gamma
अतः query का यह भाग निष्पादित होगा,अतः query का यह भाग निष्पादित होगा
नियतकार्य के रूप में model के icon view में एक line polygon rectangle और text प्रविष्ट करें,नियतकार्य के रूप में model के icon view में एक line polygon rectangle और text प्रविष्ट करें
ध्यान दे यहाँ तीन tabs हैं उनके बारे में विस्तार में हम आगे आने वाले tutorials में सीखेंगे,ध्यान दें यह तीन tabs हैं उनके बारे में विस्तार में हम आगे आने वाले tutorials में सीखेंगे
बदलें tags में email type करें,tags में email type करें
जब भी आप इसे दबाते हैं तो frame head आपके video की शुरुआत में चला जायेगा,जब भी आप इसे दबाते हैं तो frame head आपके video की शुरुआत में चला जायेगा
sum नामक block को बनाने के लिए miso का विस्तार करें,sum named ब्लॉक को बनाने के लिए mesom का विस्तार करें
dialog के सबसे नीचे एक link है जो है get more search engines इस,यहाँ dialog के सबसे नीचे एक link है जो है get more search engine
वो करने के चार तरीके हैं पहिला तरीका बायी तरफ़ वाले लाल रंग के new button पर click करना हैं,पहला तरीका बायीं तरफ वाले लाल रंग के new button पर click करना है
freefall class पर जाएँ,free free for class पर जाएँ
spoken tutorials का उपयोग करके कार्यशालाएं भी चलाती,spoken tutorials का उपयोग करके कार्यशालाएँ भी चलाती है
फिर हम request dispatcher प्रयोग करके request को success checkout . jsp पर भेजते हैं,फिर हम रिक्वेस्ट लिस्पेचर प्रयोग करके रिक्वेस को  success checkout jsp  पर भेजते हैं
सरण के लिए आपको निम्न के साथ परिचित होना चाहिए netbean,इस ट्यूटोरियल को दो सरण के लिए आपको निम्न के साथ परिचित होना चाहिए
मैंने books table बना ली है,मैंने books table बना ली है
अब printer dialog box बंद करते हैं,अब printer dialog box बंद करते हैं
अब scrap book चुनें और preferences पर click करें,अब स्क्रैप्ट बुक् चुनें और preferences पर click करें
इस श्रृंखला में हम दर्शा चुके हैं कि basic inventory system कैसे बनाते हैं,इस श्रृंखला में हम दर्शा चुके हैं कि basic symmetry system कैसे बनाते हैं
इस तरह से आप video के भागों को मिटा सकते हैं,इस तरह से आप video के भागों को मिटा सकते हैं
अब printer पर एक निगाह डालते हैं,अब printer पर एक निगाह डालते हैं
यहाँ भी हम error messages की list देखेंगे,यहाँ भी हम error messages की list देखेंगे
मैं playback को फिर से चलाऊंगी और दोबारा उस भाग के अंत पर रोकूंगी जिसे मैं मिटाना चाहती हूँ,मैं play back को फिर से चलाऊँगी और दोबारा उस भाग के अंत पर रोकूंगी जिसे मैं में मिटाना चाहती हूँ
address जिस क्रम में bookmarks के रूप में जोडे गये थे उसी के अनुसार क्रमबद्ध होते हैं close पर click करें,address जिस क्रम में bookmark के रूप में जोड़े गए थें उसी के अनुसार क्रमबद्ध होते हैं
click करें दोबारा welcome to google docs line को एक बार copy paste करें अब,पर क्लिक करें दोबारा welcome to google docks line को एक बार copy paste करें
class की पहली line उसका नाम परिभाषित करता है,क्लास की पहली लाइन उसका नाम परिभाषित करता है
है इसलिए परिवर्तन किए जाने के बाद class को save करना एक अच्छा अभ्यास है,इसलिए परिवर्तन किये जाने के बाद class को सेव करना एक अच्छा अभ्यास है
बायीं तरफ projects tab पर click करें,बाईं तरफ project टैब पर click करें
प्रत्येक record भिन्नभिन्न लम्बाई का है,प्रत्येक record भिन्नबिन्न लंबाई का है
पर click करें दिखाई देनेवाले पहले search परिणाम पर right click करें,दिखाई देने वाले पहले search परिणाम पर right click करें
हम spoken tutorial का उपयोग कर कार्यशालाओं का आयोजन करते हैं कृपया हमसे संपर्क करें,हम spoken tutorial का उपयोग कर कार्यशालाओं का आयोजन करते हैं कृपया हमसे संपर्क करें
और jsp पर click करें,और jsp पर click करें
यहाँ उस entry को जिसने book को return किया है checkout table से मिटाने के लिए हम query निष्पादित करते हैं,यहाँ उस entry को जिसने book को returns किया है checkout table से मिटाने के लिए हम query निष्पादित करते हैं
की लाइनें जो हमने पहले उपयोग की थी प्राप्त करने के लिए up arrow की दबाएं file,पर आपकी लाइनें जो हमने पहले उपयोग की थी प्राप्त करने के लिए अप arrow की दबाएं
यहाँ हम चार विकल्प देख सकते हैं,यहाँ हम चार विकल्प देख सकते हैं
देख सकते हैं unsorted folder से yahoo bookmarks चुनें,unsorted folder से या हूँ bookmark चुनें
और biopython tools उपयोग करके protein sequence मे dna sequence का translation,और ipython tools उपयोग करके protein sequence में dna sequence का translation
मैं omedit पर वापस जाती हूँ,मैं os edit पर वापस जाती हूँ
test1 . ogv output file है enter press करे,test1 og output file है enter प्रेस करें
अवश्य ही owner होने के नाते हम अपना कार्य अलग रंग में देखेंगे अब,वश्य ही उन्ह होने के नाते हम अपना कार्य अलग रंग में देखेंगे
एक नई window pop up होगी और हमें virtual optical disk file या physical optical drive चुनने के लिए कहेगा folder icon पर जाएँ और उसपर click करें,एक नई विंडो पॉपअप होगी और हमें virtual optical disk file या  physical optical drive चुनने के लिए कहेंगें फोल्डर आइकन पर जाएं और उस पर क्लिक करें
बाएं हाथ की तरफ वाले compose button पर click करें,बाएं हाथ की तरफ वाले compile button पर click करें
ख़ुद पर ध्यान दे ख़ुद stop codon translate नहीं किया जाता,अब output पर ध्यान दें खोल stop को dont translate नहीं किया जाता है
sequence object को cdna नामक variable में संचित करें,sequenceess object को cdna नामक variable में संचित करें
theme पर click करें इस page पर उपलब्ध themes में से यह एक है,इस पेज पर उपलब्ध themes में से यह एक है
मेरे पास मेरे desktop पर एक zip file है जिसका size लगभग 30 mb है,मेरे पास मेरे desktop पर एक zip file है जिसका size लगभग 30 mb है
modelling area के शीर्ष पर जाएँ freefall टैब पर click करें,moduling area के शीर्ष पर जाएँ free for्ल टैब पर क्लिक करें
यह scope दिखाता है इसके बारे में विवरण ncbi blast webpage पर उपलब्ध है,इसके बारे में विवरण ncbi glassed web पेज पर उपलब्ध है
नमस्कार developing an equation based model पर spoken tutorial में आपका,नमस्कार developing and equationbased model पर वोबंटु ट्यूटोरियल में आपका स्वागत है
अब हम libre office math में greek character कोष्ठकों और समीकरणों पर इस tutorial के अंत में आ गये हैं,अब हम लिबर ऑफिस मैथ में greek characters कोष्ठकों और समीकरणों पर इस tutorial के अंत में आ गए हैं
को my first project की तरह set किया था अब अपने brouser,मैंने यहाँत को my first project की तरह सेट किया था
greeting servlet java को देखते हैं,giting server और java को देखते हैं
यह resource html servlet या jsp हो सकता है,यह प्रत्येक resource html server या jsp हो सकता है
hiv के genomic sequence से 4587 से 5165 स्थानों तक gene hiv 1 gp 3 को extract करें,hiv के gnomex sequence से 4587 से 5165 स्थानोतक gene hp1 sp3 को extract करें
दूसरी वाली वो file है जो हमने अपने आप पहले ही upload की थी,दूसरी वाली वो फाइल है जो हमने अपने आप पहले ही अपलोड की थी
अब हम set operations लिख सकते हैं जैसे कि unions और intersections,अब हम set ऑपरेशंस दिख सकते हैं जैसे कि union और intersections
edit की हुई file को spoken tutorial folder में कैसे move कर सकते हैं केवल,लोड की हुई फाइल को स्पोकन ट्यूटोरियल फोल्डर में किनसे मूव कर सकते हैं
इस tutorial के लिए आपको ज़रुरत है एक working internet connection,इस tutorial के लिए आपको ज़रुरत है एक working internet connection
अब हम menu bar और options को स्पष्ट,अब हम menu bar और options को स्पष्ट करेंगे
google calendar और अन्य,google calendar और अन्य
firefox आपको bookmarks को क्रमबद्ध भी करने देता है,fire firefox आपको bookmarks को क्रमबद्ध भी करने देता है
और attachment,address statement
biopython में blast को run करने के दो steps हैं,बाइथन में ब्लास्ट को रन करने के दो स्टेप्स हैं
और b दर्शाने के लिए हमने markup from और to इस्तेमाल,इस बादल और बीद दर्शाने के लिए हमने markup from और to इस्तेमाल किया है
document एक spreadsheet और एक presentation बनाना file,element एक spreadsheet और एक presentation बनाना
range page की range चुनने की अनुमति देता है जो हम चाहते हैं,range पेज की range चुनने की अनुमति देता है जो हम चाहते हैं
कि हम bookmarks menu में yahoo india bookmark जोड़ना चाहते हैं,देगा कि हम bookmarks menu में या हूँ india bookmark जोड़ना चाहते हैं
email प्राप्त कर्ताओं के बारे में जैसे to cc bcc,email प्राप्त करता हों के बारे में जैसे 2 c c b c c
और add library पर click करें,और add library पर click करें
हम book object में book id set करते हैं,हम book object में bookid set करते हैं
test 2 ogg यहाँ है इसे play करते है section के इस tutorial मे आपका स्वागत है,इस tutorial में आपका स्वागत है पिछले भी देख सकते हैं और इस tutorial में आपको स्वागत है
प्रत्येक की कोशिश करें और परिणाम देखें,प्रत्येक की कोशिश करें और परिणाम देखें
हम इनके बारे में अधिक आने वाले tutorials में सीखेंगे,हम इनके बारे में अधिक आने वाले tutorials में सीखेंगे
ध्यान दें कि हमने java code को opening tags जो हैं < than sign % sign और closing tag % sign और > than sign में सम्मिलित कर दिया है,ध्यान दें कि हमने java code को opening tags जो हैं less than sign percentage sign और closing tag %d साइन और greater than साइन में सम्मिलित कर दिया है
जो खुलती है उसपर project name मे मा,project name और जो खुलती है उस पर
अब हम उदाहरण के माध्यम से block component modeling को समझने का प्रयास करें,अब उदाहरण के माध्यम से block component modelिंग को समझने का प्रयास करें
tutorial talk to a teacher project का हिस्सा है,spoken tutorial project का हिस्सा है
terminal पर type करते है ffmpeg i test1 . ogv i test2 . ogg acodec libvorbis v codec copy final . ogv,terminal पर type करते हैं ffmpeg माइनस i test1 dot orgv माइनस i test2 dot orgv माइनस एक object लिबर्ऑबिस्स माइनस capital v कोड्यूमाइनस capital v को देखें
जब pause mode में होता है तो frame head मौजूदा स्थिति में रहता है,जब पॉज़ mode में होता है तो frame head मौजूदा स्थिति में रहता है
इस screen पर प्रदर्शित formula editor window में 4 उदाहरण sets लिखते हैं,स्क्रीन पर प्रदर्शित फॉर्मूला editor window में 4 उदाहरण सेट्स लिखते हैं
जब हम my first project को run करते हैं तो हमें jsp page मिलता है जो कहता है hello world अब हम वापस,जब हम my first project को रन करते हैं तो हमें jsp पेज मिलता है जो कहता है hello world
अभी हम ऐसा नहीं करेंगे,अभी हम ऐसा नहीं करेंगे
fasta parsing के लिए prompt पर निम्न type करें यह,उपारंसिंग के लिए प्रोम्प्ट पर निम्न टाइप करें
options टैब पर click करें और ignore scaling and shrink to fit page width चुनें,options टैब पर click करें और ignore scaled and same to fit page width चुनें
इसी के साथ हम libreoffice math में differential और integral equations और logarithms पर tutorial के अंत में आ गये हैं,इसी के साथ हम libreoffice मेथ में default और integer इक्वेशन्स और login पर tutorial के अंत में आ गये हैं
अब firefox browser खोलते हैं,अब firefox browser खोलते हैं
interface package में कई अन्य block भी हैं जो कि कार्यक्षमता में miso के समान हैं,interface package में कई अन्य ब्लॉक भी है जो कि कार्यक्षमता में मीजो के समान है
send button पर click करें,सेंड बटन पर क्लिक करें
यह tutorial windows os वर्जन 10,यह ट्यूटोरियल विंडोज़ os वर्जन 100 है
अब हमने video component को अलग किया है याने video में अब original audio नहीं है चलिए test folder को open करते है,हमने विडियो कॉम्पर्नन को अलग किया है यानि विडियो में original audio नहीं है चलिए test format को open करते हैं
करने के लिए हम attach files या insert files using drive विकल्पों को प्रयोग कर सकते,हम attach files या insert files using drive विकल्पों को प्रयोग कर सकते हैं
google drive के द्वारा files share करना,गूकल ड्राइव के द्वारा फाइल्स शेयर करना
एट्रीब्यूट्स जैसे कि gi accession number और description दिखाता है हम,हम अट्रिब्यूट्स जैसे कि gui access number और description दिखाता है
main class में sum और product block के उदाहरण बनाएँ,main class में sun और product ब्लॉक्स के उदाहरण बनाएं
हमारे पास form action = to greeting servlet path method = to post है,हमारे पास कॉमाक्शन equal to greettings सर्वलेट पाथ मेथड इक्वल टू पोस्ट है
इस प्रकार हमने सफलतापूर्वक एक servlet बना लिया है,इस प्रकार हमने सफलतापूर्वक एक सर्व लेट बना लिया है
ध्यान दें कि welcome h 1 tags के अंदर है,ध्यान दें कि welcome h1 tags के अंदर है
यह interface request को अन्य resource पर प्रेषित करने के लिए सुविधा देता है यह,यह interface request को अन्य resources पर प्रेशित करने के लिए सुविधा देता है
संपर्क करें spoken tutorial project nmeict mhrd भारत सरकार द्वारा वित्त पोषित है,spoken tutorial project nmeict mhrd भारत सरकार द्वारा वित्तपोषित है
software है जो cpu को सबसे पहला निर्देश देता है जब computer सबसे पहली बार खुलता है operating system,यह windows os है जो सबसे पहला निर्देश देता है जब computers सबसे पहली बार खुलता है
email भेजने के लिए इस पर click करें,email भेजने के लिए इस पर click करें
भेजा गया हैं मैं पढ़ने के लिए इसे खोलती हूँ,मैं पढ़ने के लिए इसे खोलती हूँ
math पर अधिक जानने के लिए आप निम्न website पर भी जा सकते हैं और,मैथ पर अधिक जानने के लिए आप निम्न वेबसाइट पर भी जा सकते हैं
देख सकते है spoken tutorial project team कार्यशालाएं चलाती है और online test pass करने वालों को प्रमाणपत्र,spoken tutorial project team कार्यशालाएं चलाती है और online tests पास करने वालों को प्रमाणपत्र देती है
labels को मिटाने के लिए text box के अंदर click करें और तब तक backspace दबाएं जब तक label मिट न जाएँ,lables को मिटाने के लिए text box के अंदर click करें और तब तक backspace दबाएँ जब तक label मिटना जाये
यहाँ एक protein sequence के साथ एक text file है,यहाँ एक protein sequence के साथ एक text file है
को undo करने के लिए default button का इस्तेमाल करिये,इस window को अनडू करने के लिए default button का इस्तेमाल करिये
application तथा इसके लिए spoken tutorial जल्द ही website पर उपलब्ध होंगें,application तथा इसके लिए spoken tutorial जल्द ही website पर उपलब्ध हो गें
अब browser पर वापस आते हैं,अब browser पर वापस आते हैं
font को arial में बदलें और size 18 . तक,font को arial में बदलें और size 18pt तक
ध्यान दें अब inbox में mails की संख्या 4 है,ध्यान दें अब इन बॉक्स में मेल्स की संख्या 4 है
netbeans ide प्रयोग करके core java,netbeans ide प्रयोग करके कोड java
एक एक करके प्रत्येक विकल्प देखेंगे हम,अब हम एकएक करके प्रत्येक विकल्प देखेंगे
cursor को उस स्थान पर move करें जहाँ audio के हिस्से को move कराने की ज़रुरत है,cursor को उस स्थान पर move करें जहाँ audio के हिस्से को move कराने की ज़रुरत है
आपके द्वारा bookmarks sidebar में किए गए परिवर्तन bookmarks menu से भी प्रतिबिंबित होते हैं,आपके तरह bookmarks sidebar में किये गये परिवर्तन bookmarks menu से भी प्रतिबिंबित होते हैं
परिणाम अब delete हो गया है,परिणाम अब डिलीट हो गया है
निम्न की तरह इस record के अलग अलग record भी देख सकते हैं,आप निम्न की तरह इस record के अलगअलग records भी देख सकते हैं
इसलिए हमें संचालन के क्रम को बताने के लिए कोष्ठकों का इस्तेमाल करना होगा उदा,इसलिए हमें संचालन के क्रम को बताने के लिए कोष्ठकों का इस्तेमाल करना होगा
variables browser class के variables और parameters से संबंधित जानकारी प्रदर्शित करता है,वेरिएबल्स ब्राउज़र क्लास के वेरिएबल्स और पैरामीटर्स से संबंधित जानकारी प्रदर्शित करता है
और formula का,और formula का
type browsing offline content को save करना pop up अवरूद्ध सारांश है,यह एक सारांश है टैब देब्लाउजिंग ऑफलाइन कंटेंट को सेव करना
हमें उसी प्रकार का output मिला जैसा हमें get method प्रयोग करते समय मिला था,हमें उसी प्रकार का उटपुट मिला जैसा हमें get  मेथड प्रयोग करते समय मिला था
port है यह wired con,यह report है
ellipse annotation को समझने के लिए text view पर जाएँ text view पर click करें नीचे scroll करें,kliipsed annotation को समझने के लिए text view पर जाएँ text view पर click क्लिक करें नीचे scroll करें
पहला argument blast program search के लिए उपयोग होता है,पहला argument glass program search के लिए उपयोग होता है
product block पर जाएँ text view पर जाएँ,product block पर जाएँ text view पर जाएँ
इस formula को writer gray,इस formula को writer group में हमारे पास यहाँ है
ऑफलाईन हूं popups windows हैं जो आपकी अनुमति के बिना अपने आप दि,popअप इस windows हैं जो आपकी अनुमति के बिराब अपने आप दिखाई देता है
एक विशेष webpage पर हैं यहा link,अपने एक विशेष web पेज पर है
अब मैं split button पर click करुँगी,अब मैं split button पर click करुँगी
फिर सम्बंधित text boxes में दिन और साल type करें,फिर सम्बंधित text boxes में दिन और साल type करें
println method में हम html code को pass कर सकते हैं,आप इन प्रिंटेलिन मेथड में हम html कोड को पास कर सकते हैं
mozilla firefox में preferences हमें आसानी से पुनरावृत्तीय कार्यों को करने की अनु,मुदला firefox में references हमें आसानी से पुनरावृत्तिये कार्ररियों को करने की अनुसार करें
इसमें वो books हैं जो currently user के द्वारा borrow की गयी हैं,इसमें वो books हैं जो currently यूजर के द्वारा ब�रों की गई हैं
dubbed की गयी audio तथा अलग किये video को merge करे याने जोड़े ताकि dubbed tutorial बने,लग की गई audio तथा अलग किये video को merge करें यानि जोड़ें ताकि डब्ट tutorial बनी
बाएं हाथ की तरफ computer से जुड़े printer उपकरणों की सूची प्रदर्शित है,बाएं हाथ की तरफ कंप्यूटर से जुड़े printer रूपकरणों की सूची प्रदर्शित है
call करने देता है| यह adobe acrobat के grab और drag function के,यहadome program के grep और drag फंक्शन के लिए किया गया है
यह अब तक उपलब्ध कराए गए विवरणों के साथ एक नया virtual machine base बना देगा इसे बनाने में कुछ समय लग सकता हैं,यह अब तक उपलब्ध कराएं गए विवरणों के साथ एक नया virtual machine base बना देगा इसे बनाने में कुछ समय लग सकता है
इन दो inputs के product को output की आवश्यकता है,इन दो inputs के product को और पूर्क की आवश्यकता है
यदि नहीं तो सम्बंधित tutorials के लिए कृपया हमारी website पर जाएँ,यदि नहीं तो संबंधित tutorials के लिए कृपया हमारी website पर जाएँ
पहले एक writer document खोलते हैं और फिर math application writer में लाते हैं,पहले एक writer document खोलते हैं और फिर man application writer में लाते हैं
revision history window को बंद करते हैं document,इस window को बंद करते हैं
मैंने अपने home page को बनाने के लिए यह page संशोधित किया,मैंने अपने होमपेज को बनाने के लिए यह पेज संस्लोधित किया
clip अभी collection panel पर import की गयी है,clip अभी collection panel पर imported की गयी है
मैं भिन्न नाम freefall 1 का उपयोग कर रही हूँ क्योंकि freefall class पहले ही omedit में खुला है,मैं bit name freefor1 और उपयोग कर रही हूँ क्योंकि freefor class पहले ही ऊए में खुला है
आगे मैं यहाँ कुछ content type करती हूँ मानिये welcome to google docs इस doc,मैं यहाँ कुछ कंटेंट type करती हूँ मानिए welcome to google docks
की पहले ही हमने इस servlet को deployed किया था हमें इसे दोबारा run करने की ज़रूरत नहीं है,चूँकि पहले ही हमने इस सर्वलेट को डिप्लॉई किया था हमें इसे दोबारा रन करने की जरूरत नहीं है
string 1 = to dna 1 within ( 0 ; 6,string 1 इक्वल टू dna1 विभिन्न ब्रैकेट्स 0 सेमीकोलन 6
url bar में आप देखते हैं कि पता एक internet पता नहीं है किन्तु आपके computer पर एक local location है,url bar में आप देखते हैं कि पता एक internet पता नहीं है किन्तु आपके computer पर एक local location है
इस class में दो variables और दो equations हैं,इस class में दो वेरिएबल्स और दो इक्लूशन्स हैं
यदि आपके पास अच्छी bandwidth नहीं है तो आप इसे download करके भी देख सकते हैं,यदि आपके पास अच्छी bandwidth नहीं है तो आप इसे download करके देख सकते हैं
जिसे भारत सरकार के mhrd मंत्रालय के राष्ट्रीय साक्षरता mission ने ict के माध्यम से समर्थित किया है,जिसे भारत सरकार के एमएचआरडी मंत्रालय के राष्ट्रीय साक्षरता mission ने आई सी टी ict के माध्यम से समर्थित किया है
download पर click करे और नीचे scroll करे तथा उपयुक्त वाले को चुने,download पर क्लिक करें और नीचे scroll करें तथा उपयुक्त वाले को चुनें
हम देख सकते हैं हमें सारी उपलब्ध books की list मिलती है,हम देख सकते हैं हमें सारी उपलब्ध books की list मिलती है
मैं clip पर click करके इसको चुनूँगी और इसे उस स्थिति पर खींचूँगी जहाँ मैं इसे timeline पर दिखाना चाहती,मैं clip पर click करके इसको चुनूँगी और इसे उस स्थिति पर खींचूँगी जहाँ मैं इसे timeline पर दिखाना चाहती हूँ
अब webpage पर सारे video शब्द को चिह्नांकित करने के लिए highlight all पर click करिये,अब वेबपेज पर सारे विडियो शब्द को चिन्हांकित करने के लिए highlight all पर क्लिक करिये
username और password type करें जो हमने database में सम्मिलित नहीं किया है,username और password type करें जो हमने database में सम्मिलित नहीं किया है
लेकिन यह प्रक्रिया windows mac osx या arm पर fossee में समान है,लेकिन यह प्रक्रिया windows mac os x या arrm पर fossee में समान है
अब success greeting jsp पर आते हैं,अब  preview�्रीटिंग jsp पर आते हैं
बार चुने ध्यान दें कि gmail bookmark अब bookmarks toolbar में जुड़ गया है,ध्यान दें कि jmol bookmark अब bookmarks टूल बार में जुड़ गया है
presentations बनाने के लिए google slides हैं उदाहरण,� presentation बनाने के लिए google slides हैं
और फिर control enter दबाइए,और फिर ctrl enter दबाइए
पर click करें और फिर finish पर click करें projects tab,मेन्यू पर click करें और फिर finish पर click करें
यह parameter तब बदला जा सकता है जब block inherant हो,यह parameter दबला जा सकता है जब block inherit हो
के बारे में अधिक जानने के लिए,इस tutorial के बारे में आपक जानने के लिए
यहाँ mark up पर ध्यान दें,यहाँ markup पर ज्ञान दें
अब हम jdbc driver को load करते हैं जो java database connectivity driver है,अब हम jdbc driver को load करते हैं जो java database connectivity driver है
या audio file हो सकती है नियतकार्य के रूप में इन tabs और options को देखें,नियतकार्य के रूप में इन tabs और options को देख सकते हैं
यह किसी भी graphical प्रदर्शन के बिना gmail load करे,यह किसी भी graphical प्रदर्शन के बिना gmail load करेगा
ये statement sum और product blocks के instantiation को दर्शाता है,यह statements sum और product blocks के इंसेंसियैशन को दर्शाता है
writer gray box में गणितीय चिन्ह देखें,writer grey box में गणितीय चिन्ह देखें
पहला साल का वर्तमान दिन है,पहला साल का वर्तमान दिन है
अब file और new tab पर click करके browser window में,अब file on new tab पर क्लिक करके browser window में जाएँ
share करने का एक अन्य तरीका है share button पर click करें उपरी,elementment share करने का एक अन्य तरीका है layer button पर click करें
ध्यान दें कि frame head एक बार में एक clip पीछे की ओर जाता है,ध्यान दें कि frame header एक बार में एक clip पीछे की ओर जाता है
spoken tutorial project भारत सरकार के mhrd के nmeict द्वारा निधिबद्ध है,spoken tutorial project भारत सरकार के mhrd के nmeict द्वारा निधिबद्ध है
हम request पर request dispatcher object प्राप्त करने के लिए get request dispatcher method प्रयोग करते हैं,हम रिक्वेस्ट पर  रिक्वेस्ट डिस्पैचर ऑब्जेक्ट प्राप्त करने के लिए  getrequess display  मेथड प्रयोग करते हैं
spoken tutorial project talk to a teacher project का हिस्सा है,spoken tutorial project talktoa teacher project का हिस्सा है
यहाँ एक screenshot है,यहाँ एक screen screenshot है
output gi number और accession number आदि दिखाता है,आउटपुट gui number और x session number आती दिखाता है
अतः हमें index . jsp पर जाना है,अतः हमें index jsp पर जाना है
इन files में संचित biological data को biopython libraries उपयोग करके extract और संशोधित किया जा सकता है,इस मेथड्स में files में संचित बाइलॉजिकल डेटा को बाइफाइल सेलाइब्रेरीज़ उपयोग करके एक्सट्रैक्ट और संशोधित किया जा सकता है
अब user यहाँ login करने में सक्षम था लेकिन हमने code के अंदर कोई प्रमाण सम्मिलित नहीं किया है,अब यूजर यहाँ login करने में सक्षम था लेकिन हमने कोड के अंदर कोई प्रमाण सम्मिलित नहीं किया है
पहली step उपरोक्त coding dna strand के लिये एक sequence object बनाना है,पहली स्टेप उपरोक्त कोडिंग dns run के लिए एक sequence object बनाना है
मैं यश वोरा अब आपसे विदा लेता हूँ हमसे जुडने के लिए धन्यवाद,यह स्क्रिप्ट प्रभाकर द्वारा अनुवादित है मैं यश वोरा अब आपसे विदा लेता हूँ
unit central processing unit out,put unit central processing unit
होती है install now button पर click करें आपको,install now button पर click करें
उनको प्रमाणपत्र भी देते हैं जो online test pass,उनको प्रमाणपत्र भी देते हैं जो online test pass करते हैं
यह होने के बाद हम content क्षेत्र में upload की हुई file का link देख सकते हैं,यह होने के बाद हम content क्षेत्र में uploaded की हुई फ़ाइल का link देख सकते हैं
ide पर वापस आते हैं,ide पर वापस आते हैं
jdk 1 . 7 firefox,यहाँ आपके लिए एक error प्रस्तुति के17
click करे अब हम tutorial की समाप्ति की ओर आ गए,अब हम tutorial की समाप्ति की ओर आ गये हैं
सिद्धेश द्वारा अनुवादित है तथा i i t bombay की ओर से मैं रवि कुमार अब आपसे विदा लेता हूँ हमसे जुड़ने के लिए धन्यवाद,यह स्क्रिप्ट सकीना शेख द्वारा अनुवादित है तथा आई आई टी बॉम्बे की ओर से मैं रवि कुमार अब आपसे विदा लेता हूँ हमसे जुड़ने के लिए धन्यवाद
अब greek characters उदाहरणस्वरुप alpha beta theta और pi गणितीय formula में समान है की,अब greek characters उदाहरणस्वरूप अल्फा बीटा थीटा और pi गडितीय फॉर्मूलों में समान है
अब google से sms द्वारा प्राप्त सत्यापन code को दिए गए text box में type करें,अब google से sms द्वारा प्राप्त सत्यापन code को दिए गए text box में type करें
और library के users को manage करता है,और library के यूजर्स को manage करता है
उदाहरणस्वरुप हम कैसे लिखें कि पहले x और y को जोड़ें फिर उत्तर को 5 से भाग दें,हम कैसे लिखें कि पहले x और y को जोड़ें फिर उत्तर को 5 से भाग दें
पहले load images automatically option सक्षम करें ताकि हम browser में प्रदर्शित image देख सकें,पहले load images automatically option सक्षम करें ताकि हम browser में प्रदर्शित image देख सकें
left मे align करे एक सरल formula logarithm का इस्तेमाल करते है log 1000 to the base 10 = 3,एक cell फॉर्मरे लॉगदम का इस्तेमाल करते हैं log 1000 to the base 10 equal to 3
यह markup type करें newline और देखें कि writer gray box area में नई line insert हुई है,यह markup type करें new line और देखें कि writer grey box area में नई line इंसर्ट हुई है
फिर हम increment available copies method call करते हैं,फिर हम इन्क्रिमेंट अवेलिमेंट कॉपीज मेथड कॉल करते हैं
वहाँ click करें और audio के हिस्से को,नाक्लिक करें और audio के हिस्से को
ज़्यादा गर्म होने से cpu को नुकसान हो सकता है प्रायः data की क्षति भी हो सकती है यह है कि,अतः गर्म होने से cpu को नुकसान हो सकता है प्रायः data की शति भी हो सकती है
के बारे में हमने यह भी सीखा कि bookmarks संयोजित कैसे करें firefox page को set up कैसे करें preview और print कैसे करें,हमने यह भी सीखा कि bookmarks संयोजित कैसे करें firefox पेज को setup कैसे करें प्रिव्यू और print कैसे करें
4 records दिखाती है चूँकि हमने download के लिए चार files चुनी थी,इस चार records दिखाती है चूंकि हमने download के लिए चार files चुनी थीं
spoken tutorials का उपयोग करके कार्यशालाएं भी चलाती,spoken tutorials का उपयोग करके कार्यशालाएँ भी चलाती है
इच्छित स्थान पर है चलिये कुछ,चलिए कुछ बाकी शुरू करते हैं
हमने html code को दर्शाने के लिए servlet प्रयोग किया,हमने html code को दर्शाने के लिए सर्व late प्रयोग किया
admin section . java पर जाते हैं,admin section java पर जाते हैं
अतः मैं दोबारा harshita को जोड़ने की कोशिश करुँगा,अतः मैं दोबारा हरशिता को जोड़ने की कोशिश करूँगा
उन्हें पढ़े या next button पर click करके आगे देखें और फिर उन्हें बंद करें,उन्हें पढें या next button पर क्लिक करके आगे देखें और फिर उन्हें बंद करें
output sequence dna 2 में उपस्थित alanines की संख्या को दिखाता है,output sequence dna 2 में उपस्थित alanine की संख्या को दिखाता है
हम सबसे महत्वपूर्ण function parse से शुरू करेंगे,सबसे महत्वपूर्ण फंक्शन पार्स से शुरू करेंगे
वह प्रदर्शित हुये है ध्यान दें कि सूची में पहला name grab and drag एक सटीक mail,ध्यान दें कि सूची में पहला name grep and drag एक सटीक मेल है
cc में marked किये हुए प्राप्त कर्ता की mail id है,यहcc में मार्क किये हुए प्राप्तकर्ता की मेलाईडी है
500 से कम base pairs यानी युग्म रखने वाली files चुनूँगी,500 से कम बेस पेयर्स यानि योग्म रखने वाली फाइल्स चुनूँगी
नीचे output button पर click करें,नीचे output button पर click करें
अब bookmarks menu पर click करें अब या,अब bookmarks menu पर click करें
यह new printer dialog box खोलेगा,यह new printer dialog box खोलेगा
यहाँ अपना printer चुनते हैं यानि canon printer और forward पर click करें,यहाँ अपना printer चुनते हैं यानी kannan printer और forward पर click करें
bi database से अपनी पसंद के nucleotide sequence के लिए fasta files download करें seq,कम्पयाइड डेटाबेस से अपनी पसंद के निप्लोटाइड सीक्वल्स के लिए fast a files डाउनलोड करें
ऊँची values noise को पूरी तरह से हटा देंगी लेकिन audio को विकृत कर देंगी,ऊची values noise को पूरी तरह से हटा देंगी लेकिन audio को विकृत कर देंगी
अब हम अपने login page पर वापस आते हैं,अब हम अपने login पेज पर वापस आते हैं
फिर sign in पर click करें,फिर साइनिंन पर click करें
ध्यान दें कि sets के ( लिखने के लिए हम mark up उपयोग कर सकते हैं lbrace और rbrace,ध्यान दें कि सेट्स के ब्रैकेट्स लिखने के लिए हम  markup उपयोग कर सकते हैं lbrays और rbrays
अगला क्षेत्र mobile phone है,गला क्षेत्र mobile phone मोबाइल फोन है
इस class का add function दो parameters लेता है,इस class का add add फंक्शन दो पैरामीटर्स लेता है
इस tutorial को record करने के लिए मैं उपयोग कर रही हूँ open modelica 1 . 9 . 2 और ubuntu linux operating system 14 . 04,इस tutorial को record करने के लिए मैं उपयोग कर रही हूँ open modelिका 192 और opentom ऑपरेटिंग सिस्टम 1404
चूँकि मेरे पास canon printer है यहाँ इस सूची में यह default रूप से चुना गया है,चूँकि मेरे पास कैनन printer है यहाँ इस सूची में यह default रूप से चुना गया है
यह इसलिए क्योंकि हमने वह file उन लोगों को share नहीं की जो इस email में marked किये गए हैं,यह इसलिए क्योंकि हमने वह फाइल उन लोगों को शेयर नहीं की जो इस मेल में माफ किए गए हैं
यदि आपको कोई error message नहीं मिलता है तो इसका मतलब biopython संस्थापित हो गया है,यदि आपको कोई error message नहीं मिलता है तो इसका मतलब बायोगाई संस्थापित हो गया है
continue पर click करें,continue पर click करें
इस tutorial में हम इनके बारे में सीखेंगे tabbed browsing offline content को save करना pop up अवरूद्ध करना,इस tutorial में हम in बारे में सीखेंगे
करना चाहिए ध्यान दें कि हमने translate method में to _ stop argument उपयोग किया है output पर ध्यान दें,ध्यान दें कि हमने translate method  में two underscore stop argument उपयोग किया है
यहा विभिन्न वर्गो को देखें हम एक तरह का font variables के लिए functions के लिए अन्य font और numbers और text,यहाँ विभिन्न वर्गों को देखें हम एक तरह का font variables के लिए functions के लिए अन्य font और numbers और text के बीचेंगे
उसी प्रकार हमें यह validate करना है कि अन्य सभी fields भी valid data रखती हैं,उसी प्रकार हमें यह validate करना है कि अन्य सभी fields भी valid data रखती हैं
हम जानते हैं कि हमारा sequence dna fragment है अतः argument की तरह unambiguous dna alphabet,हम जानते हैं कि हमारा sequence dna फ्रैग्मेंट है अतः आर्ग्युमेंट की तरह अन्एम्बिगल्स dna अल्फॉर्बेट
inventories को बनाना और देखना यदि नही,इंवेंटरिंज को बनाना और देखना यदि नहीं
हमारे पास default constructor भी है,हमारे पास default constructor भी है
all pages विकल्प document के सारे page prints करता है,all pages विकल्प document के सारे पेज prints करता है
इस class को save करने के लिए file menu पर जाएँ औऱ save पर click करें,इस class को सेव करने के लिए file menu पर जाएँ और save पर click करें
ation मैं इसे default ही रखूंगी और apply पर click करूंगी,मैं इसे default ही रखूंगी और apply पर click करुँगी
अब मैं यूज़रनेम में ray . becky . 0808 प्रविष्ट करुँगी,अब मैं यूजरनेम में rey txt beci txt प्रविष्ट करुँगी
करने के लिए file को parse करना parsing में पहली step है input के लिए,stract करने के लिए file को press करना typing में पहली step है input के लिए
to segment जहाँ हम प्राप्त कर्ताओं का विवरण देते हैं,to सेगमेंट जहाँ हम प्राप्त करता हूँ का विवरण देते हैं
का उपयोग करके कार्यशालाएं भी चलाती है,spoken tutorials का उपयोग करके कार्यशालाएँ भी चलाती है
सामान्यतः printer पर आगे या ऊपर power switch होता है,सामान्यतः printer पर आगे या ऊपर पॉवर switch होता है
अब इस class को simulate करते हैं simulate button पर click करें,अब इस class को simulation करते हैं simulation button पर click करें
आप अपने आप भिन्न 2 errors को जाँच सकते हैं,आप अपने आप भिन्न टू एरर्स को जाँच सकते हैं
time shift tool को चुने,ताइम सेव tool को चुनें
अतः कोष्ठकों का इस्तेमाल फॉर्म्युले के संचालन के क्रम को निर्धारित करने में मदद करता है,अतः कोष्ठकों का इस्तेमाल formula के संचालन के क्रम को निर्धारित करने में मदद करता है
यह तीन विकल्प रखता है to cc और bcc,यह तीन विकल्प रखता है 2 cc और bcc cc
इस प्रकार हम error messages को index . jsp पर प्रदर्शित करते हैं,इस प्रकार हम error messages को index jsp पर प्रदर्शित करते हैं
बेशक आपने पहले ही edit this bookmark dialog box में remove bookmark button देखा,देशक आपने पहले ही edit this bookmark dialog box में remove bookmark button देखा है
इसी के साथ हम tutorial के अंत में आते हैं,इसी के साथ हम tutorial के अंत में आते हैं
दोबारा compile भी करेगा फिर से my,यह फंक्शन को दोबारा compile भी करेगा
यह आपको theme के बारे में अतिरिक्त जानकारी,यह आपको theme के बारे में अतिरिक्त जानकारी होना चाहिए
application run करते हैं तो default से server index . jsp देता है याद करें की,यदि हम इस प्रकार के लिए इस प्रकार को बनाते हैं तो डिफॉल्ट से सर्वर index jsp देता है
यह करने के लिए link पर right click करें,या करने के लिए लिंक पर राइट क्लिक करें
यह bioinformatics के लिए आवश्यक सबसे बुनियादी से अग्रिम तक कार्य कर सकता है,यह बायोइन्फॉर्मेटिक्स के लिए आवश्यक सबसे बुनियादी से अग्रिम तक कार्य कर सकता है
bookmarks bar को देते हैं| bookmarks उन pages पर जाने में मदद करता है,bookmarks उन पेजेस पर जाने में मदद करता है जब आप देखता है
विशेषता खास तौर पर dubbing के दौरान उपयोगी होती है,विशेषता खास तौर पर डबिंग के दौरान उपयोगी होती है
पर click करे अगर printer सही ढंग से configure किया है तो printer print शुरु करना चाहिए,अगले printer सही ढंग से कॉन्फ़िगर किया है तो printer printer शुरू करना चाहिए
ध्यान दें कि हमने parse function के बजाए read function उपयोग किया है enter दबाएं out,शुरू करें और ध्यान दें कि हमने parse फंक्शन के बजाय read फंक्शन उपयोग किया है एंटर दबाएं
tutorial में हम सीखेंगे ncbi database website से fasta और genbank files download करना और,इस tutorial में हम सीखेंगें ncbi database website से fast और jenbang files download करना
xml file के बारे में इस vocal tutorial,spoken tutorial project team का उपयोग करके कार्यशालाएँ भी चलाती है
यहाँ आपके लिए एक,यहाँ आपके लिए एक अयूज़र है
method प्रयोग करके parameters pass करना,और method method प्रयोग करके parameters pass करना
हम इस tutorial के अंत में आ गए हैं,हम इस tutorial के अंत में आ गए हैं
desktop के अनेक भागों को कैसे जोड़ें निम्न link पर,�निम्न link पर उपलब्ध video stop के अनेक भागों को कैसे जोड़ें
किताबों को जारी करने और वापस रखने को manage करता है,किताबों को जारी करने और वापस रखने को मैनेज करता है
इस tutorial को समझने और अभ्यास करने के लिए आपको modelica में component oriented modeling के ज्ञान की आवश्यकता होंनी चाहिए,इस tutorial का समझने और अभ्यास करने के लिए आपको model का में component oriented model के ग्या की आवश्यकता है
इस प्रकार हम model को व्यक्तिगत विशेषता के बजाय सम्पूर्ण की तरह मानते हैं,इस प्रकार हम model को व्यक्तिगत विशेषता के बजाय संपूर्ण की तरह मानते हैं
सम्बंधित tutorials के लिए कृपया हमारी website पर जाएँ अब देखें,यह ट्यूटोरियल्स के लिए कृपया हमारी वेबसाइट पर जाएँ
सकता है mozilla firefox के पास अनेक क्रियात्मकताएँ होती हैं जोकि इसे internet पर जानकारी खो,moodला firefox के पास अनेक लियात्मकताएँ होती है जो कि इसे internet पर जानकारी खोलती है
निम्न link पर उपलब्ध video देखें,निम्न link पर उपलब्ध video देखें
enter दबाएँ,enter दबाएँ
tab browsing का सबसे बड़ा फायदा है कि यह कई browser windows को प्रदर्शित करने की आवश्यकता को समाप्त,टैक्ड ब्राउजिंग का सबसे बड़ा फायदा है कि यह कई ब्राउज़र विंडोज़ को प्रदर्शित करने की आवश्यकता को समान करता है
करते हैं इस tutorial मे हमने निम्न सीखा desktop और,इस ट्यूटोरियल में हमने निम्न सीखा
दिक्कत होगी तो यह quadratic equation है जिसे हम हल करेंगे x2 - 7x + 3 = 0,यदि यह इसका मचचत होगी तो यह कोडरेटिक इक्वेशन है जिसे हम हल करेंगे x स्क्वायड माइनस 7 x प्रस 3 इक्वल्स ज़ीरो
यदि हमें यह विशेषता पसंद नहीं आती है हम इसे बंद कर सक,यदि हमें यह विशेषता पसंद नहीं आती है हम इसे बंद कर सकते हैं
सरकार के mhrd के ict के माध्यम से राष्ट्रीय साक्षरता mission द्वारा सम,यह भारत सरकार के एमएचआरडी के आईसीटी के माध्यम से राष्ट्रीय साक्षरता mission द्वारा समर्थित है
blocks कैसे connect करना है,blocks कैसे connect करना है
file audacity window में खुलती है,file और residue window में खुलती है
हरे रंग के port से जोड़ सकते हैं प्रकल्पित रूप से,हम अपनो हरे रंग के port से जोड़ सकते हैं
क्यूं करना है चूँकि हमारी query nucleotide है हम blastn program उपयोग करेंगे और nt nucleotide data,चूँकि हमारी query nucleotide है हम last n program उपयोग करेंगे और ant nucleotide data के रूप में उपयोग करेंगे
इस model का पिछले tutorial में उपयोग किया गया था,इस model का पिछले tutorial में उपयोग किया गया था
output एक amino acid sequence दिखाता है,output एक amino acid sequence दिखाता है
तक यह document किसी के साथ share नहीं हुआ है अतः,यह document किसी के साथ शयर नहीं हुआ है
हम देख सकते हैं class name org . spokentutorial . my servlet है,हम देख सकते हैं class नेम org spoken tutorial dot mysqlate है
कोष्ठकों का इस्तेमाल करना द्विघाती समीकरण यानि quadratic equation को हल करने,कोष्ठकों का इस्तेमाल करना द्विरी घाति समीकरण यानि ऑफ़ोर्डरिटिक इक्वेशन को हल करने की आवश्यकता है
ध्यान दें url pattern class name के समान ही name है यानि my servlet,ध्यान देंurl pattern class name के समान ही name है यानि mysqlit
अब सीखें कि एक email कैसे लिखते हैं,अब सीखें कि एक email कैसे लिखते हैं
लिए today icon के बगल में + चिन्ह पर click करें google home page पर जाने,यह करने के लिए टुलटे आइकन के बगल में plus चिन्ह पर क्लिक करें
परिचित होना चाहिये स्नातक स्तर की biochemistry या bio,स्नातक स्तर की biochemistry या biochemistry फाइल सेट करें
विस्तार से सीखेंगे अब next,हम निम्न स्स्टार से सीखेंगे
यह रंग ellipse के अन्दर रंग भरने के लिए रंग को दर्शाता है,यह रंग ellipse के अंदर रंग भरने के लिए रंग को दर्शाता है
अब library window बंद करें,अब library window बंद करें
और यह हमें send using google drive का विकल्प देता है,और यह हमें sen using google drive का विकल्प देता है
यदि आपकी file एक record रखती है तो parsing के लिए निम्न code type करें,यदि आपकी file एक record रखती है तो merging के लिए निम्न code type करें
क्रमांक द्वारा cross reference equation,क्रमांक द्वारा cross reference equation
उदाहरण के लिए modelica library में pi और pid कंट्रोलर्स के लिए blocks हैं जो अक्सर chemical engineering control application में दिखते हैं,उदाहरण के लिए मॉडलिक कॉलिबरेरी में pri और pid कंटोलर्स की लिए ब्लॉक्स हैं जो अक्सर केमिकल एंजीनिरिंग कंटोल एप्लीकेशन में दिखते हैं
file पर जाएँ और text editor में खोलें,file पर जाएँ और text editor में खोलें
हम seqio module में convert function उपयोग करके file रूपांतरण कर सकते हैं,हम sqiofoamodule में convert फंक्शन उपयोग करके फाइल रूपांतरण कर सकते हैं
अब icon view के properties dialogue box का उपयोग करके extent परिवर्तित करें,अब i can view के properties dialog box का उपयोग करके extend परिवर्तित करें
फिर हम set return into request method call करते हैं,फिर हम setreturn into request method कॉल करते हैं
यहाँ हमें सम्बंधित id की available copies मिलती हैं,यहाँ हमें संबंधित ide की available copies मिलती हैं
अधिक जानकारी के लिए कृपया contact @ spoken tutorial . org पर लिखें,अधिक जानकारी के लिए spoken hyphen tutorial dot org पर लिखें
fixed size को आवंटित करेगा जिसे हम परिभाषित करते हैं मै fixed size चुनूंगी,fixed size को  avंटिज करेगा जिसे हम परिभाषित करते हैं मैं  fixed size चुनूँगी
schematics का उपयोग करके इस problem statement को परिभाषित करते हैं,schimetics का उपयोग करके इस program status को परिभाषित करते हैं
यह भारत सरकार के mhrd के ict के माध्यम से राष्ट्रीय साक्षरता mission द्वारा,यह भारत सरकार के एमएचआरडी के आईसीटी के माध्यम से राष्ट्रीय साक्षरता mission द्वारा समर्थित है
दिखाए गए की तरह keyboard cable को cpu से जोड़ें keyboard का port,कीटक पर दर्शाये अनुसार कीबोर्ड केबल को cpu से जोड़ें
यानि उल्लिखित करना है कि क्या अक्षरों का sequence nucleotides या amino acids के लिए ' करता है,यानि उल्लिखित करना है कि क्या अक्षरों का sequence new aliides या amino acids के लिए code करता है
हम spoken tutorial का उपयोग करके कार्यशालाओं का आयोजन करते हैं प्रमाणपत्र भी देते हैं कृपया हमसे,हम spoken tutorial उपयोग करके कार्यशालाओं का आयोजन करते हैं प्रमाणपत्र भी देते हैं कृपया हमसे संपर्क करें
एक बार virtual machine बनने के बाद हम इसे बाईं तरफ देख सकते हैं,एक बार virtual machine बनने के बाद हम इसे बाईं तरफ देख सकते हैं
इस tutorial में हमने सीखा,इस tutorial में हमने सीखा
के संदेश अलग से प्रदर्शित नही होते हैं वे,प्रक्रिया देखता है कि देखने की संदेश अलग से प्रदर्शित नहीं होते हैं
double ' में text g की घोषणा के साथ लिखित एक comment है,double quotes में text g की घुषणा के साथ लिखित एक comment है
ऐसा हम command line parameters के इस्तेमाल से भी कर सकते है,इसी प्रकार के लिए इन ऐसा हम command line parameters के इस्तेमाल से भी कर सकते हैं
left क्षैतिज निर्देशांक से mail खाता है और top ऊर्ध्वाधर निर्देशांक से mail खाता है,left 23 निर्देशांक से मेल खाता है और top ऊर्ध्वाधर निर्देशांक से मेल खाता है
पांच नई sites पर जाएं,आप पाँच नई sites पर जाएँ
ज्यादातर software की तरह कुछ addons में भी enduser license agreements हो सकता है,ज़्यादातर सॉफ्टवेयर की तरह कुछ addons में भी end user license agreement हो सकता है
उस dialogue box में restart now button पर click करें उपर,इस डायलॉग बॉक्स में  restart now बटन पर क्लिक करें
आगे internet पर blast run करने के लिए prompt पर निम्न type करें,आगे internet पर blocks रन करने के लिए prompt पर निम्न type करें
एक नई window आती है,एक नई window आती है
coordinate system को निम्नलिखित fields के साथ record के रूप में माना जा सकता है extent initial scale preserveaspectratio और grid,coordinate system को निम्नलिखित fields के साथ record के रूप में माना जा सकता है
search बार में omedit type करें,search bar में oam edit type करें
real input और real output connectors हैं जो काफी बार उपयोग किए जाते हैं,reial input और real output connectors हैं जो काफी बार उपयोग की जाते हैं
email में एक photo या link प्रविष्ट करना और,email में एक photo या link प्रविष्ट करना और
कई सारे search engines दर्शाता है जिसे हम search bar में जोड़ सकते हैं,यह हमें सबकी सारे search engine दर्शाता है जिसे हम search bar में जोड़ सकते हैं
मैंने इस table में 10 books सम्मिलित कर ली हैं,मैंने इस table में 10 books सम्मिलित कर ली हैं
modelica में class का उपयोग model के साथ समानार्थित किया जाता है,modelिका में class का उपयोग module के साथ समानार्थित किया जाता है
object type करें output के लिए type करें cdna enter दबाएं,ऑब्जेक्ट टाइप करें आउटपुट के लिए टाइप करें cdna एंटर दबाएँ
का उपयोग करके कार्यशालाएँ भी चलाती है,spoken tutorials का उपयोग करके कार्यशालाएँ भी चलाती है
ubuntu version 12 . 04,उबन्टु वर्जन 1204
यह spoken tutorial project को सारांशित करता है,यह spoken tutorial project को सारांशित करता है
यह account बनाते समय google team द्वारा share किया गया था,यह account बनाते समय google team द्वारा शेयर किया गया था
हमने सात दिन जोड़ लिए हैं,हमने साथ दिन जोड लिए हैं
ध्यान दें कि एक line यहां प्रविष्ट है इस line की properties को diagram annotation में निर्दिष्ट किया गया है,ध्यान दें कि एक line यहाँ प्रविष्ट है इस line की properties को diagram annotation में निर्दिष्ट किया गया है
यह भी ध्यान दें कि सभी addons जिनके शीर्षक में drag शब्द है व,यह भी ध्यान दें कि सभी addon जिनके शीर्षक में drag शब्द है वहाँ है
यह sequence की शुरुआत से छठे base तक एक fragment extract करेगा,यह sequence की शुरूआत से छठे base तक एक fragment extracts करेगा
ध्यान दें कि frame head एक बार में एक frame चलता है,ध्यान दें कि frame head एक बार में एक frame चलता है
file को किसी भी file format में save कर सकते हैं जो format dropdown सूची box में सूचीबद्ध है,इस file को किसी भी file format में सेव कर सकते हैं जो format dropdown सूची box में सूचीबद्ध है
menu shared with me है मै इस पर click करती हूँ यदी कोई,यह ट्यूटोरियल का मेन्यू शेयर्ड विद्म है मैं इस पर क्लिक करती हूँ
ctrl + t ध्यान दें कि जब आप नया tab खोलते हैं तो नया tab तुरंत सक्रिय हो,ध्यान दें कि जब आप नया टैब खोलते हैं तो नया टैब तुरंत सक्रिय होगा
portrait के रूप में orientation चुनें,portrait के रूप में orientation चुनें
आगे range field में all pages चुनें,आगे range field में all पेजेस चुनें
यहाँ हम अपने document के लिए एक उचित शीर्षक type कर सकते हैं मैं type,यहाँ हम अपने document के लिए एक उचित शीर्षक type कर सकते हैं
अपनी preferences के अनुरूप firefox browser को अनुकूलित करने की अनुमति देता है,calc अपनी प्रेफेन्सेस के अनुरूप firefox ब्राउज़र को अनुकूलित करने की अनुमति देता है
भेजे हुए mail को देखने के लिए view message link पर click करें हम,भेजे हुए mail को देखने के लिए view message link पर click करें
अपनी machine से उस file को browse करें और चुनें जो आप upload करना चाहते हैं और open पर click करें,अपनी machine से उस file को browse करें और चुनें जो आप upload करना चाहते हैं और open पर click करें
bookmarks,bookmarks का एक अन्य फाइल बनाएँ
ज़रूरी जाँचें पूरी हो जाती हैं तो आप operating system के interface को देखेंगे यदि आप ubuntu,यदि आपके ज़रूरी जाँचे पूरी हो जाती है तो आप operating system के interface को देखेंगे
तो आपने bookmark का नाम बदल दिया इसे दूसरे folder में save किया और tag से इसका पता लगाया,तो आपने bookmark का नाम बदल दिया इसे दूसरे folder में सेव किया और tag से इसका पता लगाया
अतः हम browser पर वापस जाते हैं,अतः हम browser पर वापस जाते हैं
मैंने पहले से ही इस table में कुछ values डाल दी हैं,मैंने पहले से ही इस table में कुछ values डाल दिए हैं
default रूप से english चयनित है मैं इस चयन को छोड़ दूंगी,default रूप से english चयनित है मैं इस चयन को छोड़ दूंगी
इन तीन modes को देखने के लिए यहाँ इस button पर click करें can edit can comment can view can,इन तीन modes को देखने के लिए यहाँ इस button पर click करें can edit can comment can view
विदा लेता हूँ हमसे जुड़ने के लिए धन्यवाद,यह स्क्रिप्ट प्रभाकर द्वारा अनुवादित है मैं यश वोरा अब आपसे विदा लेता हूँ हमसे जुड़ने के लिए धन्यवाद
यदि हाँ तो admin section . jsp पर जाते हैं,यदि हाँ तो admin section jsp पर जाते हैं
फिर password confirm करने के लिए इसे दोबारा type,password confirm करने के लिए इसे दोबारा टाइप करें
हम देख सकते हैं कि यहाँ 15 users हैं,हम देख सकते हैं कि यहाँ 15 users हैं
हम greeting servlet java पर जायेंगे,हम greeting server java पर जाएँगे
spoken tutorial talk to a teacher project का हिस्सा है जिसे भारत,spoken tutorial talktoateacher project का हिस्सा है
एक बार फिर attach files icon पर click करें,एक बार फिर attach files icon पर click करें
फिर हम arraylist books को request में set करते हैं,फिर हम  arraylist books को  request में सेट करते हैं
अगर ये आप हर एक वाक्य के लिए नहीं कर सकते तो ऐसा दो वाक्यों के संयोजन के लिए भी कर सकते है,अगर ये आप हर एक वाक्य के लिए नहीं कर सकते तो ऐसा दो वाक्यों के संयोजन के लिए भी कर सकते हैं
स्क्रीप्ट विकास द्वारा अनुवादित है i i t bombay से मैं श्रुति आर्य आपसे विदा लेती हूँ धन्यवाद,यह स्क्रिप्ट विकास द्वारा अनुवादित है आई आई टी बॉम्बे से मैं श्रुति आर्य आपसे विदा लेती हूँ धन्यवाद
url को बदलने या link को हटाने के लिए हम क्रमशः change या remove विकल्पों पर click कर सकते हैं,url को बदलने या link को हटाने के लिए हम क्रमशः change या remove विकल्पों पर click कर सकते हैं
चलिए search engine google में बदलते हैं,चलिए search engine google में बदलते हैं
आप वो message देख सकते हैं जो अभी,आप वो मैं शिद्द देख सकते हैं जो अभी वह प्रदर्शित होता है
के लिए धन्यवाद,हमसे जुड़ने के लिए धन्यवाद
ध्यान दें कि इन सभी fields को properties dialogue box का उपयोग करके बदला जा सकता है जैसा हमने पहले ही देखा है,ध्यान दें कि इन सभी fields को properties dialog box का उपयोग करके बदला जा सकता है जैसा हमने पहले ही देखा है
यह option संपूर्ण virtual hard disk मिटा देगा और एक partition के रूप में ubuntu os संस्थापित करेगा,यह ऑप्शन संपूर्ण  virtual hard disk मिटा देगा और एक बार्थीशन के रूप में  ubuntu os संस्थापित करेगा
मैं इन्हें छोड़ दूंगी और नीचे continue button पर click करूंगी,मैं इन्हें छोड़ दूंगी और नीचे continue button पर click करूं
आगे हम integer के रूप में id से book id को अलग करते हैं,आगे हम इंटिजर के रूप में id से bookid को अलग करते हैं
नियतकार्य है writer window में markup का इस्तेमाल करते हुए निम्न फ़ॉर्मूले लि,writer window में markup इस्तेमाल करते हुए निम्न formula लिखें
क्रियान्वित करने को processing कहते हैं फिर data,अब उपरोक्त प्रयान्वित करने को processing कहते हैं
यह उस jdbc driver को load करेगा,यह उस jdbc driver को load करेगा
ध्यान दें कि available copies की संख्या 9 है,ध्यान दें कि available copies की संख्या 9 है
अतः हम पूरी book list को iterate करेंगे,अतः हम पूरी book list को इटरेट करेंगे
creating a java web project के tutorial में आपका स्वागत है इस tutorial में,creating java web project के tutorial में आपका स्वागत है
आगे sequence object को fasta file में बदलने के लिए write function के साथ command line type करें,आगे sequence object को fast a file में बदलने के लिए write function के साथ command line type करें
और hard disk drives और floppy disk drives के बारे में जानकारी bios,jitter और हार्ड hard disk drives और fossee disk drives के बारे में जानकारी
parameter एक मात्रा है जो simulation के साथ स्थिर रहता है,parameter एकमात्रा है जो simulation के साथ स्थिर रहता है
जैसे कि मैंने पहले बताया कि मेरा windows system 64 bit है इसलिए,जैसे कि मैंने पहले बताया कि मेरा window system 64bit है
जहाँ ज़रुरत है वहाँ cursor रखें और प्रत्येक नए label के लिए ctrl b दबाएं,जहाँ ज़रुरत है वहाँ cursor रखें और प्रत्येक नए label के लिए ctrl b दबाएं
हमे add user success page मिलता है,हमें adduser success पेज मिलता है
फिर हम insertintocheckout को call करते हैं,फिर हम insert into checkout को कॉल करते हैं
इस मामले में input एक vector u है जैसा कि हमने पहले ही चर्चा की है,इस वामले में इनपुट एक वेक्टर u है जैसा कि हमने पहले ही चर्चा किया है
आवश्यक plot बनने के बाद यह हमेशा परिणामों को delete करना एक अच्छा अभ्यास होता है,आवश्यक प्लॉट बनने के बाद यह हमेशा परिणामों को डिलीट करना एक अच्छा अभ्यास होता है
homepage के रूप में set करना है अतः हम edit और preferences,अतः हम edit और preferences में set करते हैं
हम to cc और bcc क्षेत्रों में सारे प्राप्तकर्ताओं के email ids देख सकते हैं,हम 2cc और bcc क्षेत्रों में सारे प्राप्त करताओं के emailids देख सकते हैं
तो tools और addons पर click करें,तो tools और add tools पर click करें
यह उन users के लिए registration page है जो registered नहीं हैं,यह उन यूज़र्स के लिए registration पेज है जो रजिस्टर्ट नहीं है
. 10 python version 2 . 7 . 8,python version 278
यहाँ हम book id के लिए books table से total copies और available copies select करते हैं,यहाँ हम bookid के लिए books table से total copies और available copies select करते हैं
अब आपके पास आपके screen पर एक खाली movie project है जिनकी आपको ज़रुरत है वो files आप windows movie maker में,यहाँ आपके पास आपके screen पर एक खाली movie project है जिनकी आपको ज़रुरत है
और enter दो बार दबाइए,और enter दो बार दबाइए
अब देखते हैं क्या होता है अगर हम phone verification चुनते हैं,अब देखते हैं क्या होता है अगर हम phone verification चुनते हैं
dropdown से महीना चुनें,dropdown से महीना चुनें
जब इस पर click करते हैं तो playback रुक जायेगा लेकिन frame head timeline की शुरुआत में आ जायेगा,जब इस पर click करते हैं तो playback रुक जायेगा लेकिन frame head timeline की शुरुआत में आ जायेगा
book बंद करें webpage में कुछ विशिष्ट शब्द को खोजने के लिए edit,दर्पेज में कुछ विशिष्ट शब्द को खोजने के लिए edit पर click करें
दिखाई देते हैं firefox preferences window में content tab के माध्यम से हमें popups और popunders दोनों,fire firefox preferences window में content टैब के माध्यम से हमें popups और pop underscore characters दोनों पर click करने की आवश्यकता है
हम ऐसा prepared statement object प्रयोग करके करते हैं,हम ऐसा प्रिपेड स्टेटमेंट ऑब्जेक्ट प्रयोग करके करते हैं
हमने gmail के लिए bookmark भी जोड़ा था gmail home page को खो,हमने  gmail के लिए बुकमार्क भी जोड़ा था
यह नए mails की संख्या को दिखाता है जो आपको प्राप्त हुए हैं,यह नये मेल्स की संख्या को दिखाता है जो आपको प्राप्त हुए हैं
दूसरा file format को निर्दिष्ट करता है,यह डिफॉर्मेट को निर्दिष्ट करता है
factorials लिखें और,factors लिखें और
d करें addon downloading प्रगति bar प्रदर्शित होता है आगे,add on downloading प्रगति बार प्रदर्शित होता है
download से सम्बंधित जानकारी,download से सम्बंधित जानकारी
फिर elements window से formats long gap पर click करें,फिर elements window से formats long data पर click करें
folder को जाँचें और save पर click करें,folder को जाँचें और save पर click करें
अब मैं आपको दिखाऊंगा कि यह कैसे हुआ,अब मैं आपको दिखाऊँगा कि यह कैसे हुआ
अब मैं terminal खोलती हूँ और ipython interpreter शुरू करती हूँ,अब मैं terminal खोलती हूँ और ipython interpreter शुरू करती हूँ
जब हम एक नया google account बनाते हैं तो हमें google team से कुछ mails प्राप्त होते हैं,जब हम एक नया google account बनाते हैं तो हमें google team से कुछ mails प्राप्त होते हैं
nin input की संख्या को दर्शाता है,nin input की संग्या को दर्शाता है
general panel में अधिक सामान्यतः उपयोगी settings से संबंधित वरीयताएँ हैं जैसे कि firefox homepage की settings file download location की settings,general panel में अधिक सामान्यतः उपयोगी settings से सम्बंधित वरीयताएँ हैं जैसे कि firefox होमपेज की settings file download location की settings
और आगे के विश्लेषण के लिए blast output को parse करना,और आगे के विश्लेषण के लिए ब्लास्ट आउटपुट को पार्स करना
ide पर वापस आते हैं,ide पर वापस आते हैं
आपका success greeting . jsp इस प्रकार दिखेगा,आपका successgating jsp इस प्रकार दिखेगा
तत्काल computers name और pick a username filled हमारे input के आधार पर भरा जाएगा यदी आप चाहे तो इन value को बदल सकतें हैं,तथकल computers name और pick a user name field हमारे input के आधार पर भरा जाएगा यदि आप चाहें तो इन values को बदल सकते हैं
निम्न code type करें,name record type करें
इस spoken tutorial team इस spoken tutorials का उपयोग करके कार्यशालाएं चलाती है,spoken tutorial team spoken tutorials का उपयोग करके कार्यशालाएं चलाती है
jdk 1 . 7,jdk 17
मैंने book और checkout के लिए एक model बना लिया है,मैंने book और checkout के लिए एक model बना लिया है
अंततः mrna का protein sequence पर translation,अंततः mrn का protein sequence पर translation पर
हर extension की भिन्न settings होती हैं जो बदली जा सकती हैं,हर extension के भिन्न settings होती हैं जो बदली जा सकती हैं
manage search engines पर click करे,manage search functions पर click करें
यह script विकास द्वारा अनुवादित है i i t bombay से मैं श्रुति आर्य,यह स्क्रिप्ट विकास द्वारा अनुवादित है आई आई टी बॉम्बे से मैं श्रुति आर्य आपसे विदा लेती हूँ
ध्यान दें कि greeting servlet java उसी package org . spoken tutorial में बनाया गया है,ध्यान दें कि क्रिटिंग  server object java उसी पैकेज org spokentutorial में बनाया गया है
यह collection panel में single clip की तरफ दिखाई देगा इसलिए दोबारा video clip पर right click करें और add to timeline विकल्प चुनें,यह collection panel में single clip की तरह दिखाई देगा इसलिए दोबारा video clip पर right click करें और add to timeline विकल्प चुनें
firefox browser बंद होता है और फिर से खुलता है,firefox browser बंद होता है और फिर से खुलता है
हम type करेंगे / my first project और enter दबाएं,हम type करेंगे slash my first project और enter दबाएँ
एक नया टैब खोलें search engine को google में बदलें,एक नया टैब खोलें search engine को google में बदलें
इस tutorial में हम ubuntu 10 . 04 पर firefox version 7 . 0 का उपयोग करेंगे,इस tutorial में हम उबंटू 1004 पर firefox वर्ज़न 70 का उपयोग करेंगे
web browser उपयोग कर सकते हैं इस tutorial के अनु,इसे वेब ब्राउज़र उपयोग कर सकते हैं
अतः यदि method 1 returns करता है तो इसका मतलब उस यूज़र ने यह book पहले ही borrow की है,अतः यदि method 1 returns करता है तो इसका मतलब उस यूजर ने यह book पहले ही बौरों की है
देखें कि प्राप्त कर्ताओं को email कैसा दिखेगा,देखें कि प्राप्त करताओं को email कैसा दिखेगा
आप to cc और bcc के प्राप्तकर्ताओं का विवरण देख सकते हैं,आप 2cc और bcc के प्राप्त करताओं का विवरण देख सकते हैं
याद करें कि document में इस user को edit की अनुमति थी अतः,याद करें कि document में इस यूजर को edit की अनुमति थी
इस पर click करें तुरंत ही यह name पूछता है,इस पर click करें तुरंत ही यह name पूछता है
यह bcc में marked किये हुए किसी एक प्राप्तकर्ता की mail id है,यह bcc में मार्क किये हुए किसी एक प्राप्तकर्ता की मेल id है
चलिए base size बढ़ाके 18 . तक कर देते हैं ok पर click करें,चलिए base size बढ़ाके 18pt तक कर देते हैं ok पर click करें
descriptor web . xml नामक एक file है अब वापस id,कमेंट कमेंट डिस्क्रिप्टर  web xml नामक एक फाइल है
फिर यह अपने आप से उपकरण को ढूँढना शुरू करेगा मैं cancel पर click करुँगी,फिर यह अपने आप से उपकरण को ढूँढना शुरू करेगा मैं cancel पर click करुँगी
यदि theta of t एक वस्तु का समय t पर तापमान है तब हम एक differential equation लिख सकते हैं,यदि theta of t एक वस्तु का समय t प्रतापमान है तब हम एक डिफरेंशिल इक्वेशन लिख सकते हैं
अतः b intersection d परिणाम है 6,अतः b intersection d परिणाम है 6
= to चिह्न के आस पास दो लम्बी रिक्त स्थानों के साथ और यह,equal to चिन्ह के आसपास दो लम्बी रिक्त स्थानों के साथ हैं
line annotation के fields को आसानी से समझा जा सकता है,line initation के fields को आसानी से समझा जा सकता है
चर्चा की है der time derivative के लिए modelica function है,dir time time derivative के लिए model लिखा function है
कृपया इस file को download करें औऱ इसे अपने system पर save करें,कृपया इस फ़ाइल को download करें और इसे अपने system पर सेव करें
की प्रत्येक extension के लिए आप preferences निर्धारित कर सकते हैं उनको निष्क्रिय या हटा सकते हैं,ध्यान दें कि प्रत्येक एक्सटेंशन के लिए आप प्रिफरेन्सेस निर्धारित कर सकते हैं उनको निष्क्रिय या हटा सकते हैं
search bar में type करें printing,search bar में type करें printing
हम समर्थन के लिए open modelica की development team का धन्यवाद करते हैं यह script विकास द्वारा अनुवादित है i i t bombay से मैं श्रुति आर्य आपसे विदा लेती हूँ धन्यवाद,हमसमर्थन के लिए open modelica का की development team का धन्यवाद करते हैं यह script विकास द्वारा अनुवादित है आई आई टी बॉम्बे से मैं श्रुति आर्य आपसे विदा लेती हूँ हमसे जुड़ने के लिए धन्यवाद
हम देख सकते हैं कि उपलब्ध प्रतियों की संख्या बड़ा दी गयी है,हम देख सकते हैं कि उपलब्ध प्रतियों की संख्या बढ़ा दी गई है
हाल ही में google ने सारे google उत्पादों के लिए एक single account प्रदान किया है जैसे,हाल ही में google ने सारे google उत्पादों के लिए एक single account प्रदान किया है जैसे
के बारे में जानने के लिए website link पर click करें,इस प्रकार के बारे में जानने के लिए वेबसाइट लिंक पर क्लिक करें
अतः my first project पर right click करें और run पर click करें,अतः my first project पर right click करें और run पर click करें
बुनियादी python programming के साथ परिचित होना चाहिए,बुनियादी python programming के साथ परिचित होना चाहिए
desktop पर इसे launch करने के लिए virtual box icon पर double clickकरें,डेस्कटॉप पर इसे लॉंच करने के लिए virtualbox आइकन पर डबल क्लिक करें
आखिर हो जायेंगी,आप यह दिखाई देना चाहते हैं कि वे क्यू हो जाएँगी
फिर हम decrement available copies method call करते हैं,फिर हम decrement available copies मेथड कॉल करते हैं
enter दबाइए और लिखिए quadratic formula फिर enter दबाइए,एंटर दबाइए और लिखिए quadratic formula फिर एंटर दबाइए
एक . पर label जोड़ने के लिए cursor से . चुनें tracks tab पर जाएँ,एक point पर label जोड़ने के लिए cursor से point चुनें tax टैब पर जाएँ
अपने homepage को spoken tutorial . org में बदलें अपनी default download,अपने homepage को spokentutorial org में बदलें
के database के साथ interact कर,डेटाबेस के डेटाबेसेस के साथ इंटरेक्ट करें
servlet servlet container में deploy हुआ है,select! सर्वलैट कंटेनर में डिप्लॉई हुआ है
यह to और cc के प्राप्तकर्ताओं को दिखाता है लेकिन bcc के नहीं दिखाता,यह 2 और cc के प्राप्त करताओं को दिखाता है लेकिन bcc के नहीं दिखाता
चलिए वापस address bar पर चलते हैं और type करें gma ध्यान दीजिये कि कोई भी सुझाव नहीं,चलिए वापस एड्रेस बार पर चलते हैं और टाइप करें gms
फिर से checkout या return book पर click करें,फिर से checkout या return book पर click करें
अब दूसरी theme चुनें,अब दूसरी theme चुनें
अब मैं omedit पर जाती हूँ मैंने पहले ही इसे अपने system पर रखा है,अब मैं os edit पर जाती हूँ मैंने पहले ही इसे अपने system पर रखा है
अब देखते हैं की model क्या है,अब देखते हैं कि model क्या है
करेंगे चलिए अब firefox interface को देखते हैं,चलिए अब firefox interface को देखते हैं
और लिखें x > = y यहाँ,और लिखें x greater than equal to y
virtual box window के शीर्ष पर नीले रंग के new आइकन पर जाएँ और उस पर click करें,virtial बॉक्स विंडो के शीर्ष पर नीले रंग के newआइकन पर जाएँ और उस पर क्लिक करें
इसी तरह - 100 उसी बिंदु के ऊर्ध्वाधर निर्देशांक को दर्शाता है,इसी तरह100 उसी बिंदु के ऊर्ध्वाधर निर्देशांक को दर्शाता है
नियतकार्य के रूप में real input real output see so और mo blocks के लिए code देखें,नियत कार्य के रूप में real input real output si so और mo blocks के लिए input देखें
समाप्ति की ओर आ गए है इस tutorial में हमने सीखा कि general preferences और privacy preferences को कैसे set करें,इस tutorial में हमने सीखा कि general preferences और privacy ही preferences को कैसे set करें
फिर से the history of email के लिए search करें,फिर से the histogram email के लिए search करें
noise removal noise reduction level को चुनें,reimize label को चुनें
content panel में websites कैसे प्रदर्शित होती हैं इससे संबंधित वरीयताएँ हैं,content panel में websites कैसे प्रदर्शित होती हैं इससे सम्बंधित वर्यताएँ हैं
new पर जाएँ और servlets पर click करें,new पर जाएँ और server पर click करें
extent coordinate system के extent filed के संदर्भ में समान है,extent coordinate system के extend field के संदर्भ में समान है
और उन किताबों की सूची है जिनकी वापसी date बीत चुकी है,और उनकी टाबों की सूची है जिन्हें वापसी date भी इच चुकी है
और स्वीकार्य अभ्यास नहीं है,और स्वीकार यह अभ्यास नहीं है
text के नीचे छोटी pop window खुलती है,अब text के नीचे छोटी popअप window खुलती है
application को type करना ज़रूरी है जो उस instance पर deploy की गयी है अतः,इसे निष्पादित एप्लिकेशन को टाइप करना ज़रूरी है जो उस इंस्टेंस पर डिप्लॉई की गई है
की address bar पर नाम type करें address bar पर click करें प्रदर्शित address को चुनें और इसे delete करें,address bar पर क्लिक करें प्रदर्शित एड्रेस को चुनें और इसे डिलीट करें
bar है जो हमें हमारी site load होने का status बताता है,एक बार है जो हमें हमारी साइडलोड होने का स्टेटस बताता है
click करे दाएँ panel अब आपके computer पर संस्थापित किये हुए extensions दिखाता है,दायें panel अब आपके computer पर संस्थापित किये हुए extensions दिखाता है
files से data extract करना parsing कहलाता है,अब file से data extract करना parking कहलाता है
इसको dopost method से भी हटाते हैं,इसको do post method से भी हटाते हैं
यहां हम general tab में generic printer option चुनेंगे,यहाँ हम general टैब में जैनरित printer option चुनेंगे
श्रृंखला को सीखने के लिए आपको जानकारी होना ज़रूरी है,इस ट्यूटोरियल को सीखने के लिए आपको जानकारी होना ज़रूरी है
screen पर हमें निम्न message मिलता है,screen पर हमें निम्न message मिलता है
अभी के लिए बस इतना ही चलिए इस tutorial को संक्षिप्त में बताते हैं,अभी के लिए बस इतना ही चलिए इस tutorial को संक्षिप्त में बताते हैं
spoken tutorial project team,spoken tutorial project team
पर स्थापित करें इस,कंपाइल करके संस्थापित करें
अधिक जानकारी के लिए कृपया हमें लिखें,अधिक जानकारी के लिए कृपया हमें लिखें
ram के size को आवंटित करने के लिए slider या text box का प्रयोग करें,रेम के साइज को आवंटित करने के लिए स्लाइडर slider या टेक्स्ट बॉक्स का प्रयोग करें
फिर हम जांचते हैं कि क्या available copies total copies से अधिक हैं,फिर हम जाँचते हैं कि क्या available copies total copies से अधिक हैं
online test pass करने वालों को प्रमाणपत्र देते हैं,online test pass करने वालों को प्रमाणपत्र देते हैं
और canon printer,gnan printer
output के लिए variable नाम dna1 type करें enter दबाएं,output के लिए variable name dna1 type करें enter दबाएँ
हमने पहले भी देखा है कि request dispatcher प्रयोग करके अन्य page पर कैसे जाते हैं,हमने पहले भी देखा है कि  request dispatter प्रयोग करके अन्य पेज पर कैसे जाते हैं
अब forward पर दोबारा click करें,अब forward पर दोबारा click करें
यह सामान्यतः for loop के साथ उपयोग किया जाता है,यह इसा मानता ह for loop के साथ उपयोग किया जाता है
एक बहुत आसान system है,एक बहुत आसान system है
अब new विकल्प के साथ खोज करते हैं new button पर click करें,अब new विकल्प के साथ खोज करते हैं new button पर click करें
कृपया इसे download करें और देखें,इसे download करें और देखें
पूर्ण derivative df by dx लिखने के लिए formula editor window में mark up होगा df over dx,ब्लूप पूर्ण डिरिवेटिव df by df लिखने के लिए formula editor window में मार्कप होगा df ओर dx
स्नातक स्तर की biochemistry या bioinformatics और,स्नातक स्तर की biochemistry या bioformatिक्स और
करने के लिए ctrl और d की भी दबा सकते हैं,हम ctrl करने के लिए ctrl और d की भी दबा सकते हैं
दूसरा fasta file लिखने के लिए file नाम है,दूसरा firstfile लिखने के लिए filename है
हमने request से checkout प्राप्त किया,हमने रिक्वेस्ट से चेकआउट प्राप्त किया
अब continue to gmail button पर click करें यह,अब continue to beemail button पर click करें
इस प्रदर्शन के लिए मैं firefox web browser प्रयोग कर रही हूँ,इस प्रदर्शन के लिए मैं firefox web browser प्रयोग कर रही हूँ
दो प्रकार के computers होते हैं,दो प्रकार के computers होते हैं
इस tutorial में हम सीखेंगे कि कैसे derivatives और differential equations लिखें integral equations और logarithms के साथ formulae कैसे लिखें,इस tutorial में हम सीखेंगे कि कैसें डिरिवेटिव और डिफरेंशियल इक्वेशन्स लिखें
file genbank format में hiv genome रखती है,5 जिनबिंग फॉर्मेट में hif gnome रखती है
dropdown box में से yahoo चुनिए,dropdown box में से यह हूँ चुनिए
google homepage पर वापस जाने के लिए forward arrow पर click करें,google homepage पर वापस जाने के लिए forward arrow पर click करें
text file से sequence id और description copy करें और terminal पर सम्बंधित लाइनों पर इसे paste करें,text file से sequence id और description copy करें और terminal पर सम्बंधित लाइनों पर से paste करें
पर click करना my drive में sub folders दिखायेगा देख,sinter पर click करना my drive में subfolder दिखायेगा
अब निम्न की तरह प्राप्त कर्ताओं का address प्रविष्ट करते हैं,अब निम्न की तरह प्राप्त करताओं का address प्रविष्ट करते हैं
यदि आप windows user हैं तो आप ऐसा screen देखेंगे,यदि आप windows यूजर हैं तो आप ऐसा screen देखेंगे
अब और कोई audio file खोलते हैं,अब और कोई audio file खोलते हैं
अब क्या करता है browser window में नीचली तरफ़ status bar,browseविंडो में निचली तरफ status बाइट प्रविष्ट करें
variables और equations को घोषित कैसे करना है,वेरिएबल्स और इक्वेशन्स को घोषित कैसे करना है
आप mvc architecture को विस्तार में भी सीखेंगे और आप,आप mvc आर्किटेक्चर को विस्तार में भी सीखेंगे और
आप देखते हैं कि उसी browser window में मौजूदा tab की दायीं ओर एक नया tab खुलता है अतः अपने window,आप देखते हैं कि उसी ब्राउज़र window में मौजूदा टैब की दाईं ओर एक नया टैब खुलता है
संपर्क करे यदि आपके पास इस spoken tutorial में प्रश्न हैं तो कृपया उल्लेख किए गए webpage पर जाएँ,यदि आपके पास इस spoken tutorial में प्रश्न है तो कृपया उल्लेख किए गए web पेज पर जाएं
हाल ही में google ने google photos को drive में access करने के लिए एक shortcut link बनाया है,हाल ही में google ने google photos को drive में एक्सेस करने के लिए एक शॉर्ट कटलिंग बनाया है
output के लिए type करें mrna enter दबाएं,output के लिए type करें mrna enter दबाएं
इसलिए icon and diagram annotations को coordinate system के साथ records के रूप में और fields के रूप में graphics माना जा सकता है,इसलिए icon and diagram annotations को coordinate system के साथ records के रूप में और fields के रूप में graphics माना जा सकता है
query sequence के लिए input gi number या fasta file की form में हो सकता है या यह sequence record object भी हो सकता है,query sequence के लिए input gui number या fast a file की form में हो सकता है या यह sequence record object भी हो सकता है
अतः menuselection is = to list borrowed books,अतः menu selection is equal to list b�रोड books
अगर error messages list खाली नहीं है तो हम adduser . jsp पर ही error messages प्रदर्शित करेंगे,अगर error messages list खाली नहीं है तो हम adduser jsp पर ही error messages प्रदर्शित करेंगे
file आपके home folder में hiv_geneseq . fasta की तरह save की जाती है enter दबाएं,file आपके home folder में hif underscore geneysq dot vista की तरह सेव की जाती है enter दबाएँ
और alignment को left,और अलाइनमेंट को left और रिफ्रेश करें
चुनें page setup dialog box दिखाई देता है,page setup dialog box दिखाई देता है
अब email में images प्रविष्ट करने के लिए insert photo विकल्प पर click करें,अब email में images प्रविष्ट करने के लिए insert photo विकल्प पर click करें
होता है drop down सूची से gmail link को चुनिए cont,drop down सूची से gmail link को चुनिए
themes की श्रेणिया देंखे और अन्य users द्वारा दिये गये rating देखें जिन्होंने theme का,इस अमूल में इस्तेमाल करता हूँ हमसे जुड़ने के लिए मौजूद है और फिर सेम्बस की श्रेणा देखें और अन्य यूजर्स द्वारा किये गये रेटिंग देखें
हम इसका विवरण बाद में सीखेंगे,हम इसका विवरण बाद में सीखेंगे
अब सम्बंधित text boxes में हमें अपना first name और last name प्रविष्ट करना है,अब सम्बंधित text box में हमें अपना firstname और last name प्रविष्ट करना है
यह बाएं panel पर label में भी उल्लिखित किया जायेगा,यह बाएं panel पर label में भी उल्लिखित किया जायेगा
किया जाएगा modeling area के शीर्ष पर जाएँ,model area में शीर्ष कर जाएँ
click करें sort by name चुनें bookmarks,sort criteria पर click करें
ok पर click करें,ok पर click करें
ध्यान दें कि सभी मध्य में हैं और उनके बीच ज्यादा space नहीं है,ध्यान दें कि सभी मध्य में हैं और उनके बीच ज्यादा स्पेस नहीं है
और browser की क्षमताओं का विस्तार करते हैं,और browser कीक्षमताओं का विस्तार करते हैं
share with others dialog box दिखता है people,select one with other dialog box दिखता है
अतः ide पर वापस आते हैं,अतः ide पर वापस आते हैं
अभी के लिए math object पर दो बार click करें,अभी के लिए math object पर दो बार click करें
add user servlet . java खोलें,adduser service dot java खोलें
हम जांचते हैं कि यह value null के बराबर है या नहीं यदि,हम जाँचते हैं कि यह वैल्यू null के बराबर है या नहीं
spoken tutorial project भारत सरकार के mhrd के nmeict द्वारा निधिबद्ध है इस mission पर अधिक जानकारी इस link पर उपलब्ध है i i t bombay,spoken tutorial project भारत सरकार के एम एच आर डी के nmeict द्वारा निधिबद्ध है इस mission पर अधिक जानकारी इस link पर उपलब्ध है
अतः browser पर जाते हैं,अतः browser पर जाते हैं
project को सारांशित करता है,यह spoken tutorial project को सारांशित करता है
अलाइनमेंट को left में,चलिए इस slide पर देखते हैं
अब हमें पिछले screen पर redirect कर दिया जाएगा ध्यान दे की ubuntu 16 . 04 . 5 desktop amd 64 . iso अब चुना गया है,अब हमें पिछले स्क्रीन पर रिडाइरेक्ट कर दिया जाएंगा ध्यान दें कि  ubuntu hyphen 1604 hyphen desktop hyphen amd 64 dot iso अब चुना गया है
यदि आपके पास अच्छी bandwidth नहीं है तो आप इसे download करके भी देख सकते हैं,यदि आपके पास अच्छी bandwidth नहीं है तो आप इसे download करके देख सकते हैं
परिणाम अब gmail नहीं है इसकी जगह पर सबसे उपर परिणाम yahoo mail है पुनः search bar के,इसकी जगह पर सबसे ऊपर परिणाम या हुई मेल है पुनः search bar के अंदर है
spoken tutorial project nmeict mhrd भारत सरकार द्वारा समर्थित है,spoken tutorial project nmeict mhrd भारत सरकार द्वारा समर्थित है
हमने file की विषय वस्तु को पढ़ने के लिए पहले ही parse और read functions के बारे में सीखा है,हमने file की विषय वस्तु को पढ़ने के लिए पहले ही parse और read functions के बारे में सीखा है
online test pass करने वालों को प्रमाणपत्र देते हैं,online test pass करने वालों को प्रमाणपत्र देते हैं
एक केन्द्रीय server पर सदस्यता जानकारी बनाए रखने के लिए समय,एक नियत कार्य करने में एक केंद्रिय सर्वर पर सदस्यता जानकारी बनाए रखने के लिए
नीचे continue पर click करें अन्य,सेव करें  continue पर क्लिक करें
फिर sign in पर click करें,फिर साइनिंन पर click करें
मैंने इसमें users नामक एक table बना ली है,मैंने इसमें users नामक एक table बना ली है
पहली चीज़ जो आपको करनी है वह है के मूल याने original video को सुने,सबसे पहली चीज़ जो आपको करनी है वह है के मूल यानि original विडियो को सुनें
साथ हम tutorial के अंत में पहुंचते हैं संक्षेप मैं,इसी के साथ हम tutorial के अंत में पहुंचते हैं संक्षेप में
हमने error messages list set कर दी है,हमने error messages list set कर दी है
document में कुछ भी जोड़ा जाना संशोधन करना या मिटाया जाना अपने आप ही save हो जाये,एक document में कुछ भी दोड़ा जाना संशोधन करना या मिटाया जाना अपने आप ही सेव हो जाएगा
इस tutorial में शामिल होने के लिए धन्यवाद,इस tutorial में शामिल होने के लिए धन्यवाद
मैं annotation section delete करती हूँ,मैं annotation section डिजीड करती हूँ
nin miso में input vector u के आयाम के लिए एक parameter है,nisom में input vector रिवेक्टरी के आयाम के लिए एक पैरामीटर है
real integer boolean और string datatypes modelica में समर्थित हैं,reall integer boolean और string datatype्स मॉडलिका में समर्थित हैं
आती हुँ मैं mouse को छोड़ूंगी और मेरी clip मौजूदा स्थिति में जोड़ी जाती है,मैं mouse को छोड़ूँगी और मेरी clip मौजूदा स्थिति में जोड़ी जाती है
यह localhost : 8080 / my first project / greeting servlet path है,यह localhost colon 80 slash my first project slash greeting server path है
mass m के bowl की गति को simulate करते हैं जो free fall due to gravity में है,mas mk ball की गति को सिमुलेट करते हैं जो free for due library में है
हैं इस tutorial में निम्न के बारे में,इस tutorial में निम्न के बारे में सीखेंगे
software application में अन्तर्निहित data के logical structure को दर्शाता है,सॉफ्टवेयर एप्लिकेशन में अनतनिर्हित डेटा के लॉजिकल स्ट्रक्चर को दर्शाता है
आप असंख्य add on के बारे में जानने के लिए get add on option का उपयोग कर सकते हैं,आप असंख्येएडॉन के बारे में जानने के लिए get downloads option का उपयोग कर सकते हैं
bakey अंततः share करने की इस प्रक्रिया को पूरा करने के लिए send button,अंततः share करने की इस पक्रिया को पूरा करने के लिए send button पर click करें
अब sequence object edit किया जा सकता है आ,अब sequence subject एडिट किया जा सकता है
एक book issue करना,एक book issue करना
graphics record में निम्नलिखित चीजें हो सकती हैं line rectangle ellipse polygon text और bitmap,graphics recording में निम्नलिखित चीज़ें हो सकती हैं
यहाँ हम request dispatcher प्रयोग करके request को checkout . jsp पर forward करते हैं,लेकिन यहाँ हम request patcher प्रयोग करके request को checkout jsp पर forward करते हैं
एक sequence object को एक परिवर्तनीय sequence object में बदलने में,एक sequence object को एक परिवर्तनीय sequence object में बदलने में
ये हम एक librarian की तरह login करेंगे यानी admin की तरह,आगे हम एक लाइब्रेरियरियन की तरह लॉगिन करेंगे यानि एडमिन की तरह
इस file के लिए उपयुक्त स्थान चुनें और इसे save करें,इस file के लिए उपयुक्त स्थान चुनें और इसे सेव करें
हमने extensions के बारे में sub कुछ सीखा,हमने एक्सटेंशन के बारे में सबकुछ सीखा
इसके लिए सबसे पहले writer gray box के बाहर धीरे से तीन बार click करें,इसके लिए सबसे पहले writer grey box के बाहर धीरे से तीन बार click करें
हम जांचते हैं कि वही book उसी user को पहले भी दी जा चुकीं है या नहीं,अतः हम जाँचते हैं कि वही book उसी यूजर को पहले भी दी जा चुकी है या नहीं
url bar पर click करें और type करें addons . mozilla . org / firefox / personas,url bar पर click करें और type करें advance dot mozilla dot org slash firefox slash person
my first project पर right click करें,my first project पर right click करें
अब 20 bases के एक dna sequence के लिए एक sequence object उत्पन्न करते हैं,अब 20 basis के एक dna sequence के लिए एक sequence object उत्पन्न करते हैं
हमने पिछले tutorial में एक class को विस्तारित करने के बारे में सीखा है,हमने पिछले tutorial में एक class को गस्तारित करने के बारे में सीखा है
add ons manager में बायाँ panel उपलब्ध options प्रदर्शित करता है,add bonds manager में बाएँ panel उपलब्ध options प्रदर्शित करता है
variables y और u इस block का एक हिस्सा हैं क्योंकि यह miso inherit करता है,paramers y और u इस ब्लॉक का एक हिस्सा है क्योंकि यह मीज़ ऑफ़ इन्हेरिड करता है
अब हम book को return करते हैं अतः browser पर जाते हैं,अब हम book को return करते हैं अतः browser पर जाते हैं
अब insert reference tool में reference चुनें और insert पर एक बार click करें और close करें,अब insert reference tool में reference चुनें और insert पर एक बार click करें और close करें
ते है यह text बड़ा कर देगा mozilla firefox,यह text बढ़ा कर देगा
prompt पर निम्न type करें bio . blast package से import ncbi www module enter दबाएं,prompt पर निम्न type करें
steps पिछले दो विकल्पों के समान ही हैं,स्टेप्स पिछले दो विकल्पों के समानी हैं
इसके लिए mark up है c subset a,इसके लिए मार्कअप है c सबसेट a
यह दिखायेगा कि noise sample हटाया गया है,यह दिखायेगा कि noise sample हटाया गया है
याने के पहले वाक्य के अंत में अगर कोई बेमेल है तो sink दूसरा वाक्य पूरा होने पर सही हो जाए यह,यानि कि पहले वाक्य के अंत में अगर कोई बेमिल है तो सिंक दूसरा वाक्य पूरा होने पर सही हो जाय
persona पर click करें यह आपको उस page पर ले जायेगा जो चुने हुए persona का,यह आपको उस पेज पर ले जाएगा जो चुने हुए परसोना का उपयोग करें
home page पर ले जाएगा यह function उपयोगी है जब आप किसी विशेष site या search e,यह फंक्शन उपयोगी है जब आप किसी विशिष्ट साइट या सर्च इसको करें
यह script विकास द्वारा अनुवादित है i i t bombay से मैं ज्योति सोलंकी आपसे विदा लेती हूँ हमसे जुड़ने के लिए धन्यवाद,यह स्क्रिप्ट विकास द्वारा अनुवादित है आई आई टी बॉम्बे से मैं ज्योति सोलंकी आपसे विदा लेती हूँ हमसे जुड़ने के लिए धन्यवाद
अब views sort और sort by added पर click,अब views sort और sort by added पर click करें
books table को update करने के लिए हम query निष्पादित करते हैं,books table को अपडेट करने के लिए हम query निष्पादित करते हैं
screen के निचले बाएं कोने पर upload button पर click करें,screen के निचले बाएं कोने पर upload button पर click करें
tutorial को रोकें और पिछले tutorial में समझाया हुआ एक नया servlet बनायें,tutorial को रोकें और पिछले tutorial में समझाया हुआ एक नया सर्वलेट बनाएँ
form बनाने से पहले आपको greeting servlet नामक एक servlet बनाना पड़ेगा,फॉर्म बनाने से पहले आपको  greeting server नामक एक  server बनाना पड़ेगा
mozilla firefox में themes पर इस spoken tutorial में आपका स्वागत है इस tutorial,मूला firefox में themes पर इस spoken tutorial में आपका स्वागत है
अब इसको देखते हैं,अब इसको देखते हैं
अब इसके लिए code देखते हैं,अब इसके लिए कोड देखते हैं
में preferences dialog box में content tab चुनें,preferences dialog box में content चुनें
ता है default रूप से use system proxy settings radio button चुनित होता,default रूप से use system proxy settings radio button चुनित होता है
अब हम उसी के लिए code देखेंगे,अब हम उसी के लिए कोड देखेंगे
की प्रक्रिया को लिखना चलिए सीखते हैं की कैसे math का इस्ते,चलिए सीखते हैं कि कैसे मैध का इस्तेमाल करते हैं
spoken tutorial project team spoken tutorial का उपयोग करके कार्यशालाएँ चलाती है online test pass करने वाले को प्रमाणपत्र देते हैं अधिक जानकारी के लिए कृपया contact @ spoken tutorial . org पर लीखें,spoken tutorial project team spoken tutorials का उपयोग करके कार्यशालाएँ चलाती है ऑनलाइन टेस्ट पास करने वालों को प्रमाणपत्र देते हैं
और ध्यान दें कि cursor उस जगह आ गया है जहाँ हमने पहला formula लिखा,और ध्यान दें कि cursor उस जगह आ गया है जहाँ हमने पहला formula लिखा
कर सकते हैं अब omedit पर जाएँ,अब os पर जाएं
पहले हम attribute error messages की value प्राप्त करते हैं,पहले हम attribute error messages की value प्राप्त करते हैं
पिछले tutorial में हमने देखा कि admin section कैसे कार्य करता है,पिछले tutorial में हमने देखा कि admin section कैसे कार्य करता है
new modelica class चुनें,newmodel पर class चुनें
servlets और jsp एक साथ विषयवस्तु से प्रस्तुति को अलग करने के काम आते हैं,sav bullets और jsp एक साथ विषयवस्तु से प्रस्तुति को अलग करने के काम आते हैं
करेगा आपके internet की speed के आधार पर यह कुछ समय ले सकता,आपके इंटरनेट की स्पीड के आधार पर यह कुछ समय ले सकता है
को चुनें इस option को चुनने का मतलब है कि आपने जो भी browse किया है उसकी जानकारी इस computer में नहीं रहेगी,इस option को चुनने का मतलब है कि आपने जो भी browse किया है उसकी जानकारी इस computer में नहीं रहेगी
प्रत्येक equation ; के साथ समाप्त होना चाहिए,प्रत्येक question semicolon के साथ सराप्त होना चाहिए
आगे content यानी विषय वस्तु क्षेत्र है,आगे content यानी विषय वस्तु क्षेत्र है
omedit icon पर click करके आप इस तरह की window देखते हैं,query में टाइटन पर क्लिक करके आप इस तरह भी window देखते हैं
folders हमारी files को बेहतर तरह से व्यवस्थित करने में मदद करते हैं, colors हमारी files को बेहतर तरह से विवस्तृत करने में मदद करते हैं
और मेरी स्थिति में यह दिखाता है welcome rebecca,और मेरी स्थिति में यह दिखाता है welcome rebecca
borrow की गयी book की जानकारी निकालना,बोरों की गई book की जानकारी निकालना
में सबसे ऊपर हम एक search bar देख सकते हैं,इस tutorial में हम एक search bar देख सकते हैं
i i t bombay की ओर से मैं रवि कुमार अब आपसे विदा लेता हूँ धन्यवाद हमसे जुड़ने के लिए धन्यवाद,आई आई टी बॉम्बे की ओर से मैं रवि कुमार अब आपसे विदा लेता हूँ हमसे जुड़ने के लिए धन्यवाद
अब ctrl key को दबाकर रखें और अपने mouse पर scroll wheel का प्रयोग करके zoom in और zoom out करें,अब ctrl की को दबाकर रखें और अपने mouse पर scroll wheel का प्रयोग करके zoom इन और zoom out करें
यहाँ एक नए math math object में हम अपना नया formula लिखते हैं,यहाँ एक नये math object में हम अपना नया formula लिखते हैं
default रूप से यह folder my drive में दिखेगा हम,default रूप से यह folder my drive में दिखेगा
database connectivity और,database connectivity और
spoken tutorial talk two a teacher project का हिस्सा है और जो www . spoken tutorial . org द्वारा समन्वित है तथा i i t bombay द्वारा विकसित किया है,spoken tutorial talk to a teacher project का हिस्सा है और जो www spoken hyphen tutorial dot org द्वारा समान्वित है तथा आई आई टी बॉम्बे द्वारा विकसित किया है
bookmark bookmarks menu पर दिखाई देता है,बहुल bookmark bookmarks menu पर दिखाई देता है
अब मैं बेहतर दृश्यता के लिए omedit window को बाईं तरफ स्थानांतरित करती हूँ,अब मैं बेहतर दृश्यता के लिए उपरोमेरित window को बंई तरफ स्थानांतरित करती हूँ
अब वापस netbeans ide पर जाते हैं,अब वापस netbeans ide पर जाते हैं
हम देख सकते हैं कि हमारे पास सारी books की list है,हम देख सकते हैं कि हमारे पास सारी books की list है
फिर हमने integer type का age user घोषित किया और हमने इसे - 1 से initialize किया,फिर हमने integer type का ऐज यूजर घोषित किया और हमने इसे minus 1 से इनिशिलाइज किया
the file you are trying to send exceeds the 25 mb attachment limit,the file you are drawing to send axes the 25 mb arrangement limit limit
लेकिन formula को तेज़ी से लिखने का एक तरीका यह है कि formula editor में सीधे mark up language लिखना क्यों कि formula के लिए mark up,formula को तेज़ी से लिखने का एक तरीका यह है कि formula editor में सीधे मार्कअप language लिखना
फिर यदि इनमे से कोई एक null नहीं है तो हम इसे प्रमाणित करते हैं,फिर यदि इनमें से कोई एक नल नहीं है तो हम इसे प्रमाणित करते हैं
इस प्रकार हम books की list प्रदर्शित करते हैं,इस प्रकार हम books की list प्रदर्शित करते हैं
मैंने ऐसे अपने text को format किया,मैंने ऐसे अपने text को formatted किया
अब मैं diagram view को समझाती हूँ diagram view पर click करें,अब मैं diagram view को समझाती हूँ diagram view पर click करें
आप एक bookmark के साथ कई tags जोड़ सकतें,आप एक भुगमार के साथ कई tags जोड़ सकते हैं
हम देख सकते हैं कि हमारे पास admin section page में दो अन्य विकल्प हैं list users और checkout या return book,हम देख सकते हैं कि हमारे पास admin section पेज में दो अन्य विकल्प हैं list users और checkout या return book
book id 1 पर click करें फिर,bookid1 पर click करें
आप 25 megabytes तक के size की file संलग्न कर सकते हैं,आप 25 मेगाबाइट्स तक के साइज की फाइल संलग्न कर सकते हैं
इसके लिए ऊपरी दायीं तरफ share button पर click करें share,इसके लिए ऊपरी दायीं तरफ़ share button पर click करें
मैंने पहले ही omedit में arithmetic operations using blocks पैकेज खोला है,मैंने पहले ही ऊपरेढित में automatic operations using blocks प्रकेज खोला है
इतना कैसे संचित करते है उदाहरण के लिए हम dna sequence को दो स्थितियों पर slice करें,उदाहरण के लिए हम dna sequence को दो स्थितियों पर slide करेंगे
फिर से हम विभिन्न वर्गों से spacing प्रकार चुन सकते हैं चलिए category button पर click करते हैं या अपने बदलवों कों,फिर से हम विभिन्न वर्गों से spacing प्रकार चुन सकते हैं चलिए category button पर click करते हैं या अपने बदलावों को बदल सकते हैं
दिए गए link पर python tutorials पर जाएँ,दिए गए लिंक पर पाइथन ट्यूटोरियल्स पर जाएँ
ipython interpreter शुरू करें type करें ipython और,ipython interpreter शुरू करें टाइप करें ipython और
इसी के साथ हम libreoffice math में mark language तथा formula format करने के इस tutorial की समाप्ति की ओर आ गये हैं,इसी के साथ हम libreoffice मेथ में मार्कप लैंग्वेज तथा formula format करने के इस ट्यूटोरियल की समाप्ति की ओर आ गये हैं
ध्यान दें class सफलतापूर्वक simulate हो gi है क्योंकि equations की संख्या variables की संख्या के बराबर है,ध्यान दें क्लास सफलतापूर्वक सिम्युलेट हो गयी है क्योंकि इक्वेशन्स की संख्या वेरिएबल्स की संख्या के बराबर है
आशा करती हूँ कि यह जानकारी आपके लिए सहायक है cdeep i i t bombay से मैं श्रुति आर्य आपसे विदा लेती हूँ हमसे जुड़ने के लिए धन्यवाद,आशा करती हूँ यह जानकारी आपके लिए सहायक है cd आई आई टी बॉम्बे की ओर से मैं श्रुति आर्य आपसे विदा लेती हूँ हमसे जुड़ने के लिए धन्यवाद
दूसरा सिरा modem या wifi router से जोड़ते हैं आप wifi connection,1 और 2 का दूसरा सिरा mode m या wifi राउटर से जोड़ते हैं
printer की settings को configure यानि स्थापित करना,printer की settings को configure यानी स्थापित करना
subject line पर click करें और अपने email का एक छोटा सा विवरण प्रविष्ट करें,subject line पर click करें और अपने email का एक छोटा सा विवरण प्रविष्ट करें
अब content area को देखते हैं यही पर,अब content area को देखते हैं
अपने homepage को www .spoken tutorial . org में बदलें और उसे देखें,अपने होमपेज को www spokentutorial org में बदलें और उसे देखें
सूचीबद्ध गतिविधियां है extract audio extract video तथा merge,सूचीबद्ध गतिविधियाएँ हैं extract audio extract video तथा merge
settings कैसे लागू किए गए हैं यह जांच करने के लिए file पर click करें और print preview चुनें,settings कैसे लागू किये गये हैं यह जाँच करने के लिए file पर click करें और print preview चुनें
हमने request object पर get username method उपयोग किया है,हमने रिक्वेस्ट ऑब्जेक्ट पर  getuser name मेथड उपयोग किया है
हमने error messages को request में set किया है,हमने error messages को request में set किया है
यहाँ हम subscripts और superscripts alignments matrix new lines और gaps,यहाँ हम subscripts और superscripts assignments अलाइनमेंट्स matrix new lines और gamess से जानकारी देता है
वहां तीसरे icon पर click करके elements window जाँच कर आप अधिक set operations को लिखना सीख सकते हैं,वहाप तीसरे icon पर क्लिक करके element window जाँचकर आप अधिक set operations को लिखना सीख सकते हैं
अब सीखतें हैं कि set operations कैसे लिखें,अब सीखते हैं कि set operations कैसे लिखें
मैं यहाँ zoom in करुँगी एक बार जब आपने video import कर लिया है तो इसे शुरू से अंत तक play करें और उन भागों को ध्यान में रखें जो आप edit करना चाहते हैं,मैं यहाँ zoom इन करूँगी एक बार जब आपने विडियो इंपोर्ट कर लिया है तो इसे शुरू से अंत तक प्ले करें और उन भागों को ध्यान में रखें जो आप edit करना चाहते हैं
python programming दिए गए link पर python tutorials को देखें,दिए गए link पर python tutorials को देखें
फिर hard disk size आवंटित करने के लिए slider या textbox का उपयोग करें,फिर hardest size आवंटित करने के लिए slider या  textbox का उपयोग करें
spoken tutorials का उपयोग करके कार्यशालाएं भी चलाती है,spoken tutorials का उपयोग करके कार्यशालाएँ भी चलाती है
कुछ लोगों को browser में छोटे,कुछ लोगों को browser में छोटें
ध्यान दें genbank format sequence को dna sequence की तरह निर्दिष्ट करता है,ध्यान दें कि यह ध्यान दें जैनबैंक फॉर्मेल सीक्वेंस को dna सीक्वेंस की तरह निर्दिष्ट करता है
अगर आपके पास नहीं है तो इसे खाली छोड़ दें,यदि अगर आपके पास नहीं है तो इसे खाली चुनें
my first project पर right click करें,my first project पर right click करें
फिर checkout book पर click करें,फिर checkout book पर click करें
आप देखेंगे कि वहाँ पहले से ही एक value है यह इस file के लिए optimal यानी सर्वोत्कृष्ट amplification यानि प्रवर्धन है आप जो amount चाहते हैं वो प्रविष्ट कर सकते हैं,आप देखेंगे कि वहाँ पहले से ही एक value है यह इस file के लिए optimal यानि सर्वोत्कृष्ट amplification यानि प्रवर्धन है आप जो amount चाहते हैं वो प्रविष्ट कर सकते हैं
themes enter दबाए यह हमें mozilla firefox addons के लिए,enter दबाएँ यह हमें मुझला firefox एडॉन्स के लिए 3 है
यदि हाँ तो हम value को variable id में संचित करते हैं,यदि यहाँ तो हम value को variable id में संचित करते हैं
i switch ffmpeg से कहता है के इसके बाद तुरंत जो file है वह input file है यहाँ compiling . wmv input file है अगर i,लेकिन यह जानते हैं कि इसके बाद तुरंत जो file है वह input file है यहाँ कंपाइलिंग डॉट डब्ल्यूस में इनपुट file है
अब मैं इसे प्रदर्शित करती हूँ मैं frame head को यहाँ लाऊँगी और split button पर click करुँगी,अब मैं इसे प्रदर्शित करती हूँ मैं frame head को यहाँ लाउंगी और split button पर click करुँगी
हम लोकप्रिय किताबों से हल किए गए उदाहरणों के coding का समन्वय करते हैं हम योगदानकर्ताओं को मान दे देते हैं कृपया हमारी website पर जाएं,हम लूपरीयक किताबों से हल किए गए उदाहरणों की coding का समन्य करते हैं हम योगदान करताओं को मान देते हैं कृपया हमारी वर्त से पर जाएँ
हम username और book id को प्रमाणित करते हैं,हम यूज़रनेम और bookid को प्रमाणित करते हैं
यह sequence record object की तरह sequence और अन्य,यह sequence record object की तरह sequence और अन्य
अब एक user के लिए book return करते हैं जिसने book borrow नहीं की है,अब एक यूज़र के लिए book return करते हैं जिसने book bow नहीं की है
modem या अन्य serial उपकरणों को जोड़ने के लिए उपयोग होते हैं आप देखेंगे की,yesmodam या अन्य serial उपकरणों को जोडने के लिए उपयोग होते हैं
rk हम delete कैसे करें,अतः हम डिलीट कैसे करें
इसी तरह चार अधिक sites bookmark करें spoken tutorial yahoo firefox add ons और ubuntu ध्यान दे कि हमनें,इसी तरह चार अधिक side bookmark करें spoken tutorial या हूँ firefox एडॉन्स और ubuntu
web server web container,web server web कंटेनर
libraries browser में my sum का विस्तार करें y चुनें,library ब्राउज़र में mysum का विस्तार करें y2 चुनें
when using the location bar suggest field में drop down open करें और no,फिर डिलिमीट पासअजस्ट फील्ड में ड्रॉप डाउन ओपन करें और नज़र आप अपने पासवर्ड की जाँच करें
यह id और description के साथ sequence,यह id और description के साथ sequence दिखाई देता है
jdk 1 . 7,jdk 17
एक find bar दिखता है find bar के text box में gmail type करें जब,इस बार में एक finebar दिखता है finebar के text box में email type करें
देनेवाले page पर ले जाता है theme को संस्थापित करने के लिए add to firefox button पर,थीम को संस्थापित करने के लिए add to firefox button पर click करें
अब हम greeting servlet java पर जाते हैं,अब हम greeting server java पर जाते हैं
data पर इस tutorial में आपका स्वागत है इस,यह डेटा पर इस ट्यूटोरियल में आपका स्वागत है
issuing and returning a book के spoken tutorial में आपका स्वागत है, issuing and returning a book के spoken tutorial में आपका स्वागत है
अब आप firefox में अधिक कार्यशीलता जोड़कर कार्यों को कारगर बनाने के लिए extensions का उपयोग कर सकते हैं,अब आप file फॉर्क्स में अधिक कार्यशीलता जोड़कर कार्यों को कार्यर बनाने के लिए एक्सटेंशन का उपयोग कर सकते हैं
अब file save करें,अब file सेव करें
webapp node भी है अब हम,और web applications वेबएप node भी है
यह upload होना शुरू होगा लेकिन आपकी internet की speed के आधार पर यह कुछ समय ले सकता है,यह अपलोड होना शुरू होगा लेकिन आपकी इंटरनेट की स्पीड के आधार पर यह कुछ समय ले सकता है
time shift tool को चुने,time shift tool को चुनें
prompt पर type करें from bio . alphabet import iupac enter दबाएं,प्रम्प्ट पर टाइप करें  from bio dot alphabet import iupac  एंटर दबाएं
bookmarks sidebar बाएं panel में खुलता है,bookmarks sidebar बाएँ panel में खुलता है
restart now button पर click करें,दि start now button पर click करें
हम अभी इसके लिए code देखेंगे,हम अभी इसके लिए कोड देखेंगे
दूसरा button playback को stop यानी रोकने के लिए है,दूसरा button playback को stop यानी रोकने के लिए है
स्वतंत्र रूप से गिरने वाले body के लिए equations of motion निम्नानुसार है dh / dt = v dv / dt = g,स्वतंत्र रूप से गिरने वाले body के लिए functions ofmotion निम्नानुसार है
फिर हम book issued में method की return की हुई value संचित करते हैं यह,फिर हम book issued में method की रिटर्न की हुई वैल्यू संचित करते हैं
dynamically allocated option उपयोग के आधार पर hard disk storage का विस्तार करेगा,डाइनैमिकली  calculated ऑप्शन उपयोग के आधार पर  hard disk stories का विस्तार करेगा
menu bar से view पर click करें sidebar चुनें और फिर bookmarks पर click करें,नया बार से view पर click करें sidebar चुनें और फिर bookmarks पर click करें
refresh,refresh
save link as पर click,save linkैस पर click करें
prompt पर type करें ipython और enter दबाएं,prompt पर type करें ipython और enter दबाएं
अब एक function के साथ integral की कोशिश करते हैं f x d x integral लिखने के लिए markup है 5 int fx dx newline,अब एक फंक्शन के साथ इंटीक्रल की कोशिश करते हैं fx dx इंटीक्रल लिखने के लिए मार्कअप है 5 int fx dx new line
मैं यश वोरा आपसे विदा लेता हूँ हमसे जुड़ने के लिए धन्यवाद,यह स्क्रिप्ट प्रभाकर द्वारा अनुवादित है मैं यश वोरा अब आपसे विदा लेता हूँ हमसे जुड़ने के लिए धन्यवाद
और logged इन users द्वारा borrow की गयी books प्रदर्शित करना,और logged इन users द्वारा बौरों की गयी books प्रदर्शित करना
noise removal,nice remove
आगे हमारे पास list borrowed books है,आगे हमारे पास list बोरोड books है
मैं थोडा सा पीछे जाती हूँ और miso block का प्रदर्शन करती हूँ,मैं थोड़ा सा पीछे जाती हूँ और messo block का प्रदर्शन करती हूँ
ये विकल्प वास्तव में किसी भी word processor application की तरह ही हैं,ये विकल्प वास्तव में किसी भी word processor application की तरह ही हैं
trash menu से empty trash विकल्प को चुनकर सारी files को पूर्ण रूप से मिटा सकते हैं trash,trash menu से empty trash विकल्प को चुनका सारी files को पूर्ण रूप से मिटा सकते हैं
new पर जाएँ,new पर जाएँ
ये arguments भिन्नभिन्न parameters के समान होते हैं जो आप blast web page पर,ये arguments भिन्नभिन्न parameters के समान होते हैं जो आप blocks web पेज पर सारी arguments कर सकते हैं
और markup है 2 a ऊपरी तरफ . करता हुआ arrow 10 new line और enter press करें,और markup है 2 a ऊपरी तरफ प्वॉइंट करता हुआ arrow 10 new line और enter press करें
मैं username में arya type करुँगा,मैं यूज़रनेम में  rra टाइप करूँगा
file formats में कैसे बदलते हैं,file formats में कैसे बदलते हैं
सभी formulae को बाईं ओर align करते हैं,सभी formula को बायीं ओर अलाइन करते हैं
यह कुछ addons की सूची भी देता है जिन्हें आप,यह कुछ addon की सूची भी देता है जिन्हें आप संस्थापित कर सकते हैं
हम इन दो विकल्पों में से किसी एक के साथ आगे बढ़ सकते हैं,हम इन दो विकल्पों में से किसी एक के साथ आगे बढ़ सकते हैं
सीधे library विन्डो से bookmark खोलने के लिए उस पर double click करें,सीधे library window से bookmark खोलने के लिए उस पर double click करें
हम आने वाले tutorials में इस problem को सुधारने के बारे में सीखेंगे,हम आने वाले tutorials में इस program को सुधारने के बारे में सीखेंगे
descriptor के बारे में सीखते हैं web application का,इस tutorial में हम सीखेंगे कि डिस्क्रिप्टर के बारे में सीखते हैं
netbeans ide उपयोग करके सरल java web project कैसे बनायें इसके लिए हम,nitme netbeans ide उपयोग करके सरल java web project कैसे बनाएँ
modeling perspective पर click करें,modeling perspective पर click करें
the coefficient of the x squared term b is the coefficient of the x term c is the constant उसके बाद एक newline,इसके बाद एक new line  इसके बजाय दर्शाता है और इसके बाद एक नयू लाइन
इस tutorial में हम निम्न के बारे में सीखेंगे,इस tutorial में हम निम्न के बारे में सीखेंगे
मिटाती है मिटाने वाले भागों के बारे में उपरोक्त समझायी गयी प्रक्रिया का अनुसरण करके video के उस भाग को चुनें जो आप बढ़ाने चाहते हैं,मिटाने वाले भागों के बारे में उपरोक्त समझाई गई प्रक्रिया का अनुसरण करके विडियो के उस भाग को चुनें जो आप बढ़ाना चाहते हैं
ये manage search engine list dialog box खुलता है,manage search engine list dialog box खुलता है
इसे laptop कहते हैं ये है,यह विवरणक शुरू करता है
कृपया इसे down,कृपया इसे download करें
दिखाई देगा अभी तक किसी ने भी मेरे साथ कोई file share नहीं की है इसलिए यह खाली है,अभी तक किसी ने भी मेरे साथ कोई फाइल शेयर नहीं की है इसलिए यह खाली है
prompt पर type करें import random enter दबाएं,front पर type करें import random enter दबाएँ
इस tutorial में हम ubuntu 10 . 04 पर firefox version 7 . 0 का इस्तेमाल कर रहे हैं,इस tutorial में हम उबंटू 1004 पर firefox वर्ज़न 70 का इस्तेमाल कर रहे हैं
जब video play किया जाता है तो यह display panel पर दिखाई देगा आप ध्यान देंगे कि display panel पर नीचे vcr controls हैं,जब video प्ले किया जाता है तो यह display panel पर दिखाई देगा आप ध्यान देंगे कि display panel पर नीचे vcr controls हैं
अब forward पर click करें,अब forward पर click करें
google account प्रयोग करके gmail को login करना,google account प्रयोग करके email को लॉगिन करना
अब हम spoken tutorial webpage पर code files link में उपलब्ध freefall class का उपयोग करेंगे,अब हम इस spoken tutorial web पेज पर code files link में उपलब्ध free for class का उपयोग करेंगे
where are you page पर आएँ मैं india मैं हुं तो मै india को click करुंगी,फिर  where are you पेज पर आएँ मैं  india में हूँ तो मैं india पर क्लिक करूंगी
पहले हमें get parameter method प्रयोग करके form parameters प्राप्त होता है,पहले हमें get parameter method प्रयोग करके form parameters प्राप्त होता है
prompt पर type करें ipython और enter दबाएं,prompt पर टाइप करें ipython  और एंटर दबाएं
अन्य checkout या return के लिए here पर click करें अद्,अन्य checkout या return के लिए यह पर click करें
put insulin . fasta file के लिए contents दिखाता है,default installation dot firster file के लिए कंटेंट्स दिखाता है
इसे सारांशित करते हैं इस tutorial में हम,इसे सारांशित करते हैं इस tutorial में हम सीखेंगे
बायीं तरफ projects tab में my servlet . java पर right click करें,बाईं तरफ projects टैब में mysqlet java पर right click करें
सबसे ऊपर बाएं हाथ की तरफ launcher bar पर dash home icon पर click करें,सबसे ऊपर बाएं हाथ की तरफ launcher bar पर dash home icon पर click करें
और संसाधनों को save करने में और,संसाधनों को सेव करने में और
करते हैं मैं इसे दिखाऊँगी मैं framehead को यहाँ लाऊँगी यहाँ video को विभाजित करें play करें और रोकें video को दोबारा विभाजित करें काटे गए भाग को चुनें right click करें और copy चुनें frame head को उस स्थिति पर लाएं जहाँ आप इसे paste करना चाहते हैं right click करें और paste चुनें,मैं इसे दिखाऊँगी मैं framehat को यहाँ लाऊँगी यहाँ video को विभाजित करें play करें और रोकें video को दोबारा विभाजित करें काटे गए भाग को चुनें right click करें और copy चुनें
यहाँ error messages attribute name हैं,यहाँ error messages attribute name है
दायीं तरफ हम एक form देख सकते हैं जहाँ हमें अपने account का और व्यक्तिगत विवरण भरना है,दायीं तरफ हम एक form देख सकते हैं जहाँ हमें अपने account का और व्यक्तिगत विविवरण भरना है
अब मैं आपको एक सामान्य user के लिए interface दिखाता हूँ अतः,अब मैं आपको एक सामान्य या यूजर के लिए interface दिखाता हूँ
glassfish server का home page प्रदर्शित होता है यहाँ 808,यह ट्यूटोरियल की glassfish सर्वर का homepage प्रदर्शित होता है
nodes से web . xml file को प्राप्त करने में सक्षम नहीं हैं ide के subsc,हमें एक code से web xml file को प्राप्त करने में सक्षम नहीं है
address के नीचे एक उल्टा त्रिकोण है जो header विवरणों को दिखाता है,file address के नीचे एक उल्टत त्रिकोण है जो header विवरणों को दिखाता है
इस tutorial में हम निम्न करना सीखेंगे,इस tutorial में हम निम्न करना सीखेंगे
more options button पर click करें जो trash icon के बाद है,more options button पर click करें जो trash icon के बाद है
screen पर हम दोनों में से कोई एक messages देखे,screen पर हम दोनों में से कोई एक message देखेंगे
उदाहरण के लिए हम इस slide पर प्रदर्शित coding dna strand उपयोग करेंगे,उदाहरण के लिए हम इस slide पर प्रदर्शित code dna स्ट्राइन उपयोग करेंगे
ध्यान दें कि दोनों signal और amplification योग को 2 inputs और 1 output के साथ block की आवश्यकता है,ध्यान दें कि दोनों signals और रिफ्टिफिकेशन इयोग को 2 इनकोर्स और रिफ्राइल 1 आउटपुट के साथ ब्लॉक की आवश्यकता है
निम्न विकल्प दिखायेगा folder file upload google docs sheets slides और अन्य हम,निम्न विकल्प दिखायेगा folder file upload google docks sheets slides और अन्य
निष्पादित करना और web,program को निष्पादित करना
यह खोजे पहले परिणाम पर click करें,पहले परिणाम पर click करें
निम्न link पर उपलब्ध video देखें,निम्न link पर उपलब्ध video देखें
doget और dopost methods के बीच अंतर,अतः do get और do post मेथड्स के बीच अंतर
आशा करती हूँ कि आप स्पष्ट रूप से अंतर देखने में सक्षम होंगे,आशा करती हूँ कि आप स्पष्ट रूप से अंतर देखने में सक्षम होंगे
इस tutorial में हम printer को computer से जोड़ना सीखेंगे,इस tutorial में हम printer को computer से जोडना सीखेंगे
यह वो file है जो मैं import करना चाहती हूँ अतः मैं इसे चुनूँगी और import button पर click करुँगी,यह वो file है जो मैं import करना चाहती हूँ अतः मैं इसे चुनूँगी और import button पर click करूँगी
आप अपनी पसंद का कोई भी web browser प्रयोग कर सकते हैं इस tutorial,आप अपनी पसंद का कोई भी web browser प्रयोग कर सकते हैं
tutorial project team spoken tutorial का उपयोग करके कार्यशाला,spoken tutorial project teamspoken tutorial का उपयोग करके कार्यशालाएँ भी चलाते हैं
greek characters का इस्तेमाल करना जैसे alpha beta theta और pi,ग्रिक कैरेक्टर्स का इस्तेमाल करना जैसे alpha beta और pi
i i t bombay से मैं श्रुति आर्य आपसे विदा लेती हूँ हमसे जुड़ने के लिए धन्यवाद,आई आई टी बॉम्बे से मैं श्रुति आर्य आपसे विदा लेती हूँ हमसे जुड़ने के लिए धन्यवाद
ज़्यादातर स्थितियों में default विकल्प कार्य करेगा,ज़्यादातर स्थितियों में default विकल्प कार्य करेगा
firefox web browser 21 . 0,firefox web browser 220
अक्षर को देखने में परेशानी होती है view zoom और zoom in पर click करके,draw zoom और zoom इन पर क्लिक करके पासवर्ड का दिखाई देता है
के बाद sequence आती है उस,एक बाद sequence आती है
अब browser पर वापस जाते हैं,अब browser पर वापस जाते हैं
bar कहते है url पर click करें और जो address पहले से ही मौजूद है उसे delete करें,इवारक पर click करें और जो address पहले से ही मौजूद है से डिलीट करें
निर्देश देता है उन्हें संसाधित करता है और output या परिणाम देता है operations को,जो उन्हें सेशन लेता है उन्हें संसाधित करता है और आउटपुट या परिणाम देता है
लेकिन वहां math object को writer में लाने के लिए दूसरा तरीका है,लेकिन वहाँ math object को writer में लाने के लिए दूसरा तरीका है
format menu पर click करते हैं और alignment को चुनें,format menu पर click करते हैं और alignment को चुनें
नमस्कार icon and diagram views पर spoken tutorial में आपका स्वागत है,नमस्कार icon & diagram views पर spoken tutorial में आपका स्वागत है
मैं आपको दिखाती हूँ कि variables कैसे घोषित,मैं आपको दिखाती हूँ कि वेरिएबल्स कैसे घोषित करते हैं
अगला विकल्प insert link है अब इस पर click करें,अगला विकल्प insert link है अब इस पर click करें
रचना और edit करना audio को cut delete move करना audio amplify करना background noise हटाना,रचना और edit करना audio cut delete move करना audio minimize करना background noise हटाना
करे mozilla firefox बंद होकर restart होगा,मुझेला firefox बंदों का रिस्टाट होगा
string1 पहला fragment संचित करने के लिए variable है,string 1 पहला फ्रैग्मेंट संचित करने के लिए वेरिएबल है
spoken tutorial project team spoken tutorial का उपयोग करके कार्यशालाएँ भी चलाते हैं,spoken tutorial project team spoken tutorial का उपयोग करके कार्यशालाएँ भी चलाते हैं
location को home folder में ब,इस location को home folder में बदलें
यहाँ हम जांचते हैं यदि book issued 1 के = है,यहाँ हम जाँचते हैं यदि book issued1 के इक्वल है
पता हैं हमने पिछले tutorial में class inheritance या class extension के बारे में सीखा है,हमने पिछले tutorial में class inheritance या class extensions के बारे में सीखा है
अब देखते हैं कि यह कैसे हुआ,अब देखते हैं कि यह कैसे हुआ
अतः कभीकभी sequence file formats के बीच अंतर रूपांतरण की ज़रुरत होती है,अतः कभीकभी sequence file formats के बीच अंतर रूपांतरण की जरूरत होती है
cpu से जोड़ते हैं power cable को,हम उदाहरण को cpu से जोडते हैं
इस tutorial को record करने के लिए मैं उपयोग कर रही हूँ ubuntu os version 14 . 10,इस tutorial को record करने के लिए मैं उपयोग कर रही हूँ ubuntu os version 1410
ऊपर help menu के आगे message देखें all changes saved in drive,ऊपर help menu के आगे message देखें all changes saved in drive
files database websites से download की जा सकती हैं किसी,data files database website से downloaded की जा सकती हैं
अगर username पहले दिया जा चूका है तो हम निम्न message देखेंगे,अगर यूजरनेम पहले दिया जा चुका है तो हम निम्न मैसेज देखेंगे
हमने यह भाग पिछले tutorial में पहले ही पढ़ लिया है कृपया विवरण के लिए इसको देखें,हमने यह बाग पिछले tutorial में ही पढ़ लिया है कृपया विवरण के लिए इसको देखें
अब libreoffice user के लिए हम sharing mode को can comment में बदलेंगे अंततः,file की लिबरे ऑफिस user के लिए हम share area मोट को कैनकमेंट में बदलेंगे
sequence input / output module में functions उपयोग करके data files parse करना,जो ऑब्सीक्वेल्स इनपुट आउटपुट मॉड्यूल में फंक्शन्स उपयोग करके डेटा फाइल्स पार्स करें
line style का उपयोग border line के properties को बदलने के लिए किया जाता है,line style का उपयोग borderline के properties को बदलने के लिए किया जाता है
अब netbeans ide को वापस खोलते हैं,अब netbeans ide को वापस खोलते हैं
java servlets के basics और jsp का,java सर्वलेट्स के basics और jsp का
अनुरोधों को serve करने के लिए उन्हें कैसे उपयोग करता है web server,पर अपने परिणुरोधों को सर्व करने के लिए उन्हें कैसे उपयोग करता है
फिर से my first project पर right click करें run पर click करें अतः,फिर से my first project पर right click करें run पर click करें
firefox इस persona को स्वतः संस्थापित करता है,fire firefox इस पर सुना को स्वतः संस्थापित करता है
अब मैं दिखाती हु कि write function को कैसे उपयोग करते हैं,अब मैं दिखाती how कि write फंक्शन को कैसे उपयोग करते हैं
हमने पहले भी context path नामक कुछ देखा था हमने context path,�दाहरणस्वरूप हमने पहले भी context path named कुछ देखा था
अब हम फिर से इस project को run करेंगे,अब हम फिर से इस project को now करेंगे
अच्छी bandwidth न मिलने पर आप इसे download करके देख सकते हैं,अच्छी bandwidth न मिलाने पर आप इसे download करके देख सकते हैं
इसे दोबारा खोलने के लिए इस पर double click करें,इसे दोबारा खोलने के लिए इस पर double click करें
अतः हम सबसे पहले सबसे भीतरी square root function लिखेंगे,अतः हम सबसे पहले सबसे भीतरी square root फंक्शन लिखेंगे
h की unit metre है,ouch की यूनिट मीटर है
ऊपर दायीं तरफ आप अपनी email id देखेंगे,उपर दायीं तरफ आप अपनी email id देखेंगे
dna 3 ( में 6 : 10 = double ' में a t g c enter दबाएं,n3 ब्रैकेट्स में 6 सेमीकोलन 10 इक्वल टू डबल कोट्स में 80 gc एंटर दबाएं
की classes resources और configuration और webserver web,इस ट्यूटोरियल्स में हमक्षन की क्लासिस resources और कॉन्फिगरेशन और
फिर हम driver को अपने program में register करते हैं,फिर हम driver को अपने program में register करते हैं
return book पर click करें,फिर return book पर click करें
दूसरा युग्म सफेद स्थान के नीचे दायें कोने के निर्देशांक का प्रतिनिधित्व करता है,दूसरा युग्म सफ़ेद स्थान के नीचे दाएं कोने के निर्देशांक का प्रतिनिदित करता है
इस tutorial के लिए आपको एक कार्यकारी internet कनैक्शन और एक web browser,इस ट्यूटोरियल के लिए आपको एक कार्यकारी इंटरनेट कनेक्शन और एक वेब ब्राउज़र की है
connectors blocks के बीच interface के रूप में कार्य करते हैं,connectors blocks के बीच interface के रूप में कार्य करते हैं
spoken tutorial project team कार्यशालाएं चलाती है और online test pass करने वालों को प्रमाणपत्र देती है,spoken tutorial project team कार्यशालाएं चलाती है और online test pass करने वालों को प्रमाणपत्र देती है
यह इस virtual machine को शुरू करेगा और हमें login page पर ले जाएगा,यह इस virtual machine को शुरू करेगा और हमें login पेज पर ले जाएगा
type करें ध्यान दें कि my gmail page site सूची में पहले विकल्प के रूप में दिखाई गयी है,ध्यान दें कि mygmail page site सूची में पहले विकल्प के रूप में दिखाई गई है
अब address bar के दाहिने कोने में star पर click करें,अब address bar के दाहिने कोने में star पर click करें
ubantu linux operating system पर omedit खोलने के लिए dash home icon पर click करें जो कि launcher में ऊपरी बाईं ओऱ प्रदर्शित है,ऊपर�ुलिनक्स operating system पर ऊपरमैडिड खोलने के लिए dash home आइकन पर click करें जो कि launcher में ऊपरी बाईं ओर प्रदर्शित है
इस tutorial में हम सीखेंगे कि class के icon and diagram views को कैसे निर्दिष्ट करें,इस tutorial में हम सीखेंगे कि class के icon and diagram views को कैसे निर्दिष्ट करें
library management system अग्रणी software mnc के corporate social responsibility कार्यक्रम के अंतर्गत योगदान दिया गया है, library management system अग्रानी सॉफ्टवेयर mnc के ोर्परेट सोशियल रिस्पॉन्सिबिलिटी कार्यक्रम के अंतर्गत योगदान दिया गया है
अब slides पर वापस जाएँ,अब स्लाइड पर वापस जाएं
दाईं ओर भी हम एक folder icon देख सकते हैं,दाईं ओर भी हम एक folder icon देख सकते हैं
spoken tutorial talk to a teacher project का हिस्सा है,spoken tutorial talktoateacher project का हिस्सा है
browser पर वापस आते हैं,browser पर वापस आते हैं
अपने बनाये हुए bookmarks आप कैसे access कर सकते,अपने बनाये हुए bookmarks आप कैसे access कर सकते हैं
edit विकल्प अन्य users को document में बदलाव करने की अनुमति देता है can comment,यह निम्न डिकल्प अन्य यूजर्स को डॉक्यूमेंट में बदलाव करने की अनुमति देता है
पीले रंग का हो जाता है फिर से sta,एक बार फिर से स्टाइल करते हैं और इसे रंग करते हैं
बायाँ mouse button दबाएँ और bookmark को bookmarks menu पर drag करें सुनिश्चित करें cursor bookmarks menu पर हो,बायाँ mouse button दबाएँ और bookmarks को bookmarks menu पर drag करें सुनिश्चित करें कि cursor bookmarks menu पर हो
अतः netbeans ide पर जाते हैं,अतः netbeans ide पर जाते हैं
उदाहरणस्वरुप pi लिखने के लिए हम formula editor में केवल % pi लिखते हैं,उदाहरणस्वरूप पाय लिखने के लिए हम formula editor में केवल percent पाय लिखते हैं
फिर हम request dispatcher प्रयोग करके request को list books . jsp की ओर भेजते है,फिर हम रिक्वेस्ट डिस्पैचर प्रयोग करके रिक्वेस्ट को list books jsp की ओर भेजते हैं
अब हम चर्चा करेंगे कि इन items को icon and diagram views में कैसे प्रविष्ट करना है,अब हम चर्चा करेंगे कि इन items को icons and diagram views में कैसे प्रविष्ट करना है
ते हैं tool tip यहाँ पर कहता है format,tool tip यहाँ पर कहता है format
है और hello world दिखता है यह इसलिए,हमें यह बनानी जा रही है और hello world दिखता है
हम user exists method प्रयोग करके यह जांचते हैं कि user system में है या नहीं,हम user exists method प्रयोग करके यह जांचते हैं कि यूज़र system में है या नहीं
यदि available copies 0 हैं तो हम print करते हैं there are no copies of the requested book available,यदि available copies जीरो हैं तो हम print करते हैं there are no copies of the recommended book available
भागों को ठंडा करने के लिए हवा का प्रवाह देते हैं अन्यथा दस,प्रक्रिया के अपने भागों को ठंडा करने के लिए हवा का प्रवाह देते हैं
अब वापस ide पर जाते हैं,अब वापस आईडी पर जाते हैं
scriptlet tags प्रयोग करके हमने यह किया,scriptlet tags प्रयोग करके हमने यह किया
writing sequence files पर इस tutorial में आपका स्वागत है,writer sequence files पर इस tutorial में आपका स्वागत है
output के लिए type करें dna 1 enter दबाएं,output के लिए type करें dna1 enter दबाएँ
आखिर में हम advanced panel में update tab का उपयोग करके firefox को update कर सकते हैं,फिर में हम advanced panel में update टैब का उपयोग करके file box को अपडेट कर सकते हैं
मैं main class पर जाती हूँ,मैं main class पर जाती हूँ
line style में pattern dropdown menu पर click करें,line style में pattern dropdown menu पर click करें
अतः अब हम एक member की तरह login करते हैं यानी एक user की तरह जो पहले से ही registered हो चुका है,अतः अब हम एक member की तरह login करते हैं यानि एक यूजर की तरह जो पहले से ही रजिस्टर हो चुका है
बायीं तरफ हम कुछ label किये हुए menu items देख सकते हैं,बायीं तरफ हम कुछ label किये हुए menu item देख सकते हैं
और परिणामी set 1 2 6 4 और 5 है जो दोनों sets में पृथक elements रखता है,और परिणामी z1 comma 2 comma 6 comma 4 और 5 है जो दोनों cells के पृथक एलिमेंट रखता है
इस mission पर अधिक जानकारी दिए गए link पर उपलब्ध है spoken tutorial . org / nmeict intro यह script,इस mission पर अधिक जानकारी दिए गए लिंक पर उपलब्ध है
चीजों से मुक्त रखने में मदद करता है प्रत्येक टैब browser के संपूर्ण दिखने वाले क्षेत्र,प्रत्येक टैब बाउजर के संपूर्ण दिखने वाले क्षेत्र को बंद करें
प्राप्त करें दूसरा आगे के विश्लेषण के लिए blast output को parse करें,दूसरा आगे के विश्लेषण के लिए cast output को parse करें
अब मैं frame head को यहाँ लाती हूँ तीसरा button एक बार में एक clip को rewind करने का है,अब मैं framehat को यहाँ लाती हूँ तीसरा button एक बार में एक clip को रिवाइंड करने का है
mission पर अधिक जानकारी दिए गए link पर उपलब्ध है,इस mission पर अधिक जानकारी दिए गए लिंक पर उपलब्ध है
jsp प्रयोग करके simple login form बनाना,jsp प्रयोग करके simple login form बनाना
केंद्र में हम दो files देख सकते हैं पहला,इसी के लिए मैं हम दो files देख सकते हैं
अब मैं आपको यह बताती हूं कि miso block का diagram view कैसे दिखता है,अब मैं आपको यह बताती how कि messo block का diagram view कैसे दिखता है
mark up fact factorial symbol दर्शाता है,मार्कअप फैक्ट factorial symbol दर्शाता है
फिर हम set attribute method प्रयोग करके request scope में variable error msgs set करते हैं,फिर हम setattribute method प्रयोग करके रिक्वेस्ट कोप में variable error messages set करते हैं
link पर click करके इस page को खोलें,link पर क्लिक करके इस पेज को खोलें
करें हम देख सकते हैं कि yahoo और bing सहित लोकप्रिय search एन्जिनो के चिन्हों का एक dropdown box दिखाई पड़ता है,हम देख सकते हैं कि या हूँ और बिंग सहित लोकप्रीय सर्च इंजिनों के चिन्हों का एक drop down box दिखाई पड़ता है
source code देख सकते हैं यहाँ हमारे पास,आप अपने पास यहाँ पर स्कोड देख सकते हैं
अगर हम copies में 2 प्रविष्ट करते हैं तो चुने हुए page की दो प्रतियाँ print की जाएँगी,अगर हम copies में 2 प्रविष्ट करते हैं तो चुने हुए पेज की दो प्रतियाँ printed की जाएंगी
click करें i i t bombay की ओर से मैं रवि कुमार अब आपसे विदा,आई आई टी बॉम्बे की ओर से मैं रवि कुमार अब आपसे विदा लेता हूँ आई टी बॉम्बे की ओर से मैं रवि कुमार अब आपसे विदा लेता हूँ
drivers section में भी यह दिखाता है कि driver मेरे printer के लिए ठीक है,driversers section में भी यह दिखाता है कि driver मेरे printer के लिए ठीक है
web ब्राउज़र एक system है जो internet पर endusers को विषयवस्तु प्रदान करता है,web browser एक system है जो internet पर and users को विषयवस्तु प्रदान करता है
हैं हमारे like हुए फोर्मुले को format कैसे करें,हमारे लिखे हुए formula को format कैसे करें
वस्तुओं की कीमतों की तुलना compare,वस्तुओं की कीमतों की तुलना करें
आप webpage के content देखेंगे जिसे आप देख रहे हैं,अतः हम अप web पेज के कंटेंट देखेंगे जिसे आप देख रहे हैं
पहले जैसे हमारी settings स्वचालित रूप से save होगी,पहले जैसे हमारी settings वचालित रूप से सेव होगी
इसी प्रकार आपको अन्य fields के लिए करना है,इसी प्रकार आपको अन्य fields के लिए करना है
formula लिखने के लिए mark up language तथा formula format करना याने fonts alignment और spacing,formula लिखने के लिए मार्कप language तथा formula फॉर्मेट करना यानि फॉन्ट्स अलाइनमेंट और spacing
अभी के लिए हम do post देखेंगे,अभी के लिए हम do post देखेंगे
site को bookmark करते हैआप इसे gifts books या toys इन शब्दों के साथ,आप इसे lists books या toy इन शब्दों के साथ परिचित कर सकते हैं
यहाँ वो mail है जो मैंने खुद को भेजा है,यहाँ वो मेल हैं जो मैंने खुद को भेजा है
उपयोग करता है advanced panel में कुछ महत्वपूर्ण firefox settings,advanced panel में कुछ महत्वपूर्ण firefox setting का उपयोग करता है
होना चाहिए mozilla firefox interface को इन 6 विशिष्ट क्षेत्रों में विभाजित कर सकते हैं,mozilla firefox interface को इन 6 शिक्षेत्रों में विभाजित कर सकते हैं
इससे बड़े size की files को भेजने के लिए आप insert files using drive विकल्प प्रयोग कर सकते हैं,इससे बड़े size की files को भेजने के लिए आप insert files using drive विकल्प प्रयोग कर सकते हैं
यहां आपके लिए एक नियतकार्य है एक,यहाँ आपके लिए एक नियतकार्य है
इस window को plotting perspective नाम से जाना जाता है,इस window को plotting perspective name से जाना जाता है
अब आपको edit metadata नामक एक box मिलेगा यहाँ आप artist का नाम दे सकते है और अन्य जानकारी भी,अब आपको edit metadata named एक box मिलेगा यहाँ आप artist का name दे सकते हैं और अन्य जानकारी भी
ता है इस dialogue box के name filled में freefall type करें,इस dialog box के name field में default type करें
इस class का नाम freefall है,इस class का name freeball है
printer icon प्रदर्शित होगा,printer icon प्रदर्शित होगा
bio package से seqio module import करें,बाइव पैकेट से sqoआयो मॉड्यूल इम्पोर्ट करें
output देखें पाँचवें स्थान पर cytosine alanine से बदल गया है,output देखें पाँचवएं स्थान पर siteosine alanine से बदल गया है
आपको movie clip का audio सुनने के लिए headset और speakers की ज़रुरत होगी,आपको movie clip का audio शुन्न के लिए head set और speakers की ज़रुरत होगी
database and validation के spoken tutorial में आपका स्वागत है इस tutorial,database and validation के spoken tutorial में आपका स्वागत है
adapter के माध्यम से बिजली से संचालित होता है और इसमें एक charge होने वाली battery होती है आतः,इस एडेप्टर के माध्यम से विजली से संचालित होता है और इसमें एक चार्च होने वाली बेटरी होती है
अब वापस ide पर आते हैं,अब वापस ide पर आते हैं
आपके system type के आधार पर इस link से उपयुक्त ubuntu linux 16 . 04 iso download करें http : double / releases . ubuntu . com / 16 . 04,आपके system type के आधार पर इस link से उपयुक्त ubuntu linux 1604 iso download करें
formula इस screen पर दर्शाया गया है जैसा,formले screen पर दर्शाया गया है
your message is sending,your message में निष्पादित करता है
देती हैं अधिक जानकारी के लिए कृपया हमें लिखें,अधिक जानकारी के लिए कृपया हमें लिखें
यह हमें mozilla firefox addons के personas page पर ले जाता,यह हमें मुझला firefox एडॉन्स के परसुनाज पेज पर ले जाता है
अब success checkout . jsp पर आते हैं,अब  successcheckout jsp पर आते हैं
फिर choose a password text box में अपने ubuntu linux os के लिए password type करें मै spoken type करूंगी,फिर choose a password टेक्स्ट बॉक्स में अपने उबंटु लिनक्स os के लिए पासवर्ड टाइप करें मैं  spoken टाइप करूंगी
port कर सकते है movie task panel अनेक विकल्प रखता है capture video edit movie और finish movie इनमें मुख्य हैं,movie task panel अनेक विकल्प रखता है capture video edit movie और finish movie इनमें मुख्य हैं
और प्रत्येक elements के साथ set d,और प्रत्येक elements के साथ set d
यह बताता है there are no printers configured yet,यह बताता है there are no printers configure yet
आगे strand में स्पष्ट रूप से अक्षरों का उल्लेख करें जब अपना sequence object बना रहे हों,आगे स्ट्रेंड में स्पष्ट रूप से अक्षरों का उल्लेख करें जब अपना sequence ऑब्जेक्ट बना रहे हों
ls command प्रेसेंट directory की सभी files तथा folders दिखाता है मैं,ls command present directory की सभी files तथा folders दिखाता है
अब editor में hello world को welcome से बदलें,अब editor में helloworld को welcome से बदलें
पर type करें from bio import seqio enter दबाएं,कंड पर टाइप करें from byle import sq io एंटर दबाएँ
ढांचे के अंदर हमारे पास border = 1 के साथ एक table है,ढाँचे के अंदर हमारे पास border is equal to 1 के साथ एक table है
spoken tutorial project talk to a teacher project का हिस्सा है यह भारत सरकार के mhrd के ict के माध्यम से राष्ट्रीय साक्षरता mission द्वारा समर्थित है,spoken tutorial project talktoa teacher project का हिस्सा है यह भारत सरकार के एमएचआरडी के आईसीटी के माध्यम से राष्ट्रीय साक्षरता mission द्वारा समर्थित है
यह आंकड़ा block के लिए एक schematic दिखाता है जो input के रूप में दो signal लेता है और उनका योग वापस करता है,यह आगला block के लिए एक scanetom एटिप दिखाता है जो इनपुट की रूप में दो सिग्नल लेता है और उनका योग्य वापस करता है
window को बंद किए बिना या हटाये बिना आप उसी window में अन्य नया webpage खोल सकते हैं,इस window को बंद किये बिना या हटाए बिना आप उसी window में अन्य नया web पेज खोल सकते हैं
request object पर get parameter method प्रयोग करके ऐसा हुआ है,request object पर get parameter method प्रयोग करके ऐसा हुआ है
उपयोग करके कार्यशालाएँ भी चलाती है,spoken tutorials का उपयोग करके कार्यशालाएँ भी चलाती है
gg format पर click करुँगी फिर save पर click करुँगी,ओह ! हम इसलिए क्योंकि यह दो जीजी format पर click करूँगी फिर सेव पर click करूँगी
record करने के लिए record button पर click करे और narration को शुरू करे,रिकॉर्ट करने के लिए record button पर click करें और अनारेशन को शुरू करें
मैं आपको दिखाती हूँ कि plot कैसे बनाना है h चुनें,मैं आपको दिखाती हूँ कि plot कैसे बनाना है h चुनें
अतः मैं username और password में admin type करुँगा फिर sign in पर click करें,अतः मैं यूजरनेम और password में admin type करूँगा फिर साइन पर click करें
मैं यश वोरा अब आपसे विदा लेता हूँ हमसे जुड़ने के लिए धन्यवाद धन्यवाद,आई आई टी बॉम्बे से मैं यश वोरा अब आपसे विदा लेता हूँ
यहाँ मैंने अभी एक form भर दिया है,यहाँ मैंने अभी एक form भर दिया है
इन्हें अतः हम अलगअलग folders जैसे personal work आदि बना सकते हैं किसी,अतः हम अलगअलग folders जैसे personal वर्ग आदि बना सकते हैं
mark up prod पर ध्यान दें जो परिणाम दर्शाता है summation के लिए sigma के समान,marken प्रोड पर ध्यान दें जो परिणाम दर्शाता है समेशन के लिए सिग्मा के समान
ये link पर python tutorials को देखें,दिए link पर python tutorials को देखें
एक new folder बनता है,एक new folder बनता है
cpu keyboard,cpu keyboard
अब हम इस tutorial के अंत में आ चुके हैं इस tutorial में हमने सीखा,अब हम इस tutorial के अंत में आ चुके हैं इस tutorial में हमने सीखा
अभी मैं video के आगे वाले - button को दबाकर video timeline को समाप्त कर दूंगी,अभी मैं विडियो के आगे वाले माइनस बटन को दबाकर विडियो टाइम लाइन को समाप्त कर दूँगी
एक संदेश प्रदर्शित होता है कि theme संस्थापित होगी जैसे ही आप firefox restart करें,एक संदेश प्रदर्शित होता है कि theme संस्थापित होगी जैसे ही आप firefox रिस्टार्ट करेंगे
खोजना कोई विशिष्ट website के लिए या कोई अन्य जानकारी के लिए खोज कर,कोई विशिष्ट वेबसाइट के लिए या कोई अन्य जानकारी के लिए खोज कर सकता है
एक नई jsp window खुलती है,एक नयी gsp window खुलती है
अब browser पर वापस आते हैं,अब browser पर वापस आते हैं
view > elements > set operations पर जाएँ,view elements set operations पर जाएँ
और cpu के power supply buttons खोलें अब monitor पर,अपने पर मॉनिटर और cpu के पॉवर सप्लाई बटन्स खोलें
dropdown से देश के झंडे को चुनें मैं india चुन रही हूँ,drop down से देश के झंडे को चुनें मैं india चुन रही choose
एक signal अलगअलग input के रूप में lan और इसे constant द्वारा amplify करें,एक signal अलगअलग input के रूप में लें और इसे constant द्वारा multiplyम्पलिफाइल करें
real input और real output modelica library के एक ही पैकेज में miso के रूप में मौजूद हैं,real input और real output मॉडलिका every d के एक ही package में mesom के रूप में मौजूद हैं
हमने formula like थे उसपर double click करें,और उसके ही हमने फॉर्मूले लिखे थे उस पर डबलक्लिक करें
एक विशिष्ट base या string का भाग ज्ञात करने के लिए हम find function उपयोग करेंगे,एक विशिष्ट बेसिए स्ट्रिंग का भाग ज्ञात करने के लिए हम find फंक्शन उपयोग करेंगे
method प्रयोग करके parameters pass करना,और method method प्रयोग करके parameters पास करना
checkout table से borrow की गयी books की जानकारी निकालने के लिए हम query को निष्पादित करते हैं,चेकाउट table से बारों की गई books की जानकारी निकालने के लिए हम query को निष्पादित करते हैं
अब मैं आपको computer के अनेक भागों के बारे में जल्दी से बताउंगी,अब मैं आपको कंप्यूटर के अनेक भागों के बारे में जल्दी से बताउंगी
prompt पर type करें from bio . seek import seek enter दबाएं,prompt पर type करें from bio seek import सीख enter दबाएं
इस tutorial में हम सीखेंगे कि general preferences और privacy preferences को कैसे set करें,इस tutorial में हम सीखेंगे कि general preferences और privacy प्रेफरेन्सेस को कैसे set करें
अगर उल्लिखित नहीं है तो translate method standard genetic code उपयोग करके rna या dna sequence को translate करता है,अगर उल्लिखित नहीं है तो r- translate method standard geometry code उपयोग करके ऐरएनी या dna sequence को translate करता है
extent 1 x ellipse पर सबसे बाएँ बिंदु का क्षैतिज निर्देशांक है,extent 1x ellipse पर सबसे बाएं बिंदु का क्षैतिज निर्देशांक है
icon view पर जाएँ यदि यह diagram या text view में खुला है,icon view पर जाएँ यदि यह diagram या text view में खुला है
तिहरे integral के लिए mark up होगा i i i n t हम एक,यह पहले इंटिगल के लिए मार्कअप होगा i i i n t
admin page पर जाने के लिए login page को संशोधित करना,admin पेज पर जाने के लिए login पेज को संशोधित करना
code की इस line को jsp इन directive कहते हैं,कोड की इस लाइन को jsp in डायरेक्टिव कहते हैं
यह हमें इस tutorial के अंत में लाता है हमने सीखा,यह हमें इस tutorial के अंत में लाता है हमने सीखा
चलिए यह एक नये math gray box या math object में लिखें,एक नए एक नए मैथ grey box या मैथ object में लिखें
यदि नहीं तो formatting toolbar को access करें formatting options button पर click करें,यदि नहीं तो formatting toolbar को access करें formatting options button पर click करें
यह code और कार्यों को अलगअलग प्रक्रियाओं में विभाजित करने के लिए code,code और कार्यों को अलगअलग प्रक्रियाओं में विभाजित करने के लिए code
एक बार संस्थापना पूरा होने के बाद हम एक dialogue box देख सकते हैं जो installation complete कहता है उस,एक बार संस्थापन पूरा होने के बाद हम एक डायलॉग बॉक्स देख सकते हैं जो installation complete कहता है
अब url को देखें,अब url को देखें
यह दो arguments स्वीकार कर सकता है पहला वाला data पढ़ने के लिए file name है दूसरा,हमें दो आर्ग्यूमेंट स्वीकार कर सकता है पहला वाला डेटा पढ़ने के लिए फाइल नाम है
html यदि नहीं तो,आपके system में इस्तेमाल करना भी
सारे users की list बनाना,सारे यूजर्स की लिस्ट बनाना
sharing विकल्प इस tuto,शेरिंग विकल्प
आप अपनी आवश्यकतानुसार कोई सा भी search engine जोड़ सकते हैं,आप अपनी आवश्यकतानुसार कोई सारी सर्च इंडेन जोड़ सकते हैं
यहाँ हम request के url में form data को नहीं देखते हैं,यहाँ हम रिक्वेस्ट के url में फॉर्म डेटा को नहीं देखते हैं
application बनाने के लिए हम jsp और servlets का उपयोग करेंगे,यहाँ usb application बनाने के लिए हम jsp और sर्वलैड्स का उपयोग करेंगे
अब ide पर वापस आते हैं,अब ide पर वापस आते हैं
यहाँ हम single record के साथ पहले save की हुई fasta file उपयोग करेंगे जोकि उदाहरण के लिए insulin . fasta है ध्यान,यहाँ हम single record के साथ पहले सेव की हुई फास्टा फ़ाइल उपयोग करेंगे जो कि उदाहरण के लिए insulin dot master है
प्रदर्शित नहीं होता है अंततः अगर आप extension का उपयोग नहीं करना चाहते हैं तो disable पर button click करें,अंततः अगर आप extension का उपयोग नहीं करना चाहते हैं तो disable button पर click करें
दूसरों को email की एक copy mark करने के लिए cc विकल्प प्रयोग करें,दूसरों को email की एक copy mark करने के लिए cvick प्रयोग करें
terminal window में ffmpeg command का इस्तेमाल करके मूल याने original spoken tutorial से video अवयव याने video component अलग कर सकते है,ffate command का इस्तेमाल करके मूल यानि original spoken tutorial से video अवयव यानि विडियो command अलग कर सकते हैं
को psu भी कहते हैं यह computer को power देता है अब अनेक भागों,उदाहरण के लिए अपने उद्देश्य को phub कहते हैं यह कंप्यूटर को पॉवर देता है
हम कुछ महत्वपूर्ण mailboxes जैसे inbox के बारे में भी सीखेंगे,हम कुछ महत्वपूर्ण mail boxes जैसे inbox के बारे में भी सीखेंगे
ubuntu को बंद करने के लिए ऊपरी दाएं कोने में power icon पर click करें,उबंटु को बंद करने के लिए ऊपरी दाएँ कोने में power icon पर click करें और  shutdown ऑप्शन चुनें
इस record के लिए पहचानकर्ताओं को देखने के लिए type करें record . identer दबाएं,रैकॉर्ड के लिए पहचानकर्ताओं को देखने के लिए टाइप करें record dot id enter दबाएँ
फिर हमारे पास form है,फिर हमारे पास form है
save math को open करते हैं font size को बढ़ाके 18 . तक करें,font size को बढ़ा के 18 प्वॉइंट तक करें
firefox में सभी features हैं जो एक आधुनिक browser में होने चाहिए,firefox में सभी फीचर्स हैं जो एक आधानिक ब्राउज़र में होने चाहिए
दबाए output sequence object की तरह पहला fragment दिखाता है,output sequence object की तरह पहला fragment दिखाता है
form data request object में रहेगा,firm data  रिक्वेस्ट ऑब्जेक्ट में रहेगा
इस tutorial में हम सीखेंगे कि एक file पर sequences लिखने के लिए write function कैसे उपयोग कर,इस tutorial में हम सीखेंगे कि एक फाइल पर सीक्वेंसेज़ लिखने के लिए write फंक्शन कैसे उपयोग करना है
downloads option में show the downloads window when downloading a file check box में click करके,downloads option में show the downloads window when downloading of file check box में क्लिक करके यह भी आपका स्वागत है
5 elements के साथ set a set,पाँच एलीमेन्ट्स के साथ set a
अब इस account के लिए हमें एक password बनाना है,अब इस account के लिए हमें एक password बनाना है
हम प्राप्तकर्ताओं के क्षेत्र जैसे to cc और bcc में कितनी भी email ids जोड़ सकते हैं,हम प्राप्त करताओं के क्षेत्र जैसे 2cc और bcc में कितनी भी email ids जोड़ सकते हैं
हम देख सकते हैं कि हमें एक error message प्राप्त होता है please correct the following errors duplicate entry harshita for key username,हम देख सकते हैं कि हमें एक error message प्राप्त होता है please correct the following errors duplicate entry हर्षिता for key username
fields का database और validation यदि,फिल्ड्स का डेटाबेस और वैलीडेशन
इस tutorial को record करने के लिए मैं उपयोग कर रही हूँ ubuntu operating system version 14,इस tutorial को record करने के लिए मैं उपयोग कर रही हूँ ubuntu operating system version 1404
grid grid के आकार का प्रतीक है,grid grid के आकार का प्रतीक है
अब post method प्रयोग करके हम उपरोक्त के समान ही कोशिश कर सकते हैं,अब post method प्रयोग करके हम उपरोक्त के समानी कोशिश कर सकते हैं
आगे हम output में user name print करेंगे,आगे हम output में यूज़र निम्न print करेंगे
आम formulae की गिणती भी करेंगें,यहाँ हम फॉर्मूलों की गिनती भी करेंगे
miso tab पर जाएँ text view पर जाएँ,300 टैब पर जाएँ text view पर जाएँ
प्रबंधन करे अर्थात उन्हें जोड़ना delete,फिर विषय पर प्रबंधन करें अर्थात उन्हें जोड़ना
मैंने mysql server शुरू कर दिया है,मैंने mysql server शुरू कर दिया है
library management system एक system है जो,tibrary management system एक system है जो
बहुत बड़ा है तो windows movie maker अपने आप से उसे छोटे clips में विभाजित,जब आप इसको बहुत बड़ा है तो विंडोज़ मूवीमेकर अपने आप से उसे छोटे क्लिप्स में विभाजित कर लिया जा सकता है
पहले से ही database में उपस्थित user को हम जोड़ने की कोशिश करेंगे,पहले से ही database में उपस्थित यूजर को हम जोडने की कोशिश करेंगे
library management system अग्रणी software mnc के corporate social responsibility कार्यक्रम के अंतर्गत योगदान दिया गया है इस spoken tutorial के लिए,library management system अगरारणी सॉफ्टवेयर mnc के कोरपोरिट सोशियल रिपॉन्सिबिलिटी कार्यक्रम के अंतर्गत योगदान दिया गया है
अब printing dialog box खुलता है,अब printing dialog box खुलता है
हमने यह भी देखा कि request dispatcher प्रयोग करके यह कैसे होता है,हमने यह भी देखा कि रिक्वेस्ट डिस्पैचर प्रयोग करके यह कैसे होता है
आप वो message देख सकते हैं जो अभी भेजा है मैं इसे पढ़ने के लिए खोलती हू,आप वो message देख सकते हैं जो अभी भेजा है मैं इसे पढ़ने के लिए खोलती हूँ
हम original spoken tutorial के मौजूदा audio की जगह dub की हुई audio को in editing packages के इस्तेमाल से ला सकते है जैसे के kdenlive kino lives इत्यादि,हम original spoken tutorial के मौजूदा audio की जगह डब की हुई audio को इन editing packages के इस्तेमाल से ला सकते हैं जैसे कि
हम परिणाम को result set object में संचित करते हैं,हम परिणाम को result set object में संचित करते हैं
send using google drive button पर click करें,send using google drive button पर click करें
मैं श्रुति आर्य आपसे विदा लेती हूँ हमसे जुड़ने के लिए धन्यवाद,आई आई टी बॉम्बे से मैं श्रुति आर्य आपसे विदा लेती हूँ हमसे जुड़ने के लिए धन्यवाद
इस tutorial के अनुसरण के लिए आपको निम्न के साथ परिचित होना चाहिए,इस tutorial के अनुसरण के लिए आपको निम्न के साथ परिचित होना चाहिए
search box में,सेश बॉक्स में प्रविष्ट करें
destination शीर्षक में file विकल्प पर click करें आप एक,usepackage displays शीर्षक में file विकल्प पर click करें
search engine चिह्न पर click करिये,सच के अंदर search engine इंजिन चिन्ह पर क्लिक करिये
बनाना निर्दिष्ट स्थानों पर एक dna sequence slice करना,निर्दिष्ट स्थानों पर एक dna sequence
हम देख सकते हैं कि available copies की संख्या कम होकर 8 हो गयी है,हम देख सकते हैं कि available copies की संख्या कम होकर 8 हो गयी है
output के लिए enter key दो बार दबाएं,output के लिए enter की दो बार दबाएं
अपनी when using the location bar suggest setting को history और bookmarks में बदलें,अपनी when using the location bar latest settings को history और book marks में बदलें
अब हमें अपना keyboard layout चुनना है,अब हमें अपना keyboard लेआउट चुनना है
पहली screen जो हम देखते हैं उसमें तीन options हैं,पहली screen जो हम देखते हैं उसमें 3 options हैं
description column variable declarations के साथ double ' में like comments को प्रदर्शित करता है,description column�ेरिएबल declarationsके साथ double quotes में लिखी कमांच को प्रदर्शित करता है
यहाँ हम बहुत सरल login form देख सकते हैं,यहाँ हम बहुत सरल login form देख सकते हैं
पहला fragment accept करने के लिए prompt पर निम्न command type करें,पहला फ्रैग्मेंट एक्सट्रैप्ट करने के लिए prompt पर निम्न कमांड टाइप करें
के अंत में आ चुके हैं,अब हम इस tutorial के अंत में आ चुके हैं
नहीं है तो आप इसे download करके भी देख सकते हैं spoken tutorial,यदि आपके पास अच्छा bandwidth नहीं है तो आप इसे download करके देख सकते हैं
click करें server में,अब सेव पर click करें
firefox for desktop,fire firefox for desktop
जहाँ ज़रूरी है उसे तेज़ और धीरे करें,जहाँ ज़रूरी है उसे तेज़ और धीरे करें
अक्सर उपयोग के page पर navigate करने के लिए bookmarks आपकी मदद करते हैं,अक्सर उपयोग के पेज पर नेविगेट करने के लिए bookmarks आपकी मदद करते हैं
में बदल दें integral चिन्ह लिखने के लिए हमें केवल formula editor window में mark up int इस्तेमाल करना होगा,integer चिन्ह लिखने के लिए हमें केवल formula editor window में markup int इस्तेमाल करना होगा
freely falling body के लिए दो equations of motion को यहां शामिल किया गया है जैसा कि हमने पहले ही,फ्रेली फॉलन body के लिए दो इक्वेशन्स ऑफ़ मोशन को यहाँ शामिल किया गया है जैसे कि हमने पहले की
और checkout attribute की तरह request में इसको set करते हैं,और चेकआउट attribute की तरह  request में इसको सेट करते हैं
सिवाय इसके कि प्रत्येक book के सामने एक radio button है,सिवाय इसके कि प्रत्येक book के सामने एक radio button है
default रूप से simulation 0 से 1 unit तक चलाया जाता है,default रूप से simulation 0 से 1 unit तक चलाया जाता है
url bar के दायीं ओर घर के आकार,url bar के दायीं ओर घर के आकार दिखाई देता है
हमने पिछले tutorial में इस features पर चर्चा की,हमने पिछले tutorial में इस फीचर्स पर जर्चा की
page load होने पर url bar के दाईं ओर जो star का चिन्ह है उस पर click करें आप देखते हैं कि star,अब पेज लोड होने पर url bar के दाईं ओर जो star का चिन्ह है उस पर click करें
ध्यान दें कि यह username वो नेम है जो हमने form tag में user name के लिए जोड़ा है,ध्यान tag कि यह username वोनेम है जो हमने form tag में username के लिए जोड़ा है
ffmpeg commands के इस्तेमाल से original tutorial से video को अलग करे,ffmpeg commands के इस्तेमाल से original tutorial से video को अलग करें
एक email लिखना,एक email लिखना
ध्यान दें कि servlet नेम greeting servlet है,ध्यान दें कि सर्वलैटनेम greeting सर्वलैट है
है आप इसे निःशुल्क इस site से download कर सकते हैं और audacity . sourcecode . net / download,आप इसे निशुल्क इस site से download कर सकते हैं और opacity dot sourceforgenet slash download
हमारे पास user द्वारा इस समय उधार ली गयी किताबों की भी सूची है,हमारे पास यूज़र द्वारा इस समय उदाहर ली गयी किताबों की भी सूची है
sequence input output module का write function उपयोग करके sequences files लिखना,sequence input आउटपुट मॉड्यूल का write फंक्शन उपयोग करके सीक्वेंसेस फाइल्स लिखना
इस method में हम request में checkout attribute set करते हैं,इस मेथड में हम रिक्वेस्ट में चेकआउट  एट्रिब्यूट सेट करते हैं
हम इसके लिए code देखेंगे,हम इसके लिए कोड देखेंगे
प्रायः आपको sequence के केवल एक भाग के लिए भी कार्य करने की ज़रुरत हो सकती,डिराया आपको sequence के केवल एक भाग के लिए भी कार्य करने की ज़रुरत हो सकती है
फिर हम object को books list में जोड़ते हैं,फिर हम object को books list में जोड़ते हैं
इसी तरह आप tool bar का उपयोग करके line polygon rectangle और text प्रविष्ट कर सकते हैं,इसी तरह आप toolbar का उपयोग करके line polygon rectangle और text प्रविष्ट कर सकते हैं
किया जाता है हम initial equation के बारे में विस्तार से बाद में जानेंगे,हम initial equation के बारे में विस्तार से बाद में जानेंगे
पहले हमें get parameter method का उपयोग करके request से username और password मिलता है,पहले हमें get parameter method का उपयोग करके रिक्वेस्ट से यूजरनेम और पासवर्ड मिलता है
चीजों को सरल बनाने के लिए signal 1 को t चुनें जो समय दर्शाता है,चीजों को सरल बनाने के लिए signal 1 को t चुनें जो सम्मिदर्शाता है
top इतना हल्का और छोटा होता है कि उसको आसानी से गोद में रखकर काम कर सकते हैं अथा,सपटॉप इतना हल्का और छोटा होता है कि उसको आसानी से गोद में रखकर काम कर सकते हैं
jsp बनाना,spoken tutorial project team का उपयोग करके कार्यशालाएँ भी चलाती है
एक dialogue box pop up प्रदर्शित होता है,एक dialog box popअप प्रदर्शित होता है
stereo tracks में बाई ओर एक single label area है तथा दाए तरफ दो wave forms है जोकि दो input channels है left channel तथा right channel एक,स्टीरियो ट्रैक्स में बायीं ओर एक सिंगल लेबल area है तथा दायीं तरफ दो वेवफॉर्म्स हैं जोकि दो input चैंड्स हैं left channel तथा right channel
field हैं इसके बदले में आप searchbar field पर सीधे जाने के लिए ctrl + k press कर सकते हैं,इसके बदले में आप search bar field पर सीधे जाने के लिए ctrl प्रस के प्रस कर सकते हैं
spoken tutorial project पर अधिक जानने के लिए निम्न link पर उपलब्ध video देखें,spoken tutorial project पर अधिक जानने के लिए निम्न link पर उपलब्ध video देखें
चलिए अब देखते हैं कि कैसे logarithms सहित formulae लिखें चलिए,चलिए अब देखते हैं कि कैसे लॉगदम सहित फॉर्मूल्य लिखें
और screen पर प्रदर्शित factorial definition को दो conditional formula की तरह पुनः लिखें,और screen पर प्रदर्शित factorial definition को दो conditional formulaes की तरह पुनः लिखें
न मिलाने पर आप इसे download करके देख सकते हैं,अच्छी न मिलानक पर आप इसे download करके देख सकते हैं
यूज़र चाहता है कि data की विषयवस्तु url में दिखाई दे,यूज़र चाहता है कि data की विषयवस्तु url में दिखाई दें
फिर script को इस तरह से अनुवाद करे के हर एक वाक्य का narration time वही हो या उससे कम जो मूल script में उस वाक्य के लिए है,फिर script को इस तरह से अनुवाद करें कि � हर एक वाक्य का निरेशन टाइम वही हो या उसससे कम जो मूल script में उस वाक्य के लिए है
उसका का उपयोग करने से नकारात्मक परिणाम हो सकते हैं,इसका उपयोग करने से नकलाद तक प्रणाम हो सकते हैं
circle के बगल में canvas पर right click करें properties चुनें,circle के बगल में canvas पर right click करें properties चुनें
अब हम factorial functions लिखते हैं,अब हम factorial functions सिखते हैं
यह बेहतर दृश्यता के लिए writer window को बढ़ाएगा,यह बेहतर दृश्यता के लिए writer window को बढ़ाएगा
spoken tutorial project talk to a teacher project का हिस्सा है यह भारत सरकार के mhrd के ict के माध्यम से राष्ट्रीय साक्षरता mission द्वारा समर्पित है इस mission पर अधिक जानकारी spoken tutorial . org / namict intro पर उपलब्ध है,spoken tutorial project talktoa teacher project का हिस्सा है यह भारत सरकार के एमएचआरडी के आईसीटी के माध्यम से राष्ट्रीय साक्षरता mission द्वारा समर्थित है इस mission पर अधिक जानकारी spoken hyphen tutorial dot org slash nmeict hyphen intro पर उपलब्ध है
अतः मैं username में abc और password में abc123 * type करता हूँ,अतः मैं यूजरनेम में abc और password में abc123 star type करता हूँ
computers के spoken tutorial में आपका स्वागत है इस tutorial में,build molecules के computers के spoken tutorial में आपका स्वागत है
यहाँ हम mail के बारे में एक संक्षिप्त subject line type कर सकते हैं,यहाँ हम मेल के बारे में एक संक्षिप्त subject line type कर सकते हैं
हम सारी issued books की list देखते हैं,हम सारी issued books की list देखते हैं
number click करें यह con,ialog box पर double click करें
power on button दबाएं और फिर सि, power on button दबाएँ
हमारा printer सफलतापूर्वक computer से जुड़ गया है,हमारा printer सफलतापूर्वक computer से जुड़ गया है
ध्यान दें कि scrap book options dialog box grab and drag preferences dialog box से अलग है इसलिये,ध्यान दें कि scrap book options dialog box grep and drag preferences dialog box से अलग हैं
आम तौर पर purple रंग का होता है आप mouse को,इसे नीमित आमतौर पर पर्पल रंग का होता है
अब हम list books . jsp पर आते हैं,अब हम listbook jsp पर आते हैं
ये अलगअलग genes fasta या कोई अन्य formats में save किये जा सकते हैं,या अलगअलग चीन्स firsta या कोई अन्य फॉर्मेंट्स में सेव किये जा सकते हैं
web server और web container के बारे में,web server और web कंटेनर के बाद
variable dna 2 में नया sequence संचित करें,variable dna2 में नया sequence संचित करें
मैं slides पर वापस जाती हूँ,मैं slides पर वापस जाता हूँ
अब मैं timeline का layout यानी विन्यास समझाती हूँ,अब मैं timeline का लेआउट यानी विन्या समझाती हूँ
left field को 15000 परिवर्तित करें ok पर click करें,left field को10 परिवर्तित करें ok पर click करें
यहाँ हमने available copies को 1 से बढ़ाया है,यहाँ हमने अवेलिबल कॉपीज को 1 से बढ़ाया है
संक्षेप में,संक्षेप में
strand में बदलें coding strand के लिए उपरोक्त प्रदर्शित की तरह,कोडिंग स्ट्रेंड के लिए उपरोक्त प्रदर्शित की तरह शुरू करें
menu में सारी files स्वतः ही 30 दिन बाद google server से पूर्ण रूप से मिटा दी जाएँगी आपसे,इस menu में सारी file स्वतः ही 3 दिन बाद google server से पूर्ण रूप से मिटा दी जायेंगी
computer screen है जैसा हम इसे कहते हैं यह tv screen की,यह प्रक्रिया computer screen है जैसा हम इसे कहते हैं
नया tab खोलें अब इस नये टैब window में अपना save किया हुआ page खोलें,अब इस नये टैब window में अपना सेव किया हुआ पेज खोलें
अब मैं hyperlink किये हुए text पर click करती हूँ,अब मैं hyperlink किये हुए text पर click करती हूँ
fill pattern interior में भरे जाने वाले pattern को निर्दिष्ट करता है,fill pattern integer में भरे जाने वाले pattern को निर्दिष्ट करता है
cd dvd reader writer और mike और,और
चलिए view menu से ele,चलिए view menu से लिखते हैं
table और compact computers हैं एक lap,एक लैप पर जोड़ते हैं तो देखें कि वर्तमान औरने के लिए प्रदर्शित होता है
इस tutorial में हम biopython tools उपयोग करेंगे एक यादृच्छिक dna sequence बनाने के लिए,इस tutorial में हम बायोपाइथन tools उपयोग करेंगे एक यादृच्छिक dna sequence बनाने के लिए
origin x ellipse के केंद्र का क्षैतिज निर्देशांक है, origin x ellipse के centre का क्षैतिज निर्देशांक है
फिर नीचे install now button पर click करें right,फिर नीचे install now button पर click करें
अंदर सारे operations नियंत्रित करता है computer की basic,यह अंदर सारे operations नियंत्रित करता है
अधिक जानकारी के लिए कृपया contact @ spoken tutorial . org पर लिखें,अधिक जानकारी के लिए spoken hyphen tutorial dot org पर लिखें
d squared y / dx squared = d / dx of dyy dx आरोह कू,मैं डिस्क्वायर बायें बाइडीयक्स स्क्वायड इक्वल टू d बाइडीयक्स ऑफ़ d y बाइ d x
यह statement miso block को अपने स्थान से modelica library में प्राप्त करने के लिए प्रयोग किया जाता है,यह statement messo block को अपने स्थान से modelिखा library में प्राप्त करने के लिए प्रयोग किया जाता है
यहाँ हम book id username और return date को checkout table में संचित करते हैं,यहाँ हम bookid username और return date को checkout table में संचित करते हैं
और mark up है square root of b squared - 4 ac कोष्ठकों में,और markup है square root of b square minus 4 a c curly कोष्ठकों में
libre office math पर spoken tutorial में आपका स्वागत है,लिबर ऑफिस मैथ पर spoken tutorial में आपका स्वागत है
e aiff sun au next,aif sun aunix के लिए मैं उपयोग कर रही हूँ
में है उदाहरण के लिए जब आप एक shopping,उदाहरण के लिए जब आप एक शॉर्पिंग फाइल बनाएँगे
ide के बायीं तरफ projects tab पर click करें,आईडी के बायीं तरफ project step पर click करें
यहाँ भी हमने पहले user . java import किया,यहाँ भी हमने पहले user java imported किया
record किया गया है शुरू करने से पहले कृपया सुनिश्चित करें कि आप intern,शुरू करने से पहले कृपया सुनिश्चित करें कि आप कंटेंट कर सकते हैं
python की महत्वपूर्वक विशेषताएं linux os पर download और संस्थापन से सम्बंधित,लिनक्स os पर डाउनलोर और संस्थापन से सम्बंधित करते हैं
जोडने मै याने की श्रेणीबध्द करने में sequence की लम्बाई ज्ञात,sequenceation विंडोज़ में या जोड़ने में यानि की श्रेणीबद्ध करने में
code देखने के लिए ide पर वापस आते हैं,कोड देखने के लिए id पर वापस आते हैं
अब हम एक एक करके दोबारा जाँचते हैं,अब हम एकएक करके दोबारा जाँचते हैं
और finish पर click करें,और finish पर click करें
दिए गए link पर उपलब्ध video spoken tutorial project को सारांशित करता है,दिए गए link पर उपलब्ध video spoken tutorial project को सारांशित करता है
इस window को welcome perspective नाम से जाना जाता है,इस window को welcome perspective name से जाना जाता है
अगर हमारा internet धीमा है तो हम load basic html पर click कर सकते हैं,अगर हमारा internet धीमा है तो हम load basic html पर click कर सकते हैं
अतः अपने video को edit करने के लिए windows movie maker की इन विशेषताओं का उपयोग करें,अतः अपने विडियो को एडिट करने के लिए windows मूविमेकर की इन विशेषताओं का उपयोग करें
audio के एक हिस्से को दूसरे भाग तक ले जाने के लिए audio का वह भाग चुनें जो ले जाने की ज़रुरत है उसे left click करें drag करें और फिर छोड़ें फिर keyboard shortcut ctrl x प्रयोग करके उस भाग को cut करें,audio के एक हिस्से को दूसरे भाग तक ले जाने के लिए audio का वह भाग चुनें जो ले जाने की ज़रुरत है उसे left click करें drag करें और फिर छोड़ें फिर keyboard shortcut control x प्रयोग करके उस भाग को cut करें
spoken tutorial project talk to a teacher project का हिस्सा है,spoken tutorial project talktoateacher project का हिस्सा है
formula के संचालन के क्रम की जानकारी नहीं होती है,वैध को फॉर्मूला के संचालन के एक क्रम की जानकारी नहीं होती है
अब इस method पर आते हैं,अब इस method पर आते हैं
आप इस tutorial का अभ्यास करने के लिए निम्नलिखित operating systems में से किसी एक का उपयोग कर सकते हैं linux windows mac os x या arm पर fossee os,आप इस tutorial का अभ्यास करने के लिए निम्नलिखित ऑपरेटिंग सिस्टम्स में से किसी एक का उपयोग कर सकते हैं
अमानिये कि दोनों users ने share किये हुए document में कुछ संशोधन किये हैं जब हम,अब मानिये कि दोनों users ने शेयर किये हुए document में कुछ संशोधन किये हैं
हमने पहले ही देखा है कि request dispatcher को उपयोग करके अन्य page पर कैसे जाना हैं,हमने पहले ही देखा है कि रिक्वेस डिस्पैचर को उपयोग करके अन्य पेज पर कैसे जाना है
हम देख सकते हैं कि search किए text के सारे उदाहरण contents क्षेत्र में चिह्नांकित हो गये हैं mozilla firefox,हम देख सकते हैं कि search किए text के सारे उदाहर contents क्षेत्र में चिन्हांकित हो गए हैं
इसको करने का दूसरा तरीका है tracks edit labels पर जाएँ,इसको करने का दूसरा तरीका है track edit labels पर जाएँ
आप निम्न में से किसी भी operating system का उपयोग कर सकते हैं,आप निम्न में से किसी भी operating system का उपयोग कर सकते हैं
अब हम अपने computer का उपयोग printer को configure यानि स्थापित करने में करते हैं,अब हम अपने computer का उपयोग printer को configure यानी स्थापित करने में करते हैं
आप अभी इस code को देख सकते हैं,आप अभी इस code को देख सकते हैं
enter दबाएं,enter दबाएँ
जब आप mozilla firefox restart करेंगे,जब आप मूला firefox रिस्टार्ट करेंगे
text view पर जाने के लिए इस पर click करें,text view पर जाने के लिए इस पर click करें
double integral from t of 2 sin x – 3 y cubed + 5 dx dy,doubleinput from t of 2 sinx minus 3y cube plus 5dxdy
फिर submit button पर click करते हैं,फिर submit button पर click करते हैं
natural log dam of t = to integral of 1 by x tx from 1 to t,naturalism of t equal to integer of 1 by x t x from 1 to t
हमसे जुड़ने,हमसे जुड़ने के लिए
इस विकल्प में to और cc वाले प्राप्तकर्ता bcc में जोड़े हुए प्राप्तकर्ताओं को नहीं देख सकते,इस विकल्प में 2 और cc वाले प्राप्त करता bcc में जोड़े हुए प्राप्त करताओं को नहीं देख सकते
अतः हमारे पास दो methods doget और dopost बचे हैं,अतः हमारे पास दो methods do get और do post बचे हैं
document को बंद करें,document को बंद करें
text to display क्षेत्र में वो text type करें जो आप link की तरह,to display क्षेत्र में वो टेक्स्ट टाइप करें जो आप लिंक की तरफ सेव कर सकते हैं
आगे हम form data parameters को पुनः प्राप्त करेंगे,आगे हम font data parameters को पुनः प्राप्त करेंगे
gmail हमारे email के ढाँचे में text पर बुनियादी formatting करने की सुविधा देता है,gmail हमारे email के ढाँचे में text पर बुनियादी formatting करने की सुविधा देता है
यहाँ हम success message you have successfully logged in प्रदर्शित कर रहे हैं,यहाँ हम success message you have successfully logged in प्रदर्शित कर रहे हैं
steps वैसी ही हैं जैसे हमने list books के लिए देखी थी,स्टेप्स वैसी हैं जैसे हमने लिस्ट बुक्स के लिए देखी थी
यहाँ हम book की book id दर्शाते हैं,यहाँ हम book की bookid दर्शाते हैं
unit column variables की units को निर्दिष्ट करता है जैसे कि unit विशेषता का उपयोग कर परिभाषित किया गया है,unit column वेरिएबल्स के units को निर्दिष्ट करता है जैसे कि unit विशेषता का उपयोग कर प्रवरिवर्षित किया गया है
python interpretor version 2 . 3 . 0 py,python interpreter version 2305
नया document बनाने के लिए new button पर click करें और google docs विकल्प चुनें,नया document बनाने के लिए new button पर click करें और googledocs विकल्प चुनें
जिसे भारत सरकार के mhrd मंत्रालय के राष्ट्रीय साक्षरता mission ने ict के माध्यम से समर्थित किया है,जिसे भारत सरकार के एमएचआरडी मंत्रालय के राष्ट्रीय साक्षरता mission ने आई सी टी ict के माध्यम से समर्थित किया है
ubuntu version 12 . 04,उबंटु वर्जन 1204
registration page में सारी fields type करें,registeration पेज में सारी fields type करें
क्रमागत ctrl b उसी track पर नए labels खोलेगा,क्रमागत control भी उसी track पर नई labels खोलेगा
personas + अधिक नियंत्रण देने के लिए,परसेनाज़ plus अधिक नियंत्रण देने के लिए नए लूप्स प्रविष्ट करें
करें उस command को variable dna 1 में संचित करें,उस command को variable dna1 में संचित करें
search box में type कर सकते हैं यह फिर उसे खोजने के लिये history मे ढूँढेंगा,यह फिर उसे खोजने के लिए history में ढूँढेगा
location dropdown में default रूप से देश जिसमें आप रहते हैं दिखाया गया है,लोकेशन ड्रॉपडाउन में default रूप से देश जिसमें आप रहते हैं दिखाया गया है
continue to download button पर click करें,contu to download button पर click करें
खुला करने की कोशिश कर रहा है यह gma से शुरू होने वाली websites की एक dropdown सूची खोल,यह gms से शुरू होने वाली websites की एक drop down सूची खोलता है
अब आप यहाँ आवश्यक जानकारी type कर सकते हैं और इस class को save करें,अब आप यहां आवश्यक जानकारी type कर सकते हैं और इस class को सेव करें
उन्होंने इस विषय वस्तु की पुष्टि भी की है मैं यह सोराबात,मैं यश वोरा बार फिर से उन्होंने इस विषय वस्तु की पुष्टि भी की है मैं यश वोरा अब आपसे विदा लेता हूँ
कर के भी नया tab खोल सकते हैं इसके लिए shortcut keys हैं,इसके लिए शार्टकट कीज़ हैं
इस tutorial के अनुसरण के लिए आपको स्नातक स्तर की biochemistry या bioinformatics और कोई,इस tutorial के अनुसरण के लिए आपको स्नातक स्तर की biochemistry या bio informatics और
अब println statement को hello from post method से बदलें,अब println स्टेटमेंट को hello from post मेथड से बदलें
दें कि exception के अवस्था का संचलन करने के लिए हमने इस code को try catch block में सम्मिलित कर,जैसा कि exception की अक्सेप्शन के अवस्था का संचलन करने के लिए हमने इस code को try catch block में सम्मिलित कर लिया है
इस tutorial में हमने सीखा,इस tutorial में हमने सीखा
अब address bar में email tag,अब address bar में email tag चुनें
अपनी file को नाम दें यहाँ मैं editing in audacity type,अपनी फाइल को नाम दें यहाँ मैं editing in audacity type करुँगी
नीचे create button पर click करें,नीचे create button पर click करें
व्यक्तिगत attributes के साथ user model के instance की तरह हम variable user को initialize करते हैं,प्रतिगत attributes के साथ हमें यूजर model के इंस्टैंस की तरह हम वेरिएबल यूजर को इनिशिलाइज करते हैं
तरह हम folder upload विकल्प प्रयोग करके drive पर एक folder upload कर सकते हैं यह,इसी तरह हम folder upload विकल्प प्रयोग करके drive पर एक folder upload कर सकते हैं
मैं आपको चेतावनी,मैं आपको चिता हूँ
default रूप से virtual machine power off mode में होगी,default रूप से virtual machine power of mode में होगी
सबसे ऊपर शीर्ष पर आप main menu देखेंगे,सबसे ऊपर शीर्ष पर आप main menu देखेंगे
यहाँ हम library में उपलब्ध सारी किताबों की सूची प्राप्त कर सकते हैं,यहाँ हम library में उपलब सारी किताबों की सूची प्राप्त कर सकते हैं
अब ide पर आते हैं,अब id पर आते हैं
आपका स्वागत है इस tutorial में हम सीखेंगे कि कैसे search इस्तेमाल करें search engine को नियंत्रित करें find bar का इस्तेमाल,इस ट्यूटोरियल में हम सीखेंगे कि कैसे सर्च इस्तेमाल करें सर्च इंजिन को नियंत्रित करें फाइल बार का इस्तेमाल करें
आगे हम books की जानकारी संचित करने के लिए arraylist बनाते हैं,आगे हम books की जानकारी संचित करने के लिए array list बनाते हैं
हमें curly कोष्ठकों का इस्तेमाल करना होगा जब हम mark up partial इस्तेमाल करेंगे,हमें कर्लीcurly कोष्ठकों का इस्तेमाल करना होगा जब हम mysql इस्तेमाल करेंगे
यह spoken tutorial project को सारांशित करता है,यह spoken tutorial project को सारांशित करता है
प्रदर्शित होंगी यहाँ,हम इस window को बंद कर देंगे
एक block class में variables का सही कारण होना चाहिए या तो input या output,एक block array में वेरिएबल का सही कारण होना चाहिए या तो input या output
हम प्रतिशत चिह्न के आगे अंग्रेजी में character का name इस्तेमाल करके इन्हें सीधे लिख सकते हैं,हम प्रतिशत चिन्ह के आगे अंग्रेजी में character का नाम इस्तेमाल करके इन्हें सीधे ही लिख सकते हैं
इस class को खोलने के लिए menu bar में file मैन्यू पर जाएँ,इस class को खोलने के लिए menu bar में file menu पर जाएँ
सम्बंधित tutorials के लिए कृपया हमारी website पर जाएँ,देश से संबंधित tutorials के लिए कृपया हमारी website पर जाएँ
और चिह्नों के बीच में अधिक रिक्त स्थान दीजिये,और चिन्हुआ के बीच में अधिक रिस्थान दीजिए
from bio . seq module import seq class,fromfile�द्दों के बीच प्रदर्शित होता है
एक बार फिर हम my drive में हैं और हम यहाँ अपनी file देख सकते हैं इस,और फिर हम my drive में हैं और हम यहाँ अपनी file देख सकते हैं
वैकल्पिक रूप से बाएं कोने पर जो x है उसे click करके tracks हटायें,वैकल्पिक रूप से बाएं कोने पर जो x है उसे क्लिक करके ट्रैक्स हटायें
यह input के रूप में array लेता है और इसके elements का योग देता है,यह input के रूप में array लेता है और उसके elements का योग देता है
वे model input और output signal के लिए उपयोग किये जाते हैं,वेव मॉडल इनपुट और आउटपुट सिग्नल की लियोगियोग किये जाते हैं
यदि book id होती है तो variable book already issued को 1 set करें,यदि book आईडी होती है तो वेरिएबल book already issued को 1 सेट करें
slow किया जा सकता है अनचाही आवाज़ें जैसे हकलाने और खाँसी की जो बोलने के दोहराये हुए के और लम्बी ख़ामोशी के साथ नहीं आती उनको मिटाया जा सकता है,अनचाही अवाजें जैसे हकलाने और खासी की जो बोलने के दो राये हुए के और लम्बी खामोशी के साथ नहीं आती उनको मिटाया जा सकता है
main नामक class बनाएँ,main no ट्रांस बनाएं
वालों को प्रमाणपत्र भी देते हैं अधिक जानकारी के,उनको प्रमाणपत्र भी देते हैं
लिखें spoken tutorial talk to a teacher project का हिस्सा है,spoken tutorial talktoateacher project का हिस्सा है
स्थापित कर सकते हैं अब हम नया addon grab and drag,अब हम now addon greb & drag देखेंगे
ने कि gmail login page homepage है,प्रस्तुति के लिए एक नियत कार्य की जीमें login पेज होमपेज है
अंततः यहाँ आपके लिए एक नियत कार्य है writer document का उपयोग करें,और अंततः यहाँ आपके लिए एक नियत कार्य है writer document का उपयोग करें
biopython में transcribe method केवल coding dna strand पर कार्य करता,बाईथन में transfer method केवल कोडिंग dn s ट्रिंड पर कार्य करता है
यह जानकारी रखती है जैसे transaction id user name book id और return date,यह जानकारी रखती है जैसे projection id username bookid और return date
अब browser पर आते हैं,अब browser पर आते हैं
bookmarks को folder में save नहीं किया है और हमारे द्वारा बनाए bookma,और इन bookmarks को folder में सेव नहीं किया है और हमारे द्वारा बनाए bookmarks इस्तेमाल करता है
search engine को bing में बदलें,search इंजिन को बिंग में बदलें
को cover कर लेता है जब प्रदर्शित होता है या खुले browser window का लगातार आकार बदलने और खिसकाने की आवश्यक,यह खुले browser window का लगातार आकार बदलने और खिसकाने की आवश्यकता है
आपको सतर्क करने के लिए ऊपर एक notification bar दिखाई देता है कि नई theme संस्थापित हो gi है,आपको सतर करने के लिए ऊपर एक नोटिफिकेशन बार दिखाई देता है कि नई थीम संस्थापित हो गयी है
दायें होती हैं sync panel आपके firefox sync account का,sink panel आपके firefox सिंग एकाउंट का प्रयोग करके
और font को 18 . तक बदल दें,और font को 18point बदल दें
हम total copies और available copies को tot copies और avail copies में संचित करते हैं,हम total copies और available copies को total copies और available copies में संचित करते हैं
sort किये हुए sequences के साथ नयी file आपके home folder में sorted _ hemoglobin . fasta से save की जाएगी,sort किये हुए sql के साथ नयी file आपके home folder में sorted underscore hemoglobin ॉट्फस्टा से सेव की जायेगी
देख सकते हैं कि 0808 i am becky ने कुछ बदलाव किये और यह अलग रंग में दिखता है हम,हम देख सकते हैं कि 0808im beci ने कुछ बदलाव किये और यह अलग रंग में दिखता है
आगे जाने से पहले font size 18 . तक बढ़ाएं,आगे जाने से पहले font size 18 pt तक बढ़ाएं
पहले हमने error messages की सूची को initialize किया है,पहले हमने error messages की सूची को इनिशिलाइज किया है
अब इस project के अंदर एक सरल servlet बनाते हैं,अब इस project के अंदर एक सरल सर्वलेट बनाते हैं
कि जब हम project run करते हैं तो web application दिखाया हुआ page प्रस्तुत करती है अब यह,इस प्रकार की जब हम प्रोजेक्ट रन करते हैं तो वेब एप्लिकेशन दिखाया हुआ पेज प्रस्तुत करती है
ge आता है sidebar के ऊपरी दाएँ कोने में छोटे x पर click करके sidebar हटा सकते हैं चलिए अब देखते हैं status bar,sidebar के ऊपरी दाएँ कोने में छोटे x पर click करके sidebar हटा सकते हैं
box को बंद करने के लिए ok पर click करिये,एक बॉक्स को बंद करने के लिए ok पर click करिये
अब icon and diagram annotations के syntax को समझने का प्रयास करें,अब icon and diagram annotations के syntax को समझने का प्रयास करें
फिर return book पर click करें,फिर return book पर click करें
संस्थापित करेंगे सबसे पहले ऊपर से दाएँ कोने में स्थित search bar में grab and drag type करें enter दबाएँ,सबसे पहले ऊपर से दाएं कोने में स्थित search bar में grep and drag type करें enter दबाएँ
इस tutorial को देखने के लिए धन्यवाद,इस tutorial को देखने के लिए धन्यवाद
हम books table से books निकालने की query को निष्पादित करते हैं,हम books table से books निकालने की query को निष्पादित करते हैं
वैकल्पिक रूप से . पर click करें,वैकल्पिक रूप से point पर click करें
printer को computer से जोड़ना,printer को computers से जोड़ना
मैं वापस इस पर जाउंगी जिससे आप इसे देख सकें अब मैं इस पर click करके इसे चुनूँगी और keyboard पर delete button दबाऊँगी,मैं वापस इस पर जाऊँगी जिससे आप इसे देख सकें अब मैं इस पर क्लिक करके इसे चुनूँगी और कीबोर्ड पर delete बटन दबाऊँगी
ध्यान दीजिये की परिणाम पिछली बार से थोड़े अलग हैं सबसे उपर,ध्यान दीजिये कि परिणाम पिछली बार से थोड़े अलग हैं
चूंकि unit mb में है मैं text box में 4048 type करूंगी यह इस,चूँकि यूनिट  mb में है मैं टेक्स्ट बॉक्स में  4048 टाइप करूंगी
समान steps genbank file की parsing के लिए दोहराई जा सकती हैं,इसमान stepsजनबिंग फाइल की पारसिंग के लिए दोहराई जा सकती हैं
ते हैं मैं type करुँगी please find attached a document for testing purpose kindly modify or suggest as per the permission given to you thanks hare,मैं टाइप करुँगी please find a referenced a document for training purpose kind modify or suggestions as per the permission given given to you
नियत कार्य में अपनी पसंद के port in sequence के लिए blast search run करें,नियत कार्य में अपनी पसंद के protein sequenceक्वेंस के लिए
अब fill pattern dropdown menu पर click करें,uplo pattern dropdown menu पर click करें
यहाँ my first project context name है और my servlet path url pattern है जो हमने set किया था,यहाँ my first project context name है और mysqlplot path url pattern जो हमने set किया था
mp3 ogg vorbis,mp3 awk वर्बस
संक्षेप में हमने निम्न विषय सीखे,संक्षेप में हमने निम्न विषय सीखेंः
page को zoom करते हैं या तो ctrl + + + press कर सकते,या भी control plus plus press कर सकता है
ctrl alt और t keys दबाकर terminal खोलें from,controller window और t कीज़ दबाकर terminal खोलें
edit और preferences पर click करें,edit और preferences पर click करें
start विशेषता variable के आरंभिक value को निर्दिष्ट करता है,start विशेषता वेरिएबल के आरंभिक वैल्यू को निर्दिष्ट करता है
computer की central processing unit के बारे में computer की,कंप्यूटर की central processing unit के बारे में
बेहतर दृश्यता के लिए मैं om edit window को बाईं ओर स्थानांतरित करती हूँ,बेहतर दृश्यता के लिए मैं उएमेरिड विंडो को बाईं ओर स्थानांतरित करती हूँ
ipython interpretor version 2 . 3 . 0 और biopython version 1 . 64,ipython interpreter version 23 और बाइथन version 164
अतः हम type करेंगे 1 x > than = to y new line enter press करें,अतः हम type करेंगे 1 x greater than equal to y newline enter दबायें
अब browser पर वापस आते हैं,अब browser पर वापस आते हैं
मेरे home folder से एक genbank file lan,मेरे home folder से एक दैनबैंक file लें
और यहाँ हम resolve button देख सकते हैं can edit,यहाँ हम resolved button देख सकते हैं
इसमें निम्न steps होते हैं,इसमें निम्न steps होते हैं
menu आप कई विकल्प याने options देख सकते है जैसे के file edit view transport tracks इत्यादि,उदाहरण menu में आप कई विकल्प यानि options देख सकते हैं जैसे कि file edit view transport trtags इत्यादि
code का अनुसरण करें biopython में methods उपयोग करके हमने dna sequence को protein sequence पर trans,बाइटन में मेथड्स उपयोग करके हमने dna sequence को protein sequence पर transfer किया है
ok पर click करें,ok पर click करें
previous पर click करने से शब्द के पिछले उदाहरण पर ध्यान चला जाएगा,पीवियस पर क्लिक करने से शब्द के पिछले उदाहरण पर ध्यान चला जायेगा
इसमें सारी जानकारी जैसे book id bookname author name isbn publisher total copies और available copies है,इसमें सारी जानकारी जैसे bookid bookname author name isbn publisher total copies और available copies है
आपकी गोपनीयता अब पूरी तरह से सुरक्षित,आपकी गुपनीयता अपूरी तरस सुरक्षित करें
notification bar के दाएँ तरफ छोटे cross चिह्न पर click करें,notification bar के दायें तरफ छोटे cross चिह्न पर click करें
नयी टैब में google drive page खोलेगा पेज,लाइटैब में google drive पेज खोलेगा
edit और preference,edit और प्रसेन्स को इस्तेमाल करते हैं
यहाँ आप code पर एक नज़र डाल सकते हैं,यहाँ आपके कोड पर एक नजर डाल सकते हैं
के नीचे next button पर click करें,अब इसकी नीचे next button पर click करें
project को सारांशित करता है,यह spoken tutorial project को सारांशित करता है
हम देख सकते हैं admin section . jsp में दो अन्य radio buttons हैं,हम देख सकते हैं admin section jsp में दो अन्य radio buttons हैं
ctrl alt और t keys एकसाथ दबाकर terminal खोलें,control alt और t कीज़ एक साथ दबाकर terminal खोलें
screen पर एक dialog box दिखता है,इस screen पर एक dialog box दिखता है
निम्न link पर उपलब्ध video देखें,निम्न link पर उपलब्ध video देखें
द्वारा संचालित है इस mission पर अधिक जानकारी के लिए उपलब्ध link पर संपर्क,इस mission पर अधिक जानकारी के लिए उपलब्ध लिंक पर संपर्क करें
अब sum block पर वापस जाएँ और जहां से हमने छोड़ा था वहां से शुरू करें,अब sun block पर वापस जाएँ और जहाँ से हमने छोड़ा था वहाँ से शुरू करें
biopython tools उपयोग करके gc % और sequence के molecular weight यानि आणविक भार की ने,बाइथन टूल्स उपयोग करके gc परसेंटेज और sequence के मॉलिक्यूलर weight यानि आणवििक भार की गई है
4 sum a _ n new line enter press करें,4 sum a underscore n new line enter दबाल करता है
from integer variable user exists को 0 से initialize करते हैं,ट्यूटोरियलिमेंटेज और वेरिएबल यूजरएक्सिट्स को  0 से इनिशिलाइज करते हैं
इसमें java code है जो हर बार निष्पादित होता है जब jsp का उपयोग किया जाता है,इसमें java code है जो हर पर निष्पादित होता है जब jsp का उपयोग किया जाता है
इसे 0 . 5 unit में बदलें,इसे 05 unit में बदलें
यदि आपके पास अच्छी bandwidth नहीं है तो आप इसे download करके भी देख सकते हैं,यदि आपके पास अच्छी bandwidth नहीं है तो आप इसे download करके भी देख सकते हैं
यह भारत सरकार के mhrd के ict के माध्यम से राष्ट्रीय साक्षरता mission द्वारा,यह भारत सरकार एमएचआरडी आईसीटी के माध्यम से राष्ट्रीय साक्षरता mission द्वारा समर्थित है
अतः इस tutorial में हमने सीखा,अतः इस tutorial में हमने सीखा
अब लिखिए derivatives and differential equations और enter button दो बार press करें,अब लिखिये directories and commercial applications और enter बटन दो बार प्रेस करें
फिर finish पर click करें,फिर finish पर click करें
और यहाँ url link है,और यहाँ url link है
आगे बढ़ने के लिए next button पर click करें,आगे बढ़ने के लिए नेक्स्ट बटन पर क्लिक करें
history of email or ray tomlinson link को save करें और एक offline document के रूप में देखने के लिए इसे नये टtab में save करें,history of email और rate टाइमिलेंसन लिंक को सेव करें और एक ऑफलाइंड डॉक्युमेंट के रूप में देखने के लिए इसे नये टैब में सेव करें
मैं ide पर वापस आऊँगा,मैं id  पर वापस आऊंगा
आगे इस mrna को सम्बंधित protein sequence पर translate करने के लिए translate method उपयोग करें,आगे इस mrn को सम्बंधित protein sequence पर translate करने के लिए translate method उपयोग करें
हम देख सकते हैं हमारे पास visitors home page नामक एक link है,हम देख सकते हैं हमारे पास विजिटर जोम पेज नामक एक लिंक है
हम जांचते हैं कि username और password वही हैं जिसे form में प्रविष्ट किये गए हैं,हम जाँचते हैं कि यूज़रनेम और पासवर्ड वही हैं जिसे फॉर्म में प्रविष्ट किये गये हैं
तक map करता है जिसे अनुरोध का संचलन करना है deploy,दूसरा तक मैप करता है जिसे अनुरोध का संचयलन करना है
ide पर वापस आते हैं,ide पर वापस आतें
फिर sign in पर click करें,फिर साइनिंन पर click करें
सारे mail में files को attachment की तरह भेजने की सुविधा होती है,सारे मेल में files को अटैशमेंट की तरह भेजने की सुफिता होती है
अगला एक उदाहरण दोहरा integral formula आयतफलकी का घनफल यानि cuboid का volume हल करने के लिए लिखते हैं,अगला a उदाहरण दोहरा internal formula फॉर्मला आयत फल्की का घनफल्ट यानि cuboid का वॉल्यूम हल करने के लिए लिए लिखते हैं
folder विकल्प प्रयोग करके एक folder बना सकते हैं,folder विकल्प प्रयोग करके एक folder बना सकते हैं
होता है यह sequence पर सामान्य operations करने के लिए tools रखता है,यह sequence पर सामान्य operations करने के लिए tools रखता है
यदि आपके पास अच्छा bandwidth नहीं है तो आप इसे download करके देख सकते हैं,यदि आपके पास अच्छा bandwidth नहीं है तो आप इसे download करके देख सकते हैं
हम इसका title home page रखते हैं,हम इसका टाइटल होमपेज रखते हैं
जैसेजैसे हम आगे बढ़ेंगे तो हम देखेंगे कि यह अनेक विकल्प रखता है,जैसेजैसे हम आगे बढ़ेंगे तो हम देखेंगे कि यह अनेक विकल्प रखता है
वापस आएं हमारा query sequence nucleotide है या protein sequence है इस आधार पर हमें उपयुक्त blast program उप,हमारा query sequence nucleotide है या protein sequence है
अब math को call करते हैं,अब मैथ को कॉल करते हैं
यह project,यह project
java servlets के basics और jsp यदी नही तो,� java सर्वलेट्स के basics और jsps
अतः अगली line पर type करें string space password = request . get parameter ( double ' ;,अतः अगली लाइन पर टाइप करें string space password equal to request get parameter ब्रैकेट्स और डबल कोट्स में पासवर्ड सेमीकॉलन
दिखाता हूँ इसके लिए मैं netbeans ide खोलूंगा यह हमारे पास,यहाँ मैं यह भागता हूँ इसके लिए मैं netbeans ide खोलूँगा
जब यह restart होता है नई themes लागू होती हैं,जब यह रिस्टार्ट होता है नई थीम्स लागू होती हैं
database में user को जोड़ने से पहले हमें user table के लिए एक model बनाना पड़ता है,database में user को जोडने से पहले हमें user table के लिए एक model बनाना पड़ता है
हम लोकप्रिय पुस्तकों के हल उदाहरणों के coding का समन्वय करते हैं कृपया दिखाए गए website पर जाएँ,हम local प्रिय पुस्तकों के हल उदाहरणों के coding का समंवय करते हैं कृपया दिखाए गए वेबसाइट पर जाएँ
यहाँ my gmail page bookmark,यहाँ mypage bookmark पर खुलता है
हमें your request to add harshita was successful message मिलता है,हमें your request to add हरशिता वो सक्सेसफूल message मिलता है
यह ( में recommended की तरह दर्शाया गया है,यह ब्रैकेट में recommended की तरह दर्शाया गया है
out पर click करे default रूप से firefox एक homepage प्रदर्शित,default रूप से filefox एक होमपेज प्रदर्शित होता है
इस tutorial में हमने निम्न सीखा,इस tutorial में हमने निम्न सीखा
jacks देखते हैं गुलाबी रंग का po,अब text देखते हैं
इस tutorial के लिए मैं उपयोग कर रही हूँ,इस tutorial के लिए मैं उपयोग कर रही हूँ
यह हमेशा अच्छा रहता है कि clip को लंबे समय तक बड़ा lan और फिर editing के अंत से उस भाग को काट दें जिसकी आपको ज़रुरत नहीं है,यह हमेशा अच्छा रहता है कि clip को लम्बे समय तक बढ़ा लें और फिर editing के अंत से उस भाग को cut दें जिसकी आपको ज़रुरत नहीं है
अतः हमारे text के बाद parentheses में number 1 दिखाई दिया है और हमने यह कर दिया है,अतः हमारे text के बाद parentheses में number 1 दिखाई दिया है और हमने यह कर दिया है
उपयोग कर रहा हूँ,यह कार्य नहीं है
यह phone verification page पर ले जायेगा,यह phone verification पेज पर ले जायेगा
जैसे ही हम type करते हैं हम देख सकते हैं कि इस text का पहला उदाहरण contents क्षेत्र में चिह्नांकित हुआ है,जैसे ही हम type करते हैं हम देख सकते हैं कि इस text का पहला उदाहरण content क्षेत्र में चिन्हांकित हुआ है
फिर request dispatcher प्रयोग करके हम success return page को forward करते हैं success return pa,फिर  repositories प्रयोग करके हम  success return पेज को फॉरवर्ड करते हैं
उदाहरण के लिए मानिए कि हमें अपना email login page को,उदाहरण के लिए मानिए कि हमें अपना email login पेज को उपयोग करना है
स्वागत है इस tutorial में हम सीखेंगे कि omedit में textual model कैसे बनाना है और इसे simulate कैसे करना है,इस tutorial में हम सीखेंगे कि�ः मेरे टेक्स्टूअल मॉडल कैसे बनाना है और इसे सिम्युलेट कैसे करना है
यह आपके gmail account का default या standard view है,यह आपके जीमेल account का default या standard view है
अब सीखते है कि mozilla firefox downloads कैसे संभालता है,अब सीखते हैं कि मुजला firefox downloads कैसे संभालता है
हमारे पास book की return date set करने के लिए date field भी है,हमारे पास books की return date set करने के लिए date field भी है
left और top नाम वाले filled canvas के शीर्ष बाएँ कोने के निर्देशांक से mail खाते हैं,left और top नाम वाले field canvas के शीर्ष बाएं कोने के निर्देशांक से मेल खाते हैं
मैं ubuntu10 . 04 संस्करण वाले operating system का इस्तेमाल कर रही हूँ,मैं उबंटू 1004 संस्करण वाले operating system का इस्तेमाल कर रही हूँ
है इसमें दो click होने वाले buttons और उनके बीच में एक scroll button है via mouse,इसमें इसमें 2 click होने वाले buttons और उनके बीच एक scroll button है
इसी के साथ हम mozilla firefom के search और autocomplete विशेषताओं के tutorial के अंत में आ गये हैं,इसी के साथ हम मुजला firefox के search और autocomany विशेषताओं के tutorial के अंत में आ गये हैं
और सूची में से greek अक्षर पर double click करें,और सूची में से बीक अक्षर पर doubleclick करें
जबकि diagram view component oriented modeling में काफी प्रयोग किया जाता है,जबकि diagram view component oriented model में काफी प्रयोग किया जाता है
इन में से एक कस्टमाइजेशन है,menu पर आपके लिए एक नियतकार्य शुरू करें
अब नए ellipse को प्रविष्ट करने के लिए toolbar में ellipse button पर click करें,अब नए ellipse को प्रविष्ट करने के लिए टूल बार में ellipse button पर click करें
अपने आकार के निरपेक्ष पाँच प्रमुख कार्यों को कार्यान्वित करता है ये input के मा,अपने आकार के निर्भेक्ष 5 प्रमुख कार्यों को कार्यान्वित करता है
t = 0 समय पर h की value 30 meter है और t = 0 समय पर v की value 0 है,t�ज़िबोल्यू 0 समय पर h की वैल्यू 30 मीटर है और
checkout या return book पर click करें,check out या return book पर click करें
अब हम google account creation page पर हैं,अब हम google account creation पेज पर हैं
अब हम नया math object देख रहे हैं जो कहता है e is = m c squared,अब हम नया मैथ ऑब्जेक्ट देख रहे हैं जो कहता है e is equal to mc square
scrap book bar मै प्रदर्शित होतें हैं restart now पर click करें,cursor अपर क्लिक करें और इसके लिए बायीं तरफ से प्रस्तुतिक्रिया को स्क्रिप्ट करें
एक model,एक model
लेकिन प्रति दिन अधिकतम प्राप्तकर्ताओं की सीमा 500 है,लेकिन प्रतिदिन अधिकतम प्राप्त करता हो कि सीमा 500 है
मैं firefox web browser प्रयोग करुँगी,मैं फाइलॉस सेब ब्राउंज़र प्रयोग करुँगी
कुछ समय के लिए मैं इन steps को छोड़ रही हूँ,कुछ समय के लिए मैं इन steps को छोड़ रही हूँ
यह spoken tutorial project को सारांशित करता है,यह spoken tutorial project को सारांशित करता है
tag कर सकते हैं done पर click करें,10 पर click करें
virtual machine ubuntu चुनें फिर शीर्ष पर हरे रंग के arrow के साथ start button पर click करें,virtual machine उबंटु चुनें फिर शीर्ष पर हरे रंग के ऐरो के साथ start बटन पर क्लिक करें
tutorial में हम विशेष रूप से drive के बारे में,इस tutorial में हम विशेष गूप से drive के बारे में सीखेंगे
फिर सफल checkout के लिए हम message प्रदर्शित करते हैं,फिर सफल चेकआउट के लिए हम मैसेज प्रदर्शित करते हैं
अब coding dna strand को सम्बंधित mrna में transcribe करते हैं,अब coding dns string को सम्बंधित mhrन में transfer करते हैं
प्रदर्शन के लिए मैं homo sapiens insulin mrna नाम के साथ 4 files चुनूँगी मैं,प्रदर्शन के लिए मैं homuss insulin mhrm नेम के साथ 4 files चुनूँगी
जब gmail homepage load हो जाता है edit पर click करिये और फिर,जब email homepage लोड हो जाता है edit पर click करिये और फिर file पर click करिये
link पर click करें,link पर click करें
file को zoom इन या zoom out करने के लिए cursor click करें जहाँ आपको file पर zoom करने की आवश्यकता है और edit panel पर zoom in या zoom out button पर click करें,file को zoomइन या zoomआउट करने के लिए cursor click करें जहाँ आपको file पर zoom करने की आवश्यकता है और edit panel पर zoomइन या zoomउट button पर click करें
यह नयी tab में एक खाली document खोलेगा हम देख,यह नयी टैब में एक खाली document खोलेगा
set operations लिखें,सेट ऑपरेशंस लिखें
यह file के size और internet की speed के आधार पर कुछ समय ले सकता है,यह फाइल के साइज़ और इंटरनिट की स्पीड के आधार पर कुछ समय ले सकता है
निम्नलिखित link पर video spoken tutorial project को सारांशित करता है कृपया इसे download करें और देखें,निम्नलिखित लिंक पर वीडियो स्पोकन ट्यूटोरियल प्रोजेक्ट को सारांशित करता है कृपया इसे डाउनलोड करें और देखें
उसी प्रकार हम password को भी पुनः प्राप्त करेंगे,उसी प्रकार हम password को भी पुनः प्राप्त करेंगे
इस page के अंत में जाने के लिए दो या तीन बार down arrow key दबाएं,इस पेज के अंत में जाने के लिए दो या तीन बार down arrow की दबाएं
यदि किसी कारण से आप default theme पर वापस जाना चाहते हैं,यदि किसी कारण से आप default theme पर वापस जाना चाहते हैं
मैं श्रुति आर्य आपसे विदा लेती हूँ हमसे जुड़ने के लिए धन्यवाद,आई आई टी बॉम्बे से मैं श्रुति आर्य आपसे विदा लेती हूँ हमसे जुड़ने के लिए धन्यवाद
google हमारे दिए गए first और last names पर आधारित कुछ usernames भी सुझाएगा,google हमारे दिए गए first और last names पर आधारित कुछ यूज़रनेम्स भी सुझायेगा
अब netbeans ide पर वापस जाते हैं,अब netbeans ide पर वापस जाते हैं
आगे bio . blast package से ncbi xml module को import करें,आगे yudot plus package से ncbi xml module को import करें
ons को परिभाषित करता है और आपको बताता है की add on के साथ कैसे आरंभ करें,और आपको बताता है कि addon के साथ कैसे आरम्भ करें
हम इसे ऐसे ही छोड़ देंगे,हम इसे ऐसे ही छोड़ देंगे
audacity में audio file कैसे खोलें,और residue में audio file कैसे खोलें
output के लिए type करें dna 3 enter दब,output के लिए type करें dna3 enter दबाएँ
ज़रुरत होगी,जरूरत होगी
tracks को देखें अगर वहाँ केवल एक track है तो audio mono में है,tags को देखें अगर वहाँ केवल एक tracks है तो audiomonom में है
ता है अब 0808 i am becky को can edit,अब 0808 i am beci cookieu can edit देखते हैं
अब desktop पर जाते हैं,अब desktop पर जाते हैं
modelica library का विस्तार करें,module library का विस्तार करें
आपका पूर्ण नियत कार्य निम्न code रखेगा,आपका पूर्ण नियत कार्य निम्न कोड रखेगा
फिर i agree to the google terms and privacy policy check box पर click करें,फिर i agree to the google terms and privacy policy चेकबॉक्स पर click करें
अगला partial derivative के लिए हम partial शब्द का इस्तेमाल कर सकते हैं और markup up इस प्रकार दिखेगा del f over del x,अगला partial डरिवेटिव के लिए हम partial शब्द का इस्तेमाल कर सकते हैं और markup इस प्रकार दिखेगा delf over delx
अब हम यह link किसी भी email id को भेज सकते हैं जिसका मतलब है कि कोई भी जिसके पास यह link है उस document को देख सक,अब हम यह लिंक किसी भी ईमेलआईडी को भेज सकते हैं जिसका मतलब है कि कोई भी जिसके पास यह लिंक है उस document को देख सकता है
ubuntu version 12 . 04,उबंटु version 1204
भागों को जोड़ना भी सीखेंगे सामान्यतः,अब हम इस tutorial को जोड़ना भी सीखेंगे
अब netbeans ide पर वापस आते हैं,अब netbeans ide पर वापस आते हैं
यह math formula editor और elements window open करेगा चलिये formula edit,यह maths formula editor और elements window opens करेगा
अब श्रेणीबद्ध करते हैं यानि कि दो strings को एकसाथ जोड़कर एक नया fragment बनाते हैं,अब चुनेंबद्ध करते हैं यानी कि दो strings को एक साथ जोड़कर एक नया fragment बनाते हैं
होता है कृपया इसे download करके देखें,कृपया इसे download करके देखें
यह इस tutorial के अंत में लाता है,यह इस tutorial के अंत में लाता है
statusbar हमें यह जानने में मदद करता है कि क्यों एक विशेष site load नहीं हो रही है site को load होने में कितना time लगेगा इत्यादि,status bar हमें यह जानने में मदद करता है कि क्यों एक विशिष्ट site लोड नहीं हो रही है site को load होने में कितना time लगेगा इत्यादि
ध्यान दें कि नीचे दायीं तरफ दो buttons हैं जो बताते हैं,ध्यान दें कि नीचे दायीं तरफ दो buttons हैं जो बताते हैं
सरल करें file को insulin . fasta की तरह save करें,file को insulin की तरह सेव करें
यह स्वीकार्य है जो दिखाता है कि user name उपलब्ध है,यह स्वीकार है जो दिखाता है कि यूजरनेम उपलब्ध है
navigation toolbar पर url bar के बगल में एक searchbar field,navigation toolbar पर urlbar के बगल में एक search bar field बनाएँ
तो इसका मतलब है कि इसके लिए कोई preferences नहीं है strap book,यह इसका मतलब है कि इसके लिए कोई preferences नहीं है
आप अपने चुनाव का कोई भी web browser उपयोग कर सकते हैं इस,आप अपने चुनाव का कोई भी web browser उपयोग कर सकते हैं
यह cpu है,यह cpu है
रण जोड़ने के बाद computer चलाते हैं सबसे पहले monitor,अब हम एक उदाहरण जोड़ने के बाद computers चलाते हैं
बढ़ाता हैं hiss और hmm की आवाज़ें भी बड़,हिस और हम की अवाजें भी बढ़ता है
google website bookmark हो gi है,google वेबसाइट बुक्माक हो गयी है
output उस यादृच्छिक dna sequence के लिए sequence object दिखाता है,output उस यादृच्छिक dns sequence के लिए sequence object दिखाता है
डाइअलॉग box open होगा ok पर click करे, dialog box ओपन होगा ok पर click करें
bombay से मैं श्रुति आर्य आपसे विदा लेती हूँ इस tutorial को देखने के लिए और हमसे जुड़ने के लिए धन्यवाद,आई आई टी बॉम्बे से मैं श्रुति आर्य आपसे विदा लेती हूँ इस ट्यूटोरियल को देखने के लिए और हमसे जुड़ने के लिए धन्यवाद
यदि आप किसी अन्य स्थान पर इस virtual disk image को save करना चाहते हैं तो इस icon पर click करें और आगे बढ़ें मैं इस प्रदर्शन के लिए इस भाग को छोड़ रही हूँ,यदि आप किसी अन्य स्थान पर इस virtual disk image को सेव करना चाहते हैं तो इस आइकन पर क्लिक करें और आगे बढ़ें मैं इस प्रदर्शन के लिए इस भाग को छोड़ रही हूं
अब command type करते है ffmpeg i functions _ hindi . ogv v n acodec copy test2 . ogg,अब command type करते हैं ffmpeg माइनस i functions underscore hindi dot orgv माइनस vn माइनस एक और डict copy test2 dot orgg
यह request पर get attribute method उपयोग करके किया गया है,यह request पर getattribute method उपयोग करके किया गया है
मिटाने के लिए selection tool को चुनें और audio के जिस भाग को मिटाने की ज़रुरत है उसे चुनें left click करके drag करके और फिर छोड़ें audio के उस भाग को मिटाने के लिए delete दबाएं,मिटाने के लिए selection tool को चुनें और audio के जिस भाग को मिटाने की ज़रुरत है उसे चुनें left click करके drag करके और फिर छोड़ें audio के उस भाग को मिटाने के लिए delete दबाएँ
show details arrow पर click करें,showdetails arrow पर click करें
type करें dna 2 = to string 1 + string 2 enter दबाएं,type करें dna2 equal to string1 plus string2 enter दबाएं
इस तरह से file को folder में खीचें और छोड़ें तब,फिर इस तरह से file को folder में खींचें और छोड़ें
canvas पर right click करें और properties चुनें,canvas पर right click करें और properties चुनें
एक document खोलें,एक document खोलें
अब logut करें,अब लॉग आउट करें
firefox web browser 21 . 0,firefox web browser 220
mouse सूचक menu पर रखें और बायाँ mouse button छोड दें,mouse सूचक menu पर रखें और बायाँ mouse button छोड़ दें
दोनों चुनाव import file dialogue box खोलेंगे यहाँ आप वो video चुन सकते हैं जो आप file का नाम और पथ निर्दिष्ट करके edit करना चाहते,दोनों चुनाव import file dialog box खोलेंगे यहाँ आप वो video चुन सकते हैं जो आप file का name और पत्त निर्दिष्ट करके edit करना चाहते हैं
program databases के sequences की nucleotide या protein sequences से तुलना करता है और match के सांख्यिकीय महत्व की गणना करता है,program database के sequence की निक्लिटाइड या protein सीक्वेंस से तुलना करता है और मैज के सांख्यिक यह महत्र की गणना करता है
इसे internet server भी कहते हैं,इसे internet server भी कहते हैं
restart now पर click करें,restart नव पर click करें
ध्यान दें कि हमारे पास java code के अंदर html code है,ध्यान दें कि हमारे पास java code के अंदर html code है
या amplification box में और बढ़ाकर उसके आधार पर कि आप आवाज़ को जितना कम करना चाहते हैं और ok पर click करें,या amplification box में और बढ़ाकर उसके आधार पर कि आप आवास को जितना कम करना चाहते हैं और ok पर click करें
अतः doget method के अंदर हम कुछ code type करेंगे,यह do get method के अंदर हम कुछ code type करेंगे
enable button पर click करे restart now, enable button पर click करें
audacity help box खुलता है ok पर click करें,odacity help box खुलता है ok पर click करें
हमें message मिलता है कि book सफलतापूर्वक return की जा चुकी है,हमें message मिलता है कि book सफलतापूर्वक रिटर्न की जा चुकी है
spoken tutorial project is helping to bridge the digital divide,spoken tutorial project is heading to bridge the digital divide
address bar में पीले star पर click करें,address bar में पीले star पर click करें
अतः import video पर click करके मैं इसे collection panel में import करुँगी,अतः import video पर क्लिक करके मैं इसे collection panel में import करुँगी
. three ipython version 0 . 12 . 1 और,यहाँ हमें घोषबन प्रविष्ट करेंगे
अब मैं slides पर वापस जाती हूँ,अब मैं slides पर वापस जाता हूँ
hard disk page पर हमें यह तय करना होगा कि किस प्रकार की virtual hard disk हम उपयोग करने जा रहे हैं मै एक,अब हमें हार्डडिस्क पेज पर हमें यह तय करना होगा कि किस प्रकार की वर्शियल हार्डडिस्क हम उपयोग करने जा रहे हैं
हम निम्न करना सीखेंगे,हम निम्न करना सीखेंगे
jsp directive opening tag < than sign % sign और @ sign के साथ शुरू होता है और closing tag % sign और > than sign के साथ समाप्त होता है,jsp directory opening tag less than sign percentage sign और at द rate साइन के साथ शुरू होता है और closing tag %अब परसेंटेज साइन और greater than साइन के साथ समाप्त होता है
तीसरा button text view है,तीसरापर्टर text view है
डिफ़ॉल्ट रूप से english us दोनों side पर चुना जाएगा यदि,default रूप से english usa दोनों साइट पर चुना जाएगा
अगला चलिए bakey text को formula editor window में निम्लिखित तरह से लिखते हैं where a,अगला चलिए बाकी text को formula editor window में निम्नलिखित तरह से लिखते हैं
अच्छे से नज़र आने के लिए enter key एक बार press करते हैं,अच्छे तो नज़र आने के लिए enter key एक बार press करते हैं
पर अधिक जानकारी spoken tutorial . org /,इस mission पर अधिक जानकारी spoken hyphen tutorial dot org slash nmeict hyphen intro पर संपर्क करें
parameter एक मात्रा है जो simulation में स्थिर रहता है,parameter एकमात्रा है जो simulation में स्थिर रेता है
शीर्षक में बदलाव पर ध्यान दें,शीर्षक में बदलाव पर ध्यान दें
ctrl + s दबाकर model को save करें,ctrl s दबाकर model को सेव करें
कुछ sites आपको प्रवेश करने की अनुमति नहीं देती जब adblocker on रहता है,कुछ sites आपको प्रवेश करने की अनुमति नहीं देती जब add blocker on रहता है
libraries पर right click करें और add library पर click करें,libraries पर right click करें और add libraries पर click करें
write function तीन arguments लेता है,write function तीन arguments लेता है
इते हैं,इस window में आपका स्वागत है
format करीए जहाँ कहीं भी आवश्यकता हो लम्बे रिक्त स्थान और नई lines जो,जहाँ कहीं भी आवश्यकता हो लम्बेरी क्त स्थान और नयी लाइन्स जोड़ूँगा
ubuntu 10 . 04 पर फ़ायरफ़ॉक्स वर्ज़न 7 . 0 का इस्तेमाल कर रहे हैं,हम उबंटू 1004 पर firefox वर्ज़न 70 का इस्तेमाल कर रहे हैं
mark up इस तरह से screen पे दिखेगा अतः कोष्ठकों का इस्तेमाल करके हमने संख्याओं को समीकरण में रख दिया,अतः कोष्ठकों का इस्तेमाल करके हमने संख्याओं को समीकरण में रख दिया है
compose window विकल्पों के बारे में,compos window विकल्पों के बारे में
फिर हमें book already issued की value return होती है,फिर हमें book already issued की value रिटर्न होती है
अधिक जानकारी दिए गए link पर उपलब्ध है http : double / spoken - tutorial . org / nmeict - intro,अधिक जानकारी दिए गए लिंक पर उपलब्ध है
निम्नलिखित link पर video देखें यह spoken tutorial projects को सारांशित करता है,निम्नलिखित link पर video देखें यह spoken tutorial project को सारांशित करता है
पास निम्न menus हैं new my drive shared with me google photos resend start और trash default,ये passed निम्न menus हैं new my drive checked with me google photos recent start और trash
फिर file save करने के लिए ctrl s दबाएं,फिर फाइल सेव करने के लिए ctrl s दबाएँ
हम html response को client को वापस भेजने के लिए response object प्रयोग करेंगे,हम html response को client को वापस भेजने के लिए response object प्रयोग करेंगे
printer कुछ output उपकरण हैं सामान्यतः एक,उपरोक्त प्रिंटर कुछ आउटपुट उपकरण हैं
username अद्वितीय होना चाहिए और अक्षरों या alphanumeric संयोजन से बनाया जा सकता है, username अद्वितीय होना चाहिए और अक्षरों या alphanumeric संयोजन से बनाया जा सकता है
यह दो inputs और एक output के साथ पिछले case के समान है,ये दो inputs और एक output के वापसाथ पिछले case के समान हैं
अब browser पर वापस आते हैं,अब browser पर वापस आते हैं
download करके देख सकते हैं spoken,अच्छी bandwidth न मिलने पर आप इस file को download करके देख सकते हैं
हम कम्प्यूटर के अनेक भागों के बारे में सीखेंगे हम अनेक भाग,इस tutorial में हम computer के अनेक भागों के बारे में सीखेंगे
मैंने ऐसा पहले ही कर लिया है,मैंने ऐसा पहले ही कर लिया है
add information to deployment descriptor पर click करें,add information to development descriptor पर click करें
भले ही हम convert function उपयोग करके file formats को आसानी से बदल सकते हैं लेकिन यह सीमायें रखता है,भले ही हम convert फंक्शन उपयोग करके file formats को आसानी से बदल सकते हैं लेकिन यह सीमाएं रखता है
print,print पर click करें
यहाँ हमारे पास दो विकल्प हैं,यहाँ हमारे पास दो विकल्प हैं
keyboard,keyboard
library management system अग्रणी software mnc के corporate social responsibility कार्यक्रम के अंतर्गत योगदान दिया गया है इस,लाइब्रेरी मैनेंजमेंट सिस्टम अग्रारणी सॉफ्टवेयर में एम एनीसी के कोरोपरेट सोशियल रिस्पॉन्सेबिलिटी कार्यक्रम के अंतर्गत योगदान दिया गया है
equation और insert object,और insert object पर क्लिक करें और insert पर क्लिक करें
एक जटिल formulae को हल करने के लिए अच्छा तरीका यह है कि formulae के सबसे भीतरी elements से शुरुआत करें,एक जटिल फॉर्मूले को हल करने के लिए अच्छा तरीका यह है कि फॉर्मूले के सप्ते भीतरी एलिमेंट से शुरूआत करें
पहले हमने user . java को imported किया है,पहले हमने user java को imported किया है
कर देंगा ctrl a दबाकर उन सबको चुनें अब किसी clip पर right click करें और add to timeline सबविकल्प चुनें,ctrl a दबाकर उन सबको चुनें अब किसी clip पर right click करें और add to timeline सब विकल्प चुनें
खाली स्थान पर ध्यान दीजिए| अतः यह तरीके हैं जिससे हम अपने फ़ॉ,अतः यह तरीके हैं जिससे हम अपने format के रूप में सेव करेंगे
हमसे जुड़ने के लिए धन्यवाद,हमसे जुड़ने के लिए धन्यवाद
और sign in पर click करें,और साइनिम पर click करें
उदाहरण स्वरुप alpha को छोटे अक्षर में लिखने के लिए type करें % alpha या % beta,उदाहरणस्वरूप अल्फा को छोटे अक्षर में लिखने के लिए टाइप करें % alpha  या % beta
सामान्यतः एक sequence object को edit नहीं,सामान्यतः एक sequence object को edit नहीं किया जाता है
terminal window पर वापस चलते है ctrl l press करके screen को clear करते है अब,terminal window पर वापस चलते हैं ctrl l प्रेस करके screen को clear करते हैं
हम देख सकते हैं servlet name class name के समान ही है जो my servlet है,हम देख सकते हैं server name class name के समान ही है जो mysqlate है
यहाँ हमें अपना वो message लिखना है जो हम भेजना चाहते हैं,यहाँ हमें अपना वो message लिखना है जो हम भेजना चाहते हैं
spoken tutorial,इस ट्यूटोरियल में आपका स्वागत है
अगर हमने किसी file या document को important mark किया है तो file इस menu में दिखाई देगी अब,कर्ड अगर हमने किसी फाइल या डॉक्यूमेंट को इम्पॉर्टैन्मार्क किया है तो फाइल इस मेन्यू में दिखाई देगी
करेंगे उदाहरण के लिए sequence में उपस्थित alanines की संख्या को गिनने के लिए निम्न command type करें dna2 . count ( में double ' में अक्षर a,उदाहरण के लिए सीक्वेंस में उपस्थित alanine की संख्या को गिणने के लिए निम्न कमांड टाइप करें dna2 count  ब्रैकेट्स में डबल कोट्स में अक्षर a
track को पूरी तरह से हटाने के लिए track को चुनें tracks tab पर click करें और remove tracks चुनें,track को पूरी तरह से हटाने के लिए drag को चुनें
सभी bookmarks को एक नये folder में save करें book,सभी bookmarks को एक नये folder में सेव करें
पत्र भी‌ देते हैं अधिक जानकारी के लिए कृपया contact @ spoken tutorial . org पर लिखें,अलग पर अधिक जानकारी के लिए कृपया
mozilla firefox interface और toolbars पर tutorial में आपका स्वागत है, मुझला firefox interface और toolbars पर tutorial में आपका स्वागत है
grab and drag extension extension tab के दायें panel मे प्रदर्शित होता हैं पिछले चरणों का अनुकरण करे,ट्यूटोरियल में ग्राब और ड्रैग एक्सटेंशन एक्सटेंशन्स टैब के दायें panel में प्रदर्शित होता है
दिए गए text box में अपना mobile number प्रविष्ट करें,दिए गए text box में अपना mobile number प्रविष्ट करें
हम library management system का उदाहरण उपयोग कर चुके हैं इस श्रृंख,हम library management system का उदाहरण उपयोग कर चुके हैं
विषय पर click करिए दायीं और के buttons अब सक्रिय हो गयें है remove buttons पर click करिये,इस tree विषय पर click करिये दायीं ओर के buttons अब सक्रिय हो गये हैं
mouse button को छोड़ दें tab अब,टैब अब mouse button को छोड़ दें
हम देखते हैं हमें एक error message मिलता है the age must be a positive integer,हम देखते हैं हमें एक error message मिलता है the age must be a positive integer
हैं अब देखते हैं कि string के भागों को कैसे extract करते हैं और उन्हें sequence objects,अब देखते हैं कि string के भागों को कैसे extract करते हैं और उन्हें sequence objects के ब्लॉक
हम find bar की मदद से contents क्षेत्र में किसी विशिष्ट text की खोज कर सकते हैं,हम find bar की मदद से contents क्षेत्र में किसी विशिष्ट text की खोज कर सकते हैं
default रूप से cursor to क्षेत्र में है,default रूप से cursor 2 क्षेत्र में है
netbeans ide 7 . 3,netbeans ide 733
होता है यद्यपि वास्तविक biological systems में transcription की प्रक्रिया template strand के साथ शुरू होती है,यद्यपि वास्तविक बाइलॉजिकल सिस्टम में ट्रांस्क्रिप्शन की प्रक्रिया टेम्पलेट स्ट्रिंग के साथ शुरू होती है
निम्नलिखित link पर उपलब्ध video देखें यह spoken tutorial project को सारांशित करता है,निम्नलिखित link पर उपलब्ध video देगे यह spoken tutorial project को सारांशित करता है
ऊपरी दायीं तरफ हम अपने name के आगे एक grid icon देख सकते हैं,ऊपरी दायीं तरफ हम अपने name के आगे एक grid icon देख सकते हैं
अधिकतर file formats seqio module में उपलब्ध functions उपयोग करके parse किये जा सकते हैं,एक्टर file formats sq io file में उपलब्ध functions उपयोग करके passed किये जा सकते हैं
initial equations section का उपयोग प्रारंभिक conditions को प्रविष्ट करने के लिए,initial structures section का उपयोग पैराम्भिक conditions को प्रविष्ट करने के लिए
ok पर click करें,ok पर click करें
खुली हुई create virtual machine में हम name and operating system page देख सकते हैं,खुली हुई create version machine में हम name an operating system पेज देख सकते हैं
यह भारत सरकार के mhrd के ict के माध्यम से राष्ट्रीय साक्षरता mission द्वारा समर्थित है,यह भारत सरकार के एमएचआरडी के आईसीटी के माध्यम से राष्ट्रीय साक्षरता mission द्वारा समर्थित है
ध्यान दें कि अब clip मौजूदा स्थिति पर दो clips में विभाजित होती है यह एक बहुत सक्षम editing tool है,ध्यान दें कि अब clip मौजूदा स्थिति पर दो clips में विभाजित होती है यह एक बहुत सक्षम editing tool है
और checkout . java checkout का model है,और checkout dot java checkout का model है
उदाहरण के लिए d e r h = v को v = d e r h के रूप में लिखा जा सकता है,उदाहरण के लिए dirh is equal to v को v is equal to dirh के रूप में लिखा जा सकता है
है यह option आपके operating system के लिए configure की gi settings का उपयोग,यह option आपके operating system के लिए configure की कई settings का उपयोग करके कार्यशालाएँ है
writer . println ( और double ' में welcome,writer println brackets और double quotes में welcome
और enter press करे यह,शब्दों में type करें और enter दबायें
प्रदर्शित पॉपअप में बड़े shut down button पर click करें,प्रदर्शित pop अप में बड़े शेडडाउन बटन पर क्लिक करें
admin page पर जाने के लिए login page को संशोधित करना,admin पेज पर जाने के लिए login पेज को संशोधित करना
insert as drive link,insert as drag link
मैं slides पर वापस जाती हूँ,मैं slides पर वापस जाता हूँ
दिखाता है हम उपरोक्त sequence record object को fasta file में बदलने के लिए write function उपयोग करेंगे,हम उपरोक्त sequence record object को fastfile में बदलने के लिए write function उपयोग करेंगे
इस page में admin books की list देख सकता है,इस पेज में admin books की list देख सकता है
mrna का protein sequence पर translation,mr na का protein sequence पर translation प्रतिबद्ध है
अब हम देखेंगे के कैसे इन narrations को जोड़े याने merge करे या तो इन्हें एक single track पर कैसे लाए,add हम देखेंगे कि कैसे इन एनरेशन्स को जोड़े याने मर्ज करें या तो इन्हें एक single ट्रैक पर कैसे लाए
file में उपस्थित sequence दिखाता है इस,output file में उपस्थित sequence दिखाता है
यदि नहीं तो सम्बंधित tutorials के लिए कृपया हमारी website पर जाएँ,यदि नहीं तो संबंधित tutorials के लिए कृपया हमारी website पर जाएँ
formatting toolbar को छुपाने के लिए formatting options button पर click करें,formatting toolbar को छुपाने के लिए formatting options button पर click करें
block modelica में एक विशिष्ट class है,block model का में एक विशिष्ट class है
icon view को icon annotation का उपयोग करके निर्दिष्ट किया गया है जबकि diagram view को diagram annotation का उपयोग करके निर्दिष्ट किया गया है,icon view को icon annotation का उपयोग करके निर्दिष्ट किया गया है जबकि diagram view को diagram annotation का उपयोग करके निर्दिष्ट किया गया है
microsoft windows का एक घटक windows moviemaker एक editing software है जो सारे windows versions me xp या vista के लिए उपलब्ध है,microsoft windows का एक घटक windows movie में कर एक editing सॉफ्टवेयर है जो सारे windows versions me xp या विस्ता के लिए उपलब्ध है
spoken tutorial talk to a teacher project का हिस्सा है जिसे,spoken tutorial talktoateacher project का हिस्सा है
वरना अगर यूज़र है तो हम book already issued method को call करते हैं,फर्ना अगर यूजर है तो हम book already issued method को कॉल करते हैं
string space username = request . get parameter ( और double ' में username और ;,string space  यूज़रनेम equal to request get पैरामीटर ब्रैकेट्स और डबल कोट्स में यूज़रनेम और सेमीकॉलन
load images automatically box check करें,load images automatically box check करें
होता है नई theme लागू होती हैं तो हम देख,यहाँ पूर्ण डेटा होता है नयीं थीम्स लागू होती हैं
मिटाया जाना अस्थायी है हम,फिर पीविटाया जाना अस्थाई है
इसे भारत सरकार के mhrd के राष्ट्रीय साक्षरता mission ने ict के माध्यम से समर्थित किया है,इसे भारत सरकार के एमएचआरडी के राष्ट्रीय साक्षरता mission ने आई सी टी ict के माध्यम से समर्थित किया है
d of theta over d of t = - k गुणा theta - s जहां s,d of theta और d of t इक्वल टू माइनस k गुणा theta माइनस s जहाँ s r is equal to k है
कृपया ध्यान दें हम असंगत alphabets की sequences को नहीं जोड़ सकते,कृपया ध्यान दें हम असंगत आल्फॉर्बेट्स की sequence को नहीं जोड़ सकते
zoom out button video timeline को ख़त्म करता है जिससे आप पूरे video को timeline पर देख सकें,zoomout button video timeline को ख़त्म करता है जिससे आप पूरे video को timeline पर देख सकें
यहाँ equations के लिए कोई डेटा flow दिशा नहीं है,यहाँ�प्वेशन्स के लिए कोई data flow दिजा नहीं है
book की जानकारी निकालना,कुक की जानकारी निकालना
modelica library से blocks का उपयोग कैसे करना है,modelिक library से blocks copy और कैसे करना है
laptop के अनेक भागों के बारे में और,3 streams के laptop के अनेक भागों के बारे में
x summation के लिए limits निर्धारित करने के लिए operators वर्ग का इस्तेमाल करें,x समिशन के लिए लिमिट्स निर्धारित करने के लिए operators वर्ग का इस्तेमाल करें
coordinate system जैसे scale factor के अन्य fields की चर्चा इस tutorial के दायरे से परे है,coordinate system जैसे scale factor के अन्य fields की चर्चा इस tutorial के दायरे से परे है
circle को ellipse annotation के जरिए प्राप्त किया जाता है पहले इसकी properties को बदलते हैं,circle और ellipse annotation के जरिये प्राप्त किया चाहता है पहले इसकी properties को बदलते हैं
इस class का प्रयोग केवल diagram view के लिए ही किया जाता है और इसलिए इसकी चर्चा नहीं की जानी चाहिए,इस class का प्रयोग केबल diagram view के लिए यह जाता है और इसलिए इसकी चर्चा नहीं की जानी चाहिए
लगता है जैसा कि प्रकृति में होता है stop codon frame में पहले तक dna,जैसा कि प्रकृति में होता है stop code on frame में पहले तक dna transfer करता है
d 7 . 3 jd,java program का उपयोग करके कार्यशालाएँ भी चलाती है
format menu पर click करें और spacing चुनें,format menu पर click करें और spacing चुनें
तो सम्बंधित tutorials के लिए कृपया हमारी website पर जाएँ,तो सम्बंधित tutorials के लिए कृपया हमारी website पर जाएँ
हम देख सकते हैं कि सबसे उपर परिणाम gmail के लिए है email from google,हम देख सकते हैं कि सबसे ऊपर परिणाम gmail के लिए है email from google
netbeans ide 7 . 3,netbeans ide 733
संस्थापन के साथ आगे बढ़ने के लिए continue पर click करें,संस्थापन के साथ आगे बढ़ने के लिए  continue पर क्लिक करें
spoken tutorial project को nmeict mhrd भारत सरकार द्वारा वित्त पोषित किया जाता है इस mission पर अधिक जानकारी इस link पर उपलब्ध है,spoken tutorial project को एनएमईआईसीटी एमएचआरडी भारत सरकार द्वारा वित्त पोषित किया जाता है
करता है यह output,यह आउटपुट क्या है
कि webinf folder के अंदर यहाँ index . jsp है index . jsp,वह जानती है कि वह बायें ने folder के अंदर यहाँ index jsp है
software को ubuntu links में कैसे install करे इस पर ज्यादा जानकारी के लिए इस website पर मौजूद ubuntu के spoken tutorials को देखे,सॉफ्टवेयर को उबंटू लिनक्स में कैसे इंस्टॉल करें इस पर ज्यादा जानकारी के लिए इस वेबसाइट पर मौजूद उबंटू के spoken tutorials को देखें
put में identifier line इसके बाद file में शामिल sequence और file में सारे records के लिए sequence की length भी दिखती है,put में identifier file line इसके बाद file में शामिल sequence और file में सारे records के लिए sequence की length भी दिखाती है
वो paste करे यह निम्न प्रकार भी किया जा सकता है या तो keyboard shortcut ctrl v से,यह निम्न प्रकार भी किया जा सकता है या तो keyboard shortcut control v से
सम्बंधित text boxes में username और password प्रविष्ट करें,सम्बंधित text boxes में username और password प्रविष्ट करें
इस mission पर अधिक जानकारी दर्शाये link पर उपलब्ध है IIT Bombay से,इस mission पर अधिक जानकारी दर्शाये link पर उपलब्ध है
general tab में stop time field पर जाएँ इसे 5 units में बदलें,general time में stop time field पर जाएँ इसे 5 units में बदलें
अन्यथा install ubuntu पर click करें मैं install ubuntu option पर click करुंगी,अन्यथा install ubuntu पर क्लिक करें मैं install ubuntu ऑप्शन पर क्लिक करूंगी
अच्छी bandwidth न मिलने पर आप इसे download करके देख सकते हैं,अच्छी bandwidth न मिलने पर आप इसे download करके देख सकते हैं
एक email में एक photo या link प्रविष्ट करना,एक email में एक photo या link प्रविष्ट करना
तरह दिखाई देता है यह है कंप्यु,यह कंप्यूटर दर्शाता है
और bio . blast . record module उपयोग कर के blast output को parse करना,और file dot paste dot record module उपयोग करके ब्लास्ट आउटपुट को पार्स करना
web browser 21 . 0 आप अपनी पसंद का कोई भी,यह डिलिमीट बॉक्स वेब ब्राउज़र 220
पर ध्यान दें कि document का शीर्षक untitled document है यह,ध्यान दें कि document का शीर्षक untitled document है
यांनी के छाटतें हैं इस tutorial के अनुसरण के लिए आपको,इस tutorial के अनुसरण के लिए आपको
greek characters का इस्तेमाल करना जैसे alpha beta theta,ग्रीक हैक्टर्स का इस्तेमाल करना जैसे अल्फा बीटा थीटा
अगर आपके pc पर यह नहीं है तो आप इसे www . microsoft . com / downloads से free download कर सकते हैं,अगर आपके pc पर यह नहीं है तो आप इसे www microsoft com स्लैश downloads सेफरी डाउनलोड से फ्री डाउनलोड कर सकते हैं
इस mission पर अधिक जानकारी निम्न link पर उपलब्ध है,इस mission पर अधिक जानकारी निम्न लिंक पर उपलब्ध है
हमें popup message मिलेगा,हमें popup message मिलेगा
अब browser पर वापस आते हैं,अब browser पर वापस आते हैं
ध्यान दें कि दो classes का एक ही नाम नहीं हो सकता है,ध्यान दें कि दो classes का एक ही नाम नहीं हो सकता है
एक book वापस करना,एक book वापस करना
cylab console window को खोलिए ये दूसरा narration एक और stereo track में आएगा उसी तरह आप अलग अलग narration record कर सकते है जो अलग अलग tracks में दिखाई देंगे आप,scilab console window को खोलिए ये दूसरा निरेशन एक और स्टीडियो ट्रैक में आएगा उसी तरह आप अलगअलग निरेशन रिकार्ड कर सकते हैं जो अलगअलग ट्रैक्स में दिखाई देंगे
मैंने borrow की गयी books को संचित करने के लिए checkout table बना ली है,मैंने बोरों की गई books को संचित करने के लिए checkout table बना ली है
यह genbank file file के पहले भाग में genome में सारे genes के विवरण रखती है,यह जन्मिंग file file file के पहले भाग में जिनों में सारे जीज़ की विवरण रखती है
अगर एक extension के लिए preferences button दिखाई नहीं देता है,अगर एक extension के लिए preferences button दिखाई नहीं देता है
हम web page folder में welcome . jsp web सकते हैं,हम web page folder में welcome jsp देख सकते हैं
आपके internet की speed के आधार पर यह blast की खोज को पूरा करने के लिए कुछ समय ले सकता है,आपकी internet के speed के आधार पर यह brush की खोज को पूरा करने के लिए कुछ समय ले सकता है
निम्न link पर उपलब्ध video देखें,निम्न link पर उपलब्ध video देखें
file format में genbank चुनें एक,format में जन्म बिंग चुनें
छोड़ दे अब शेष विवरण देखते हैं,अब शेष विवरण देखते हैं
spoken tutorial के लिए उन्होंने इस विषय वस्तु की पुष्टि भी की है,इस spoken tutorial के लिए उन्होंने इस विषयवस्तु की पुष्टि भी किये
writer gray box में equation पर ध्यान दें,writer grey box में equation पर ध्यान दें
अनुसरण के लिए आपको निम्न का ज्ञान होना चाहिए,इस tutorial के अनुसरण के लिए आपको निम्न का ज्ञान होना चाहिए
मैं freefall पर right click करके इस परिणाम को delete करती हूँ और delete result चुनती हूँ,मैं freefoam पर right क्लिक करके इस परिणाम को डिलीट करती हूँ और delete results चुनती हूँ
दो नतीजों को अलग steps को पूरा करिये,हम इन स्टेप्स को पूरा करिये
manager खोलें get addon options मे featured,get advanced option में featured and seas लिखें
set operations लिखें,से set operations लिखें
spoken tutorial project team spoken tutorial का उपयोग करके कार्यशालाएँ भी चलाते हैं,spoken tutorial project team spoken tutorial का उपयोग करके कार्यशालाएँ भी चलाते हैं
netbeans ide उपयोग करके core java और,netbeans ide उपयोग करके code java और
हम कार्यशालाएँ चलाते हैं और online tests pass करने वालों को प्रमाणपत्र देते हैं,हम कार्यशालाएं चलाते हैं और online test pass करने वालों को प्रमाणपत्र देते हैं
चलिए अब ok button पर click करते हैं,चलिए अब ok button पर click करते हैं
अब ध्यान दें कि inbox में बिना पढ़े हुए mails की संख्या 3 है,आप ध्यान दें कि इन बॉक्स में बिना पड़े हुए मेल्स की संख्या 3 है
cable है और यह lan,दूसरा ट्यूटोरियल है
हमने list books पर click किया,हमने list books पर clicked किया
यह आपको border का रंग बदलने की अनुमति देता है,यह आपको border का रंग बदलने की अनुमति देता है
control enter दबाएं,control enter दबाएं
चलिए अब natural logarithm का integral वर्णन देखते हैं,चलिए अब natural logarithm का integer वर्णन देते हैं
v ball के वेग को प्रदर्शित करता है यह real datatype का है,vol के विवरण देख को प्रदर्शित करता है यह real datatype का है
यह page list books . jsp के समान है,यह पेज listbooks jsp के समान है
जब browser window खुले url को देखें,जब browser window खुले url को देखें
पर click करेअगर updates पाए जाते हैं तो update button प्रदर्शित होता है,अगर updates पाये जाते हैं तो update button प्रदर्शित होता है
timeline तीन वर्गों में विभाजित होता है video audio या music और title overlay video के आगे + button पर click करें,time line तीन वर्गों में विभाजित होता है video audio या music और title over लें video के आगे plus button पर click करें
अब लिखते हैं a to the power of 2,अब लिखते हैं a to the power of 2
और type करें an example of factorial is provided here,और type करें an example of factorial is divided here
इसके पास सारी जानकारी है जैसे first name surname age gender और username,इसके पास सारी जानकारी है जैसे firstname  सरनेम  age gender और यूजरनेम
blast record वो सारी जानकारी रखता है जो आप blast output से extract करना चाहते हैं,blest record वो सारी जानकारी रखता है जो आप flash output से extract करना चाहते हैं
package name में org . spoken tutorial type करें फिर next पर click करें,package name में org spoken tutorial type करें फिर next पर click करें
tabs panel में tabs browsing feature से संबंधित वरीयताएँ हैं,tabs panel में tabbed browser फीचर से सम्बंधित बरीयताएँ हैं
अब firefox browser खोलते हैं,अब firefox browser खोलते हैं
ध्यान दें कि freefall tab में class के नाम के बगल में star दिखाई देता है,ध्यान दें कि default टैब में class के name के बगल में star दिखाई देता है
इस tutorial में हमने सीखा,इस tutorial में हमने सीखा
output दिखाता है कि 6 से 9 तक की स्थितियों पर 4 bases नए bases a t g c से बदले ग हैं,output दिखाता है कि 6 से 9 तक की स्थितियों पर 4 bases name basis at gc से बदल लगाएं हैं
i i t bombay की तरफ से मैं सकीना शेख आपसे विदा लेती हूँ इस,यह script देगा आई आई टी बॉम्बे की तरफ से मैं सकीना आप से विदा लेती हूँ
हम list users के radio button पर click करते हैं,हम list users के रिडियो बटन पर क्लिक करते हैं
encode कर रहा है अब terminal को clear करते है,जब हम अपने डेटाबेस में कोई भी इस्तेमाल करते हैं यह कोड का एन्कोड कर रहा है अब terminal को clear करते हैं
रोकें और यह नियतकार्य करें firefox browser में addons,5fox browser में एर्डॉन्स और
add on update करने के लिए उस पर click करें,addon अपडेट करने के लिए उस पर click करें
प्रदान करता है हमें बस इन्हें fraction fraction की तरह संसाधित करना है और mark up over इस्तेमाल करिये उदाहरणस्वरूप,हमें बस इन्हें fraction की तरह संसाधित करना है और markup over इस्तेमाल करिये उदाहरणस्वरूप पर आता है
project को सारांशित करता है अच्छी bandwidth,यह spoken tutorial project को सारांशित करता है
यह क्रिया drafts folder से भी email को हटा देगी,यह क्रिया draft folder से भी email को हटा देगी
सूची में से arial black को चुनें और ok button पर,सूची में से arial black को चुनें और ok button पर click करें
popup window बंद करें,popअप window बंद करें
आप add user page पर भिन्न errors को करके देख सकते हैं,आप adduser पेज पर भिन्न errors को करके देख सकते हैं
मैं यहाँ record करने वाली हूँ,अब मैं यहाँ record करने वाली हूँ
हमने एक string variable id को null से initialize किया है,हमने एक string variable id को null से इनिशिलाइज किया है
मैं इस पर click करती हूँ,मैं इस पर click करती हूँ
output एक नयी sequence दिखाता है जो string 1 और string 2 का संयोजन है,आउटपुट एक नई sequence दिखाता है जो string 1 और string 2 का संयोजन है
ध्यान दें कि writer gray box refreshed हुआ है और contents मध्य में आए हैं,ध्यान दें कि writer grey box refreshed हुआ है और contents मध्य में i हैं
fill pattern . horizontal चुनें और ok पर click करें,fill pattern horizontal चुनें और ok पर click करें
यहाँ icon या diagram annotation के syntax को प्रदर्शित करने वाला एक उदाहरण है,यहाँ icon या diagram annotations के syntax को प्रदर्शित करने वाला एक उदाहरण है
h की प्रारंभिक value 30 unit है,h  की प्रारंभिक वैल्यू 30 में है
अभी तक मैंने windows movie maker screen के basic layout यानी मौलिक विन्यास समझाया है अब अपनी timeline पर वापस आते हैं और सीखते हैं कि video के कुछ भागों को कैसे जोड़ते और हटा,अभी तक मैंने windows movie में कर screen के basic लेआउट यानि मौलिक विन्यास समझाया है अपनी timeline पर वापस आते हैं और सीखते हैं कि video के कुछ भागों को कैसे जोड़ते और हटाते हैं
ध्यान दें कि हमें hello from post method arya मिला है,ध्यान दें कि हमें hellow from postmethodment  आरया मिला है
mozilla firefox window खोलें,इसके लिए मूला firefox window खोलें
इसलिए मैंने इस प्रदर्शन के लिए ubuntu - 16 . 04 . 5 - desktop - amd 64 . iso file download किया है subs,यह मैंने इस प्रदर्शन के लिए ubuntu hyphen 1604 dot iso फाइल डाउनलोड़ किया है
अब संक्षिप्त रूप से laptop देखते हैं laptops port,अब संक्षिप्त रूप से laptop देखते हैं
करुँगी file जोड़ने के बाद हमें उल्लेख करना है कि इसे अपने mail में कैसे प्रविष्ट करना है,फ़ाइल जोड़ने के बाद हमें उल्लेख करना है कि इसे अपने मेल में कैसे प्रविष्ट करना है
हम आज की date से एक सप्ताह आगे की return date set करते हैं,हम आज की date से एक सप्ताह आगे की रिटर्न डेट सेट करते हैं
अब हम अपने greeting servlet java पर जाते हैं,अब हम अपने  gittingsertlet java पर जाते हैं
model icon view में खुला है,model icon view में खुला है
blocks interfaces पर जाएँ थोडा सा नीचे scroll करें,blocks interfaces पर जाएँ थोड़ा s नीचे scroll करें
java servlets के basics और jsp,java सर्वलेड्स के basics और jsp
बारे में संबद्ध नहीं हैं लेकीन मैं इस पर,मैंने इसके बारे में संबद्ध नहीं है
ध्यान दें कि canvas में grid का आकार बढ़ गया है,ध्यान दें कि canvas में grid का आकार बढ़ गया है
निम्न link पर उपलब्ध video देखें,निम्न link पर उपलब्ध video देखें
spoken tutorial talk to a teacher project का हिस्सा है,spoken tutorial talktoa teacher project का हिस्सा है
हैं terminal पर वापस आएं अगली step है data extract,terminal पर वापस आएँ अगली step है
यहाँ हम ubuntu 10 . 04 पर firefox version 7 . 0 का इस्तेमाल कर रहे हैं,यहाँ हम उबंटू 1004 पर firefox वर्ज़न 70 का इस्तेमाल कर रहे हैं
यदि आपके पास इस spoken tutorial में प्रश्न हैं तो कृपया निम्नलिखित website पर जाएं,यदि आपके पास इस spoken tutorial में प्रश्न हैं तो कृपया निम्नलिखित website पर जाएँ
यदि writer पहले से ही open है फिर insert menu पर click करें और फिर object पर click करें और formula,यदि writer पहले से ही open है फिर insert menu पर click करें और फिर object पर click क्लिक करें और formula type करें
अन्य greek अक्षरों का mark up जानने के लिए symbols catalog का अन्वेषण करें चलिये अब,अन्य click अक्षरों का मूर्कअप जानने के लिए symbols catalog का अन्वेषण करें
किया हैं अब हम देखेंगे कि error messages variable को index . jsp में कैसे लाते हैं,अब हम देखेंगे कि error messages variable को index jsp में कैसे लाते हैं
हम बाद में icon view और diagram view के बारे में अधिक जानेंगे,हम बाद में i can view और diagram view के बारे में अधिक जानेंगे
जोडें निम्नलिखित फ़ॉर्मूला लिखिए pi 3 . 1 4 1 5 9 के समान या बराबर है,लिखित फॉर्मिला लिखिये pie 31495 के सवान या बराबर है
नमस्कार audacity प्रयोग करके editing के tutorial में आपका स्वागत है,नमस्कार audacity प्रयोग करके editing के tutorial में आपका स्वागत है
to और cc के सारे प्राप्त कर्ता अन्य सभी प्राप्त कर्ताओं को देख सकते हैं,2 और cc के सारे प्राप्त करता अन्य सभी प्राप्त करताओं को देख सकते हैं
file hiv . gb इस tutorial के code files में शामिल की गयी है,file hirvgb इस ट्यूटोरियल के code files में शामिल की गई है
हम edit tool panel में cut button पर भी click कर सकते हैं या edit cut विकल्प पर click करें,हम edit tool panel में cut button पर भी click कर सकते हैं या edit cut विकल्प पर click करें
प्रबन्ध या set करता है firefox sync हमारी history bookmarks और passwords सभी विभिन्न डिवाइस में उप,fire firefox ink हमारी history bookmarks और पासवर्ड सभी विभिन्न डिवाइस में उपलब्ध है
यह project spoken - tutorial . org द्वारा संचालित है,यह project
यह छोटे protein sequence के लिए code करता है,यह छोड़े protein sequence के लिए code करता है
जिसे भारत सरकार के mhrd मंत्रालय के राष्ट्रीय साक्षरता mission ने,जिसे भारत सरकार के एमएचआरडी मंत्रालय के राष्ट्रीय साक्षरता mission ने लिख दिया है
और प्रमाणपत्र देते हैं कृपया हमसे संपर्क करें,हमसे संपर्क करें
अतः output इसे dna sequence की तरह निर्दिष्ट नहीं करता है,अतः output इसे dna sequence की तरह निर्दिष्ट नहीं करता है
अब हम अपनी blast report में सारे hits की कुछ जानकारी print करते हैं जो एक विशेष threshold से बड़ी है,अब हम अपनी plus report में सारे prints की कुछ जानकारी print करते हैं जो एक विशेष threshold से बड़ी है
यहाँ हम उन सभी users की सूची प्राप्त कर सकते हैं जो library में registered हो चुके हैं,हम उन सभी users की सूची प्राप्त कर सकते हैं जो library में रजिस्टर हो चुके हैं
receive करें और export करें इस tutorial के लिए मैं उपयोग कर रही हूँ ubuntu linux version 10 . 04 operating system और audacity ver,इस tutorial के लिए मैं उपयोग कर रही हूँ उबंटु लिनक्स version 1004 operating system और odacity version 711
format में बदलाव करने के लिए हम ऊपर मौजूद format menu का उपयोग कर सकते हैं,format में बदलाव करने के लिए हम ऊपर मौजूद format menu का उपयोग कर सकते हैं
proxy settings खुद से enter करने के लिए manual proxy configuration button पर click करें,proxy settings खुद से enter करने के लिए manual proxy configuration button पर click करें
restart now button पर click,restart now लिंक पर क्लिक करें
दैनिक कार्य के लिए हम documents spreadsheets और presentations प्रयोग करते हैं,अनिक कार्य के लिए हम documents spreadsheet और presentation प्रयोग करते हैं
logged in users के द्वारा ली गयी books प्रदर्शित करना,लॉकडिन यूज़र्स के द्वारा ली गयी  books प्रदर्शित करना
करना firefox page को setup करना preview और print करना,fireworks पेज को setअप करना प्रिव्यू और print करना भिन्न प्रदर्शित करता है
open model या library file पर click करें,open model या library file पर click करें
यदि नहीं तो user model प्रयोग करके हमें attribute user from request की value प्राप्त होगी,यदि नहीं तो user model प्रयोग करके हमें attribute user from request की value प्राप्त होगी
spoken tutorial project talk to a teacher project का हिस्सा है,spoken tutorial project talktoa teacher project का हिस्सा है
apply पर click करें,apply पर click करें
movie maker यह अपने आप करता है जिससे video में निरंतरता बनी रहे,movieator यह अपने आप करता है जिससे video में निरंतरता बनी रहे
email भेजने वाला प्राप्त कर्ताओं की पूरी सूची देख सकता है,email भेजने वाला प्राप्त करता हूँ कि पूरी सूची देख सकता है
अब यह जांचने की कोशिश करें कि वही book उसी यूज़र द्वारा ली गयी है,अब यह जांचने की कोशिश करने की वही book उसी यूज़र द्वारा ली गयी है
g acceleration due to gravity को प्रदर्शित करता है यह real datatype है और इसकी unit meter per second square है,g velocity को प्रदर्शित करता है यह real datatype है और इसकी यूनिट मीटर पर सेकंड स्क्वायर है
audio clip पर right click करके उसे चुने और पहली audio track के अंत में ले आए याने drag and drop करे इसी तरह सभी clips के लिए,उडियो clip पर right click करके उसे चुनें और पहली audio track के अंत में ले आएँ यानि drag करें
restart now पर click करें,प्रस्तू करें और इसे देखें
box में देखें ठीक है अब an के लिए एक summation चिन्ह लिखते हैं to denote a1 + a2 + a3 से लेकर + an अतः mark up है,ठीक है अब a सफिक्स n के लिए एक समेशन चिन्ह लिखते हैं to denomode a1 plus a2 plus a3 से लेकर an
ऐसा करने के लिए हम count function उपयोग,ऐसा करने के लिए हम  count फंक्शन उपयोग कर रहे हैं
अब एक email लिखने के लिए उपलब्ध विकल्पों को देखते हैं,अब एक इमेल लिखने के लिए उपलब्ध विकल्पों को देखते हैं
arrow के साथ छोटे चयनित button पर click करें जो send to button के पास है choose,समयरों के साथ छोटी चयनित button पर click करें जो send to button के पास है
अगर आपने account बनाते समय photo uploaded किया था तो आप वह यहाँ देखेंगे,अगर आपने account बनाते समय फोटो अपलोड किया था तो आप वह यहाँ देखेंगे
marks को स्वतः से भी पुनःव्यवस्थित कर,हमारा marks को स्वतः से भी पुनः व्यवस्थित कर सकता है
अब हम सीखते हैं कि कब get method और कब post method प्रयोग करें,अब हम सीखते हैं कि कब get method और का post method प्रयोग करें
editor बंद करें पहले check,इस्ट editor बंद करें
एक book return करना,एक book return करना
book की सारी जानकारी निकलना,बुक्स की सारी जानकारी निकलना
panel बाएं panel में चुनित option की जानकारी प्रदर्शित करता है तो दायाँ panel addon,यदि आपके पास डेटाबेस में एक पैनल बाएँ पैनल में चुनित ऑप्शन की जानकारी प्रदर्शित करता है
एक sequence object बनाने के लिए bio package से seq module import करें,एक c impress object बनाने के लिए file package से seq module import करें
मैं puzzle verification के साथ जाऊँगी,मैं fuzzy verification के साथ जाउंगी
servlets java code के अंदर html code रखता है,select java code के अंदर html code रखता है
biopython tools उपयोग करके blast पर इस tutorial में आपका स्वागत है,बाइथन टूल्स उपयोग करके ब्लास्ट पर इस ट्यूटोरियल में आपका स्वागत है
thread को हटाने के लिए resolve button पर click करें हमें,सबसे पहले स्ट्रैड को हटाने के लिए result बटन पर क्लिक करें
हम इस tutorial के लिए इस विकल्प को छोड़ देंगे,हम इस tutorial के लिए इस विकल्प को छोड़ देंगे
ध्यान दें कि यह एक ऐसा plot उत्पन्न करता है जो दिए गए signal values के अनुसार है,ध्यान दें कि यह एक ऐसा प्लॉट उत्पन्न करता है जो दिए गए signal value से अनुसार है
specialization dropdown menu पर click करें class चुनें ok पर click करें,specialization drop down menu पर click करें class चुनें ok पर click करें
इसके लिए users पर right click करें और view data पर click करें,इसके लिए users पर right click करें और view data पर click करें
format बदलकर genbank करें शि,fragment बदलकर जन्म बैंक करें
अतः एक बार फिर file पर right click करें और make a copy विकल्प चुनें,अब एक बार फिर file पर right click करें और make a copy विकल्प चुनें
close button पर,close button पर click करें
s पर click करें search . html नाम से desktop पर file save करें,search html नाम से desktop पर file सेव करें
हमने पिछले tutorial में connect statement के बारे में सीखा है,हमने पिछले tutorial में connected statements के बारे में सीखा है
unit input unit,input unit
अब एक नियत कार्य,अब एक नियतकार्य
ध्यान दें कि frame head एक बार में एक clip आगे जाता है,ध्यान दें कि frame head एक बार में एक clip आगे जाता है
औए एक web browser की,और एक web browser की
यह spoken tutorial project को सारांशित करता है,यह spoken tutorial project को सारांशित करता है
project को सारांशित करता है यदि आपके पास अच्छी band,यह spoken tutorial project को सारांशित करता है
मैंने पहले ही आवश्यक blocks बना दिए हैं और उन्हें arithmetic operations using blocks नामक file में package किया है,मैंने पहले ही आवश्यक blocks बना दिए हैं और उन्हें arithmetic operations using blocks नामक files में package किया है
bookmarks sidebar से unsorted bookmarks folder चुनें और उस पर दायाँ,bookmarks sidebar से unsorted bookmarks folders चुनें और उस पर दायाँ करें
out . println ( और double ' में hello from get method + username,out println brackets और double quotes में hello from get method plus username
यह स्थान के लिए पूछेगा जहाँ इसे save करना है मैं desktop चुनूंगी और save पर click करुँगी,यह स्थान के लिए पूछेगा जहाँ इसे सेव करना है मैं desktop चुनूँगी और save पर click करूँगी
नई virtual machine बना रही हूँ इसलिए मैं अब create a virtual hard disk now का चयन करूंगी,नई virtual machine बना रही हूँ इसलिए मैं अब create a virtual hard disk now का चयन करूंगी
audio file अनचाहे भागों को हटाने के लिए cut copy paste delete की जा सकती है और उसमें कुछ विशेष effects भी डाले जा सकते हैं,audio file अनचाहे भागों को हटाने के लिए cut copy paste डिलीट की जा सकती है और उसमें कुछ विशेष इफ़ेक्ट्स भी डाले जा सकते हैं
skip this verification phone verification may be required check box पर click करें,script this verification phone verification में भी required checkbox पर click करें
के अनेक भाग देखते हैं cpu के अन्द,क्लिक करके अनेक भाग देखते हैं
हम अपने computer से यह image का website address देकर photos upload कर सकते हैं,हम अपने computer से या image का website address देकर photos upload कर सकते हैं
हम अपनी पसंद का कोई भी username दे सकते हैं और उपलब्धता जाँचें,हम अपनी पसंद का कोई भी यूज़रनेम we सकते हैं और उपलब्धता जाँचें
दूसरा दिनों की संख्या है जो वर्तमान दिन में जोड़ी जानी है,दूसरा दिनों की संख्या है जो वर्तमान दिन में जोड़ी जानी है
sequence objects के बारे में,sequess objects के बारे में
editor में file खुलती है file,इस editor में file खुलती है
इस tutorial में हम button का look और layout बदल सकता है,इस ट्यूटोरियल में हम while लूपloop और लेआउट बदल सकता है
ubuntu के पुराने versions में system,ubuntu के पुराने versions में system
बदले निम्न type करें dna 4 = dna 3 . 2 seek खोलें और बंद करें enter दबाएं,निम्न टाइप करें dna4 इक्वल टू dna3 डॉट 2 सीख ब्रैकेट खोलें और बंद करें एंटर दबाएं
ctrl b दबाएं,ctrl b दबाएं
मैं playback को यहाँ रोकूंगी क्योंकि यह उस भाग की शुरुआत है जो मैं मिटाना चाहती हूँ,मैं play बैक को यहाँ रोकूंगी क्योंकि यह उस भाग की शुरुआत है जो मैं मिटाना चाहती हूँ
ok पर click करें,ok पर click करें
मैं equation को उसकी जगह पर वापस करती हूँ और toolbar में save button पर click करती हूँ,मैं equation को उसकी जगह पर वापस करती हूँ और toolbar में save button पर click करती हूँ
पहला वाला सारी books की list है,पहला वाला सारी books की list है
मैं सबसे पहले arithmetic operations using blocks package का प्रदर्शन करूंगी औऱ फिर miso block के syntax को प्रदर्शित करूँगी,मैं सबसे पहले arithmetic operations using blocks it is का प्रदर्शित करूँगी और फिर मैं echo ब्लॉक के सिंटैक्स को प्रदर्शित करूँगी
धन्यवाद एक,iit बॉम्बे से मैं जया आपसे विदा लेती हूँ हमसे जुडने के लिए धन्यवाद
यदि आपके पास अच्छी bandwidth नहीं है तो आप इसे download करके भी देख सकते हैं,यदि आपके पास अच्छी bandwidth नहीं है तो आप इसे download करके देख सकते हैं
यहाँ वो date और time है जब email भेजा गया था,यहाँ वो date और time है जब email भेजा गया था
prompt पर वापस जाने के लिए की board पर q दबाएं,prompt पर वापस जाने के लिए keyboard पर q कीव दबाएँ
मैं एक सुझाव को स्वीकार करती हूँ और दूसरे को छोड़ देती हूँ हम यह​,मैं एक सुझाव को स्वीकार करती हूँ और दूसरे को छोड़ देती हूँ
मतलब इस document में कहीं भी हम इस formula को number 1 के साथ cross reference कर सकते हैं,मतलब इस document में कहीं भी हम इस formula को number 1 के साथ cross reference कर सकते हैं
browsers search bar में flowers type करें और दाईं ओर आवर्धक lens चिन्ह,browser search bar में plus type करें और दायीं ओर आवर्धक lengths चिन्ह करें
अपने signal के लिए एक input चुनते हैं,अपने signal के लिए एक input चुनते हैं
इस tutorial में हमने सीखा कि कैसे खोज करें search engine को नियंत्रित करें find bar का इस्तेमाल करना auto complete और address bar का इस्तेमाल करना,इस tutorial में हमने सीखा कि कैसे खोज करें सर्च एंजन को नियंत्रित करें फाइन बार का इस्तेमाल करना ऑटो कम्पीट और एड्रेस बार का इस्तेमाल करना
फिर run file पर click करें,फिर run file पर click करें
java servlets और jsp s के spoken tutorial में आपका स्वागत है,java sर्वलेट्स और jsp के spoken tutorial में आपका स्वागत है
अतः ध्यान दें इस command में एक double ' के बजाय दो single ' उपयोग करें enter दबाएं,कृपया ध्यान दें इस command में एक double code के बजाय दो single codes उपयोग करें enter दबाएं
ये ctrl alt और t keys एकसाथ दबाकर terminal खोलें,ctrl alt और t कीज़ एक साथ दबाकर terminal खोलें
पहला आपकी query sequence के लिए blast run करें और कुछ output,पहला आपकी query sequence के लिए cast रन करें और कुछ आउटपुट पर क्लिक करें
मैं modeling area के रूप में बाईं ओर libraries browser नीचे messages browser और उपर toolbar के बीच क्षेत्र को संदर्भित कर रही हूँ,मैं modeling area के रूप में पायीं ओर library browser नीचे messages browser और ऊपर टूर्ट बार के बीच क्षेत्र को संदर्भित कर रही हूँ
color palette में black चुनें ok पर click करें,color palette में black चुनें ok पर click करें
पर click करें या किसी भी पहले,यह किसी भी पहले क्या होगा
ऊपरी बाएं कोने पर हरे + sign के साथ एक add button है इस पर click करें,ऊपरी बाएं कोने पर हरे plus sign के साथ एक add button है इस पर click करें
आप नए class को खोलने के लिए new modelica class नामक tool का उपयोग भी कर सकते हैं,आप नए class को खोलने के लिए newmodelिकाक्लास named tool का उपयोग भी कर सकते हैं
unit attribute variable की unit निर्दिष्ट करता है,unit attribute वेरिएबल की यूनिट रिर्दिष्ट करता है
highlight all option पर click करिये,high all option पर click करिये
हमें एक set servlet execution uri dialog box मिलता है,हमें एक सेट सर्वलेट एक्जिक्यूशन uri डायलॉग बॉक्स मिलता है
एक ही प्रभाव का निर्माण करने के लिए यहां class के बजाय model का उपयोग कर सकते हैं,एक ही तवाव का निर्माण करने के लिए यहाँ class के बजाय माड़ाई को उपयोग कर सकते हैं
gmail bookmark पर click करें यह आपको gmail login page पर ले जाएगा आप उन sites के,अब जमेल bookmark पर click करें यह आपको जमेल login पेज पर ले जायेगा
mask को उल्टे वर्णमाला क्रम में संयोजित करें, mask को उल्टे वर्षमाला क्रम में संयोजित करें
और password में arya * 123,और password में area star123
content क्षेत्र में अब message type करते हैं,content क्षेत्र में अब message type करते हैं
बुनियादी operations देखते हैं जिनकी mozilla firefox हमें करने की अनुमति देता है,बुनियादी ऑपरेशंस देखते हैं जिनकी मुधला firefox हमें करने की अनुमति देता है
netbeans ide से mysql database को जोड़ना,netbeans ide से mysql डेटाबेस को जोडना
हैं enter दबाएं,enter दबाएँ
file पर click करें और file की विषय वस्तु को जाँचें,file पर click करें और file की विषय वस्तु को जाँचें
compile की हुई file को और अन्य बने outputs को मिटा देगा यह applications को,यह डिलिमीटरने के लिए कंपाइल की हुई फाइल को और अन्य बने आउटपुट्स को मिटा देगा
विकल्प अन्य users को बदलावों का सुझाव देने की अनुमति देता है can,विकल्प अनने यूजर्स को बदलावों का सुझाव देने की अनुमति देता है
आपसे विदा लेती हूँ धन्यवाद,आई आई टी बॉम्बे से मैं श्रुति आर्य आपसे विदा लेती हूँ धन्यवाद
हम आने वाले tutorial में component oriented modeling के बारे में अधिक सीखेंगे,हम आने वाले tutorial में component oriented modeling के बारे में अधिक सीखेंगे
यह function बहुत उपयोगी है जब webpage में एक बड़े text में से कुछ खोज रहे,यह फंक्शन बहुत उपयोगी है जब वेबपेज में एक बड़े टेक्स्ट में से कुछ खोज रहे हैं
फिर हमें get attribute method प्रयोग करके attribute की value error messages प्राप्त होती है,फिर हमें getattribute  मेथड प्रयोग करके एट्रिब्यूट की वैल्यू एरर मैसेजेस प्राप्त होती है
इसी तरह real output एक connector है जो real output signal को दर्शाता है,इसी तरह real output एक connector है जो real output signal को दर्शाता है
पहला button play या pause का है जब यह play mode में होता है तो frame head आगे की ओर जाता है,पहला button play या pause का है जब यह play mode में होता है तो frame head आगे की ओर जाता है
human insulin gene complete cds file चुनें,homan human insulin geometry कम्प्लीट cds फाइल चुनें
यह form दो input elements रखता है username और password,यह फॉर्म दो इनपुट एलिमेंट्स रखता है username और  password
and drag extension संस्थापित करें,वेब & drag एक्सटेंशन संस्थापित करें
निम्न link पर उपलब्ध video देखें,निम्न link पर उपलब्ध video देखें
jsp प्रयोग करके simple login form बनाना doget,jsp प्रयोग करके simple login फॉर्म बनाना
mouse button दबाएँ और bookmark को bookmarks sidebar के ubuntu and free software folder तक drag करें,ईमाउस बटन दबाएँ और bookmark को bookmarks sidebar के उबंटू और free सॉफ्टवेयर folder तक drag करें
यह आपको border के pattern को बदलने की अनुमति देता है मैंने solid line चुना,यह आपको border के pattern को बदलने की अनुमति देता है मैंने solid line चुना
equation class के equation section की शुरूआत का प्रतीक है,equition class के equation section की शुरूआत का प्रतीख है
files और documents को दूसरों के साथ share,files और documents को दूसरों के साथ शेयर करें
user name में mdhusein type करें,यूज़रनेम में md उसेन टाइप करें
अगर विविध revisions नहीं दिखते तो नीचे show more detailed revisions button पर click करें,यदि आपके इंदर विविध रिवीजन नहीं दिखते तो नीचे show more detail revisions button पर click करें
यह spoken tutorial project को सारांशित करता है,यह spoken tutorial project को सारांशित करता है
attach file icon पर click करें जो एक paper clip की तरह दिखता है,attach file icon पर click करें जो एक paper clip की तरह दिखता है
default रूप से files जो पहले ही upload की गयीं हैं my drive tab में उपलब्ध होंगी,default रूप से files जो पहले ही uploaded की गई हैं my drive टैब में उपलब्ध होंगी
copies विकल्प वह है जहाँ हम अपनी इच्छानुसार प्रतियों की संख्या चुनते हैं,copies विकल्प वह हैं जहाँ हम अपनी इच्छानुसार प्रतियों की संख्या चुनते हैं
अब बायीं तरफ my drive विकल्प को पास से देखें ध्यान,दो बायीं तरफ my drive विकल्प को पास देखें
दोबारा click करें effect,दोबारा click करें effect
इस mission पर अधिक जानकारी दिए गए link पर उपलब्ध है,इस mission पर अधिक जानकारी दिए गए लिंक पर उपलब्ध है
निम्न link पर उपलब्ध video देखें,निम्न link पर उपलब्ध video देखें
यहाँ यह उस विकल्प को चुनता है जिस पर हम click करते हैं,यहाँ यह उस विकल्प को चुनता है जिस पर हम click करते हैं
अभी के लिए मैं कोई भी image upload नहीं करना चाहती,अभी के लिए मैं कोई भी image upload नहीं करना चाहती
web container web server का component है जो java servlets के साथ interacts करता है,webcontena web server का component है जो java serviceets के साथ links करता है
करते है bookmarks sidebar से bookmarks menu folder पर click करें और उसे खोलें,bookmarks sidebar से bookmarks menu फोल्डर पर क्लिक करें और उसे खोलें
ubuntu linux 12 . 10 operating system,उबन्टु लिनक्स 120 operating system और
यहाँ मैं आपको याद दिला दूँ कि python language case sensitive है,यहाँ मैं आपको याद दिलादों कि python language के sensitive है
इस tutorial में हम सीखेंगे कि blocks कैसे परिभाषित करना है,इस tutorial में हम सीखेंगे किblocks कैसे परिभाषित करना है
संभव है हाँ यह संभव है google drive में भी हम office suite की तरह ही documents spreadsheets और presentations बना सकते हैं अतः हमारे,हाँ यह संभव है गूगल डाइव में भी हम ऑफिस suite की तरह ही document spreadsheets और presentation बना सकते हैं
modelica library में पहले से ही एक miso नामक block है जो multiple input single output है,modelिक library में पहले से ही एक mesoh नामक लॉग है जो multiple input signal आउटपुट है
आजकल tablet pcs या tabs भी बहुत लोकप्रिय हैं computer के,आजकल tablet pc या tabs भी बहुत लोकप्रिय हैं
और printer के पीछे एक power slot और एक usb port होता है एक print,और printer के पीछे एक power slot और एक usb port होता है
कृपया इस password को note करें यह ubuntu linux os के लिए admin password है,कृपया इस password को नोट करें यह ubuntu linux os के लिए admin password है
ध्यान दें कि canvas grid में विभाजित है,ध्यान दें कि canvas grid में विभाजित है
0 default course है जिस पर server machine पर run करता है यह glass,यह एक जोडियो डिफॉल्ट कोर्स है जिस पर सर्वर मशीन पर रन करता है
scrap book firefox में संस्थापित हो चुका है इस tutorial को,इस ट्यूटोरियल को देखें कि अपने डेटाबेस में संस्थापित हो चुका है
हमेशा याद रखें कि जब भी आप clip का एक भाग मिटाते हैं तो video के साथ audio दोनों मिट जाते हैं,हमेशा याद रखें कि जब भी आप clip का एक भाग मिटाते हैं तो video के साथ audio दोनों मिट जाते हैं
समान है menu bar से tools और addons,मेन्यूबार से tools और advanced tutorials पर आपका स्वागत है
edit link dialogue box खुलता है,edit link dialog box खुलता है
name field में my gmail page दर्ज करें,name field में my email page दर्ज करें
विदा लेता हूँ हमसे जुड़ने के लिए धन्यवाद धन्यवाद धन्यवाद ध,हमसे जुड़ने के लिए धन्यवाद
हम अपनी web application library management system बनाने से शुरू करेंगे,हम अपनी web application library management system बनाने से शुरू करेंगे
इस tutorial में हम google drive में उपलब्ध निम्न विकल्पों के बारे में सीखेंगे जैसे,इस tutorial में हम गूगल ड्राइव में उपलब्ध निम्न विकल्पों के बारे में सीखेंगे जैसे
paste विकल्प,paste विकल्प
blast output xml file की form में result नामक variable में संचित किया जाता,blest आउटपुट xml5 की फॉर्म में result नामक वेरिएबल में संचित किया जाता है
अब इस project को करने के लिए my first project पर right click करें,अब इस project को करने के लिए my first project पर right click करें
revision history पर click करें हम date time stamp और user की जानकारी के साथ file के सारे revision देख सकते हैं अगर,revitions history पर click करें हम date time stamp और यूजर की जानकारी के साथ file के सारे रिवीजन देख सकते हैं
हमने पहले ही process request method को मिटा दिया था,हमने पहले ही process process method को मिटा दिया था
यदि नहीं तो सम्बंधित tutorials के लिए कृपया हमारी website पर जाएँ,यदि नहीं तो संबंधित tutorials के लिए कृपया हमारी website पर जाएँ
यह play timeline button है इस पर click करके हम display panel में video को play करेंगे,यह play timeline button है इस पर क्लिक करके हम display panel में video को play करेंगे
एक theme के बदलने से firefox background,एक theme के बदलने से firefox background run करें
copies में हम 1 चुनेंगे,copies में हम एक चुनेंगे
थापन चुन सकते हैं चलिए पांचवे उदाहरण में संख्या 5 के बाद लम्बा रिक्त स्थान रखते हैं 5 के बाद click करिये,चलिए पाँचले उदाहरण में संख्या 5 के बाद लम्बा रित्स्टान रखते हैं 5 के बाद click करिये 3 बदल सकते हैं
यदि आपके पास अच्छा bandwidth नहीं है तो आप इसे download करके देख सकते हैं,यदि आपके पास अच्छा bandwidth नहीं है तो आप इसे download करके देख सकते हैं
यहाँ हमें भिन्न members को जारी की गयी किताबों की सूची मिलती,यहाँ हमें भिन्न members को जारी की गई किताबों की सूची मिलती है
code उपयोग करें अगर आप query की तरह एक fasta file से sequence record object उपयोग कर,अगर आप query की तरह एक fasta file से sequence record object उपयोग कर सकते हैं
output देखें,ओपुट देखें
अगला चलिए formulae की spacing में बदलाव करते हैं,अगला चलिए formula की spacing में बदलाव करते हैं
अब username में becky 0808 प्रविष्ट करती हूँ,अब यूज़रनेम में मैं की 0808 प्रविष्ट करती हूँ
virtual machine में ubuntu linux 16 . 04 संस्थापित करना सीखा,virtual machine में ubuntu linux 1604 संस्थापित करना सीखा
अतः यह इस आसान web application का overview है,अतः यह इस आसान web application का overview है
इस mission पर अधिक जानकारी इस link पर उपलब्ध है i i t bombay से मे श्रुती आर्य आपसे विदा लेती हूँ इस tutorial को देख,इस mission पर अधिक जानकारी इस link पर उपलब्ध है
ध्यान दें कि जुड़ा हुआ printer default रूप से चुना गया है,ध्यान दें कि जुड़ा हुआ printer default रूप से चुना गया है
अब हम welcome page पर हैं,अब हम welcome पेज पर हैं
servlet container glassfish का component है जो servlets के साथ interact करता है,sर्वलेट कंटेनर glassfish का component है जो सर्वलेट्स के साथ इंटरैक्ट करता है
अब सीखते हैं कि gmail से signout कैसे करते हैं,अब सीखते हैं कि जीमेल से signout कैसे करते हैं
mozilla firefox आपको एक ही browser window में भिन्न tabs में विभिन्न web पेजस को load करने की अनुमति देता है,moodला firefox आपको एक ही browser window में भिन्न tabs में विभिन्न web पेजेस को load करने की अनुमति देता है
हम समर्थन के लिए open modelica के development team का धन्यवाद करते हैं ये,हम समस्थान के लिए open modelator की development team का धन्यवाद करते हैं
प्रदर्शित options उस computer पर firefox के उपयोग के अंतराल का वर्णन करते हैं menu को विस्तृत करने,प्रदर्शित options उस computer पर firefox के उपयोग के अंतराल का वर्णन करते हैं
इस mission पर अधिक जानकारी दिए गए link पर उपलब्ध है spoken tutorial . org / nmeict intro यह script,इस mission पर अधिक जानकारी दिए गए लिंक पर उपलब्ध है
पीछे देखते हैं पीछे के ports,अब आप पीछे देखते हैं
इसे जोड़ना चाहते है मैं अभी के लिए इसे छोड़ दूँगी और केवल एक ही file upload,मैं अभी के लिए इसे छोड़ दूंगी और केवल एक ही file upload करुँगी
करें file और o,file और open पर click करें
text convert function से सम्बंधित अधिक जानकारी के लिए type करें help command,canvars  फंक्शन से सम्बंधित अधिक जानकारी के लिए टाइप करें help command
इसी तरह bottom और right canvas के निचले दाहिने कोने के निर्देशांक के अनुरूप है,इसी तरह bottom और right canvas के निचले दाहिने कोने के निर्देशांक के अनुरूप हैं
समर्थित है इस mission पर अधिक जानकारी spoken tutorial . org / nmeict intro पर उपलब्ध है,इस मिशन पर अधिक जानकारी
compose window में files photos links और emoticons को संलग्न करने के विकल्प हैं,compos window में files photos links और ईमोटीकों को संलग्न करने के विकल्प हैं
मैं mdhusein से login करुँगा और password दें और enter करें,मैं mdhushane से login करूँगा और password दें और enter करें
document को नाम दें mathexample1 अब सिखते,document को नाम दें मेथ example1
इस spoken tutorial के लिए उन्होंने इस विषय वस्तु की पुष्टि भी की है,यह spoken tutorial के लिए उन्होंने इस विषयवस्तु की पुष्टि भी किये है
mozilla firefox के spoken tutorial में आपका स्वागत है, मुझला firefox के spoken tutorial में आपका स्वागत है
अन्य input अर्थात signal 2 constant k है जो signal को amplify करता है,अन्य इनपुट अर्थात signal to constant के हैं जो signal को एम्पलिफाइल को एम्पलिफ़ाइल करता है
करना एक नयी sequence बनाने के लिए दो sequences को एकसाथ जोड़ना यानी कि श्रेणीबद्ध करना,एक नयी sequence बनाने के लिए दो sequencees को एक साथ जोडना यानि की श्रेणीबद्ध करना
बाएं कोने पर file पर click करें और new project पर click करें new project window,काएँ कोने पर file पर click करें और new project पर click करें
यहाँ पहले हमें request से checkout attribute मिलता है,यहाँ पहले हमें रिक्वेस्ट से चेकआउट एट्रिब्यूट मिलता है
address bar में लिखिए gma हम,एड्रेस बार में लिखिये gme
हमने इन्हे पिछले tutorial में देखा था,हमने इन्हें पिछले tutorial में देखा था
annotations का उपयोग model के icon and diagram views को निर्दिष्ट करने के लिए किया जा सकता,annotations का उपयोग model के icon and diagram views को निर्दिष्ट करने के लिए किया जा सकता है
हमें checkout table से book id मिलती है,हमें checkout table से bookid मिलती है
अगला segment prove you are not a robot दो सत्यापन steps रखता है,अगला segment proof ur not a report दो सत्यापन steps रखता है
कृपया इसे download करके देखें,कृपया इसे download करके देखें
दि आपके पास अच्छा bandwidth नहीं है तो आप इसे,यदि आपके पास अच्छा bandwidth नहीं है तो आप इसे download करके देख सकते हैं
उसी प्रकार हम book के अन्य attributes दर्शाते हैं,उसी प्रकार हम book के अन्य attributes दर्शाते हैं
tool bar में उपस्थित simulation setup button पर click करें,पूर्व bar में उपसिद्ध simulation setup button पर click करें
को load करने की पूरी प्रक्रिया को computer की booting कहते हैं जब सारी,केवल विशेषता को load करने की पूरी प्रक्रिया को computer की boot कहते हैं
अब audio file के बायीं ओर के panel पर drop down arrow पर click करें और split stereo to mono चुनें,अब audio file के बाईं ओर के panel पर dropdown arrow पर click करें और split working with चुनें
अगला page memory size है यहाँ virtual machine के लिए रॅम का साईज़ आवंटित करते हैं,अगला पेज memory size है यहाँ virtual machine के लिए linux का size आवंटित करते हैं
एक बार जब आप editing और dubbing के मूल तत्वों यानी basic से परिचित हो जाएँ तो आप अन्य tutorial देखने चाह सकते हैं जैसे अपने video में कुछ अच्छे effects कैसे जोड़ें परिवर्तन कैसे करें शीर्षक या credits और audio या music,एक बार जब आप editing और debit के मूल तत्वों यानि basic से परिचित हो जायें तो आप अन्य tutorial देखने चाह सकते हैं जैसे अपने video में कुछ अच्छे इफ़ेक्ट्स कैसे जोड़ें परिवर्तन कैसे करें शीर्षक या credit और audio या music देखें
transfer मुख्य menu tabs की सूचि में से privacy टैब चुनिए,मुख्य menu tabs की सूची में से पाइवेसी टैब चुनिए
status bar पर तुरंत देखें यह उस webpage के load होने की स्थिति बताएगा,status bar पर पर त्रिक्षण देखें यह उस वबपेज के लोड होने की स्थिति बताएगा
इससे पहले कि हम आगे जाएँ चलिए font size बढ़ाकर 18 . कर दे,इससे पहले की हम आगे जाएँ चलिए font size बढ़ा कर 18 प्वॉइंट कर देते हैं
यहाँ आप file देख सकते हैं,यहाँ आप file देख सकते हैं
port है जिसको उपयोग करके laptop से projector जोड़ा जाता है audio jacks,यह audio report है जिसको उपयोग करके laptop से projector जोड़ा जाता है
फिर हम देखेंगे कि क्या यह text view के annotation के तदनुसार परिवर्तित होता है,फिर हम देखेंगे कि क्या यह text view के annotation के तजनुसार परिवर्तित होता है
यह भी ध्यान दें कि sequence data को sequence record objects की तरह पढ़ने के लिए parse function उपयोग किया जाता है ये,यह भी ध्यान दें कि sequence data को sequence record objects की तरह पढने के लिए parse function उपयोग किया data है
पहले हम request से books प्राप्त कर सकते हैं,पहले हम रिक्वेस्ट से बुक्स प्राप्त कर सकते हैं
बहुत से भाग हैं जब computer चल,अब हम लिबर ऑफ़ बहुत से भाग हैं
के लिए cd usb stick आदि अपने keyboard पर enter दबाएँ,उदाहरण के लिए cd usb stick आदि अपने कीबोर्ड पर एंटर दबाएँ
और add label @ selection चुनें,और add label add selection चुनें
उनको समझाने से पहले मैं frame head को यहाँ तक लाऊँगी,उनको समझाने से पहले मैं frame head को यहाँ तक लाउंगी
printer पर जो power button है उसे on करें,printer पर जो power button है उसे on करें
निचले दाहिने कोने पर आप welcome modeling और plotting perspectives के लिए buttons देख सकते हैं,लिचले दहें निगोने पर आप welcome modeling और plotting perspective के लिए buttons देख सकते हैं
dropdown box में manage search engines चुनिए,drop down box में manage search engine चुनें
इस tutorial में हमने सीखा,इस tutorial में हमने सीखा
files को emails में संलग्न करना,files को files में संलग्न करना
वरीयता के अनुसार हम apps icon को किसी अन्य स्थिति में खींचकर इस सूची को पुनः व्यवस्थित भी कर सकते हैं इस tutorial,अब इसको परियता के अनुसार हम apps icon को किसी अन्य स्थिति में खींचकर इस सूची को पुनःव्यवस्थित भी कर सकते हैं
bcc वाले प्राप्त कर्ता to और cc के प्राप्त कर्ताओं को देख सकते हैं,bcc वाले प्राप्तकर्ता 2 और cc के प्राप्त करताओं को देख सकते हैं
print के लिए web page setup करें और इसे print करें,प्रिंट के लिए वेबप्टेज सेटअप करें और इसे प्रिंट करें
हाँ 0808 i am becky से एक सुझाव देख सकते हैं और,यहाँ 0808 आईएम बैकी से एक सुझाव देख सकते हैं और यह कुछ बैकी जाएगी
file देखने के लिए home folder में file पर जाएँ,फाइल देखने के लिए हम फोल्डर में फाइल पर जाएं
इसे जोड देते हैं चलिए अब सीखते हैं कि कैसे derivatives और differential equations लिखें,चलिए अब सीखते हैं कि कैसे derivative और difference इक्वेशन्स लिखें
free चलाती हैं online test pass करने वालों को प्रमाण,online test pass करने वालों को प्रमाणपत्र भी देते हैं
इसके बजाय अपने email account को आगे बढ़ाने के लिए मैं no thanks button पर click करुँगी,इसके बजाय अपने email account को आगे बढ़ाने के लिए मैं no thanks button पर click करुँगी
है आगे की प्रक्रिया से पहले xml file को disk पर save करना ज़रूरी है,आगे की प्रक्रिया से पहले xml file को disk पर सेव करना ज़रूरी है
करे इसके बाद birthday पर आते हैं,इसके बाद बथड़े पर आते हैं
मै देती हूँ output उसी नाम की किसी भी पहले से मौजूद file,output उसी name की किसी भी पहले से मौजूद file को खोलें
इस tutorial में हम bookmarks के बारे में सीखेंगे हम bookmarks संयोजित,इस tutorial में हम bookmarks के बारे में सीखेंगे
हमें to क्षेत्र में उस व्यक्ति का email address लिखना है जिसे हम email भेज रहे हैं,हमें 2 क्षेत्र में उस व्यक्ति का email address लिखना है जिसे हम email भेज रहे हैं
आप freefall नामक नया class भी बना सकते हैं और आवश्यक जानकारी type कर सकते हैं,आप default नामक नया class भी बना सकते हैं और आवश्यक जन्परी type कर सकते हैं
इसे समझने की कोशिश करते हैं modeling भाग के शीर्ष पर जाएँ और text view पर click करें थोडा सा नीचे scroll करें,इसे समझने की कोशिश करते हैं मॉडलिंग भाग के शीर्ष पर जाएँ और टेक्स्ट व्यू पर click करें थोडा सा नीचे scroll करें
python programming के साथ परिचित होना चाहिए,प्रक्रिया की अपनी पाइथन प्रोग्रामिंग के साथ परिचित होना चाहिए
पर click करें अगली window,पर क्लिक करें
नहीं तो हम error messages list में error invalid username या password को जोड़ते हैं,नहीं तो हम error messages में error invalid यूजरनेम या पासवर्ड को जोड कर सकते हैं
ऐसा करने के लिए file menu में जाए और save project as पर click करें,यह करने के लिए file menu में जाइए और save project as button पर click करें
online test pass करने वालों को प्रमाणपत्र भी देते हैं,online test pass करने वालों को प्रमाणपत्र भी देते हैं
निम्न link पर उपलब्ध video देखें,निम्न link पर उपलब्ध video देखें
अतः मैं frame head यहाँ लाऊँगी और clip play करुँगी,अतः मैं frame head यहाँ लाउंगी और clip play करुँगी
यह yaxis पर h और xaxis पर time के साथ समय के संबंध में h के प्लॉट को बनाता है,यह yaxis पर h और xिक्सिस पर टाइम के साथ समय के सम्बन्ध में h की प्लॉट को बनाता है
इसका मतलब है कि मैं अपने आप को mail भेज रही हूँ,इसका मतलब है कि मैं अपने आप को मेल भेज रही हूँ
देख सकते हैं यह सिर्फ h,आप यह देख सकते हैं
firefox web browser 21 . 0,firefox web browser 220
वोरा आपसे विदा लेता हूँ हमसे जुड़ने के लिए धन्यवाद धन्यवाद धन्यवाद धन्य,यह स्क्रिप्ट प्रभाकर द्वारा अनुवादित है मैं यश वोरा अब आपसे विदा लेता हूँ हमसे जुड़ने के लिए धन्यवाद
को एक साधारण differential equation की तरह लिख सकते हैं f of t = m गुणा d squared x over dt squared,इसको एक साधारण डिफरेंशियल इक्वेशन की तरह लिख सकते हैं f of t इक्वल टू m गुणा d स्क्वायर x ओर d t स्क्वायर
हम आशा करते हैं कि यह जानकारी सहायक थी,हम आशा करते हैं कि यह जानकारी सहायक थी
यही doget और dopost methods में बड़ा अंतर है,यह get और do get और do post methods में बडा अंतर है
क्षेत्र में gmail webpage loads होता है,फिर संस्थापित क्षेत्र में geometries वैपेज लोड़ होता है
दिए link पर उपलब्ध video spoken tutorial project को सारांशित कर,दिए link पर उपलब्ध video spoken tutorial project को सारांशित करता है
हमें एक form मिलता है जो आपको checkout के साथ return book की अनुमति देता है,हमें एक form मिलता है जो आपको checkout के साथ return book की अनुमति देता है
line in जैसे radio या tape player को जोड़ने में उपयोग होता है हरा port,lineइन जैसे radio या tab player को जोडने में उपयोग होता है हरा port
simulate पर click करें प्रदर्शित popup window को बंद करें,simrate पर click करें प्रदर्शित पॉकअप window को बंद करें
और विषय वस्तु यानी content यहाँ है,और विषय वस्तु यानी कंटेंट यहाँ है
किसी सरल url अनुरोध के लिए doget default method है अतः,किसी सरल url अनुरोध के लिए do get default method है
output देखने के लिए type करें dna 2 enter दबाएं,output देखने के लिए type करें dna2 enter दबाएँ
इसके लिए नए page पर जाते हैं,इसके लिए नए पेज पर जाते हैं
अधिक जानकारी के लिए कृपया हमें लिखें,अधिक जानकारी के लिए कृपया हमें लिखें
इस tutorial में हम निम्न करना सीखेंगे biopython की महत्वपूर्ण,इस tutorial में हम निम्न करना सीखेंगे
इस तरह से हम जटिल फॉर्मूलों को हल करते हैं और उनको भाग करके बनाते हैं,इस तरह से हम जटिल फॉर्मूलों को हल करते हैं और उनको भाग करके बनाते हैं
फिर add user पर click करें,फिर adduser पर click करें
इस mission पर अधिक जानकारी spoken tutorial . org / nmeict intro पर उपलब्ध है,इस mission पर अधिक जानकारी spoken hyphen tutorial dot org slash nmeict hyphen intro  पर उपलब्ध है
इस tutorial में मैं दिखाऊंगी कि ncbi blast service उपयोग करके internet पर blast को कैसे run करते हैं,इस ट्यूटोरियल में मैं दिखाऊंगी कि ncbi ब्लाक सर्विस उपयोग करके इंटरनेट पर ब्लास्ट को कैसे रन करते हैं
यदि आपके पास अच्छा bandwidth नहीं है तो आप इसे download करके देख सकते हैं,आशा है यदि आपके पास अच्छा bandwidth नहीं है तो आप इसे download करके देख सकते हैं
निम्न code type करें protein = to mrrna . translate ( खोलें और बंद करें enter दबाएं,निम्न code type करें protein equal to mhrna dot translate ब्रैकेट खोलें और बंद करें एंटर दबाएं
इस tutorial में हम सीखेंगे कि कैसे,इस tutorial में हम सीखेंगे कि
इनमें से कुछ को हम देखेंगे यह command video को एक format से दूसरे में बदलने के लिए उपयोगी है,इनमें से कुछ को हम देखेंगे यह command video को एक format से दूसरे में बदलने के लिए उपयोगी है
प्रत्येक datatype के पास कुछ विशेषताएँ हैं जो variables से संबंधित उपयोगी जानकारी निर्दिष्ट करते,प्रत्येक datatype के पास कुछ विशिष्टताएं हैं जो वेरिएबल से सम्बंधित उपयोगी जाइनकारी निर्दिष्ट करते हैं
निम्न link पर उपलब्ध video देखें,यह spoken tutorial project के लिए मैं उपलब्ध video देगा
मैंने age field में एक गलती उत्पन्न की है,मैंने page field में एक गलती उत्पन्न की है
compose window खुलती है,compose window खुलती है
अतः हम यह कैसे पता कर सकते हैं कि उस user ने क्या बदलाव किये थे उसके लिए,how यह कैसे पता कर सकते हैं कि उस यूजर ने क्या वदलाव किये थे
यहां आपके लिए एक नियतकार्य है,यहाँ आपके लिए एक नियतकार्य है
अगर validation असफल होता है तो हमें error messages प्रदर्शित करने चाहि,अगर validation असफल होता है तो हमें error messages प्रदर्शित करने चाहिए
और लिखिए we can solve the equation by substituting 1 for a - 7 for b 3 for c उसके बाद दो newlines,और लिखिये 3 c उसके बाद दो new lines इसलिए मैं यहाँ पर सीखता हूँ और लिखता हूँ और लिखता हूँ और लिखता हूँ और लिखता हूँ और लिखता है
अब चर्चा करते हैं कि omedit का उपयोग करके अपनी समस्या को कैसे हल करना है,अब चर्चा करते हैं कि os edit का उपयोग करके अपनी समस्या को कैसे हल करना है
check spelling type किये हुए content की spelling check करेगा,check spelling टाइप किये हुए कंटेंट की स्पैलिंग चेक करेगा
उपयोग करके होता है cpu के अन्दर,up file उपयोग करके होता है
fasta format में file example . fasta की तरह home folder में save की जाती है,faster format में file example dotaster की तरह हम folder में सेव की जाती है
audio tracks को छोटे clips में विभाजित करने के लिए ctrl + i शोर्टकट है मैं यहाँ audio split करुँगी clip को,audio tracks को छोटे clips में विभाजित करने के लिए ctrl i शॉर्टकट है मैं यहाँ audio split करूँगी
टच पैड जो निर्देशित और संचार करने का उपकरण है एक,chartpad जो निर्देशित और संचार करने का उपकरण है
पर आते हैं हम यहाँ उपलब्ध,अब एक पर आते हैं
back arrow icon पर click करने पर आपको उस page पर ले जाएगा जहाँ आप पहले थे,back arrow icon पर क्लिक करने पर आपको उस पेज पर ले जाएगा जहाँ आप पहले थे
math के पास sets दर्शाने के लिए अलग अलग mark up हैं जो पृथक elements का संग्रह है,मैच के पास सेट्स दर्शाने के लिए अलगअलग डिमारकप हैं जो पृथक अलिमेंट्स का संग्रह हैं
हम आने वाले tutorial में इस features के बारे में अधिक चर्चा करेंगे,हम आने वाले tutorials में इन फीचर्स के बारे में अधिक चर्चा करेंगे
और उनको,और उनको खींचते हैं
library window खुलती है,library window खुलती है
नई class बनाने के लिए file मैन्यू पर जायें,नयी class बनाने के लिए file menu पर जाएँ
चलिए अब terminal window पर चलते हैं,चलिए अब terminal window पर चलते हैं
reverse complement method में बने sequence objects उपयोग करके reverse complement print करें,विवर्स कम्पलिमेंट मेथड में बने सीक्वेंस ऑब्जेक्ट उपयोग करके रिवर्स कॉम्पलिमेंट प्रिंट करें
bombay से मैं श्रुति आर्य आपसे विदा लेती हूँ हमसे जुड़ने के लिए धन्यवाद,यह स्क्रिप्ट विकास द्वारा अनुवादित है आई आई टी बॉम्बे से मैं श्रुति आर्य अब आपसे विदा लेती हूँ हमसे जुड़ने के लिए धन्यवाद
अतः process request method के लिए method call को हटाते हैं,अतः process request method के लिए method कॉल को हटाते हैं
यहाँ चलिए document के अंतिम page तक scroll करते हैं और एक नये page पर जाने के लिए control enter दबाइए,यहाँ चलिए document के अंतिम पेज तक scroll करते हैं और एक नये पेज पर जाने के लिए ctrlएंटर दबाइए
synaptic package manager से audacity को install करे original tutorial को सुने तथा हर एक वाक्य का शुरूआती समय याने begin time note करे,synaptic package manager से audacity को install करें original tutorials को सुनें तथा हर एक वाक्य का शुरूआती सम्मय यानि बिगिन टाइम note करें
इस tutorial में sets के उदाहरण उपयोग करके a union ( में b union c is = to ( में a union b union c को जाँचें,इस tutorial में sets के उदाहरण उपयोग करके a union brackets में b union c is equal to brackets में a union b union c को जाँचें
यह पहली बार एक नया label track खोलता है,ये पहली बार एक नया label track खोलता है
हमने उन्हें खाली values को इनिशिअलाइज़ किया है,हमने उन्हें खाली values को इनिशीलाइज़ किया है
साइलैब के इस्तेमाल से matrix operation के इस tutorial में आपका स्वागत है इस tutorial के अभ्यास के लिए आपके system में साइलैब का संस्थापन होना आवश्यक है,scilab के इस्तेमाल से matrix operation के इस ट्यूटोरियल में आपका स्वागत है इस ट्यूटोरियल के अभ्यास के लिए आपके सिस्टम में सायलापका संस्थापन होना आवश्यक है
output के लिए दो बार enter key दबाएं,आउटपुट के लिए दो बार एंटर की दबाएं
इसे सारांशित करते हैं,इसे सारांशित करते हैं
अब नयी file को upload करने के लिए upload tab पर click करें,tab नई फ़ाइल को upload करने के लिए upload टैब पर click करें
type करें from bio . alphabet import generic _ dna enter दबाएं,type करें from bio alphabet import generic underscore dna enter दबाएँ
text क्षेत्र में url type करें http : double / spoken - tutorial . org,text क्षेत्र में url type करें
संक्षेप में हमने सीखा कि कैसे derivatives और differential equations लिखें,संक्षेप में हमने सीखा कि कैसें डिरिमेटिज और डिफरेंशियल इक्वेशन्स लिखें
मैं test directory को open करती हूँ यहाँ final . ogv है जो हमने save की थी चलिए अब इस file को play करते है sections के इस tutorial में आपका स्वागत है हमने python के basics,मैं test directory को open करती हूँ यहाँ final ogv है जो हमने सेव की थी चलिए अब इस file को play करते हैं इस tutorial में आपका स्वागत है
सीखते हैं कि files और folders को कैसे बनाते हैं और upload करते हैं इस,अब सीखते हैं कि file subfolders को कैसे बनाते हैं और upload करते हैं
फ़ॉर्मूले के font size बढ़ाने के लिए format menu पर जाएँ और font size पर click करें,formula के font size बढ़ाने के लिए format menu पर जाएँ और font size पर click करें
document में 0808 i am becky के द्वारा किये गए किसी भी संशोधन को नहीं देख सकते हैं,इस document में 0808 के द्वारा किये गए किसी भी संशोधन को नहीं देख सकते हैं
भागों को cpu से जोड़ना सीखते हैं सारे भागों को,अब भागों को cpu से जोडना सीखते हैं
यह भारत सरकार के mhrd के ict के माध्यम से राष्ट्रीय साक्षरता mission द्वारा,जिसे भारत सरकार के एमएचआरडी के राष्ट्रीय साक्षरता mission ने आईसीटी ict के माध्यम से समर्थित किया है
लेकिन h की value 0 से नीचे चली गयी है जो अस्वीकार्य है,लेकिन h की value 0 से नीचे चली गई है जो अस्वीकार रहे हैं
type करें dna 2 . find ( में double ' में gc enter दबाएं,dna2double ब्वैकेट्स में डबल कोट्स में gc  एंटर दबाएँ
laptop एसी को ज़्यादा गर्म होने से बचाता है,यह ब्लॉक जो ज़्यादा गर्म होने से बचाता है
spoken tutorial project talk to a teacher project का हि,spoken tutorial project talktoa teacher project का हिस्सा है
दिखता हैं biopython का संस्थापन जाँचने के लिए prompt पर type करें import bio enter दबाएं,बाइटिंग का संस्थापन जाँचने के लिए prompt पर टाइप करें import bio enter दबाएँ
extension को अक्षम करें,extension को अक्षम करें
हम sequence में उपस्थित अलग अलग bases की संख्या को भी गिन सकते हैं,हम sequence में उपस्थित अलगअलग braces की संख्या को भी गिन सकते हैं
पर click करें एक dialog box आता है,screen पर click करें एक dialog box आता है
हम कार्यशालाएं चलाते हैं और online tests pass करने वालों को प्रमाणपत्र देते हैं अधिक जानकारी के लिए कृपया हमें लिखें,हम कार्यशालाएं चलाते हैं और ऑनलाइन टेस्ट पास करने वालों को प्रमाणपत्र देते हैं अधिक जानकारी के लिए कृपया हमें लिखें
क्रमांक द्वारा cross reference equation,यह प्रमाणक द्वारा cross reference इक्वेशन
इसको बंद करने के लिए close button पर click करें हमारी,tuxworks को बंद करने के लिए close button पर click करें
यहाँ आप अपना name देख सकते हैं,यहाँ आप अपना name देख सकते हैं
सभी variable declarations ; के साथ समाप्त होने चाहिए,सभी वेरिएबल डिक्लेरिशन सेमीकॉलम के साथ समाप्त होने चाहिए
greek characters डालने का एक और तरीका है कि tools menu से catalog इस्तेमाल,v characters डालने का एक और तरीका है कि tools menu में catalog इस्तेमाल किया जाता है
फिर हमारे पास एक hyperlink है जो visitor homepage . jsp नामक page को link करता है,फिर हमारे पास एक hyperlink है जो विजिटर homepage jsp named पेज को links करता है
सीखेंगे formula लिखने के लिए mark language तथा formula format करना यानी fonts alignment और spacing,सूची के लिए मार्कप लैंग्वेज तथा फॉर्मूला फॉर्मेट करना यानि फॉन्ड्स अलाइनमेंट और स्पेसिंग
अब हमसे हमारे printer के बारे में जानकारी देने के लिए कहा जाता है printer का नाम और उसकी location,अब हमसे हमारे printer के बारे में जानकारी देने के लिए कहा जाता है printer का name और उसकी location से विवरण दें
hard disk file type में vbi virtual disk image चुनें और window के नीचे next button पर click करें,hard disk file type में vdi virtual disk इमेज चुनें और window के नीचे next बटन पर क्लिक करें
यहाँ हम उपयोग कर रहे हैं,यहाँ हम उपयोग कर रहे हैं
आप अपने bookmarks को library window में देख और व्यवस्थित कर सकते हैं,आप अपने bookmarks को library window में देख और व्यवस्थित कर सकते हैं
करते हुए greek characters लिखते है इसके लिए चलिए सबसे पहले उदाहरण writer document जिसको हमने पिछले tutorial में बनाया था जोकि है mathexample1. odt grey box जिसमे,इसके लिए चलिए सबसे पहले उदाहरण writer document जिसको हमने पिछले tutorial में बनाया था जोकि है math example1 odt
synaptic package manager उपयोग करके python ipython और biopython संस्थापित करें,synaptic package manager उपयोग करके python ipython और बायोपाइथन संस्थापित करें
प्रदर्शन के लिए हम genbank file उपयोग करेंगे जो हमने पहले ही database से download कर ली है code,इस प्रश्न के लिए हम जनमिंग फाइल उपयोग करेंगे जो हमने पहले ही डेटाबेस से डाउनलोड कर ली हैं
borrowed book की जानकारी निकालना,buffered book की जानकारी निकलना
पड़ेगी इस तरह से आप video में कुछ भागों को जोड़ सकते हैं यह प्रक्रिया दो या अधिक video को जोड़ने में प्रयोग की जा सकती है,इस तरह से आप video में कुछ भागों को जोड़ सकते हैं यह प्रक्रिया 2 या अधिक video को जोड़ने में प्रयोग की जा सकती है
अब netbeans ide खोलते हैं,अब netbeans ide खोलते हैं
dialog box में हमारे पास कई विकल्प हैं,dialog box में हमारे पास कई विकल्प हैं
हम set first name method को भी परिभाषित करते हैं,हम set firstname method को भी परिभाषित करते हैं
के आगे वाला power on switch दबाएं सामन्यतः,उपयुक्त उदाहरण के लिए पीयु के आगे वाला power on switch दबाएं
कैसे जोडें दर्शक हमारी site www spoken tutorial org पर भी जाना चाह सकते हैं इस site पर सारे operating system के लिए spoken tutorials को बनाने edit करने dub करने से सम्बंधित सारी जानकारी है,दर्शक हमारी site www spokentutorial org पर भी जाना चाह सकते हैं इस site पर सारे operating systems के लिए spokentutorial को बनाने edit करने डब करने से सम्बंधित सारी जानकारी है
ध्यान दें कि servlet केवल किसी अन्य java class की तरह है,ध्यान दें कि outlet केवल किसी अन्य java class की तरह है
informatics और बुनिया,यह इन्फॉर्मेटिक्स और
एक विशेष mail को पढ़ने के लिए सिर्फ इस पर click करें,एक विशेष मेल को पढ़ने के लिए सिर्फ इस पर क्लिक करें
यह video spoken tutorial project को सारांशित करता है,यह video spoken tutorial project को सारांशित करता है
अब नीचे वाली progress window को बंद करें,नीचे वाली progress window को बंद करें
के रूप में परिणाम देता है यह computer के,यह � computer के रूप में परिणाम देता है
आप अपने काम को save करते हैं,अब अपने काम को सेव करते हैं
form tag add user servlet की तरह action और post की तरह method रखती है,form tag add user server की तरह action और post की तरह method रखती है
spoken tutorial project talk to a teacher project का हिस्सा है यह भारत,spoken tutorial project talk to a teacher project का हिस्सा है
हम देख सकते हैं कि हमें the given user has not borrowed this book का error message मिलता है,हम देख सकते हैं कि हमें the given user has not borders this book का error message मिलता है
file > save पर click करें,file सेव पर click करें
जैसा पहले बताया गया है windows उपयोगकर्ता कृपया,जैसा पहले बताया गया है windows उपयोगकर्ता कृपया लगें
सारे सूचीबद्ध labels के साथ एक window दिखेगी और जोजो labels मिटाने की ज़रुरत है चुने जा सकते हैं और remove button पर click करके उन्हें मिटाया जा सकता है,सारे सूचीबद्ध labels के साथ एक window दिखेगी और जो जो labels मिटाने की ज़रुरत है चुने जा सकते हैं और remove button पर click करके उन्हें मिटाया जा सकता है
यहाँ मैं उपयोग कर,यहाँ मैं उपयोग करती हूँ
और printer,और printer
test1 . ogv यहाँ है मैं इसे play करती हूँ मै,test1 ogv यहाँ है मैं इसे play करती हूँ
ध्यान दें canvas 100 units द्वारा विस्तारित है,ध्यान दें canvas 100 units द्वारा विस्तारित है
my servlet . java के लिए ide के द्वारा बनाया हुआ source code source editor window में दिखता है,mysorblet java के लिए ide के द्वारा बनाया हुआ source code source editor window में दिखता है
- a n switch स्वचालित रूप से output से audio हटा देता है तथा सिर्फ video component को रखता है,माइनस a1 switch स्वचालित रूप से output से audio हटा देता है तथा सिर्फ video component को रखता है
history को बंद करें अब,इस history को बंद करें
यह वाला page directive है,यह वाला पेज डिरेक्टिव है
अब यहाँ url को देखते हैं,अब यहाँ url को देखते हैं
और नीचे open button पर click करें,और नीचे open button पर click करें
find पर click करे browser window के नीचले तरफ,browse window के नीचले तरफ एक दर्शाता है
बहुत से bioinformatics tools विभिन्न input file formats लेते हैं,बहुत से बायोंफॉर्मेटिक्स tools – विभिन्न input file formats लेते हैं
जरुरी हैं java servlets के basics और jsp,java सर्वलेट्स के basics और jsp
यह manage search engine lists नामक एक dialog box खोल,यह manage search engine lists नामक एक dialog box खुलता है
database और tables बनाना,database और tables बनाना
निर्देशों के साथ output storage unit में संचित किया जाता है unit जो,प्रक्रियाएँ पहले निर्देशों के साथ आउटपुट स्टोरे यूनिट में संचित किया जाता है
ऐसा इसलिए क्योंकि जब तक आप जगह नहीं बनाएँगे पिछली clip अपनी जगह से नहीं हट सकती,ऐसा इसलिए क्योंकि जब तक आप जगह नहीं बनायेंगे पिछली clip अपनी जगह से नहीं हट सकती
और विभिन्न file formats के बीच अंतर रूपांतरण करने के लिए convert function कैसे उपयोग करते हैं,और विभिन्न फाइल फॉर्मेट्स के बीच अंतर रूपांतरण करने के लिए convert फंक्शन कैसे उपयोग करते हैं
अब एक file संलग्न करते हैं जो लगभग 30 mb की है,अब एक file संलग्न करते हैं जो लगभग 30mb की है
आपको आपके phone number पर एक sms मिलेगा,आपको आपके फ़ोन नंबर पर एक sms मिलेगा
tools पर click करें windows उपयोगकर्ता कृपया tools और,windows उपयोगकर्ताकृपया tools और applications पर क्लिक करें
tab tools और options पर click करें general tab पर click करें,general टैब पर क्लिक करें
ध्यान दें कि inbox के पास ( में number 3 है,ध्यान दें कि इन बॉक्स के पास ब्रैकेट्स में नंबर 3 है
दिए विकल्पों में से fasta चुने फिर,� विकल्पों में से fast चुनें
आप इस model के icon view में सफेद पृष्ठभूमि पर एक वृत्त देख सकते हैं,आप इस model के icon view में सफ़ेद पृष्ठभूमि पर एक वृत्त देख सकते हैं
परेशान करने वाले background noise को हटाने के लिए sample noise के साथ track का एक भाग चुनें,परेशान करने वाले background noise को हटाने के लिए sample noise के साथ drag का एक भाग चुनें
मैं username और password enter करता हूँ,मैं यूज़रनेम और password enter करता हूँ
like spoken tutorial project talk to a teacher,spoken tutorial project talktoa teacher project का हिस्सा है
सूची के आख,सूची के आखिरी ओर पर click करें
मैंने अपने system पर python ipython और biopython पहले से ही संस्थापित कर लिए हैं,मैंने अपने system पर python i python और python पहले से ही संस्थापित कर लिए हैं
box पर click करें और,सबके लिए बॉक्स पर क्लिक करें
ध्यान दें दूसरा button diagram view के लिए है,ध्यान दें दूसरा button diagram यूज़रनेम है
ipython interpretor version 2 . 3 . 0,ipython interpreter version  230
अब हम fasta format में sequence के लिए एक file बनायेंगे,अब हम fast format में sequence के लिए एक फाइल बनायेंगे
हमें form tag के method attribute को post में बदलना ज़रूरी है,हमें form tag के method attribute को post में बदलना ज़रूरी है
यह एक pdf document या,यह एक pdf document
के लिए इस switch को दबाने की ज़रुरत है एक reset button,पता लगाने के लिए इस switch को दबाने की जरूरत है
output के लिए type करें dna 3 enter दबाएं,output के लिए type करें dna3 enter दबाएँ
हम एक उदाहरण के माध्यम से उन्हें समझेंगे,हम एक उदाहरण के माध्यम से उन्हें समझेंगे
real input एक connector है जो स्पष्ट रूप से real input signal को दर्शाता है,reial input एक connector है जो spreadsheet रूप से real input signal को दर्शाता है
ict के माध्यम से समर्थित किया है इस mission पर अधिक जानकारी दिए गए link पर उपलब्ध है spoken tutorial . org / nmeict intro यह script,इस मिशन पर अधिक जानकारी दिए गए लिंक पर उपलब्ध है spoken hyphen tutorial dot org slash nmeict hyphen intro
क्या चाहते हैं मैं type करुँगी spoken tutorial,मैं type करुँगी spoken tutorial
firefox web browser 21 . 0,firefox web browser 220
biopython उपयोग करके हम किसी भी निर्दिष्ट लम्बाई की एक यादृच्छिक dna sequence के लिए एक sequence object बना सकते हैं,बायोपाइथन उपयोग करके हम किसी भी निर्दिष्ट लम्बाई की एक यादृच्छिक dna sequence के लिए एक sequence object बना सकते हैं
arithmetic और logical operations क्रियान्वित करता है और data और,यह प्रस्तुतियाँ से arithmetic और logical operations क्रियान्वित करता है और data और निर्दिष्ट करता है
email text का format,email text का format
spoken tutorial के लिए,अगला मैं इस tutorial के अंत में आपका स्वागत है
यह इस document के लिए एक link बनाता है,इस document के लिए एक link बनाता है
intersection operation के लिए markup up है जैसे कि हम इसे पढ़ते हैं,intersection operation के लिए markup है जैसे कि हम इसे पढ़ते हैं
spoken tutorial project के बारे में अधिक जानने के लिए निम्न link पर उपलब्ध video देखें,spoken tutorial project के बारे में अधिक जानने के लिए निम्न link पर उपलब्ध video देखें
देखें कि page का title home page है,देखें कि पेज का टाइटल होमपेज है
dialog box बंद करने के लिए cancel पर click करें,dialog box बंद करने के लिए cancel पर click करें
फिर type dropdown में linux चुनें,फिर type ड्रॉपडाउन में लिनक्स चुनें
biopython version 1 . 64 और एक कार्यकारी internet connection,pypython version 164 और एक कार्यकारी internet connection
मैंने इसमें library named एक database बना लिया है,मैंने इसमें library नामक एक database बना लिया है
xml header है हमारे पास,यह एक xml header है
यह spoken tutorial project को सारांशित करता है,यह spoken tutorial project को सारांशित करता है
menu bar से bookmarks पर click करें bookmarks menu में,menu bar से bookmarks पर click करें
extent coordinate system में field है इसमें संख्याओं के दो युग्म हैं,extend coordinate system में field है इसमें संख्याओं के 2 युक्म हैं
फिर हम remove from checkout method call करते हैं,फिर हम remove from checkout method कॉल करते हैं
image में दिखाया गया text या number type करें type the text text box में,image में दिखाया गया text या number type करें type the text text box में
और फिर इन elements के आसपास हम अपना कार्य कर सकते हैं,और फिर इन elements के आसपास हम अपना कार्य कर सकते हैं
आप दायें टैब की दायीं ओर के + button पर click करके भी एक नया टैब भी खोल सकते हैं हम अपनी आवश्यकताओं,आप दायाँ टैब की दायीं ओर के plus button पर क्लिक करके भी एक नया टैब खोल सकते हैं
विशेषता केवल कुछ browsers में ही उपलब्ध हो सकती है उदाहरण के लिए google chrome हम अपनी upload,यह विशेषता केवल कुछ ब्राउज़र्स में ही उपलब्ध हो सकती है उदाहरण के लिए google chrome हम अपनी अपलोज़ देते हैं
एक नया class बन गया है,एक नया class बन गया है
आगे हम side,आगे हम sidebar पर click करेंगे
04 netbeans id 7 . 3,netbeans ide 733
नियतकार्य के रूप में differential equation dx / dt = - a into x को simulate करने के लिए एक model लिखें जहाँ a = 1 x r से संबधित है और time t = 0 पर x की value 5 है,यहाँ नियतकार्य के रूप में default equation dx by dt is equal to a into x को सिमरेट करने के लिए एक मॉडल लिखें जहाँ a is equal to 1 x r से सम्बंधित है और टाइम t is equal to 0 पर x की वैल्यू 5 है
अब शुरू करते हैं अपना web browser खोलें और type करें http : double / gmail . com,अपना web browser खोलें और type करें
जो आप अभी बना रहे हैं उसके अतिरिक्त अगर आपके पास कोई अन्य email address है तो इसको यहाँ type करें अब,को जो आप अभी बना रहे हैं उसके अतिरिक्त अगर आपके पास कोई अन्य email address है तो इसको यहाँ type करें
अब मनुष्य के insulin gene के लिए fasta और genbank files download करते हैं search,आप देखेंगे कि हम अपनी शिरू के इंसोलिंइन चीन्ह के लिए fast down और जैन्विंग फाइल्स डाउनलोड करते हैं
b union union c के लिए mark up है जैसे कि हम इसे पढते हैं,b union security के लिए मार्कअप है जैसे कि हम इसे पढ़ते हैं
अब ok पर click करें यह,अब ok पर click करें
जानकारी दिए हुए dna strand के लिए sequence object बनाना,दिए हुए dns में plant के लिए sequence object बनाना
इस श्रृंखला के अंत में आप इस आसान library management system को बनाना सीख जायेंगे,इस श्रृंखला के अंत में आप इस आसान library management system को बनाना सीख जायेंगे
text editor बंद करें,text editor बंद करें
windows उपयोगकर्ता tools पर click कर सकते हैं और फिर op,windows उपयोगकर्ता tools पर click कर सकते हैं और फिर options पर click करें
हम फिर request dispatcher object पर forward method उपयोग करते हैं,हम फिर request dispacher object पर forward method उपयोग करते हैं
चाहिए preferences या options dialog box खुलता है dialog box में उपरी तरफ कई,preferences या options dialog box खुलता है dialog box में ऊपरी तरफ कई डाइलॉज़ में साफ़ होता है
factorial function type करें और दो बार enter दबाएं,factorial function type करें और 2 बार enter दबाएं
यह control application में उपयोगी है,यह control application में उपयोगी है
ऐसा करने के लिए tracks add new और label track पर click करके label track जोड़ें,ऐसा करने के लिए tax add new और label track पर click करके label track जोड़ें
बुनियादी python programming से परिचित होना चाहिए,आपकी बुनियादी python programming से परिचित होना चाहिए
यहाँ हम message देख सकते हैं no one’s shared any files with you yet,यहाँ हम message देख सकते हैं no one s entered any files with you yet
extensions firefox browser के भाग हैं,extensions firefox browser के भाग है
terminal पर वापस आएं,terminal पर वापस आएँ
delete करना या update करना,या अपडेट करना
theme चुनें ऐसा करने पर जब भी आप address bar में नयी url प्रविष्ट करते हैं तो आपको सुझावों के साथ संकेत नहीं दिया जायेगा,ऐसा करने पर जब भी आप address bar में नयी url प्रविष्ट करते हैं तो आपको सुझावों के साथ संकेत नहीं बाद होगा
mouse,kata माउस
> than चिन्ह से शुरू होती है इसके,चिन्ह से ग्रेटर दैन चिन्ह से शुरू होती है
के सबसे ऊपर बायीं तरफ इसको स्थित करने के लिए file पर click करें और फिर new file पर click करें category saveas,शीर्षक बनाने से ऊपर बायीं तरफ इसको स्थित करने के लिए file पर click करें और फिर new file पर click करें
जानकारी के लिए कृपया contact @ spoken tutorial . org पर लिखें spoken tutorial,अधिक जानकारी के लिए
इस पर click करें,इस पर click करें
transcribe method dna sequence में thiamin को uracil से बदलता है,ट्रांसक्राइप मेथड dna सीक्वेंस में थाय मेन को uray cells से बदलता है
हैं अगर हम अन्य users को इस document के बारे में कुछ जानकारी देना चाहते हैं तो हम इसे यहाँ type कर सक,अगर हम अन्य users को इस document के बारे में कुछ जानकारी देना चाहते हैं तो हम इसे यहाँ type कर सकते हैं
jsp s html code के अंदर java code रखता है,jsp  html कोड के अंदर java code रखता है
उसी प्रकार हम एक fastq file को fasta file में बदल सकते हैं लेकिन reverse नहीं कर सकते,उसी प्रकार हम एक पाँच क्यू फाइल को fast a file में बदल सकते हैं लेकिन रिवर्स नहीं कर सकते
select files from your computer button पर click करें,select files from your computer button पर click करें
यहाँ एक अन्य उदाहरण है newton का दूसरा गति नियम,यहाँ एक अन्य उदाहरण है newton का दूसरा गति नियम
ctrl a दबाकर collection panel में सारी clips को चुनें फिर एक clip पर right click करें और delete विकल्प पर click करें अब,console a दबाकर collection panel में साधी clips को चुनें फिर एक clip पर right click करें और delete विकल्प पर click क्लिक करें
दो sequences का alphabet attribute समान होना चाहिए,दो sequence का alphabet attribute समान होना चाहिए
text editor बंद करें,text editor बंद करें
द्वारा अनुवादित है तथा i i t bombay की ओर से मैं रवि कुमार अब आपसे विदा लेता हूँ हमसे जुड़ने के लिए धन्यवाद,यह स्क्रिप्ट सकीना शेख द्वारा अनुवादित है तथा आई आई टी बॉम्बे की ओर से मैं रवि कुमार अब आपसे विदा लेता हूँ हमसे जुड़ने के लिए धन्यवाद
दें कि autofill विशेषता यहाँ उन email ids के लिए उपलब्ध है जिनको हमने पहले emails भेजे थे तीन modes,हम देखते हैं कि autofill विशेषता यहाँ उन email ids के लिए उपलब्ध है जिनको हमने पहले email भेजे थे
netbeans ide 7 . 3,netbeans ide 733
file से nucleotide sequences को load करने के लिये parse function उपयोग करें,कौन्सा फ़ाइल से निप्यूटाइड सीक्वेंसिस को डॉनलूट करने के लिए parse फंक्शन उपयोग करें
होते हैं जिनमें हम अन्य users के साथ document share कर सकते हैं,जिनमें हम अन्य users के साथ document चेयर कर सकते हैं
निश्चित करता है अच्छी bandwidth न मिलने पर आप इसे download कर के,अच्छी bandwidth न मिलाने पर आप इसे download करके देख सकते हैं
recording को रोकने के लिए stop button पर click करे audio,रिकॉर्डिंग को रोकने के लिए stop बटन पर क्लिक करें
output देखने के लिए type करें string 1 enter,अब output देखने के लिए type करें string1 enter करें
introduction to biopython पर tutorial में आपका स्वागत है,introduction to bpacent पर इस ट्यूटोरियल में आपका स्वागत है
विकल्प है अपनी google profile पर photo जोड़ने के लिए आप इस पर click कर सकते हैं,अपनी google profile पर फोटो जोडने के लिए आप इस पर क्लिक कर सकते हैं
अंततः final project को आवश्यक audio format में export करें यानी wav mp3 और अन्य,अंततः final project को आवश्यक audio format में export करें यानी w a b mp3 और अन्य
हम यह page बाद में बनाएंगे,हम यह पेज बाद में बनायेंगे
यहाँ इस document के अंत में जाते हैं और नए page पर जाने के लिए control enter दबाएं,यहाँ इस document के अंत में जाते हैं और नए पेज पर जाने के लिए ctrl enter दबाएं
अंतिम bookmark की हुई site पर जाएं,अंतिम bookmark की हुई site पर जाएँ
borrow की हुई books page में हमारे पास एक अन्य list है,बोरों की हुई books पेज में हमारे पास एक अन्य list है
omedit icon पर click करें,oamatted icon पर click करें
screen पर print dialog box दिखाई देता है,screen पर print dialog box दिखाई देता है
प्रतिशत जैसे ही हम प्रत्येक spacing प्रकार पर click करते हैं मध्य में image spacing प्रकार के स्थान को दर्शाएगा,जैसे ही हम प्रत्येक spacing प्रकार पर click करते हैं मध्य में image spacing प्रकार के स्थान को दर्शाएगा
यह जल्द ही और काफी आसानी से एक file format से दूसरे में convert कर सकता है याने बदल सकता है http : double / ffmpeg . org से ffmpeg के लिए source code download कर सकते हैं,यह जल्द ही और काफी आसानी से एक file format से दूसरे में convert कर सकता है यानि बदल सकता है
मैं अपना नाम rebecca raymond प्रविष्ट करुँगी,मैं अपना name rebecca raymond प्रविष्ट करुँगी
software installation पुष्टिकरण संदेश दिखाई देता है,इसके लिए सॉफ्टवेयर installation पुष्टिकरण संदेश दिखाई देता है
अब अपना काम save करते हैं ऊपर file menu पर जाए save पर click करें,अब अपना काम सेव करते हैं ऊपर file menu पर जाएँ save पर click करें
हम देखेंगे कि admin page पर जाने के लिए greeting servlet को कैसे संशोधित करें,हम देखेंगे कि admin पेज पर जाने के लिए greeting server को कैसे संशोधित करें
अगर यह page आपकी machine से पहले access किया जा चुका है तो page इस प्रकार दिखेगा,अगर यह पेज आपकी machine से पहले accessed क्सिस किया जा चुका है तो पेज इस प्रकार दिखेगा
sequence से दूसरी string को extract करने के लिए up arrow की दबाएं और निम्न की तरह command edit करें,sequence से दूसरी string को extract करने के लिए अप arrow की दबाएं और निम्न की तरह command edit करें
servlet methods के spoken tutorial में आपका स्वागत है इस tutorial में,saveलेट मेथड्स के स्पोकन ट्यूटोरियल में आपका स्वागत है
करना यह नियतकार्य करने की कोशिश करें,नियतकार्य करना या नियतकार्य करने की कोशिश करें
fasta और genbank files से data जैसे कि record ids description और sequences extract करना,स्टा और xampping files cdata जैसे की record ids description और sequence एक्सट्रैक्ट करना
साक्षरता mission द्वारा समर्थित है इस mission पर अधिक जानकारी spoken tutorial . org / nmeict intro,इस mission पर अधिक जानकारी
bookmark का नाम बदलने के लिए star का उपयोग कर सकते हैं और इसे एक अलग folder में,यहाँ अपने bookmark का नाम बदलने के लिए star का उपयोग कर सकते हैं और इसे एक अलग folder में जोड़ सकते हैं
अब admin section . java खोलें,अब admin section java खोलें
अगर दो tracks हैं तो audio stereo में है फिर से यह बाएं panel पर label में उल्लिखित किया जायेगा,अगर दो ट्रैक्स हैं तो audio�स्टीरियो में है फिर से यह बाएं पैनल पर लेबल में उल्लिखित किया जायेगा
blast basic local alignment search tool का संक्षिप्त रूप है,blest basic local alignment search tool का संक्षिप्त रूप है
में अंतनिर्हित cooling fan है यह laptop को,यह नियत में अन्तर्निहित कूलिंग फैन है
आप अपनी पसंद का कोई भी web browser उपयोग कर सकते हैं,आप अपनी पसंद का कोई भी web browser उपयोग कर सकते हैं
यह checkout return book के लिए interface है,यह चेकआउट return book के लिए interface है
अतः हम admin section page पर वापस आते हैं,अतः हम admin section पेज पर वापस आते हैं
यहाँ y real value output signal है,यहाँ बाएं real value output signal है
देखते हैं my servlet java package org . spokentutorial में बना हुआ है,हम देखते हैं myvalid java package org spoken tutorial में बना हुआ है
चुना हुवा हैं यदि नहीं है तो कृपया इस,यदि नहीं है तो कृपया इस option पर click करें
हम देख सकते हैं कि जो विषय हमने चुना वह अब सूची में नहीं है dialogue,हम देख सकते हैं कि जो विषय हमने चुना वह अब सूची में नहीं है
नए यूज़र को register करने के लिए यह एक registration form है,नए यूजर को register करने के लिए यह एक registration form है
close पर click,close पर क्लिक करें
यह class में unsaved परिवर्तन को दर्शाता है,यह glass में अनसेव परिवर्तन खुल दर्शाता है
आप अब इन fields में proxy settings enter कर सकते हैं,आप अब इन fields में proxy settings enter कर सकते हैं
क्या आपको याद है कि हम पहले भी controller के बारे में जान चुके हैं,क्या यदि हम पहले भी controller के बारे में जान चुके हैं
नियत कार्य के लिए,नियत कार्य के लिए
शीघ्र ही तीन formulae लिखने के लिए हम numbers को 1 से 3 तक नियुक्त करते हैं,शीक वही 3 formulaे लिखने के लिए हम numbers को 1 से 3 तक नियुक्त करते हैं
फिर हम database तक एक connection बनाते हैं,फिर हम database तक एक connection बनाते हैं
हम एक success greeting page देख सकते हैं,हम एक success greeting पेज देख सकते हैं
30 mb zip file को browse करें और चुनें और open पर click करें,30mb zip file को browse करें और चुनें और open पर click करें
निर्दिष्ट स्थानों पर एक dna sequence को slice यानि,निर्दिष्ट स्थानों पर एक dna sequence को
इसके लिए projects tab पर click करें,इसके लिए projects टैब पर click करें
यह सिर्फ html tags के साथ एक सामान्य jsp page है| इसका टायटल,इस ट्यूटोरियल स्टेमल टैक्स के साथ एक सामान्य jsp पेज है
ध्यान दें कि अब clip इस स्थिति पर विभाजित हुई है,ध्यान दें कि अब clip इस स्थिति पर विभाजित हुई है
अब request dispatcher interface के बारे में कुछ सीखते हैं,अब  request display interface के बारे में कुछ सीखते हैं
webmail notifier extension खोजें और इसे अपने computer पर,webmail identifier extension खोजें और इसे अपने computer पर संस्थापित करें
यहाँ mark up पर ध्यान दें,यहाँ markers पर ध्यान दें
अब हम एक सरल jsp page बनाएंगे,अब हम एक सरल jsp पेज बनायेंगे
file कुछ जानकारी जैसे gi accession number और description भी रखती है,file कुछ जानकारी जैसे gui accession number और description भी रखती है
मैं canvas के रूप में icon view में सफेद स्थान की चर्चा कर रही हूं,मैं canvas के रूप में icon view में सफेद स्थान की चर्चा कर रही हूँ
हम वाणिज्यिक सिमुलेटरों से प्रयोगशालाओं को open modelica में स्थानांतरित करने में सहायता करते हैं,हम वर्षक इसमुलेटर और सेप्रयोगशालाओं को ओपन मॉडलिका में स्थानांतरित करने में सहायता करते हैं
application के लिए अनुरोध स्वीकार करता है application के url,यह एक अरिकेशन के लिए अनुरोध स्वीकार करता है
कृपया इन्हे देखें,कृपया इन्हें देखें
नहीं है तो हमारी website पर उपलब्ध gmail से सम्बंधित tutorials को देखे,यदि यह अपने डेटाबेस में नहीं है तो हमारी वेबसाइट पर उपलब्ध जीमें से सम्बंधित ट्यूटोरियल्स को देखें
submitted – test page submitted as job और इसका number,submited test page submitted as job और इसका number
मैं इस टैब को बंद करती हूँ google doc अपने आप ही save हो जायेगा एक बार,अब मैं इस टैब को बंद करती हूँ google doc अपने आप ही सेव हो जायेगा
करें इस बार हम देख सकते हैं कि contents क्षेत्र में परिणाम yahoo search engine की तरफ से हैं,इस बार हम देख सकते हैं कि contents क्षेत्र में परिणाम या हूज search engine की तरफ से है
enter दबाएँ,enter दबाएँ
आपकी machine पर local blast या ncbi servers से internet पर blast run करना,आपकी machine पर local glass या ncbi servers से internet पर blocks रन करना
चलिए insert object menu,चलिए insert object menu
है एक सूचना संदेश प्रदर्शित होगा जो दर्शाता है adblock will be installed after you restart firefox,एक सूचना संदेश प्रदर्शित होगा जो दर्शाता है add block will be installed after you registered firefox
यह sequence input output interface के लिए बुनियादी data type है,यह sequence इनपुट आउटपुट interface के लिए गुनियादी datatype है
देखिये कि page पर कितनी बार शब्द video दिख रहा है,देखिए कि पेज पर कितनी वारशब्द video दिख रहा है
menu bar navigation toolbar bookmarks bar side bar status bar और content area,menu bar navigation toolbar bookmarks bar sidebar status bar और content area
internet पर सबसे सामान्य कार्य log जो करते हैं वह है जानकारी खो,internet पर सबसे सामान्यकार लोग जो करते हैं वह है जानकारी खोलें
blocking के बारेमें सिखा इस नियतकार्य को करने की कोशिश,इस नियतकार्य को करने की कोशिश करें
इस tutorial को record करने के लिए मैं उपयोग कर रही हूँ open modelica version 1 . 9 . 2,इस tutorial को record करने के लिए मैं उपयोग कर रही हूँ open modelिका version 192
आप कई तरीकोसे bookmark को access कर सकते हैं आपके द्वारा bookmark की gi site को access करने का आसान तरीका,आप कई तरीकों से bookmarks को access कर सकते हैं आपके द्वारा bookmark की गई site को access करने का आसान तरीका प्रयोग कर सकते हैं
चलिए टैब के कोने में x पर click करके इस टैब को बंद करते हैं,चलिए टैब के कोने में x पर क्लिक करके इस टैब को बंद करते हैं
show details पर click करें,showdetails पर click करें
web browser में नीचे दिया गया website link खोलें,कई भी web browser में नीचे दिया गया website link खोलें
लेकिन यहाँ विशेष software हैं जो विज्ञापनों को block,लेकिन यहाँ विशेष सॉफ्टवेयर है जो विज्ञापनों को ब्लॉक करने के लिए है
output के लिए type करें string 2 enter दबाएं,output के लिए type करें string2 enter दबाएं
भारत सरकार के mhrd मंत्रालय के राष्ट्रीय साक्षरता mission ने ict के माध्यम से समर्थित किया है,यह भारत सरकार के एमएचआरडी मंत्रालय के राष्ट्रीय साक्षरता mission ने आई सी टी ict के माध्यम से समर्थित किया है
निम्न link पर उपलब्ध video spoken tutorial project को सारांशित करता है,निम्न link पर उपलब्ध video spoken tutorial project को सारांशित करता है
box खुलता है उसमें ok पर click करें,box खुलता है उसमें ok पर click करें
बगल में है हम खोज के परिणाम contents क्षेत्र में देखेंगे,हम खोज के परिणाम कंटेंट्स क्षेत्र में देखेंगे
आप कोई web application बनाने में भी सक्षम होंगे जो mvc pattern का अनुसरण करता है,हम यह कोई वेब एप्लिकेशन बनाने में भी सक्षम होंगे जो mvc pattern का अनुसरण करता है
ध्यान दे के इस case में वाक्यों के बीच एक seconds के लिए रुके,ध्यान दें कि इस case में वाक्यों के बीच एक seconds के लिए रुकें
set c,set की
इस mission पर अधिक जानकारी इस link पर उपलब्ध है i i t bombay से,इस mission पर अधिक जानकारी इस लिंक पर उपलब्ध है
देखते हैं कि browser की आकृति में सुधार लाने में themes मदद करता है यह,हम देखते हैं कि ब्राउज़र की आकृति में सुधार लाने में themes मदद करता है
एक email लिखना,एक email लिखना
name text box के में वह नाम type करें जिसे आप देना चाहते हैं मै ubuntu type करुंगी,name टेक्स्ट बॉक्स में वह name type करें जैसा आप देना चाहते हैं मैं ubuntu type करूंगी
अपने themes page पर वापस जाएँ,अपने themes पेज पर वापस जाएँ
यह किये गए आखिरी संशोधन की तारीख़ समय और यह संशोधन किसने किया भी दिखाता है अभीतक,यह किये गए आखिरी संशोधन की तारीख समय और यह संशोधन किया भी दिखाता है
आप toolbar में से भी save button का उपयोग कर सकते हैं जो file save करने के लिए मेरा cursor इंगित करता है,आप toolbar में सेभी save button का उपयोग कर सकते हैं जो फाइल सेव करने के लिए मेरा cursor इंगित करता है
database websites जैसे ncbi expasy आदि से data download करना,databets websites जैसे ncbi ex�ीएसवाय आदि से data download करना
समर्थित है इस mission पर अधिक जानकारी spoken tutorial . org / nmeict intro पर उपलब्ध है,इस मिशन पर अधिक जानकारी
यह आवश्यकता के अनुसार data को संसाधित करता है यह data को,कृपये देखें कि आवश्यकता के अनुसार data को संसाधित करता है
i 3 processor या अधिक,आइथ्री प्रोसेसल या अधिक रेक्सप्ल की ज़रुरत होती है
search bar में search engine को yahoo में बदलिए,search bar में search engine को याखों में बदलिए
अब आपके पास प्रत्येक भिन्न webpage के साथ तीन tabs होंगे,अब आपके पास प्रत्येक भिन्न web पेज के साथ तीन tabs होंगे
ध्यान दें कि एक error message message browser में pop up होता है,ध्यान दें कि एक error message messages browser में popsअप होता है
आगे अब copies में उपलब्ध विकल्पों को देखते हैं,आगे अब copies में उपलब्ध विकल्पों को देखते हैं
ide पर वापस आते हैं, id पर वापस आते हैं
एक छोटा toolbar मौजूद है text box में,एक छोटा toolbar मौजूद है
इस tutorial में हम extensions या addons extensions संस्थापित करने अनुशंसित extensions के बारे में सीखेंगे,इस tutorial में हम extension या addon extensions संस्थापित करने अनुशंसित extension के बारे में सीखेंगे
यहाँ हमारा folder spoken tutorial है और यहाँ इसके अंदर file xyz . odt है हमारे,यहाँ हमारा folder spoken tutorial है और यहाँ इसके अंदर file xyz odt है
adblock download होना शुरू होता है,add block download होना शुरू होता है
icon view में दिखाए गए आंकड़े libraries browser में एक icon के रूप में दिखाई देते हैं जैसा कि यहां देखा जा सकता है,icon view में दिखाए गए आकड़ें libraries browser में एक icon के रूप में दिखाई देते हैं जैसा कि यहाँ देखा जा सकता है
बनाना deployment descript,एक डिप्लॉइमेन्ट डिस्क्रिप्ट
यह button rewind timeline button,यह बटन revined timeline लाइन बटन द्वारा प्रदर्शित होता है
query में हम एक condition देते हैं return _ date < than now order by transaction _ id,क्वेरी में हमें कंडिशन देते हैं return date less than now order by transaction id
tracking में tell websites i dont want to be tracked,trashing में टर websites और वेबसाइट्स में इसकी ज़रूरत होती हैं
: 8080 / my first project है by default,और यह पहले डिरेक्ट प्रोजेक्ट है
spoken tutorial project team spoken tutorials का उपयोग करके कार्यशालाएं चलाती है,spoken tutorial project team spoken tutorials का उपयोग करके कार्यशालाएं चलाती है
edit this bookmark dialog box प्रदर्शित होता है,edit this bookmark dialog box प्रदर्शित होता है
एक sequence object को परिवर्तनीय sequence object में कैसे बदलते हैं और string के भाग या base का स्थान कैसे बदलते हैं,एक sequence object को परिवर्तनियें sequence object में कैसे बदलते हैं और string के भाग या बेस का स्थान कैसे बदलते हैं
ठीक है यदि आवश्यकता हो तो elements window का इस्तेमाल करें,यदि आवश्यकता हो तो elements window का इस्तेमाल करें
अब projects को run करें जैसा हमने पहले किया था,अब project को रन करें जैसा हमने पहले किया था
और d e r v dv / dt को प्रदर्शित करता है, और dirv dv by dft को प्रदर्शित करता है
अब insert menu और cross reference पर click करें,अब insert menu और cross reference पर click करें
उपयोग करके core java और h,insert button पर जाएँ
यहाँ request में हम return book attribute set करते हैं,यहाँ request में हम return book attribute set करते हैं
system का उपयोग हमें निम्न में,इस system का उपयोग
history पर click करें bar के बाईं ओर आप तीन options देखते हैं today yesterday और older than 6 months,बार के बायीं ओर आप तीन options देखते हैं चुनें यसटेडे और folder than 6 month
इसको सारांशित करते हैं हमने सीखा,इसको सारांशित करते हैं हमने सीखा
list borrowed books पर click करते हैं,list borders books पर click करते हैं
प्रदर्शन के लिए मैं वो fasta file उपयोग करुँगी जो बहुत से records रखती है जो हमने database से पहले ही download की थी,प्रदर्शन के लिए मैं वह fast a file उपयोग करुँगी जो बहुत से records रखती हैं जो हमने database से पहले ही downloaded की थी
अगर हम इस message को हटाना चाहते हैं तो trash icon पर click करें,अगर हम इस message को हटाना चाहते हैं तो trash icon पर click करें
जैसा कि मैं virtual box पर काम कर रही हूं मैं erase disk and install ubuntu चुनूंगी,जैसा कि मैं virtual बॉक्स पर काम कर रही हूं मैं  arrays disk and install ubuntu चुनूँगी
हमने list borrowed books पर click किया था,हमने list borders बुक्स पर क्लिक किया था
ध्यान दें freefall icon libraries browser में प्रदर्शित होता है,ध्यान दें free perl आइकन निव्यूरीज़ ब्राउज़र में प्रदर्शित होता है
gmail विशेषताओं को कैसे प्रयोग करें पर अधिक जानकारी के लिए आप उन्हें पढ़ सकते हैं,gmail विशेषताओं को कैसे प्रयोग करें पर अधिक जानकारी के लिए आप उन्हें पढ़ सकते हैं
यह timeline पर video की मौजूदा स्थिति दिखता है default रूप से यह timeline की शुरुआत पर है,यह guideline पर video की मौजूदा स्थिति दिखाता है default रूप से यह guideline की शुरूआत पर है
enter दबाएं,enter दबाएं
jdk 1 . 7,jdk 17
checkout servlet java खोलें,checkout servicelet java खोलें
ये my bookmarks folder दिखाई देता है folder पर cursor रखें,मायबbook marks folder दिखाई देता है folder पर cursor रखें
हमने इस parameter के लिए 2 की value निर्दिष्ट की है,हमने इस पैरामीटर के लिए 2 की वैल्यू निर्दिष्ट की है
इस option के साथ हम अपने base machine में dual boot os प्राप्त कर सकते हैं,इस ऑप्शन के साथ हम अपने बेस मशीन में dial mood os प्राप्त कर सकते हैं
ध्यान दें default रूप से option get addons चुनित है दायां,इसे अध्यान दें default रूप से option get bonds चुनित है
आप अपनी पसंद का कोई भी web browser प्रयोग कर सकते हैं,आप अपनी पसंद का कोई भी web browser प्रयोग कर सकते हैं
puzzle verification,purtle verification
form बड़ा है और इसीलिए data ज़्यादा है,फॉर्म बड़ा है और इसलिए डेटा ज्यादा है
install करने से पहले कृपया cross check करें कि system type 32 bit या 64 bit है,इंस्टॉल करने से पहले कृपया ग्रॉस शेक करें कि system type 32 bit या 64bit हैं
printwriter out = response . get writer,type करें print writer space out equal to response dot getwriter
personas firefox के लिए मुफ्त और संस्थापित करने में आसान skins हैं,परसुनाज़ firefox के लिए मुफ्त और संस्थापित करने में आसान schemes हैं
code की ये लाइनें home folder में blast xml की तरह खोज के परिणामों को save करेंगी,code की ये लाइनें home folders में cast xml की तरह खोज के परिणामों को सेव करेंगी
और html,और html
हम library management system का home page देख सकते हैं,हम library management system का home पेज देख सकते हैं
फिर हम सीखेंगे कि circle और polygon कैसे प्रविष्ट करना है,फिर हम सीखेंगे कि circle और polygon कैसे प्रविष्ट करना है
आप इस dialog box का उपयोग करके अपनी preferences set कर सकते हैं,आप इस dialog box का उपयोग करके अपनी preferences set कर सकते हैं
grab and drag आपको विभिन्न तरीकों में web page scroll,g gre and drag आपको विभिन्न तरीकों में web page scroll करना है
इस पदर्शन के लिए मैं nucleotide sequence के लिए gi number उपयोग कर,इस प्रदर्शन के लिए मैं nucleifiedide सीक्वेंस के लिए gui नंबर उपयोग करुँगी
ध्यान दें कि रंग काला हो गया और pattern को ठोस से क्षैतिज रेखाओं में बदल गया,ध्यान दें कि रंग कला हो गया है और pattern को ठोज से क्षैतिज रेखाओं में बदला गया है
देशों को संचित करता है विशिष्ट रूप से,यह विशिष्ट रूप से सारांशित करता है
चलिए अब एक quadratic equation को हल करने की प्रक्रिया को लिखते हैं,चलिए अब एक quadratic option को हल करने की प्रक्रिया को लिखते हैं
एक email भेजना एक email देखना,एक email भेजना एक email देखना
biology में वैज्ञानिक data सामान्यतः text files जैसे fasta genbank embl swiss port आदि में संचित किया जाता है da,export में वैकयानिक data सामान्यतः text file जैसे first jen bank embn switchport आदि में संचित किया data है
आप इसको यहाँ ide के बायीं तरफ देख सकते हैं,आप इसको यहाँ ide के बायीं तरफ देख सकते हैं
यहाँ email की subject line है,यहाँ email की subject line है
लम्बे रिक्त स्थान के लिए mark up है tild चिन्ह और छोटे खाली स्थान के लिए यह ti,लम्बे रिक्त स्थान के लिए markup है tled चिन्ह और छोटे खाली स्थान के लिए यह
हम इन methods को override कर सकते हैं,हम इन मेथड्स को ओवरराइड कर सकते हैं
इस परिणाम को delete करने के लिए freefall पर right click करें और delete result चुनें,इस परिणाम को डिलीट करने के लिये free for पर right click करें और delete result चुनें
उदाहरण password,�दाहरण password
जब restart होता है adblocker प्रभावी होगा हालाकी adblocker,हलांकि add blocker से अंदर हम देखेंगे
मैं omedit पर वापस जाती हूँ,मैं osam edit पर वापस जाती हूँ
ध्यान दें यहाँ unit और description नामक columns हैं,ध्यान दें यह unit डिस्ट्रिप्शन नामक कॉलम सें
यह option आपके लिए default रूप से पहले ही चुना जा सकता है,यह option आपके लिए default रूप से पहले ही चुना जा सकता है
तीसरा argument आपका query sequence है,तीसरा argument आपका query sequence है
तुरंत ही ubuntu window बंद हो जाती है और हम virtual box manager पर वापस आ जाते हैं इस,तुरंत ही ubuntu window बंद हो जाती है और हम virtual box manager पर वापस आ जाते हैं
अब ok पर click करें,अब ok पर click करें
में रख सकते हैं gmail का named my gmail page में बदलें और इसे my new bookmarks नामक नए folder में रखें,gmail का name mygmail page में बदलें और इसे mynew bookmarks नामक नए folder में रखें
class name में my servlet type करें,class name में mysuvlet type करें
अब do get method पर आते हैं,अब do get method पर आते हैं
हम देख सकते हैं कि search bar की बायीं तरफ का चिह्न yahoo के चिह्न में बदल गया है अब,हम देख सकते हैं कि search bar की बायीं तरफ का चिन्ह या हूँ के चिन्ह में बदल गया है
अगर आपने पहले वो program उपयोग किया है video और audio clips जो पहले import की गयी थीं आपके collection panel पर दिखाई देंगी,अगर आपने पहले वो program उपयोग किया है video और audio clips जो पहले imported की गई थी आपके collection panel पर दिखाई देंगी
तरफ files tab पर click करें ध्यान दे की,इसके लिए दींतरफ़ाइल स्टैब पर click करें
अब मैं यह command terminal में type करती हूँ ffmpeg i compiling wmv test 0 . ogv,अब मैं यह command terminal में type करती हूँ ffmpeg माइनस icompiling dot smv test 0 dot orgv
पहले परिणाम को save करें और एक offline document के रूप में देखने के लिए इसे नये टैब में save,पहले परिणाम को सेव करें और एक ऑफलाइंड डॉक्युमेंट के रूप में देखने के लिए इसे नये टैब में सेव करें
यह पूरे video को timeline पर single clip में जोड़ेगा,यह पूरे video को timeline पर single clip में जोड़ेगा
अगला from bio . alphabet module import generic protein class,अगला from�ायो alphabetmodule import generic protein class
अब मैं आपको दिखाती हूँ कि stimulation के लिए time interval कैसे बदलना है,अब मैं आपको दिखाती हूँ कि simulation के लिए time interval कैसे बदलना है
एक message दिखता है would you like to print a test page,एक message दिखता है could you like to print a test page
google drive से files share करना,google drive से files शेयर करना
संक्षेप में हमने सीखा कि कैसे,संक्षेप में हमने सीखा कि कैसे संक्षेप में
है stop symbol आपके protein sequence के अंत में सम्मिलित नहीं किया जाता है,stop symbol आपके protein sequence के अंत में सम्मिलित नहीं किया जाता है
mark up language की शुरुआत की थी mark up language के बारे में अब और see,मार्कप लैंग्ज के बारे में अब और सीखते हैं
अब हम create your public google + profile page पर हैं,अब हम create या public google plus profile पेज पर हैं
math इन formulae और equations को लिखने का बहुत ही सरल तरीका प्र,मैथ इन फॉर्मूले और इक्वेशन्स को लिखने का बहुत ही सरल तरीका पता आपका स्वागत है
कृपया हमारे lab migration projects पर अधिक जानकारी के लिए website पर जाएं,कृपया हमारी लैब माइग्रेशन प्रोजेक्ट पर अधिक जानकारी के लिए वेबसाइट पर जाएएँ
और formatting करते हैं font size 18 और left alignment,और formatting करते हैंfont size 18 और left alignment
shared with me tab पर click करें,save with me टैब पर click करें
आगे bio package से seq module import करते हैं,आगे बाइव package से acq module import करते हैं
math open करते हैं insert menu पर click करें फिर object और फिर formula,insert menu पर click करें फिर object और फिर formula
simulation setup toolbox का उपयोग कैसे करना है,simulation setup toolbars का उपयोग कैसे करना है
लेकिन यहाँ हम सिर्फ एक email id देख सकते हैं दूसरा नहीं दिखता है,लेकिन यहाँ हम सिर्फ एक email id देख सकते हैं दूसरा नयी दिखता है
y output है जो कि scalar है,y output है जुडी स्केलर है
सामान्य तापमान पर रखता है और ज़्यादा गर्म होने से बचाता है power supply unit,बताता है कि सामान्य तापमान पर रखता है और ज़्यादा गर्म होने से बचाता है
इस tutorial में हम सीखेंगे biopython tools उपयोग करके query sequence के लिए blast in करना,इस tutorial में हम सीखेंगे
differential equation का एक और उदाहरण है u,initial equation का एक और उदाहरण है
यह आपके screen पर एक empty projects open करेगा,यह आपके screen पर एक mt project open करेगा
greeting servlet java पर जाते हैं,�्रीटिंग  server जावा पर जाते हैं
के लिए उपयोग किए जाते हैं parsing यानि विभिन्न file formats जैसे fasta genbank आदि से जानकारी extract करना है,pathing यानि विभिन्न file formats जैसे fast tank जेनबैंक आदि से जानकारी extract करना है
संख्याओं का पहला युग्म - 200 - 100 है,संख्याओं का पहला युग्म 200000 है
write the changes to the disks नामक pop up खुलता है,add the changes to the disks named popअप खुलता है
upload photos window खुलती है,upload photos window खुलती है
जब browser window खुलती है तो edit किये जाने वाली audio file के लिए browse करें और open पर click करें,जब browser window खुलती है तो एडिट किये जाने वाले audio file के लिए browse करें और open पर click करें
5 8 biopython कम्प्यूटेशनल biology के लिए modules का संग्रह होता है,58बाइथन कम्प्यूटेशनल बाइलॉजी के लिए modules का संग्रह होता है
और चलिए writer gray box के बाहर तीन बार click करके नये page पर चलते हैं,और चलिए writer grey box के बाहर तीन बार क्लिक करके नए पेज पर चलते हैं
व्यंजक में over 2 a जोड़िये,रिजैक में over2a जोड़िए
यह video timeline को विस्तारित करेगा और इसमें audio timeline को दिखायेगा यह dubbing के लिए उपयोगी है,यह video time line को विस्तारित करेगा और इसमें audio time line को दिखायेगा यह domain के लिए उपयोगी है
जब lan port सक्रीय होता है और गतिविधि प्राप्त करता है तो led light टिमटिमाती है आप देख सकते हैं,जब लैनपोर्ट सक्रीय होता है और गतिविधि प्राप्त करता है तो led light टिमटिमाती है
लेकिन bcc के अन्य प्राप्तकर्ताओं को नहीं देख सकते,लेकिन bcc के अन्य प्राप्त करताओं को नहीं देख सकते
वैकल्पिक रूप से आप copy के लिए ctrl c और paste के लिए ctrl v दबा सकते हैं इस तरीके से मैंने आवश्यक seconds की संख्या के लिए clip बड़ा ली है,वैकल्पिक रूप से आप copy के लिए ctrl c और paste के लिए ctrl v दबा सकते हैं इस तरीके से मैंने आवश्यक सेकंड्स की संख्या के लिए clip बढ़ा ली है
google play google docs या drive,google play googledocs या drive
search bar पर click करें और email type करें,search bar पर click करें और email type करें
ctrl alt और t keys एकसाथ दबाएं,ctrl alt और t कीज़ एकसाथ दबाएं
program को run करने के लिए windows movie maker icon पर double click करें,program को रन करने के लिए windows movie marker icon पर double click करें
"email ids के बीच एक , लगाना याद रखें जैसें ही",यहाँ इमेलआईडीज़ के बीच एक कॉमा लगाना याद रखें
हमारे dubbing सहयोगियों के लिए चीज़े सरल बनाने के लिए हम python में एक gui application बनाने की प्रक्रिया में है जोकि उपर दिए सारे ffmpeg commands को निष्पादित करता है,हमारे डबिंग सहयोग्यों के लिए चीजें सरल बनाने के लिए हम python में एक gui application बनाने की प्रक्रिया में है जो कि ऊपर दिए सारे ffmpeg commands को निष्पादित करता है
मैं दूसरे audio track को हटाती हूँ जो कि अभी खाली है,मैं दूसरे audio track को हटाती हूँ जो कि अभी खाली है
dopost method प्रयोग करके parameters pass करना,due post method प्रयोग करके parameters pass करना
साँस की तेज़ आवाज़ को कम करने के लिए audio stream में साँस वाले भाग को चुनें,साँश की तेज़ावास को कम करने के लिए audio stream में साँस वाले भाग को चुनें
अब उस create an account link पर click करें,अब उस create an account link पर click करें
यह चुनी gi theme को download करेगा,यह चुनी गयी theme को download करेगा
form छोटा है और इसीलिए data कम है,फॉर्म छोटा है और इसलिए डेटा कम है
उसी प्रकार हम book के अन्य attributes को book object में set करते हैं,उसी प्रकार हम book के अन्य attributes को book object में set करते हैं
अगर यह पहली बार है जब आपकी machine से यह accessed किया गया है तो यह इस प्रकार दिखेगा,अगर यह पहली बार है जब आपकी machine से यह accessed किया गया है तो यह इस प्रकार दिखेगा
1 . 1 और biopython version,1 और pipython version one point
prompt पर type करें mrna = to cdna . transcribe ( खोलें और बंद करें enter दबाएं,prompt पर type करें mrna equal to cdna dot transce bracket खोलें और बंद करें enter दबाएं
हमसे जुड़ने के लिए धन्यवाद,हमसे जुड़ने के लिए धन्यवाद
mozilla firefox में bookmarks संयोजन और printing पर spoken tutorial में आपका स्वागत है,मुजला firefox में bookmarks संयोजन और printing पर spoken tutorial में आपका स्वागत है
विशेषताएँ linux operating system पर download और संस्थापन से सम्बंधित जानकारी,लिनक्स operating system पर download और संस्थापन से सम्बंध जानकारी के लिए
मैं dubbing के बारे में अन्य tutorial में पहले ही समझा चुकी हूँ आप इसे देखना चाह सकते हैं,मैं drawing के बारे में अन्य tutorial में पहले ही समझा चुकी हूँ आप इसे देखना चाह सकते हैं
url को देखते हैं जिसने page प्रस्तुत किया यह local host co,spoken tutorial को देखते हैं जिसने पेज प्रस्तुत किया
मैं श्रुति आर्य आपसे विदा लेती हूँ हमारे साथ जुड़ने के लिए धन्यवाद,आई आई टी बॉम्बे से मैं श्रुति आर्य अब आपसे विदा लेती हूँ हमारे साथ जुड़ने के लिए धन्यवाद
हम लिख सकते हैं 5 over x + y,हम लिख सकते हैं 5 ओवर x plus y
इस पर click करें,इस पर click करें
इस tutorial में हमने सीखा google drive को access करना files को बनाना और upload करना google docs बनाना और sharing विकल्प प्रयोग करना,इस tutorial में हमने सीखा
अब window के नीचे next button पर click करें,अब window के नीचे next button पर click करें
आप page को बिल्कुल वैसे देख सकते हैं जैसे वह print के बाद दिखाई देगा,आप पेज को बिलकुल वैसे देख सकते हैं जैसे वह print के बाद दिखाई देगा
भी होता है जो ज़रुरत पड़ने पर computer को दोबारा चलाने में सहायक होता है आगे की तरफ,किसी भी होता है जो ज़रुरत पढ़ने पर computer को दोबारा चलाने में सहायक होता है
mozilla firefox के इस tutorial में आपका स्वागत है,moodला firefox के इस ट्यूटोरियल में आपका स्वागत है
अतः एक real variable x का एक function f और x axis पर real line में interval a b सीमांकित integral इस तरह से लिखा जा सकता है integral from a to b f of x dx integral चिह्न,अतः एक real variable x का एक function f और x axis पर real line में interval a b सीमांकित integer इस तरह से लिखा जा सकता है
हम इन annotation को तीन चरण में सीखेंगे bouncing ball with annotations में पहले से ही एक circle है जो इसके icon view में है,हम इन annotation को तीन चरण में सीखेंगे bouncing ball with annotation में पहले से ही एक circle है जो इसके icon view में है
mark up binom पर ध्यान दें जो दो elements के खड़े stack दर्शाता है और अच्छे alignment में मदद करता है,morphupinom पर ध्यान दें जो दो एलिमेंट्स के खड़े स्टैक दर्शाता है और अच्छे अलाइनमें मदद करता है
बायीं तरफ कुछ menus हैं और,बायीं तरफ कुछ menus हैं
biopython package python वितरण का भाग नहीं होता है इसे अलग से downloadकरने की ज़रुरत,बायोपाइथन पैकेज पाइथन वितरण का भाग नहीं होता है इसे अलग से डाउनलोड करने की जरुरत करें
है mozilla firefox के लिए default search engine google,मुदला firefox के लिए default search engine google पर click करें
यहाँ default theme देखें,यहाँ default theme देखें
org / nmeict - intro i i t bombay की ओर से मैं रवि कुमार अब आपसे विदा,इस ट्यूटोरियल में दिए गए द्वारा अनुवादित है आईआईटी बॉम्बे की ओर से मैं रवि कुमार अब आपसे विदा लेता हूँ
अब अगले विकल्प पर click करते हैं जो checkout करना या book return करना है,अब अगले विकल्प पर click करते हैं जो checkout करना या book return करना है
product नामक block बनाने के लिए miso का विस्तार करें,प्रोडक्ट नामक ब्लॉक बनाने के लिए मीजो का विस्तार करें
यहाँ फर्क इतना होगा कि हमें logged in user के लिए books प्रदर्शित करनी हैं अतः,यहाँ फर कितना होगा कि हमें logged इन यूजर के लिए books प्रदर्शित करनी है
बायीं तरफ का information यानी जानकारी box बताता है कि password कितना लम्बा होना चाहिए आप,बायीं तरफ का इन्फॉर्मेशन यानी जानकारी बॉक्स बताता है कि पासवर्ड कितना लम्बा होना चाहिए
इसने my first project deployed किया है,इसने my first project डिप्लॉई किया है
हमें request से date of return मिलती है और इसको return date में संचित करते हैं,हमें रिक्वेस्ट से date of return  मिलती है और इसको  return date में संचित करते हैं
get प्रयोग होगा जब,गेट प्रयोग होगा जब
label हम इस विशेषता के बारे में भविष्य के tutorials में सीखेंगे,label हम इस विशेषता के बारे में भविष्य के tutorials में सीखेंगे
spoken tutorial project talk to a teacher project का हिस्सा है यह भारत सरकार के mhrd के itc के माध्यम से राष्ट्रीय साक्षरता mission द्वारा समर्थित है,spoken tutorial project talktoateacher project का हिस्सा है यह भारत सरकार के एमएचआरडी के आईसीटी के माध्यम से राष्ट्रीय साक्षरता mission द्वारा समर्थित है
अगर आप बीच में जोड़ना चाहते हैं तो आपको clip बीच में से विभाजित करनी पड़ेगी जो timeline पर है और वहाँ नयी clip जोड़नी,अगर आप बीच में जोड़ना चाहते हैं तो आपको clip बीच में से विभाजित करनी पड़ेगी जो timeline पर है और वहाँ नयी clip जोड़नी है
page directive सारे import किये हुए packages की सूची रखता है,page directory सारे imported किये हुए packages की सूची रखता है
alignment के साथ dealing के,एलाइनमेंट्स के साथ डीलिंग के
ab welcome to google docs line को दो बार copy paste करेंगे और फिर tab बंद करेंगे,अब welcome to google dox लाइन को दो बायर copypaste करेंगे और फिर टैब बंद करें
चलिए अपना काम अब save करते हैं file पर जाए और save पर,फाइल पर जाएँ और save पर क्लिक करें
ना document print करना,document print करना
please correct the following errors, please correct the following errors
अब clip कलैक्शन panel में दिखाई देती है,अब clip collection panel में दिखाई देती है
terminal screen को फिर से क्लिअर करती हूँ,terminal screen को फिर से क्लिया करती हूँ
नमस्कार,नमस्कार
हम servlets और jsp s का उपयोग देखेंगे,हम सर्वलेट्स और jsp का उपयोग देखेंगे
हमने audio अलग किया है याने के output में अब original video नहीं है अभी उसे check करते है test directory को फिर से open करते है,अब हमने विषय अलग किया है यानि के output में अब original video नहीं है अब यूज़रे चेक करते हैं testdirक्टरी को फिर से ओपन करते हैं
ता है हम एक बड़ी,हम एक बड़ी section जोड़ सकते हैं
हम देखते हैं कि हमें एक error message मिलता है जो है the some user has already borrowed this book,हम देखते हैं कि हमें एक error message मिलता है जो है the same user has already boured this book
हम निम्न करना सीखेंगे,हम निम्न करना सीखेंगे
start up में when firefox starts dropdown menu में show my home page चुनें,startup में when firefox starts drop down menu में show my home पेज चुनें
पहला वाला google team ने account बनाते समय हमारे साथ share किया था दू,यह विवरण देगा वाला google team ने account बनाते समय हमारे साथ शेयर किया था
printer और scanner भी computer से जोड़े जा सकते हैं,इस अउदाहरण filter और scanner भी computer से जोड़े जा सकते हैं
सत्य है proxies का उपयोग प्रदर्शन को बेहतर बनाने और बेहतर सुरक्षा प्रदान करने के लिए किया जा,properties का उपयोग प्रदर्शन को बेहतर बनाने और बेहतर सुरक्षा प्रदान करने के लिए किया जाता है
अधिक जानकारी के लिए कृपया contact @ spoken tutorial . org पर लिखें,अधिक जानकारी के लिए spoken hyphen tutorial dot org पर लिखें
वह home page एक सरल login form रखेगा,वह होमपेज एक सरल लॉगिन फॉर्म रखेगा
icon and diagram views model को graphically देखने में सक्षम है,icon and diagram views model को graphys देखने में सक्षम हैं
ध्यान दें कि genbank format में sequence file fasta file से ज़्यादा features रखती है,से ध्यान दें कि zbang format में sequence file firster file से ज़्यादा फीचर्स रखती है
होती है अधिक जानकारी के लिए निम्न link पर जाएँ,अधिक जानकारी के लिए निम्न लिंक पर जाएँ
के लिए हम file पर और फिर see revision history पर click करेंगे हम देखें,इसको जानने के लिए हम file पर और फिर c revision history पर click करेंगे
ide पर वापस जाते हैं,ide पर वापस जाते हैं
यदि system में user exists और यदि checkout book null नहीं है तो हम checkout method को call करते हैं,यदि system में यूजर exists और यदि checkout book null नहीं है तो हम checkout method को कॉल करते हैं
अब इस firefox window को बंद करें और नई firefox,अब इस firefox window को बंद करें और नई firefox पर click करें
steps समान हैं जैसा हमने greeting servlet java में पालन की थी,step समान है जैसा हमने greeting server java में पालन की थी
my drive menu पर वापस जाते हैं और अपनी pdf file पर right click करते हैं अब,mys drive menu पर वापस जाते हैं और अपनी pdf file पर right click करते हैं
हम इस emoticon icon की मदद से अनेक pictorial यानी सचित्र प्रदर्शनों को भी प्रविष्ट,हम इस images on आइकन की मदद से अनेक प्रक्टोरियल यानि सचित्र प्रदर्शनों को भी प्रविष्ट किये हैं
जो विज्ञापनों या pop ups block करे,अब इस प्रकार से देखते हैं जो विज्ञा पनों या pop अप्लॉक्स ब्लॉक करें
scriptlet tags में हमने user type का object बनाया है,स्क्रिप्लेट टैग्स में हमने यूजर टाइप का ऑब्जेक्ट बनाया है
prompt पर type करें from bio . seq import seq और enter दबाएं,front पर type करें from byle cq import sq और enter दबाएँ
नीचे location bar पर आएँ,नीचे location bar पर आएँ
यह इंगित करता है कि हमने सफलतापूर्वक virtual machine बनाया है जो vm है,यह इंगित करता है कि हमने सफलतापूर्वक virtual machine बनाया है जो vm है
play एक keyboard एक,एक टर्मिनल पर जाएँ
मैं इस file की एक copy बनाती हूँ,अब मैं इस फाइल की एक copy बनाते हैं
tabs है सभी का कार्य अलग है,सभी कार्य अलग है
आप इस link को एक नये tab में खोल सकते हैं,आप इस लिंक को एक नये टैब में खोल सकते हैं
यह html table books की जानकारी प्रदर्शित करेगी,यह html table books की जानकारी प्रदर्शित करेगी
clips को पहली track पर slide करते वक्त ध्यान रखे के clip का begin time याने शुरुआती समय उसी वाक्य के begn time से मैच हो जैसे के पहले note किया था, clips को पहली ट्रैक पर स्लाइड करते वग ध्यान दखेंगी किलिप का बिगिन टाइम यानि शुरूआती समय उसी वाक्य के बिगिन टाइम से मैच हो जैसे कि पहले नोड किया था
bar को देखते है view और sidebar पर click करें और,view और sidebar पर click करें
इसके बाद एक text box है जो current यानी मौजूदा email address के लिए पूछता है,इसके बाद एक text box है जो current यानी मौजूदा email address के लिए पूछता है
बहुत से cpu में usb ports आगे होते हैं,बहुत से cpu में usb ports आगे होते हैं
list books के लिए हम radio button पर click करेंगे,list books के लिए हम radio button पर click करेंगे
हम servlets उपयोग करके कोई भी web application बना सकते हैं,हम sर्वलेट्स उपयोग करके कोई भी वेब एप्लिकेशन बना सकते हैं
यह theme add to firefox button प्रदर्शित करती है,यह theme add to firefox button प्रदर्शित करती है
कृपया इस file को हमारी website से download करें,कृपया इस file को हमारी website से download करें
है google home page के search box में email type करें और search,google होमपेज के search box में email type करें और search पर click करें
printer को computer से जोड़ने के लिए हमे एक usb cable उपयोग करना होता है,constctor को computer से जोडने के लिए हमें एक usb cable उपयोग करना होता है
python version 2 . 7 . 8,python version 278
extensions आपको firefox,आपको firefox ब्राउज़रन कर देगा
ऊपर दाएँ कोने के search टैब में adblock खोजें enter दबाएँ,ऊपर दाएँ कोने के search टैब में add block खोजें एंटर दबाएँ
enter दबाएं,enter दबाएं
mozilla firefox के साथ इसे करने का एक सरल तरीका है,इसको मुधला firefox के साथ इसे करने का एक सरल तरीका है
ध्यान दें कि form action is = to checkout servlet,ध्यान दें कि form action is equal to checkout सर्वलेट
अब मैं toolbar का उपयोग करके नए ellipse बनाने के लिए icon view पर जाती हूँ icon view पर click करें,अब मैं toolbar का उपयोग करके नए ellipse बनाने के लिए icon view पर जाती हूँ icon view पर click करें
spoken tutorial project talk to a teacher project का हिस्सा है,spoken tutorial project talktoa teacher project का हिस्सा है
अब हम देखेंगे कि इन formulae को cross reference कैसे करें,अब हम देखेंगे कि इन formula को cross reference कैसे करें
इक किया जा सकता है,इस फाइल में डिलीट किया जा सकता है
के लिए हमें एकल record के साथ fasta file की ज़रुरत है इस,इसके लिए हमें एकल रिकार्ड के साथ पास्टा फाइल की ज़रुरत है
उक्त code में transcription के लिए हमने coding dna strand उपयोग किया है,युक्त code में transfer के लिए हमने code dns ट्राइन उपयोग किया है
application run करने की कोशिश करेंगे ऐसा करने की लिए,अब हम अपने application रन करने की कोशिश करेंगे
ध्यान दें time interval 5 units में बढ गया है,ध्यान दें time interval percentage units में बढ़ दबाएं
text editor,टेक्स्ट editor
यह भी संभव है के कुछ शब्द या वाक्य original में से छोड़ दे लेकिन हाँ उसका मतलब ना,इसका भी संभव है कि कुछ शब्द या वाक्य ओरिजनल में से छोड दें लेकिन हाँ उसका मतलब नहीं हो सकता
और लम्बाई से file में records sort यानी कि छांटना,और लम्बाई से file में records sort यानि की छांटना
आप हमारी website पर इस file को देख सकते हैं और इसे download कर सकते हैं,आप हमारी website पर इस file को देख सकते हैं और किसी download करके देखें
पैदा कर सकता है अतः यह वो है जो हमें ध्यान में रखने की ज़रुरत है जब video को बढ़ाने के लिए हम copy और paste करते हैं,अतः यह so है जो हमें ध्यान में रखने की जरूरत है जब video को बढ़ाने के लिए हम copy और paste करते हैं
यह servlet controller की तरह कार्य करेगा,यह सर्वलेट  ctrlर की तरह कार्य करेगा
दोहराये हुए भागों को और ख़राब आवाज़ को हटायें message के प्रभाव को बढ़ाने के लिए effects प्र,दोहराये हुए भागों को और खराबाज़ को हटाएं मैसेज के प्रभाव को बढ़ाने के लिए इफ़ेक्ट्स प्रयोग किया जाता है
आगे हम jdbc connection के लिए code देखेंगे,आगे हम jdbc connection के लिए code देखेंगे
अंत में input और output variables से संबंधित आवश्यक समीकरण program करें,अंत में input और output variables से सम्बंधित आवश्यक समीकरण program करें
अतः वर्तमान formula को अपने वाले से overwrite करें,अतः वर्तमान formula को अपने वाले से override करें
दर्शाये गए की तरह table पर रखें सारे cables को,इस ट्यूटोरियल में दर्शाए गए की तरह टेब्ल पर रखें
हम देख सकते हैं कि हमें hello from get method arya output मिला है,हम देख सकते हैं कि हमें hello from get method area output मिलता है
language अंग्रेज़ी में जैसे formula पढ़ते हैं उसके समान है,जो फुलना प्रकार की हमारे पास यहाँ प्रमाणित करेंगे और हम देखेंगे कि यह अपना पासवर्ड बदल करें
अब left field को 200 units में बदलें ok पर click करें,अब left field को100 units में बदलें ok पर click करें
अब ide पर वापस आते हैं,अब ide पर वापस आते हैं
इसलिए उन्हें समझना जरूरी है,इसलिए उन्हें समझना ज़रूरी है
अब shine bright skin,अब शाइन bright skin चुनें
enter दबाएं,enter दबाएं
download के लिए file चुनने के लिए checkbox पर click करें,download के लिए file चुनने के लिए check box पर click करें
प्रायः seq को seek की तरह उच्चारित किया जाता है,प्रायः seq को सीख की तरह उच्चारित किया जाता है
password प्रविष्ट करें,password प्रविष्ट करें
grab and drag चुनें और preferences पर click करें,brack and drag चुनें और preferences पर click करें
shine bright skin theme page प्रदर्शित होता है,sion bright bright screen थीम पेज प्रदर्शित होता है
protein sequence अब fasta format में है,protein sequence of fast format में है
फिर हम दुबारा formatting करेंगे,फिर हम दोबारा formatting करेंगे
firefox menu bar से file पर click करें और print,fire firefox menu bar से file पर click करें और print चुनें
उदाहरणस्वरुप complements transcription translation आदि प्राप्त करने के लिए,उदाहरणस्वरूप components transcription text्रांस्ट्रेशन आदि प्राप्त करने के लिए
अपने home folder में sequence . gb की तरह save करें text editor बंद करें प्रद,इसको अपने home folder में sequencegb की तरह सेव करें text editor बंद करें
पहले हम इस web page को printing के लिए set करेंगे,पहले हम इस वेबपेज को printing के लिए सेट करेंगे
र नवीनतम revision के साथ revision क्रमानुसार व्यवस्थित किये गए हैं प्रत्येक,यह नवीनतम डिवीजन के साथ विवीजन क्रमानुसार व्यवस्थित किये गए हैं
my drive shared with me और upload,mys drive checked with me और upload
default रूप से selection tool सक्रिय याने के active होता है,default रूप से selection tool सक्रिया यानिक एक्टिव होता है
scrap book के बारे में विवरण प्रदर्शित होते हैं extension,इस स्ट्रैप्बुक के बारे में विवरण प्रदर्शित होते हैं
set checkout into request method call,प्रक्रियाएँ और क्लिमाइट करें
link पर python tutorials देखें इस,इस link पर python tutorials देखें
यह spoken tutorial project को सारांशित करता है,यह spoken tutorial project को सारांशित करता है
है एक बार पूरा होने के बाद uploaded की हुई file केंद्र में दिखाई देगी अब,एक बार पूरा होने के बाद uploaded की हुई फाइल केंद्र में दिखाई देगी
देखते है किस तरह से original tutorial के video के साथ save की हुई audio merge कर सकते है,देखते हैं कि किस तरह से original tutorials के video के साथ सेव की हुई audio merge कर सकते हैं
ऐसा करने के लिए start menu के समीप स्थित search box पर जाएं about your pc type करें,ऐसा करने के लिए start menu के समीप स्थित search बॉक्स पर जाएँ about your pc टाइप करें
इस tutorial में हमने सीखा,इस tutorial में हमने सीखा
और मुझे audacity के इस्तेमाल से हिंदी में dub करना है मैने,और मुझे audacity के इस्तेमाल से hindi में डब करना है
usb ports pen drive hard drive आदि को जोड़ने के लिए उपयोग किये जा सकते हैं यह lan cable,� कुछ इस�ी ports pend drives hard drives आदि को जोड़ने के लिए उपयोग किये जा सकते हैं
हम जांचते हैं कि अगर username और password admin के बराबर हैं,हम जाँचते हैं कि अगर यूजरनेम और password admin के बराबर हैं
पहला request है और दूसरा response object है,पहला request है और दूसरा response object है
files और folders upload करना इस,files और folders upload करना और
output sequence object की तरह dna sequence दिखाता है,ऊपर sequence object की तरह dna sequence दिखाता है
ठीक है यहाँ आपके लिए,ठीक है यहाँ आपके लिए एक अक्षर है
ubuntu version 12,ubuntu version 1204
= ma,file का इस्तेमाल करके यहाँ जोड़ा गया है तो यह अपने डेटाबेस से जोड़ाकर द्वारा अनुवादित है
इसे दर्शाया power cable है,यह पता द्वारा पॉवर केबल है
हमें get parameter प्रयोग करके request से username मिलता है,हमें get पैरामीटर प्रयोग करके रिक्वेस्ट से यूज़रनेम मिलता है
से एक को मिटायें file चुनें और keyboard पर delete key दबाएं,इसे एक को मिटायें file चुनें और keyboard पर delete की दबाएं
file का नाम बदलकर sequence . gb करें,इसका नाम बदलकर sequence gb करें
book id 1 पर click करें और username में arya type करें,book id1 पर click करें और यूजरनेम में  area टाइप करें
google doc बहुत से लोगों के साथ share होता है तो revision history प्रत्येक user के द्वारा किये गए सारे बदलावों को सूचीबद्ध करेगा प्रत्येक user को एक अद्वितीय रंग,यदि google doc बहुत से लोगों के साथ शहर होता है तो रिविजन हिस्ट्री प्रत्येक यूजर के द्वारा कि एक सारे बदलावों को सूचीबद्ध करेगा प्रत्येक यूजर को एक अद्वितीय रंग दीजिये जाएगा
tutorial projects team spoken tutorial का उपयोग करके कार्यशालाएँ भी चलाती है,spoken tutorial project team spoken tutorial का उपयोग करके कार्यशालाएँ भी चलाती है
दायें कोने पर share with others window में हम get shareable link text देख सकते हैं इस पर click करें ये,अपनी दाएं कोने पर share with other window में हम get moreable link text देख सकते हैं इस पर click करें
comments window को लाते है यहाँ चलिए categories की दूसरी row में आखरी icon पर click कर,यहाँ चलिए categories की दूसरी row में आखिरी icon पर click करते हैं
उदाहरण के लिए पाँचवे स्थान पर उपस्थित base को alanine से बदलने के लिए type करें dna 3 ( में 5 = to double ' में अक्षर a enter दबाएं,उदाहरण के लिए पाँचवीं स्थान पर उपस्थित बेस को alanine से बदलने के लिए टाइप करें dna3 ब्रैकेट्स में 5 इक्वल्स टू double quotes में अक्षर a  एंटर दबाएँ
protin sequence आंतरिक stop codon,protein sequence आंतरिक स्टॉप फोल्डोन
वैकल्पिक रूप से आप page को bookmark कर,वैकल्पिक रूप से आप पेज को bookmark कर सकते हैं
भी अन्य website को देखकर खोजें आखिरकार search engine भी,और अपनी अन्य रेफ्लाइट्स को देखकर खोजें
जब restart होता है तो default theme एक बार फिर दिखाई देती है,जब रिस्टर्ट होता है तो default theme एक बार फिर दिखाई देती है
मैं pwd type करके enter press करती हूँ यह हमारी present working directory बताता है enter press करे,मैं pwd type करके enter प्रेस करती हूँ यह हमारी present working directory बताता है
इसे खोलने के लिए एक बार फिर file पर double,एक बार फिर file पर double क्लिक करें
फिर हम पूरे result set को iterate करते हैं,फिर हम पूरे result set को iterate करते हैं
addons भी नियमित रूप से update किये जाते हैं,अतः एडॉन्स भी नियमित रूप से अपडेट किये जाते हैं
java web चुनें और projects से web application चुनें फिर next पर,फिर next पर java web चुनें और project से web application चुनें
a - b का परिणाम लिखें,a1b का परिणाम लिखें
mhrd के ict के माध्यम से राष्ट्रीय साक्षरता mission द्वारा समर्थित है इस mission,यह भारत सरकार के एमएचआरडी के आईसीटी के माध्यम से राष्ट्रीय साक्षरता mission द्वारा समर्थित है
computer की visual display unit है यह computer की,कंप्यूटर की विज्यूअल display unit है
login page पर वापस आते हैं,लॉगिन पेज पर वापस आते हैं
link भेजेगा एक बार फिर share button पर click करें,एक बार फिर share button पर click करें
पर click करेंगे windows उपयोगकर्ता को tools और options पर click करना,windows उपयोगकर्ता को tools और options पर click करना
context path में यहाँ my first project है यह हमारे project के समान ही है हम इसके बारे में विस्ता,context path में यहाँ my first project है यह हमारे project के समान ही है
फिर mysql jdbc driver पर click करें,फिर mysql jdbc driver पर click करें
अब मैं भेजने वाले के gmail account पर वापस आती हूँ,अब मैं भेजने वाले के jmol account पर वापस आती हूँ
हम get first name method को परिभाषित करते हैं,हम get firstname method को परिभाषित करते हैं
अगले उदाहरण पर जाने से पहले यहाँ एक रिक्त line insert करते हैं,अगले उदाहरण पर जाने से पहले यहाँ एक रिक्तलाइन insert करते हैं
first project पर right click करें और फिर run पर click करें server सही चल,मेरे पास first project पर right click करें और फिर run पर click करें
spoken tutorial project के बारे में अधिक जानने के लिए निम्न link पर उपलब्ध video देखें,spoken tutorial project के बारे में अधिक जानने के लिए निम्न link पर उपलब्ध video देखें
एक message के साथ pop up दिखता है,एक message के साथ popअप दिखता है
बस इतना ही adblocker अब संस्थापित हो गया है,this इतना ही add blocker अब संस्थापित हो गया है
और हमने कई उपलब्ध print विकल्पों के बारे में भी सीखा,और हमने कई उपलब्ध print विकल्पों के बारे में भी सीखा
सिरे को power supply socket से जोड़ें यह cpu का,1 power के सिरे को power supply सौक्यर से जोड़ें
about your pc चुनें,about your pc चुनें
now ubuntu,अब उदाहरण देगा
इस tutorial में हमने virtual box में virtual machine,इस tutorial में हमने virtual बॉक्स में virtual machine
यह signal के amplification के लिए schematic है,यह signal के amplification एलिए schematic है
आस पास के वातावरण का तापमान है,असपास के वाता वर्ण का तापमान है
nection settings dialog box opens करता है यहाँ आप proxies configure,यहाँ आप proxy configure कर सकते हैं
एक बार फिर से canvas पर right click करें और properties चुनें,एक बार फिर से canvas पर right click करें और properties चुनें
यह सलाह दी जाती है कि box में दी गयी value से ज़्यादा ऊपर audio को amplify ना करें क्योंकि amplification यानी प्रवर्धन background की आवाज़ को भी,यह सलाह दी जाती है कि box में दी गई value से ज़्यादा ऊपर audio को multiply न करें क्योंकि amplification यानि प्रवर्धन background की आवाज को भी प्रदान करता है
अब ये एक file नेम के लिए पूछेगा मैं यह file नेम दे रही हूँ hindi_matrix operation अगला,अब ये एक file नेम के लिए पूछेगा मैं यह फाइल नेम दे रही हूँ हैंदी underscore matrix ऑपरेशन
workload कम करने में अब,वर्क load कम करने में
portable है और एक विद्युत स्रोत के बिना उपयोग किया जा सकता है इसको सारांशित,यह कोई � quoteable है और एक विद्युत स्रोत के बिना उपयोग किया जा सकता है
आप bio . blast package में उपलब्ध अन्य functions उपयोग करके आवश्यक जानकारी extract कर सकते हैं,आप dieot glass पैकेज में उपलब्ध अन्य फंक्शन्स उपयोग करके आवश्यक जानकारी एक्सट्रैक्ट कर सकते हैं
bookmarks को नाम से क्रमबद्ध करें,bookmarks को name से क्रमबद्ध करें
scrap book के बारे में अधिक जानने के लिए इसे चुनें और more पर click करें,sql book के बारे में अधिक जानने के लिए इसे चुनें और more पर click करें
get noise profile पर click करें,get noise profile पर click करें
संक्षेप में हमने निम्न विषय सीखे,संक्षेप में हमने निम्न विषय सीखेंः
edit this bookmark dialog box में remove bookmark button पर click करें,edit this bookmark dialog box में remove bookmark button पर click करें
view विकल्प अन्य users को केवल देखने की अनुमति देता है,यह विशिष्ट विकल्प अन्य यूजर्स को केवल देखने की अनुमति देता है
cooling fan है यह cpu को,यह एक जोड़िंग फैन है
का इस्तेमाल करके math चिन्ह को integral के निचले दायें ओर रख देता है,स्टिप्ट का इस्तेमाल करके maths चिन्ह को इंटीग्रल के निचले दायें ओर रख देता है
अंत में i agree to the google terms and privacy policy check box पर click करें इसे tick करने के लिए,अंत में i agree to the google terms and privacy policy checkbox पर click करें इसे टिक करने के लिए
इसे सारांशित कर,इसे सारांशित करते हैं
यदि base machine की system memory केवल 4 gb है तो virtual machine के लिए 2 gb आवंटित करें,यदि बेस मशीन की सिस्टम मेमरी केवल 4gb है तो वर्टियल मशीन के लिए 2gb आवंटित करें
आप अपने आप इन विकल्पों का अन्वेषण कर सकते हैं,आप अपने आप इन विकल्पों का अन्वेषड कर सकते हैं
हमने signal 2 चुना है अर्थात k 5 units है,हमने signal 2 चुना है अर्थात कि 5 units है
elements window में और अधिक formatting उपलब्ध है,eximents window में और अधिक formatting उपलब्ध हैं
संख्या में persona देखते हैं अपनी पसंद के किसी भी,इस संख्या में परसुनाज़ देखते हैं
spoken tutorial projects team spoken tutorial का उपयोग करके कार्यशालाएं आयोजित करती है और प्रमाण पत्र देती है अधिक जानकारी के लिए कृपया हमें लिखिए कृ,spoken tutorial project team spoken tutorial का उपयोग करके कार्यशालाएं आयोजित करती है और प्रमाण पत्र देती हैं अधिक जानकारी के लिए कृपया हमें लिखें
हम terminal खोलेंगे और neuclotide sequence के लिए blast run करेंगे,हम terminal खोलेंगे और nucleotide सीक्वेंस के लिए cast रन करेंगे
जो भाग धीरे से record किये गए हैं उनकी आवाज़ बढ़ाने के लिए वो audio चुनें effect > > amplify पर जाएँ,जो भाग धीरे से recorded किए गए हैं उनकी आवाज बढ़ाने के लिए वो audio चुनें
इस class को save करने के लिए menu bar में file मैन्यू पर जाएँ और save पर click करें,इस class को सेव करने के लिए menu bar में file menu पर जाएँ और save पर click करें
code के इस block को scriptlet कहते हैं,कोड के इस ब्लॉक को स्क्रिप्ट लेट कहते हैं
अतः इन तरीकों से math में integral formulae और equations लिख सकते हैं,अतः इन तरीकों से मैथ में integer formula फॉर्मूले और equations लिख सकते हैं
servlets और jsp पर जाने से पूर्व हम पहले web browser को समझ lan,सर्वलैड्स और jsp पर जाने से पूर्व हम पहले web browser को समझ लें
log 1024 to the base 2 को हल करिये अपने form,10242 को हल करिये
python version 2 . 7 . 8,python version 278
अतः हमें सम्बंधित user के लिए issued books की list मिलती है,अतः हमें संबंधित यूजर के लिए issued books की list मिलती है
privacy panel में आपके web privacy संबंधित वरीयताएँ हैं,प्राइवेशसी panel में आपके web प्राइवेशी सम्बंधित वरीयताएँ हैं
sin to the power of x + cos to the power of x = 1 elements window में functions वर्ग का इस्तेमाल करें,sine to the power of x plus cos to the power of x is equal to 1 एलिमेंट्स विंडो में फंक्शन्स वर्क का इस्तेमाल करें
rename document window खुलती है जहाँ,निम्न निम्न डॉक्यूमेंट विंडो खुलती है
यह भारत सरकार के mhrd के ict के माध्यम से राष्ट्रीय साक्षरता mission द्वारा समर्थित है,यह भारत सरकार एमएचआरडी के आईसीटी के माध्यम से राष्ट्रीय साक्षरता mission द्वारा समर्थित है
इस tutorial के अनुसरण के लिए आपको निम्न के साथ परिचित होना चाहिए,इस tutorial के अनुसरण के लिए आपको निम्न के साथ प्रयोग करना चाहिए
इसी तरह originy ellipse के केंद्र का ऊर्ध्वाधर निर्देशांक है,इसी तरह origin y इलिब्स के केंद्रका उर्ध्वाधर निर्देशांक है
और printing पर click करें,और printing पर click करें
पहले library window को screen के केंद्र में लाएँ,पहले library window को screen के centre में लाएँ
spoken tutorial project team spoken tutorial का उपयोग करके कार्यशालाएँ भी चलाते हैं,spoken tutorial project team spoken tutorial का उपयोग करके कार्यशालाएँ भी चलाते हैं
मैं यहाँ से video के कुछ seconds को हटाना चाहती हूँ,मैं यहाँ से वीडियो के कुछ सेकेंड्स को हटाना चाहती हूँ
current page विकल्प केवल current यानि वर्तमान चुना हुआ page print करता है,current पेज विकल्प केवल current यानी वर्तमान चुना हुआ पेज print करता है
यदि आपके पास अच्छी bandwidth नही है तो आप इसे download करके भी देख सकते हैं,यदि आपके पास अच्छी bandwidth नहीं है तो आप इसे download करके देख सकते हैं
spoken tutorials का उपयोग करके कार्यशालाएं,spoken tutorials का उपयोग करके कार्यशालाएँ भी चलाती है
जिसे आप देखना चाहते हैं इसे url bar या address,इसे url bar या address पर click करें
quadratic formula है,यह दर्शाया गया है
देवेन्द्र कैरवान द्वारा अनुवादित है तथा i i t bombay की ओर से मैं रवि कुमार अब आपसे विदा लेता हूँ हमसे जुड़ने के लिए धन्यवाद,यह स्क्रिप्ट देवेन्द्र कैरवान द्वारा अनुवादित है तथा आई आई टी बॉम्बे की ओर से मैं रवि कुमार अब आपसे विदा लेता हूँ हमसे जुड़ने के लिए धन्यवाद
search bar की बायीं तरफ search engine का चिह्न है जिसे परिणाम दर्शाने के लिए इस्तेमाल किया गया है,search bar की बायीं तरफ search engine का चिन्ह है जिसे परिणाम दर्शाने के लिए इस्तेमाल किया गया है
net से जुड़े हुए हैं virtual box में एक os संस्थापित करने के लिए base machine में निम्नलिखित configuration होना चाहिए,वर्ज़ियल बॉक्स में os संस्थापित करने के लिए बेस मशीन में निम्नलिखित कॉन्फ़िगरेशन होना चाहिए
उदाहरण के लिए आप extensions संस्थापित कर सक,उदाहरण के लिए आप extensions संस्थापित कर सकते हैं
इस mission पर अधिक जानकारी spoken tutorial . org / nmeict intro पर उपलब्ध है,इस mission पर अधिक जानकारी spoken hyphen tutorial dot org slash nmeict hyphen intro  पर उपलब्ध है
साथ ही जहाँ save करना है वह स्थान भी दे फिर जिस format में save करना है उसे चुने,साथ ही जहाँ सेव करना है वस्थान भी दे फिर जिस फॉर्माट में सेव करना है उसे चुनें
अतः अगर method 0 return करता है तो इसका मतलब user system में नहीं है,अतः अगर मेथड जिरो रिटर्न करता है तो इसका मतलब यूजर सिस्टम में नहीं है
popup window बंद करें,pop अप window बंद करें
अंततः ऊपर my drive dropdown menu पर click करें आप,ऊपर my drive dropdown menu पर click करें
यहां हम देख सकते हैं कि ubuntu linux load हो रहा है,यहाँ हम देख सकते हैं कि ubuntu linux लोड हो रहा है
online test pass करने वालों को प्रमाणपत्र भी देते हैं,online test pass करने वालों को प्रमाणपत्र भी देते हैं
screen पर कुछ जानकरी यानी information boxes दिखाई देंगे,screen पर कुछ जानकारी यानि information boxes दिखाई देंगे
default रूप से यह compose window में नीचे की ओर दिखता है,default रूप से यह कंपोज़ window में नीचे की ओर दिखता है
सबसे हम पहले union operation लिखते हैं,सबसे पहले हम यूनियन ऑपरेशन लिखते हैं
दाईं ओर नीचे modeling button पर click करें,दाईं ओर नीचे model button पर click करें
हम यह बाद के tutorial में ऐसा करेंगे,हम यह बाद के tutorial में ऐसा करेंगे
पहले tutorial में record किये हुए audio को उपरोक्त दिए गए steps का प्रयोग करके edit करें,पहले tutorial में recorded किये हुए audio को उपरोक्त दिए गए steps का प्रयोग करके edit करें
अतः menu selection is = to checkout book,अतः menu selection is equal to checkout book
उदाहरण के लिए यह एक block connector के लिए घोषित है जो model real input signals हैं,उदाहरण के लिए यह एक block connector के लिए खुचित है जो model real port numbers है
इसके लिए आपको केवल एक headset अथवा mike और speakers की आवश्यकता होगी जोकि computer से जोड़ा जा सके,इसके लिए आपको केवल एक हेडसेट अथ्वाम माइक और स्पीकर्स की आवश्यकता होगी जो कि कंप्यूटर से जोड़ा जा सके
उन्हें browse करके input file को चुनना है output file का नाम देना है तथा गतिविधि को चुनना है,उन्हें browse करके input file को चुनना है output file का name देना है तथा गतिविधि को चुनना है
एक library कई members रखती है अथ,एक library कई members रखती है
अब हम अपना mail भेजने के लिए तैयार,अब हम अपना mail भेजने के लिए तैयार हैं
fasta format अक्षर निर्दिष्ट नहीं करता है,देगी fast format अक्षर निर्दिष्ट नहीं करता है
project के लिए आवश्यक सारी video clips audio narration और music files जब import होती हैं तो collection panel पर दिखाई देंगी,project के लिए आवश्यक सारी video clips और dueniration और music files जब import होती हैं तो collection panel पर दिखाई देंगी
freefall icon पर right click करें और view class चुनें,default icon पर rightclick करें और view class चुनें
हम देखते हैं कि return date आज की date से एक सप्ताह आगे की है,हम देखते हैं कि return date आज की date से एक सप्ताह आगे की है
timeline के सबसे ऊपर छोटे नीले rectangle पर ध्यान दें यह framehead कहलाता है,primeline के सबसे ऊपर छोटे नीले rectangle पर ध्यान दें यह frame head कहलाता है
bookmarks menu खुलता हैं,bookmarks menu खुलता है
ध्यान दें कि sum signals के योग से mail खाता है जबकि product signals के amplification से mail खाता है,ध्यान दें कि sum सिग्नल्स के योग से मेल खाता है जबकि product सिग्नल्स के amplification से मेल खाता है
हम देख सकते हैं कि यहाँ सबसे ऊपर process request नामक एक और method है,हम देख सकते हैं कि यहाँ सबसे ऊपर process request नामक एक और method है
quadratic formula इस्तेमाल कर सकते हैं यहाँ a x squared शब्द का गुणांक है b x का गुणांक है,यहाँ a x square शब्द का गुणांक है b x का गुणांक है
spoken tutorial project team,spoken tutorial project team
और spacing बदलवों कों writer gray box में देखें,और spacing बदलावों को writer grey box में देखें
ffmpeg output file के extension के प्रयोग से इस्तेमाल के लिए format तथा codec को तय करता है लेकीन,ffmpeg output file के extension के प्रयोग से इस्तेमाल के लिए format तथा code को तय करता है
प्रदर्शित url पर click करें जो आपको spoken tutorial websites के homepage पर ले जायेगा,प्रदर्शित url पर click करें जो आपको spoken tutorial website के homepage पर ले जायेगा
आप file खोलने के लिए open model या library file का उपयोग भी कर सकते हैं जिसे मेरा cursor इंगित कर रहा है,आप file खोलने के लिए open model या library file का उपयोग भी कर सकते हैं जिसे मेरा cursor एंगित कर रहा है
उसे चुनें save files to,save files to�्यवस्थित तर्क के उपयोग किये जा सकते हैं
text box में हमें उन लोगों की email ids प्रविष्ट करनी हैं जिनके साथ हम यह document share करना चाहते हैं अतः,इसे text box में हमें उन लोगों की email ids प्रविष्ट करने हैं जिनके साथ हम यह document share करना चाहते हैं
कृपया सुनिश्चित करें कि आपने आगे बढ़ने से पहले यह tutorial समाप्त कर लिया है,कृपया सुनिश्चित करें कि आपने आगे बढने से पहले यह ट्यूटोरियल समाप्त कर लिया है
यहाँ हम sequence fasta file की विषय वस्तु पढ़ने के लिए parse function उपयोग कर रहे हैं,यहाँ हम sequence dot firstfile की विषय वस्तु पढ़ने के लिए parse  फंक्शन उपयोग कर रहे हैं
अतः पहले compose button पर click करते हैं,अतः पहले composition button पर click करते हैं
return करेगा terminal पर वापस,terminal पर वापस आएँ
इसके बाद पूरी genome sequence आती है,इसके बाद पूरी चीनूम sequence आती है
यहाँ आपके लिए एक नियत कार्य है quadratic समीकरण को हल करने के बचे हुए,यहाँ आपके लिए एक नियतकार्य है
पहली step है sequence record object बनाना,पहली step है sequence record object बनाना
अब file पर click करें और फिर save page,अब file पर click करें और फिर save पेज पर click करें
ubuntu version 12 . 04,उबंटु वर्जन 1204
दूसरा उस databases को निर्दिष्ट करना जिसके विरुद्द search करना है,दूसरा database को निर्दिष्ट करना जिसके विवरण search करना है
ना हमने यह भी सीखा कि len count और find functions को कैसे उपयोग करते हैं,हमने यह भी सीखा कि nan count और fine functions को कैसे उपयोग करते हैं
find पर browser window पर नीचे,ब्राउजर विंडो पर नीचे जाएँ
ellipse बनने के बाद mouse छोड दें,lib्ज बनने के बाद mouse छोड़ दें
इस mission पर अधिक जानकारी दिखाए link पर उपलब्ध है i i t bombay से,इस mission पर अधिक जानकारी दिखाई link पर उपलब्ध है
अधिक जानकारी के लिए कृपया contact @ spoken tutorial . org पर लिखें,अधिक जानकारी के लिए कृपया contact at spoken hyphen tutorial dot org पर लिखें
computer में pendrives लगाने में उपयोग होते हैं और,puts computer में pend drives लगाने में उपयोग होते हैं
ict के माध्यम से राष्ट्रीय साक्षरता mission द्वारा इस काम के लिए निधिकरण आता है जोकि mhrd government of india द्वारा शुरू किया था,आईसीटी के माध्यम से राष्ट्रीय शिक्षा mission द्वारा इस काम के लिए निर्धकरण आता है जो कि एमएचआरडी गाउन्ट ऑफ़ इंडया द्वारा शुरू किया गया था
दूसरा तरीका my drive विकल्प पर right click करना है आप,दूसरा तरीका my drive विकल्प पर right click करना है
एक web page खुलता है हम अब,यह पेज खुलता है
अब हम book already issued method पर आते हैं,अब हम book already issued method पर आते हैं
शालाएँ भी चलाती हैं online test pass करने वालो को प्रमाणपत्र भी देते हैं,online test pass करने वालों को प्रमाणपत्र भी देते हैं
library management system अग्रणी software mnc के corporate social responsibility कार्यक्रम के अंतर्गत योगदान दिया गया है इस,library management system अगरानी सॉफ्टवेयर mnc के  chloride सोशियल रिस्पॉन्सिंगलिटी कार्यक्रम के अंतर्गत योगदान दिया गया है
इसमें जानकारी है जैसे transaction id book id और username,इसमें जानकारी है जैसे transaction id bookid और username
को नियंत्रण करने की अनुमती प्रदान करता हैं windows में यह option,windows में यह option चुनें
जगह से दुसरी जगह जाने में मदद करता है navigation bar एक बड़ा text box है जहाँ आप उस webpage का address type कर,navigation bar एक बड़ा text box है जहाँ आप उस देख पेज का address type करके उसे देख सकते हैं
एक बार form में सारी जानकारी भरे जाने के बाद हमें next step button पर click करना है,एक बार form में साधी जानकारी भरे जाने के बाद हमें next step button पर click करना है
संबंधित wikipedia page पहला खोज परिणाम है,सम्बंधित दिए कि pdf पेज पहला खोज परिणाम है
nasa night launch theme संस्थापित,na circuit launch फीम्स संस्थापित हो रहा है
किन्तु elements window में हम यह characters नहीं पाएँगे,42 elements window में हम यह characters नहीं पायेंगे
click करें और mouse button को छोड़े बिना इसे आवश्यक स्थान पर ले जाएँ अब,mouse button को छोड़े बिना इसे आवश्यक स्थान पर ले जाएँ
ipython prompt screen पर दिखता है,ipython prompt  स्क्रीन पर दिखता है
अब browser पर वापस आते हैं login page पर वापस आते हैं,अब browser पर वापस आते हैं login पेज पर वापस आते हैं
web container अपने आप से इसका पता लगता है,webकंटेनर अपने आप से इसका पता लगाता है
आप इसमें अधिक कार्यक्षमताओं को जोड़ने में भी सक्षम होंगे जैसे एक किताब को खोजने में इस श्रृंखला,अब इस में अधिक कार्यक्षमताओं को जोडने में भी सक्षम होंगे जैसे एक किताब को खोजने में
start पर click करते हैं यहाँ हमारी file है अब,अब हमें start पर click करते हैं यहाँ हमारी फ़ाइल है
adblock + के लिए install button पर click करें,यह दूसरे बार प्रस्तुति है
ध्यान दें कि,ठीक है तो यह जाँचता है
google account प्रयोग करके gmail login करना,google account प्रयोग करके email log इनमें लॉगिन करना
ellipse में निम्नलिखित field हैं जिनकी हमने पहले ही चर्चा की है,alipse में निम्नलिखित fields हैं जिनकी हमने पहले ही चर्चा की है
convert function उपयोग करके sequence file formats का रूपांतरण,कनवर्ट फंक्शन उपयोग करके sequence फाइल फॉर्मेट्स का रूपांतरण
और कुछ में पीछे,और कुछ में पीछे
v की प्रारंभिक value शून्य है इसकी unit meter per second है,varchi प्रारंभिक वैल्यू शून्य है इसकी unit मीटर को सेकेंड है
हम genbank format में hiv genome से अलगअलग genes को भी extract कर सकते हैं,हम जनबैंक फॉर्मेट में hif जीनूम से अलगअलग चिन्ह्स को भी एक्सट्रैक्ट कर सकते हैं
web . xml web node के webinf folder में दिखता है आप अब,web xml web node के web आइयनिक folder में दिखता है
यह spoken tutorial project को सारांशित करता है,यह spoken tutorial project को सारांशित करता है
यह प्रदर्शित sequence insulin protein है,यह प्रदर्शित सीक्वल्ज़  insulin protein है
यहाँ भेजने वालों और प्राप्त करने वालों के email एड्रेस हैं,यहाँ भेजने वालों और प्राप्त करने वालों के email address है
और equation जैसी screen पर है वैसे दिखेगी यहाँ diff,� और equation जैसी screen पर है वैसे दिखेगी
type करें 3 sqrt curly कोष्ठक में 16 = 4 new line enter press करें,type करें 3 sqrt curly कोष्ठक में 16 is equal to 4 new line enter प्रेस करें
हमारे पास उस user का username प्राप्त करने के लिए username field भी है जिसे book को checkout करना है,हमारे पास उस यूजर का यूज़रनेम प्राप्त करने के लिए username field भी है जिसे book को checkout करना है
text message sms विकल्प चुनें सामान्यतः यह default रूप से चुना जायेगा,text message sms विकल्प चुनें सामान्यतः यह default रूप से चुना जायेगा
ऐसा करने है लिए हम type करते है ffmpeg i functions . ogv an vcodec copy test1 . ogv,ऐसा करने के लिए हम type करते हैं ffmpeg माइनस i functions ogv माइनस an माइनस v codeac copy test1 dot orgv
अब add add user पर click करें,add add user पर click करें
कभीकभी उस भाषा में जिसमें आप dubbing कर रहे हैं video की वास्तविक भाषा में कहे गए समान शब्दों को समझाने के लिए अधिक शब्दों की ज़रुरत हो सक,कभीकभी उस भाषा में जिसमें आप डबिंग कर रहे हैं वीडियो की वास्तविक भाषा में कहे गए समान शब्दों को समझाने के लिए अधिक शब्दों की ज़रुरत हो सकती है
के लिए check boxes पर दोबारा click करके पिछले चयन को clear करें अब,इसके लिए checkboxes पर दोबारा click करके पिछली चयन को clear करें
ctrl alt और t keys एकसाथ दबाकर terminal खोलें,ctrl alt और t कीज़ एकसाथ दबाकर terminal खोलें
अब netbeans ide पर जाते हैं,अब netbeans ide पर जाते हैं
tool bar में file operations graphical view और simulation से संबधित buttons हैं,tool bar में file operations graphical view और simulation से नम्बंधित buttons हैं
पिछली slide से बढ़ते हुए लिखिए summation from 1 to n of,पिछली slide से बढ़ते हुए लिखिए समेशन from 12 n of the range of 1019
इस tutorial के लिए आपको एक कार्यकारी internet connection और किसी भी web browser की ज़रुरत होगी,इस्टोरियल के लिए आपको एक कार्यकारी इंटरनेट कनेक्शन और किसी भी web browser की जरूरत होगी
का उपयोग करके कार्यशालाएं भी चलाती है online test pass करने,spoken tutorials का उपयोग करके कार्यशालाएँ भी चलाती है
online test pass करने वालों को प्रमाणपत्र भी देते हैं,online test pass करने वालों को प्रमाणपत्र भी देते हैं
यह null के बराबर नहीं है तो हम एक error message जैसा हमने index . jsp के लिए किया था प्रदर्शित करते हैं,यदि यह जरनल के बराबर नहीं है तो हम एक एरर मैसेज जैसा हमने index jsp के लिए किया था प्रदर्शित करते हैं
prompt पर type करें ipython enter दबाएं,prompt पर type करें ipython enter दबाएं
हम कार्यशालाएं आयोजित करते हैं,हम कार्यशालाएं आयोजित करते हैं
भी चलाते हैं उनको प्रमाणपत्र भी देते हैं जो online test,उनको प्रमाणपत्र भी देते हैं जो online test pass करते हैं
spoken tutorial project team,spoken tutorial project team
हमने checkout या return book पर click किया,हमने checkout या return book पर क्लिक किया
तीसरा लिखने के लिए file format है enter दबाएं,तीसरा लिखने के लिए file format है enter दबाएँ
computer के अन्य उपकरणों को cpu से जोड़ने में उपयोग होते हैं यह cables,हम अपने पास कम्प्यूटर के अन्य उपकरणों को cpu से जोड़ने में उपयोग होते हैं
ध्यान दें कि g अक्षर से शुरू होने वाली websites की एक सूची दिखाई देती है यह,ध्यान दें कि जीयक्षर से शुरू होने वाली websites की एक सूची दिखाई देती है
post method प्रयोग होता है जब,पोस्ट मेथड प्रयोग होता है जब
हम निम्न सीखेंगे java web project,इस tutorial में हम निम्न सीखेंगे
online test pass करने वालों को प्रमाणपत्र भी देते हैं,online test pass करने वालों को प्रमाणपत्र भी देते हैं
vista प्रयोग करने वाले कृपया ध्यान दें कि windows vista में चलाया गया windows movie maker video को छोटी clips में विभाजित नहीं करेगा,विस्ता प्रयोग करने वाले कृपया ध्यान दें कि विंडोज़ विस्ता में चलाया गया विंडोज़ मूवीमे कर वीडियो को छोटी क्लिप्स में विभाजित नहीं करेगा
click करें यह file browser window खोलेगा,यह file browser window को लेगा
collection panel पर दिखने के क्रम में clips यहाँ timeline पर जोड़ी जाएँगी,color selection panel पर दिखने के क्रम में clips यहाँ timeline पर जोड़ी जायेंगी
ubuntu 16 . 04 desktop में लाया गया है यह इंगित करता है की हमने सफलतापूर्वक संस्थापन पुरी की हैं,a1 ubuntu 1604 डेस्कटॉप में लाया गया है यह इंगित करता है कि हमने सफलतापूर्वक संस्थापन पूरी की है
type करें record . seq enter दबाएं output,कम्पाइल करने पर type करें record dot sq  एंटर दबाएं
यह modelica . interfaces . block पैकेज में उपलब्ध है,यह model पर dot interfaces dot block package में उपलब्ध है
bcc feature इस प्रकार कार्य करता है,bcc feature इस प्रकार कार्य करता है
बड़े अक्षर का character लिखने के लिए character का नाम बड़े अक्षरों में लिखिए,बड़े अक्षर का characters लिखने के लिए characters का name बड़े अक्षरों में लिखिये
spoken tutorial project team कार्यशालाएं चलाती है और online test pass करने वालों को प्रमाणपत्र देती है,spoken tutorial project team कार्यशालाएं चलाती है और online test pass करने वालों को प्रमाणपत्र देती है
इस tutorial को record करने के लिए मैं उपयोग कर रही हूँ ubuntu os version 14 . 10,इस tutorial को record करने के लिए मैं उपयोग कर रही हूँ ubuntu os version 1410
हम फिर user exists variable में method की return की हुई value को संचित करते हैं,हम फिर यूज़र एक्सिस्ट वेरिएबल में मेथड की रिटर्न की हुई वैल्यू को संचित करते हैं
अगर आपने अपना printer ठीक से configure यानि स्थापित कर लिया है तो आपका document print होना शुरू,अगर आपने अपना printer ठीक से कॉन्फ़िगर यानी स्थापित कर लिया है तो आपका document printer होना शुरू करें
इस tutorial में हम निम्न के बारे में सीखेंगे,इस tutorial में हम निम्न के बारे में सीखेंगे
context menu में open link in new tab पर click करें,context menu में open new tab पर click करें
देखिए के cursor में दोनों तरफ arrow है मैं इस time पर clip को लाती हूँ,देखें कि cursor में दोनों तरफ arrow है मैं इस time पर clip को लाती हूँ
virtual box version 5 . 2 . 18,virtual बॉक्स वर्जन 52218
यहाँ हमने username पता लगा लिया है,यहाँ हमने यूज़र निम्न पता लगा लिया है
मैंने omedit में पहले ही bouncing ball with annotations खोला है,मैंने os में पहले ही bouncing ball with annotations खोला है
एक​ add - on है tools और फिर add - ons पर click करें,tools और फिर addons पर click करें
और set operations type करें और दो बार enter दबाएं,set operations type करें और दो बार enter दबाएं
अब यहाँ यह button split button कहलाता है यह clip को मौजूदा स्थिति पर दो clips audio और video दोनों में विभाजित करता है,अब यहाँ यह button split button कहलाता है यह clip को मौजूदा स्थिति पर दो clips audio और video दोनों में विभाजित करता है
सफल login के लिए हम success greeting page प्रदर्शित करते हैं,सफल लॉगिन के लिए हम success greeting पेज प्रदर्शित करते हैं
cell बनाता हैं चलिए कुछ,चलिए कुछ चलाते हैं और यहाँ पर क्लिक करता है
तरह swissport और embl files उपरोक्त की तरह समान code उपयोग करके parse की जा सकती हैं यदि,स्विस port और embn files उपरोक्त की तरह समान code उपयोग करके पास की जा सकती हैं
फिर success greeting . jsp में हम list प्रदर्शित करेंगे,फिर success greeting jsp में हम list प्रदर्शित करेंगे
options dialog box को बंद करने के लिए close button पर click करें आपकी settings स्वतः ही save,data options dialog box को बंद करने के लिए close button पर click करें
और अपने computer से extension को निकालने के लिए remove पर click करें,और अपने computer से extension को निकालने के लिए remove पर click करें
विज्ञापन blocking software की एक सूची प्रदर्शित होती,विज्ञाबन ब्लॉकिंग सॉफ्टवेयर की एक सूची प्रदर्शित होती है
इसको सारांशित करते हैं,इसको सारांशित करते हैं
हम इस tutorial के अंत मे आ चुके हैं इस tutorial में हमने firefox interface और toolbars के बारे में सीखा,हम इस tutorial के अंत में आ चुके हैं इस tutorial में हमने firefox interface और toolbars के बारे में सीखा
page मनुष्य के insulin gene की अनेक files दिखाता है,यह base मनुष्य के insulin चिन्ह की अनेक files दिखाता है
extent 2 y को 0 unit में परिवर्तित करें ok पर click करें,extent2 y को 0 unit में परिवर्तित करें ok पर click करें
इसी के साथ हम tutorial के अंत में आते हैं,इसी के साथ हम tutorial के अंत में आते हैं
और project folder को ऐसा ही छोड़ दें फिर next पर click,फिर next पर click करें और हमसे दोनों पर click करें
देख सकते हैं कि जिस शब्द को हम लिख रहें हैं उसको mozilla firefox स्वचालित रूप से,मुझे देख सकते हैं कि जिस शब्द को हम लिख रहे हैं उसको मुजला firefox स्वचालित रूप से पूरावश्यक होता है
output देखें,output देखें
अब हम देखेंगे कि servlet controller की तरह क्या करता है,अब हम देखेंगे कि सर्वलेट कंट्रोलर की तरह क्या करता है
computer के पास कितनी memory है के बारे में जानकारी और,किन्तु आपके पास कितनी memory है के बारे में जानकारी और
अब देखते हैं यह कैसे हुआ और,अब देखते हैं कि यह कैसे हुआ
फिर हम prepare statement method को connection object पर निष्पादित करते हैं,फिर हम प्रिपेर्स्टेटमेंट मेथड को कनेक्शन ऑब्जेक्ट पर निष्पादित करते हैं
अब पिछले दो की तरह ही तीसरा math object प्रस्तुत करते हैं,अब पिछले 2 की तरह ही तीसरा मैथ object प्रस्तुत करते हैं
इस tutorial के अनुसरण के लिए आपको ज्ञान होना चाहिए,इस tutorial के अनुसरण के लिए आपको ज्ञान होना चाहिए
अब netbeans ide पर जाते हैं,अब netbeans ide पर जाते हैं
अब मैं my first project नामक project को run करता हूँ,अब मैं my first project named project को रन करता हूँ
एक नई browser tab खुलती है,एक नयी browser टैब खुलती है
text view पर जाएँ,text view पर जाएँ
हम देखेंगे कि हम insertintocheckout में क्या करते हैं,हम देखेंगे कि हम insert into checkout में क्या करते हैं
अतः यहाँ हम pdf और zip files देख सकते हैं क्योंकि हमने यह पहले ही खोल लिया था साथ,यहाँ हम pdf और zip files देख सकते हैं क्योंकि हमने यह पहले ही को लिया था
अपनी पसंद का एक उचित password type करें सिर्फ,अपनी पसंद का एक उचित password type करें
चलिए spacing बदलते हैं line spacing और root spacing दोनों को 20,चलिए spacing बदलते हैं line spacing और root spacing दोनों को
सिद्धेश द्वारा अनुवादित है i i t मुम्बई की ओर से मैं रवि कुमार अब आपसे विदा लेता हूँ,यह स्क्रिप्ट देश द्वारा अनुवादित है आई आई टी मुम्बई की ओर से मैं रवि कुमार अब आपसे विदा लेता हूँ
इसी के साथ हम tutorial के अंत में आ गए हैं,किसी के साथ हम को बढ़ने के अंत में आ गए हैं
line color तीन संख्या लेता है जो कि border के रंग को परिभाषित करता है,line colour 3 संख्या लेता है जो कि border के रंग को परिभाषित करता है
उसी प्रकार से हम आयतफलकी का घनफल हल करने के लिए तिहरा integral इस्तेमाल कर सकते हैं और,उसी प्रकार से हम आयत फल की का गंफल हल करने के लिए 13 इन्टिगल इस्तेमाल कर सकते हैं
खोलने के लिए इस पर click करें आपको,शुरू करने के लिए इस पर click करें
modelica में प्रोग्राम्स classes के रूप में व्यवस्थित किए गए हैं,model एक में programs class के रूप में व्यवस्थित किये गए हैं
unit operations जैसें,मैं यूनिट ऑपरेशंस जैसे कि
अब admin section . jsp पर आते हैं,अब admin section jsp पर आते हैं
default रूप से yahoo home page खुलता है extension,default रूप से यहाँ homepage खुलता है
power supply socket से जोड़ें आगे द,बॉक्स पर भावर सप्लाय सॉक्ट से जोड़ें
menu bar से bookmarks पर click करें और show all bookmarks चुनें,menu bar से bookmarks पर click करें और show all bookmarks चुनें
organization यानि मूलभूत रचना इस block diagram में दर्शायी गयी है,इसिक ऑर्गुनिजेशन यानि मूलभूत रचना इस ब्लॉक टायग्राम में दर्शायी गयी है
फिर हमारे पास यहाँ success message है,फिर हमारे पास यहाँ success message है
qblast function अन्य कई विकल्प arguments भी लेता है,qe class function अन्य कई विकल्प आर्ग्युमेंट्स भी लेता है
यह अन्य users को हमारे message के साथ एक email notification और share किये हुए document का link भेजेगा,यह अन्य users को हमारे message के साथ एक email notification और share किये हुए document करें
signal 2 को 2 times t squared lan, signal 2 को 2 times tsquad day
कर सकते हैं उन सारे font size बदलावों को undo करने के लिए जिन्हें हमने किये हैं,उन सारे font size बदलावों को अन्डू करने के लिए जिन्हें हमने किए हैं
standard deployment descriptor web . xml चुनें फिर next पर click,उदाहरण के लिए standard deploys descriptor web xml चुनें
इस tutorial में हम निम्न के बारे में सीखेंगे,इस ट्यूटोरियल में हम निम्न के बारे में सीखेंगे
url में my first project / के बाद type करें welcome . jsp,url में my first project slash के बाद type करें welcome jsp
आगे और पीछे बहुत से ports होते हैं हम थोडी देर में,इसलिए आगे और पीछे बहुत से पोट्स होते हैं
python version 2 . 7 . 8,python version 278
इसी तरह extent 2 x और extent 2 y ellipse पर सबसे दाएँ और सबसे नीचे बिंदु के अनुरूप है,इसी तरह extend2x और extend2y ellipse पर सबसे दाएं और सबसे नीचे बिंदु के अनुरूप हैं
अब index . jsp खोलें,अब index jsp खोलें
एक email देखना,एक email देखना
करें symbol set में greek चुनें,symbol set में greek चुनें
यहाँ इस tutorial में हमने admin section में अधिक functionality जोड़ी है,यहाँ इस tutorial में हमने एडमिन सेक्शन में अधिक फंक्शनलिटिज जोडी है
web project बनाना web project को नि,spoken tutorials का वेब प्रोजेक्ट बनाना
हैं spoken tutorial project team spoken tutorial का उपयोग,spoken tutorial project team
अब इस पर कहीं भी click करके पूरे audio track को चुनें,अब इस पर कहीं भी click करके पूरे audio track को चुनें
इसलिए icon annotation में कोई भी बदलाव icon view और इसके विपरीत में एक समान परिवर्तन होता है,इसलिए icon annotation में कोई भी बदलाव icon view और इसके विपरीत में एक समान परिवर्तन होता है
हमें यह books table से मिलता है,हमें यहाँ books table से मिलता है
अगला double integral निम्न प्रकार से लिखिए,अगला double integer निम्न प्रकार से दिखें
अधिक जानकारी के लिए कृपया contact @ spoken tutorial . org पर लिखें,अधिक जानकारी के लिए contact at spoken hyphen tutorial dot org पर लिखें
अब अपने gmail compose window पर वापस जाते हैं,अब अपने email compounds window पर वापस जाते हैं
अगले वाक्य के नरेशन को शुरू करने के लिए timeline के किसी भी एक channel पर click करें,अगले वाक्य के किनरेशन को शुरू करने के लिए टाइम लाइन के किसी भी एक चानर पर क्लिक करें
नमस्कार दोस्तों इस मौखिक tutorial में आपका स्वागत है,नमस्कार दोस्तों इस मौखिक tutorial में आपका स्वागत है
इसके लिए सबसे पहले अपना उदाहरण writer document जो हमने अपने पिछले tutorials में बनाया था खोलें mathexample1 . odt,इसके लिए सबसे पहले अपना उदाहरण writer document जो हमने अपने पिछले tutorial में बनाया था खोलें
ball के वेग को वैरिएबल v द्वारा दर्शाया गया है,ball के वें को variable v द्वारा दर्शाए गए है
xml file को save करने के लिए निम्न लाइनें type करें,xml file को सेव करने के लिए निम्न लाइनें type करें
jacks mic और headphones के icons में आसानी से पहचानने योग्य हैं ये है laptop,इस दायर icons और icons के icons में आसानी से पहचानने योग्य हैं
हम जांचते हैं कि यदि available copies 0 से > हैं और book issued 0 के = हैं हम,हम जाँचते हैं कि यदि available copies   0 से ग्रेटर हैं और book issued 0 के ईक्वल हैं
हुआ है ऐसा करने के लिए type करें dna 3 = dna 2 . 2 mutable ( खोलें और बंद करें enter दबाएं,कैसा करने के लिए type करें dna3 equal to dna2 dot 2 youtable ब्रैकेट खोलें और बंद करें एंटर दबाएं
type करते हैं some more example formulae newline,type करते हैं some more example formula new line
निम्न link पर उपलब्ध video spoken tutorial project को सारांशित करता है,यह link पर उपलब्ध video spoken tutorial project को सारांशित करता है
जाने के लिए google link को चुनें देखा,पेज पर जाने के लिए google link को चुनें
someone already has that user name try another, someone already has that user name try another
b,b
अब लिखते हैं square root of 16 = 4,अब लिखते हैं square root of 16 is equal to 4
इस class को simulate करने के लिए simulate button पर click करें,इस class को सेवरेट करने के लिए simulation button पर click करें
कृपया समय के साथ अपने प्रश्नों को इस forum में post करें,कृपया समय के साथ अपने प्रश्नों को इस forum में post करें
pages विकल्प हमारे विशेष विवरण के आधार पर page print करता है उदाहरण 3 से 4,page विकल्प हमारे विशेष विवरण के आधार पर pages prints करता है उदाहरण 3 से 4
104 python version 2 . 7,python वर्जन 1204
menu bar से bookmarks,मेन्यू बार से bookmarks enter दबाएँ
keyboard के आलावा computer से interact करने का एक वैकल्पिक रूप है आप cpu के,कीबोर्ड के आलावा कंप्यूटर से इंटरैक्ट करने का एक वैकल्पिक रूप है
firefox web browser 21 . 0 आप अपनी,texworks का आरफ़ॉक्स web browser 220
disk free space 50 gb या अधिक और,respace 50gb या अधिक
अब content क्षेत्र में आप spoken tutorial text देख सकते हैं और यह hyperlink हो गया है,अब content क्षेत्र में आप spoken tutorial text देख सकते हैं और यह hyperlink हो गया है
bookmarks menu मे अब google bookmark दिखाई नही देता,bookmarks menu में अब google bookmark दिखाई नहीं देता
"प्रत्येक mail id space या , या : से अलग किया जाना है",प्रत्येक मेल आईडी स्पेस या कॉमा या कोलन से अलग किया जाना है
extent 1 y ellipse पर सबसे शीर्ष बिंदु का ऊर्ध्वाधर निर्देशांक है,extant 1ylipse पर सबसे शीर्ष बिंदु का ऊर्ध्वाधर निर्देशांक है
हम glassfish को अपने server की तरह उपयोग कर सकते हैं,हम glassfish को अपने server की तरह उपयोग कर सकते हैं
हम इनमें से कुछ के बारे में सिखेंगे main menu में आप vcr controls देख सकते है pause play stop rewind forward record,हम इनमें से कुछ के बारे में सीखेंगे main menu में आप vcr controls देख सकते हैं
आप इसका modelica library में दिखाए गए path का उपयोग करके पता लगा सकते हैं,आप इसका मौडलिक का library में दिखाए गए path का उपयोग करके पता लगा सकते हैं
हम इसे my servlet path से बदल सकते हैं,हम इसे mysqlite path से बदल सकते हैं
इसके साथ हम इस tutorial के अंत में आ गए हैं,इसके साथ हम इस tutorial के अंत में आ गए हैं
और इसके साथ right में parentheses में number1 है,और इसके साथ right में parentheses में number 1 है
को map करने के लिए यह deployment descriptor का उपयोग करता है यह url को code दे,यह url को मैप करने के लिए यह deploys descriptor का उपयोग करता है
spoken tutorial के लिए उन्होंने इस विषय वस्तु की पुष्टि भी की है मै ये,इस spoken tutorial के लिए उन्होंने इस विषयवस्तु की पुष्टि भी की है
लिखने की आवश्यकता नहीं है इसको कोशिश करें,इसको कोशिश करें
यहाँ एक screenshot है,यहाँ एक screenshot है
क्या drive में उन्हें बनाना और व्यवस्थित करना,क्या drive में उन्हें बनाना और व्यवस्थित करना समक्या और
इस पर click करें आप main menu में file पर click कर सकते हैं और सबविकल्प import into collections चुनें,इस पर click करें आप main menu में file पर click कर सकते हैं और subविकल्प import into connections चुनें
rial में हम in बारे में सीखेंगेः mozilla firefox में themes personas ad blocking mozilla firefox,मुझला firefox में themes – c8hata में हम इनके बारे में सीखेंगे
यहाँ create your profile नामक एक button भी है,यहाँ create यह profile named एक button भी है
हम success greeting page देख सकते हैं log out,हम success greeting पेज देख सकते हैं
भी desktop computer की तरह समान भाग रखता है जिसमे सम्मिलित होते हैं एक डिस,किन्तु हुई desktop computer की तरह समान भाग रखता है जिसमें सम्मिलित होते हैं
line thickness border की मोटाई को दर्शाता है,line thickness border की मोटाई को दर्शाता है
करना fields को validate करना,फिल्ड्स को वैलीडेट करना
tutorial में निम्न के बारे में सीखेंगे,इस tutorial में निम्न के बारे में सीखेंगे
में extensions option का उपयोग करके आप extensions का,tasor में extensions option का उपयोग करके आप extensions का प्रयोग कर सकते हैं
इस tutorial में हमने सीखा gi number उपयोग करके query nucleotide sequence के लिए blast function run करना,इस tutorial में हमने सीखा
comments program के बारे में उपयोगी जानकारी प्रदान करता है वे documentation के लिए भी उपयोगी होते हैं,commits program के बारे में उपयोगी जानकारी प्रदान करता है वे documentation के लिए भी उपयोगी होते हैं
इस mission पर अधिक जानकारी के लिए उपलब्ध link पर संपर्क करें,इस mission पर अधिक जानकारी के लिए उपलब्ध लिंक पर संपर्क करें
यदि नहीं तो सम्बंधित tutorials के लिए कृपया हमारी website पर जाएँ,यदि नहीं तो संबंधित tutorials के लिए कृपया हमारी website पर जाएँ
है मैं यह video चुनूँगी और import button पर click करुँगी चुना हुआ video collection panel पर import किया जाता है अगर video,मैं यह video चुनूँगी और import button पर click करुँगी चुना हुआ video collection panel पर import किया जाता है
revision पर click करें और समझें कि यह विशेषता कैसे कार्य करती है अब,और समझें कि यह विशेषता कैसे कार्य करती है
को दर्शाने के लिए हमने mark up int का इस्तेमाल किया है limts a,इस tutorial को दर्शाने के लिए हमने
बदलें कृपया इस गतिविधि पर पर्याप्त समय बिताए,कृपया इस गतिविधि पर पर्याप्त समय बेताएँ
ubuntu is loading message प्रदर्शित होता है यह हमें installation माध्यम को हटाने के लिए enter दबाने के लिए कहेगा,ubuntu is loading message प्रदर्शित होता है यहां हमें installation माध्यम को हटाने के लिए एंटर दबाने के लिए कहेगा
इस tutorial को record करने के लिए मैं उपयोग कर रही हूँ open modelica version 1 . 9 . 2,इस tutorial को record करने के लिए मैं उपयोग कर रही हूँ open modelिका version 192
clip को track पर slide करे याने ले आए उस वाक्य के timing को मैच करने के लिए जो हमने पहले note किया था,उस वाक्य के typing को maths करने के लिए जो हमने पहले note किया था
next पर click करने से शब्द के अगले उदाहरण पर ध्यान केंद्रित होगा,next पर click करने से शब्द के अगले उदाहरण पर ध्यान केंद्रित होगा
class अब diagram में खुल गया है,class�ब diagram में खुल गया है
चलिए बेहतर प्रत्यक्षता के लिए खाली लाइनों को डालते हैं इसलिए दो newlines डालते हैं,चलिए बेहतर प्रत्यक्षता के लिए खाली लाइनों को डालते हैं इसलिए दो new lines डालते हैं
doget और dopost methods के बीच अंतर यहां मैं,दो get और do post मेथड्स के बीच अंतर
और ok button पर click करें,और ok button पर click करें
से आप usb keyboard और mouse को भी usb ports से जोड़ सकते हैं bakey के,उसी प्रकार से आप usb keyboard और mouse को भी usb port से जोड़ सकते हैं
अगर हमें वही email एक से अधिक लोगों को भेजना है तो केवल to क्षेत्र में email ids को जोड़ें,अगर हमें वही email एक से अधिक लोगों को भेजना है तो केवल 2 क्षेत्र में email ids को जोड़ने
से maths लाते हैं format editor window में निम्न प्रकार,format editor window में निम्न प्रकार से आप इस window को देख सकता है
अब इसे सारांशित करते हैं,अब इसे सारांशित करते हैं
हमें add a note text क्षेत्र मिलता है,हमें add a note text क्षेत्र मिलता है
url pattern greeting servlet path होना चाहिए,url pattern greeting server path होना चाहिए
ध्यान दें कि printwriter class पहले से ही import की हुई है,ध्यान दें कि print writer class पहले से ही imported की हुई है
check करें आपका पूर्ण नियत कार्य निम्न code रखना चाहिए,आपका पूर्ण नियत कार्य निम्न कोड रखें
question mark की जगह values देने के लिए हम set string method को निष्पादित करते हैं,क्वेशन mark की जगह value देने के लिए हम setstring  method को निष्पादित करते हैं
उदाहरण स्वरुप welcome को h3 tag में रखें,उदाहरणस्वरूप welcome को h3 tag में रखें
search bar के अंदर search engine पर click करिये,search bar के अंदर search engine इंजिन पर क्लिक करिये
links होती है इसमें firefox की गतिविधि पर नियंत्रण के लिए browsing और system default settings होती हैं,इसमें filefox की गतिविधि पर नियंत्रण के लिए browser और system default settings होती हैं
32 bit के लिए ubuntu - 16 . 04 . 5 - desktop - i 386 . iso होगा, 32bit के लिए ubuntu hyphen 1604 dot com hyphen desktop hyphen i386 dot iso होगा
ध्यान दें कि package में blocks का नाम sum product और main class है,ध्यान दें कि package में blocks का name sum product और main class है
पहली field text की तरह input type का first name है first name की तरह name और user . get first name की तरह value,पहली field text की तरह input type का first name है first name की तरह name और user get first name की तरह value
हम देख सकते हैं कि हम admin section page पर आ गए हैं,हम देख सकते हैं कि हम admin section पेज पर आ गए हैं
लोकप्रिय और यहां तक कि आप,यह प्रयोगकर्ता के लिए एक नया शुरू करेगा
हम देखेंगे के linux operating system में किस तरह से एक भाषा से दूसरी भाषा में dub करे,हम देखेंगे कि लिनक्स operating system में किस तरह से एक भाषा से दूसरी भाषा में डाप करें
अगले page storage on physical hard disk में हमें यह तय करना होगा कि हमारे hard disk storage को कैसे होना चाहिए यहाँ दो options हैं,अगले पेज  storage on physical hard disk में हमें यह तय करना होगा कि हमारे हार्डडिस्क टोरेज को कैसे होना चाहिए यहां दो ऑप्शन्स हैं
mozilla firefox के search और autocomplete विशेषताओं पर spoken tutorial में आप,mozilla firefox के search और autof complete विशेषताओं पर spoken tutorial में आपका स्वागत है
और pie कोष्ठकों का इस्तेमाल करना quadratic equation को हल करने की प्रक्रिया को लिख,कोष्ठकों का इस्तेमाल करना – squaretick इक्वेशन को हल करने की प्रक्रिया को लिखाना और पायें
addons tab बंद करें,tables टैब बंद करें
इनमें से प्रत्येक संख्या 0 और 255 के बीच value ले सकता है,इनमें से प्रत्येक संख्या 0 और 255 के बीच value ले सकता है
sequence objects आम तौर पर सामान्य python strings की तरह कार्य करते हैं,sequence objects आमतौर पर सामान्य python strings की तरह कार्य करते हैं
output प्राप्त करने के लिए दो बार enter key दबाएं यह,output प्राप्त करने के लिए दो बार enter की दबाएं
clean and build पर click करें,cle and build पर click करें
समाप्त कर देता है और इसलिए यह आपके desktop को अनावश्यक,और इसलिए यह आपके desktop को अनावश्यक चुन सकता है
अब index . jsp page पर जाते हैं जो हमने पहले ही संशोधित कर लिया था,अब index jsp पेज पर जाते हैं जो हमने पहले ही संशोधित कर लिया था
writer area में integral चिन्ह को देखें,writer area में integer चिन्ह को देखें
करते हुए log x to the power of p to the base b = p into log x to the base b,लॉग x to the power of p to the base b इक्वल टू p इनटू लॉग x to the base b
diagram annotation इसके syntax में icon annotation के समान है,dimogram annotation इसके syntax में icon annotation के समान है
है इसका mark up लिखते हैं सबसे पहले हम insert object formula menu,सबसे पहले हम insert object formula menu पर click करते हैं
इस block u के लिए input एक vector है क्योंकि यह input के रूप में कई signal स्वीकार कर सकता है,इस block hue के लिए input एक vector है क्योंकि यह input के रूप में कई signal स्वीकार कर सकता है
ध्यान दें हमारे पास एक नए user को register करने के लिए एक विकल्प भी है,ध्यान दें हमारे पास एक नये यूज़र को register करने के लिए एक विकल्प भी है
mozilla firefox के extension tutorial पर spoken tutorial में आपका स्वागत है, मुझला firefox के extension tutorial पर spoken tutorial में आपका स्वागत है
कृपया इस model के बारे में अधिक जानकारी के लिए पूर्वापेक्षा tutorial देखें,कृपया इस model के बारे में अधिक जानकारी के लिए पूर्वापेक्षा tutorials देखें
doget method के अंदर type करें printwriter space writer = to response . get writer ( खोलें और बंद करें ;,toget मेथड के अंदर टाइप करें print writer space writer equal to response dot getwriter ब्रैकेट्स खोलें और बंद करें सेमीकोलन
extensions या addon क्या हैं ex,एक condition या addon क्या है
bookmarks menu चुनें और new folder पर click करें,bookmarks menu चुनें और new folder पर click करें
है desktop से मैं myscript . pdf चुनूँगी और open पर click करुँगी,desktop से मैं myscript pdf चुनूँगी और open पर click करुँगी
चिंता न करें यदि class diagram view में नहीं खुलता है,चिंता न करें यदि class diagram view में नहीं खुलता है
प्ला में web appl,वह प्लिंक पर लामें
यह अपने elements का product वापस करता है,यह अपने elements का product वापस करता है
फिर अगर user database में रहता है तो हम जांचते हैं,फिर अगर यूज़र database में रहता है तो हम जाँचते हैं कि
यहाँ convert function genbank file में उपस्थित पुरे genome को fasta file में बदलता है enter दबाएं,यहाँ convert function जन्मिंग फाइल में उपस्थित पूरे जीनोम को firstfile में बदलता है enter दबाएं
फिर markup लिखते हैं x squared - 7 x + 3 = 0,अब उसे मार्कअप लिखते हैं x square minus 7 x plus 3 is equal to 0
अतिरिक्त packages graphics outputs और plots के लिए संस्थापित होने चाहिए,अतिरिक packages graphics output और plots के लिए संस्थापित होनी चाहिए
करना इस व्यापक नियत कार्य की कोशिश,इस व्यापक नियतकार्य की कोशिश करना
नीचे create button पर click करें,नीचे create button पर click करें
edit और,edit और एप्रेस करते हैं
वैकल्पिक रूप से file के उस भाग पर cursor रखें जिसे आपको zoom in या zoom out करना है,वैकल्पिक रूप से file के उस भाग पर cursor रखें जिसे आपको zoomइन या zoomout करना है
मैं कुछ जगह खाली करने के लिए मौजूदा circle को फिर से व्यवस्थित करती हूँ,मैं कुछ जगह खाली करने के लिए मौजूदा circle को फिर से व्यवस्थित करती हूँ
netbeans ide खोलते हैं,netbeans ide खोलते हैं
file name में welcome type करें,file name में welcome type करें
age positive integer होनी चाहिए,ऐज positive integer होनी चाहिए
introduction to gmail के spoken tutorial में आपका स्वागत है,introduction to gmail के spoken tutorial में आपका स्वागत है
यह block घोषित करने के लिए सिंटैक्स है,यह block घोषित करने के लिए syntax है
हैं हम देख सकते हैं कि सबसे उपर परिणाम gmail के लिए है email from google,हम देख सकते हैं कि सबसे ऊपर परिणाम gmail के लिए है email from google
प्रत्येक record में पहली line identifier line है यह,पिछले एक रिकार्ड में पहली लाइन आइडेंटीफाइल लाइन है
seqio module के अधिकतर उपयोग होने वाले functions हैं parse read write और convert इस,�ुनें इसे q io मॉड्यूल के अधिकतर उपयोग होने वाले फंक्शन्स हैं
मैं जल्दी से आपको system दर्शा,मैं जल्दी से आपको system दर्शाता हूँ
और दूसरे math object पर जाने के लिए type करें fn और f3 दबाएं,और दूसरे मेज़ ऑब्जेक्ट पर जाने के लिए टाइप करें fn और f3 दबाएं
अब एक dubbing करते है मैं scilab पर एक tutorial है matrix operation जोकि english में है उसे play करुँगी welcome to this circumstorial matrix operations in infralab to practise this tutorial you need to have sailab installed on your system open the sailab console window,अब एक डबिंग करते हैं मैं साइलैब पर एक ट्यूटोरियल है matrix operations जो कि इंग्लिश में है उसे प्ले करुँगी
हम do get do post और get servlet info methods देखते हैं,हम do get do post और get get sर्वलेटिन्फो मेथड्स देखते हैं
एक मुख्य button है जो power on power on switch है computer खोलने के,बायें आगे एक मुख्य button है जो power on switch है
engine से browse कर रहे हैं home,यह कारण इंजिन से ब्लाउस कर रहे हैं
और अंत में next step पर click करें,और अंत में next step पर click करें
हम query रखने वाली strings align किया हुआ database sequence और strings जो match और mismatch स्थितियों को निर्देश करता है को भी print करेंगे,हम query रखने वाली strings अलाइन किया हुआ database sequence और string जो match और mismatch इस्थितियों को निर्दिष्ट करता है वो भी print करेंगे
उनके बारे में सीखेंगे यह data और net,हम इस tutorial में उनके बारे में सीखेंगे
एक new servlet window खुलती है,एक new template विंडो खुलती है
पहले हम home page बनाएंगे,पहले हम होमपेज बनायेंगे
seq module sequence objects को संचित करने और प्रक्रिया के तरीके यानि methods देता,seqmodule sequence objects को संचित करने और प्रक्रिया के तरीके यानि मेथड्स देता है
theme को preview कर सकतें हैं उपलब्ध,आप theme को प्रीव्यू कर सकते हैं
user की रूचि या preferences के अनुकूल customization प्रदान करता है themes,यह chart की रूचि या preferences के अनुकूल customization प्रदान करता है
freefall file खोजें जिसे आपने download किया है और अपने system पर save किया है और इसे खोलें,freefull file खोलें जिसे आपने downloaded किया है और अपने सिस्टम पर सेव किया है और इसे खोलें
और writer document में दूसरे और तीसरे factorial formulae को cross reference करें,और writer document में दूसरे और तीसरे factorial formula को cross reference करें
हम पहले सीखते हैं कि mozilla firefox में theme कैसे बदलें,हम पहले सीखते हैं कि मुदला firefox में theme कैसे बदलें
अब बाएं तरफ menus पर एक नज़र डालते हैं,अब बायें तरफ देखें views पर एक नता डालते हैं
निम्न सम्मिलित हैं wav,हम निम्न सम्मिलित हैं
ये writer document में कहीं भी इनको cross reference करने में मदद करता है,ये writer document में कहीं भी इनको cross reference करने में मदद करता है
link to section में default रूप से web address विकल्प चयनित है,link to section में default रूप से web address विकल्प चयनित है
browser window खोलें,कीब browser window खोलें
vn switch output में से video को हटा देता है और सिर्फ audio component रखता है इस command को निष्पादित करने के लिए enter press करे अब,input में से वीडियो को हटा देता है और सिर्फ ऑडियो कॉम्पोनेंट रखता है इस command को निष्पादित करने के लिए enter प्रस्तुत करें
उस file को browse करें और चुनें जो आप up,उस file को browse करें और चुनें जो आप अपसेव करें
प्रत्येक hsp यानी high scoring pair के लिए हमें title length hsp score gaps और expect value मिलता है,प्रत्येक hsp यानी highscaling pair के लिए हमेंtitle length hsbscor backups और aspect value मिलता है
यहाँ एक screenshot है,यहाँ एक screen screenshot है
jdk 1 . 7 फ्या,jdk 17
और एक बड़ा button जो कहता है sign in,और एक बड़ा बटन जो कहता है sign in
आगे मैं variable record 1 में sequence record object save करुँगी,आगे मैं variable record 1 में sequence record object सेव करुँगी
summation of x to the power of 2 है,समेशन of x to the power of 2 और बायीं तरफ निर्दिष्ट करें
अतः मैं cancel button पर click करुँगी,अतः मैं cancel button पर click करुँगी
अतः ide पर वापस आते,अतः ide पर वापस आता है
अब हर वाक्य की शुरुआत में clip को छोटे clips में विभाजित करे याने spilt करे,अब हर वाकी की शुरूआत में clip को छोटे clip में विपाजित करें यानि split करें
xml file खोलना prompt पर निम्न type करें enter दबाएं,exml file खोलना prompt पर निम्न type करें enter दबाएँ
files और folders केंद्र के क्षेत्र में दिखाई देंगे अतः,हम अपने फाइल्स के लिए फाइल्स के लिए छेत्र में दिखाई देंगे
इन्हें अलग font set कर सकते है font set को बदलने के लिए modify button पर click करें और variables को चुनें,font style को बदलने के लिए modify button पर click करें और variables को चुनें
emails के text की formatting करना,emails के text की formatting करना
ctrl l terminal screen को clear करने के लिए,ctrl l terminal screen को clear करने के लिए
अब browser पर वापस आते हैं,अब browser पर वापस आते हैं
कृपया सुनिश्चित कर lan कि आगे बढ़ने से पहले आपने यह tutorial ख़त्म कर लिया हो,कृपया सुनिश्चित कर लें कि आगे बढने से पहले आपने यह ट्यूटोरियल ख़त्म कर लिया हो
फिर sign in पर click करें,फिर साइनिंग पर click करें
output file को save करें और file में निहित data को parse करें,आउटपुट फाइल को सेव करें और फाइल में निहित डेटा को पार्स करें
अगली line में type करें,अगली line में type करें
keywords variables या functions type करते समय सावधानी रखें,कीवर्ड्स वेरिएबल्स या फंक्शन्स टाइप करते समय सौवधानी रखें
अगर इस i option को छोड़ देते है तो ffmpeg उस file को overwrite करता है जब वह output file बनाने की कोशिश करता है,यदि आप केवल option को छोड़ देते हैं तो ffmpeg उस file को overrides करता है जब वह output file बनाने की कोशिश करता है
हम देख सकते हैं कि हमारी file mail में संलग्न हो रही है,हम देख सकते हैं कि हमारी फ़ाइल मेल में संलग्न हो रही है
इसे यहाँ केंद्र में देख सकते हैं fold,अब इसे यहाँ centre में देख सकते हैं
अतः प्रतिस्थापन के बाद,अतः प्रतिस्थापन के बाद हमें एक नया पेज बनाएँगे
हम जांचते हैं यदि user exists 1 के बराबर है और returned book null के बराबर नहीं है,हम जाँचते हैं यदि यूजर exists 1 के बराबर है और रिटर्न book null के बराबर नहीं है
firefox will field में never remember hist,fire firefoxville में नहीं मिलता है
अब cable का दूसरा सिरा cpu के usb port से जोड़ते हैं,अब केबल का दूसरा सिराई cpu के usb पोर्ट से जोड़ते हैं
ध्यान दीजिये कार्य के क्रम को कहने के लिए हमने कई curly कोष्ठकों का इस्तेमाल किया है,ध्यान दीजिये कार्य के क्रम को कहने के लिए हमने कई कर्ली कोष्ठकों का इस्तेमाल किया है
आपका mail account load करना शुरू,मैं आपका मेल account load करना शुरू करता हूँ
अब terminal पर वापस जाते हैं,terminal पर वापस जाते हैं
free चलाते हैं उनको प्रमाणपत्र भी देते हैं जो online test pass,उनको प्रमाणपत्र भी देते हैं जो online test pass करते हैं
ubuntu version 12 . 04 netbeans i,ने टू वर्जन 1204
steps वही हैं जैसी हमने list books के लिए देखीं थी लि,steps वहीं हैं जैसी हमने list books के लिए देखी थी
अगर हम उस पर click करते हैं तो हम दायीं तरफ revision history देख सकते हैं,अगर हम उस पर click करते हैं तो हम दायीं तरफ रीभीजन history देख सकते हैं
अगर हम attachment चुनते हैं तो file attachment की तरह प्रविष्ट की जाएगी,अगर हम attachement चुनते हैं तो file attachments की तरह प्रविष्ट की जाएगी
ध्यान दें पहला button icon view के लिए है,ध्यान दें पहला button icon view के लिए है
निम्न link पर उपलब्ध video देखें,निम्न link पर उपलब्ध video देखें
बिजली जाने पर या internet कनैक्शन टूट जाने पर यह हमारे type किये हुए message को पुनः प्राप्त करने के लिए बहुत सहायक है,बिजली जाने पर या इंटरनेट कनेक्शन टूट जाने पर यह हमारे टाइप किये हुए मैसेज को पुनः प्राप्त करने के लिए बहुत सहायक है
tu linux user हैं तो आप ऐसा screen देखेंगे और,यदि आपके पास 2 लिनक्स यूजर है तो आप ऐसा स्क्रीन देखेंगे
i i t bombay से मैं श्रुति आर्य अब आपसे विदा लेती हूँ हमसे जुड़ने के लिए धन्यवाद,आई आई टी बॉम्बे से मैं श्रुति आर्य अब आपसे विदा लेती हूँ हमसे जुड़ने के लिए धन्यवाद
g की value 9 . 81 की value के साथ simulation के समय स्थिर रहती है,g की value 981 की value के साथ simulation के समय स्थिर रहती है
इस tutorial में हमने निम्न करना सीखा एक यादृच्छिक dna sequence,इस tutorial में हमने निम्न करना सीखा एक यादृच्छिक dna सीकॉन्स बनाएं
version 1 . 3 audacity अनेक audio format,और डाइसीटी अनेक audio formats कीमती है
यह हमें कुछ google apps दिखायेगा जैसे google + search you tube maps play store news mail drive calendar और अन्य अगर,यह हमें कुछ google apps दिखायेगा जैसे google plus search youtube maths play for news मेल mys drive calendar और अन्य
location में india चुनें,location में india चुनें
आप bookmarks को स्वचालित रूप से भी क्रमबद्ध कर सकते हैं,आप bookmarks को सचलित रूप से भी क्रमबद्ध कर सकते हैं
डेटा और program को computer में व्यवस्थित ढंग से प्रविष्ट करने में मदद करता है keyboard,यह डेटा और प्रोग्राम को कंप्यूटर में व्यवस्थित ढंग से प्रविष्ट करने में मदद करता है
पहला sequence record object संचित करने वाला variable है,पहला sequence record object संचित करने वाला variable है
हम ncbi www module में qblast function उपयोग करें,हम ncbi wwwmodule में qblast फंक्शन उपयोग करेंगे
ध्यान दे के आपको विपरीत दिशा में जाना है याने के आखरी clip से शुरू करके पहले पर आना है,ध्यान दें कि आपको विपरी दिशा में जाना है यानि कि आखिरी clip से शुरू करके पहले पर आना है
text view पर click करें नीचे scroll करें,text view पर click करें नीचे scroll करें
पिछले tutorial में हमने math के लिए ma,पिछले tutorial में हमने मैथ के लिए मान लिया है
law of cooling,आपकोई भी इस्तेमाल कर सकते हैं
देख सकते हैं कि हमें उसी page पर error message प्राप्त होता है,हम देख सकते हैं कि हमें उसी पेज पर error message प्राप्त होता है
server ठीक है और run हो रहा है,server ठीक है और रन हो रहा है
home folder में file save करने के लिए पहले दिखाई गयी समान steps का अनुसरण करें,अब हम फोल्डर में फाइल सेव करने के लिए पहले दिखाई गई समान स्टेप्स कान उदाहरण है
नए टैब में addons manager खुलता है,नया टैब में add on manager खुलता है
मैं icon view पर जाती हूँ,मैं icon view पर जाता हूँ
इस नियतकार्य की कोशिश करें,इस नियतकार्य की कोशिश करें
फिर हमारे पास parameterized constructor है,फिर हमारे पास parameterized constructor है
हम dna sequence में alphabets यानी अक्षरों को निर्दिष्ट करने के लिए bio . alphabet module उपयोग करेंगे,हम dna sequence में alphabets यानि अक्षरों को निर्दिष्ट करने के लिए biophabets module उपयोग कर सकते हैं
movie making tips अन्य विकल्प है capture video के अंतर्गत आप import video विकल्प देखेंगे,ruby मेंकिंग टिप्स अन्य विकल्प है कैप्चर विडियो के अंतर्गत आप import विडियो विकल्प देखेंगे
पे है आवर्धक lens के icon पर click करें जो इसके,आवर्धक lens के icon पर click करें जो इसके बाद पर click करें
होंगी नीचे दायीं तरफ हम upload होने की progress देख सकते,नीचे दायीं तरफ हम upload होने की progress देख सकते हैं
यह spoken tutorial project को सारांशित करता है,यह spoken tutorial project को सारांशित करता है
ऊपरी दायीं तरफ कुछ icons हैं केन्द्र​,ऊपरी दायीं तरफ कुछ icons हैं
password में welcome type करें,password में welcome type करें
मैंने user . java method पहले ही बना लिया है,मैंने user java method पहले ही बना लिया है
ठीक है अब factorial के लिए उदाहरण लिखते हैं,ठीक है अब factorial के लिए उदाहरण लिखते हैं
आगे हमारे पास एक paragraph tag है जो adduser . jsp को सम्मलित करता है,आगे हमारे पास एक paragraph tag है जो adduser jsp को सम्मिलित करता है
address bar में address चुनें और इसे delete करें,address bar में address चुनें और इसे डिलीट करें
अतः यह है कि कैसे writer document में कहीं भी math formulae को cross reference कर सकते हैं,अतः यह है कि कैसे writer document में कहीं भी math formulae को cross reference कर सकते हैं
आखिर से शुरू करते हुए note किये timing को match करने के लिए clips को slide करे जब यह हो जाये audio को ogg format में save करे,फिर से शुरू करते हुए note किये timing को मैच करने के लिए clips को slide करें जब यह हो जाये audio को org format में सेव करें
यदि आप install करने से पहले ubuntu के स्वरूप और अनुभव को आजमाएं तो try ubuntu पर click करें,यदि आप install करने से पहले ubuntu के स्वरूप और अनुभाव को आजमाएं तो  try ubuntu पर क्लिक करें
यह सुनिश्चित करना आवश्यक है कि समीकरणों की संख्या variable की संख्या के बराबर है,ये सुनिश्चित करना वश्य के कि समीकरण द्विती संख्या parable की संख्या के बराबर हैं
निर्दिष्ट करता है इसीतरह max attribute variable की अधिकतम value को निर्दिष्ट करता है,इसी तरह max attribute variable कीया दिकतम वैल्यू पर निर्दिष्ट करता है
options पर click करें content tab में default रूप से पहला option block popup win,content टैब में default रूप से पहला option block पॉपअप window खुलता है
अब सीखते हैं कि एक सरल servlet कैसे लिखते हैं,अब सीखते हैं कि एक सरल server कैसे लिखते हैं
रही हूँ gi number insulin के nucleotide sequence के लिए है,gu number insulin के nucle chloride sequence के लिए है
addons manager tab खुलता है,tab एक option पर click करें advanced manager टैब खुलता है
ffmpeg एक open source audio तथा video converter है जो अधिकांश मानक codex का समर्थन करता है,लिनक्स में एक ओपन सोर्स ऑर्डियो तथा विडियो कन्वर्टर है जो अधिकांश मानक code x का समर्थन करता है
par parsing,enter दबाएं
यह हमारे printer से एक test print है,यह हमारे printer से एक test print है
add user servlet . java पर जाएँ,adduser service java पर जाएँ
mouse button छोड़ दें,mouse button छोड़ दें
boss के बारे में सीखेंगे इस tutorial में हम ubuntu 10 . 04 के लिए firefox version 7 . 0 का इस्तेमाल,इस tutorial में हम उबंटू 1004 के लिए firefox वर्ज़न 70 का इस्तेमाल कर सकते हैं
विवरण देता हैं add to firefox button पर click करें,add to firefox button पर click करें
यह रह सकता है यह block class inherit करता है,यह block class inherits करता है
linux में package को कैसे install करे इसे सिखने के लिए इस website पर उपलब्ध ubuntu के spoken ट्यूटोरियल्स को देखे,लिनक्स में पैकेज को कैसे इंस्टॉल करें इसे सीखने के लिए इस वेबसाइट पर उपलब्ध लिबर ऑफिस पोकन ट्यूटोरियल्स को देखें
effect amplify पर जाएँ - 5 या - 7 प्रविष्ट करें,effect एम्पलिफाइल पर जाएँ माइनस 5 या माइनस 7 प्रविष्ट करें
phone verification,font verification
deployment descriptor निम्न का वर्णन करता है application,रिपीट प्रोजेक्टिमेन्ट डिस्क्रिप्टर निम्न का वर्णन करता है
इस string के एक भाग को बदलने के लिए निम्न command type करें,string के एक भाग को बदलने के लिए निम्न command type करें
अब type करते हैं greetings to all from the spoken tutorial project,अब type करते हैंgreatings to all from the spoken tutorial project
spoken tutorial project talk to a teacher project का हिस्सा है,spoken tutorial project talk to a teacher project का हिस्सा है
पूर्वावश्यक software स्वतः ही संस्थापित किया जायेगा,पूर्वआवश्यक सॉफ्टवेयर स्वतः ही संस्थापित किया जायेगा
अब एक नया google account बनाने से शुरू करते हैं,अब एक नया google account बनाने से शुरू करते हैं
यहाँ एक screenshot है,यहाँ एक screenshot है
files जो हमने बनाई और upload की है वो भी my drive में संचित की जाएँगी अगला,files जो हमने बनाई और uploaded की है वो भी my drive में संचित की जाएगी
हम उन पर click करते हैं तो हम उस ख़ास google app पर निर्देशित किये जायेंगे अपने,यदि हम उन पर click करते हैं तो हम उस खास google app पर निर्देशित किये जायेंगे
अब हम icon और diagram views के बीच अंतर को समझते हैं,अब हम icons और diagram views के बीच अंतर को समझते हैं
sequences की file को उनके reverse complements में बदलें आपका,जिस विपरीमिनेजेस की फाइल को उनके रिबर्स कम्प्लिमेंट्स में बदलें
from bio . seq record module import sequence record class,frombyo sq record module import sequence record class
निम्न link पर उपलब्ध video spoken tutorial project को सारांशित करता है,निम्न link पर उपलब्ध video spoken tutorial project को सारांशित करता है
उसके बाद इसे firefox से निकाल दें,उसके बाद इसे firefox से निकाल दें
आगे हमें अपना username चुनना है,आगे हमें अपना username चुनना है
आखिरी segment में यहाँ send का नीला button है,आखिरी सेगमेंट में यहाँ send का नीला बटन है
अन्य विशेषता जो मैं प्रदर्शित करना चाहती हूँ वो है आप clip की लम्बाई या clip के भाग को कैसे बड़ा सकते हैं यह,अन्य विशेषता जो मैं प्रदर्शित करना चाहती हूँ वो है आप clip की लम्बाई या clip के भाग को कैसे बढ़ा सकते हैं
ऐसा करने के लिए हम alphabet package से iupac module उपयोग करेंगे,ऐसा करने के लिए हम alphabet package से iupac module उपयोग करेंगे
इस table में आप भिन्न fields देख सकते हैं,इस table में आप भिन्न fields देख सकते हैं
मैं om edit window को दाईं ओर स्थानांतरित करती हूँ,मैं ubuntu विंडो को दाईं ओर संांतरित करती हूँ
64 bit के लिए यह ubuntu - 16 . 04 . 5 - desktop - amd 64 . iso होगा,64bit के लिए यह ubuntu hyphen 1604 dot 05 hyphen desktop hyphen amd 64 dot iso होगा
हमने पहले से ही देखा है कि properties dialogue box का उपयोग करके extent कैसे manipulate करना है,हमने पहले से ही देखा है कि properties dialog box का उपयोग करके extend कैसे मैनिपुलेट करना है
पर click करे search engine सारे परिणामों को दिखाता,search engine साये परिणामों को दिखाता है
करना है real datatype को प्रदर्शित करता है,real data type को प्रदर्शित करता है
मैं इसका libraries browser में विस्तार करती हूँ,मैं इसको library गॉल्ज़र में विस्तान करती हूँ
desktop में बदलें dialog box को बंद करने के लिए close button पर click करें,dialog box को बंद करने के लिए close button पर click करें
दी है ऐसे समय पर आपको video के साथ synchronize यानी समकालिक करने के लिए video clip के समय को बढ़ाने की ज़रुरत हो सक,ऐसे समय पर आपको video के साथ synchronize यानि समकालिक करने के लिए video clip के समय को बढ़ाने की ज़रुरत हो सकती है
यह sign out button है sign out करने के लिए सिर्फ इस पर click करें,यहाँ sign out button है sign out करने के लिए सिर्फ इस पर click करें
printer scanner आदि को जोड़ने के लिए उपयोग होते हैं अब audio ja,इसे printer scanner आदि को जोडने के लिए उपयोग होते हैं
output insulin protein sequence को sequence record object की तरह दिखाता है,output insulin protein sequence को sequence record object की तरह दिखाता है
हम सरल java servlet और jsp बनाना भी सीखेंगे,हम सरल java सर्वलेट और jsp बनाना भी सीखेंगे
आपका पूर्ण नियत कार्य इस file में दिखाये गए की तरह code की निम्न लाइनें रखना चाहिए,आपका पूर्ण नियत कार्य इस फाइल में दिखाए गए की तरह code की निम्न लाइनें रखना चाहिए
चौथा और पाँचवाँ button एक बार में एक frame को rewind और forward करने के लिए हैं,चौथा और पाँचवाँ button एक frame में एक frame को रिवाइंड और forward करने के लिए हैं
मदत करता है librarian को library में आसानी से किताबों को संचालित करने,librarian को library में आसानी से किताबों को संचालित करने का प्रयोग करें
अतः अगली line पर type करें,अतः अगली line पर type करें
click करें और finish पर click,और सेव पर click करें
इसके लिए writer document में लिखें f n और f 3 दबाएं,इसके लिए writer document में लिखें fn और f3 दबाएं
अब usb usb cable को printer से जोड़ते हैं,अब usb केबल को printer से जोड़ते हैं
enter दबाएं,enter दबाएं
यह code एक file में सारे अलग अलग cds gene sequences उनकी ids और gene का नाम लिखेगा,यह code एक file में सारे अलगअलग cds gene sequences उनकी ids और gene का name लिखेगा
start real variable की एक विशेषता है,start real variable की एक विशेषता है
default रूप से आपके बनाए हुए सभी bookmarks unsorted bookmarks folder में save होते हैं,default रूप से आपके बनाये हुए सभी bookmarks uns sorted bookmarks folder में सेव होते हैं
इस mission पर अधिक जानकारी spoken tutorial . org / nmeict intro पर उपलब्ध है,इस मिशन पर अधिक जानकारी
अतः ide पर वापस आते हैं,अतः ide पर वापस आते हैं
अब glassfish server के बारे में कुछ सीखते हैं,अब glassfish server के बारे में कुछ सीखते हैं
इस mission पर अधिक जानकारी के लिए उपलब्ध link पर संपर्क करें spoken tutorial,इस mission पर अधिक जानकारी के लिए उपलब्ध लिंक पर संपार्क करेंspoken hyphen tutorial dot open
उस यादृच्छिक dna sequence की एक sequence object बनाने के लिए निम्न command type,उस यादृच्छिक dna sequence की एक sequence object बनाने के लिए निम्न command type करें
एक नया google account बनाना,एक नया google account बनाना
कृपया ध्यान दें कि आप timeline पर अन्य clip की शुरुआत में या अंत में एक नयी clip जोड़ सकते हैं पर बीच में नहीं,कृपया ध्यान दें आप timeline पर अन्य clip की शुरूआत में या अंत में एक नयी clip जोड़ सकते हैं पर बीच में नहीं
इस mission पर अधिक जानकारी इस link पर उपलब्ध है,इस mission पर अधिक जानकारी इस link पर उपलब्ध है
अब देखते हैं कि यूज़र harshita database में जोड़ी गयी है,अब देखते हैं कि यूजर हरशिता database में जोड़ी गई है
curly कोष्ठक के एक और set को जोड़ कर हम उपरी व्यंजक को अंश बनाएँगे,कलीcurly कोष्ठक के एक और set को जोड़कर हम ऊपरी rangeक को अंश बनायेंगे
मैंने पहले से ही audacity 1 . 3 संस्करण download किया है तथा इसे synaptic package manager द्वारा अपने pc में install याने स्थापित किया है,मैंने पहले ही audacity13 संस्करण downloaded किया है तथा इसे synaptic package manager द्वारा अपने pc में installed यानि स्थापित किया है
जैसा कि दिखाया गया है एक dialogue box pop up होता,जैसा कि दिखाया दिया है एक dialog box popup को दर्शाता है
code देखें चूँकि हमारी query protein sequence है तो हमने blastp program और nr जोकि blast के लिए non redundant protein database है उपयोग किया है,code देखें चूँकि हमारी query protein sequence है तो हमने ब्लास्ड pprogram और nr जो कि ब्लास्ट के लिए नॉनरिडिंदेंड प्रोटीन डेटाबेस है उपयोग किया है
मैं icon view पर जाती हूँ,मैं icons view पर जाती हूँ
अब मैं पहले equation को delete करती हूँ और इस class को simulate करती हूँ यह देखने के लिए कि क्या होता है,अब मैं पहले equation को डिलीट करती हूँ और इस class को सिम्युलेट करती हूँ यह देखने के लिए कि क्या होता है
आपकी अद्वितीय रूचि के हिसाब से firefox browser को customized करता है,यह आपकी अद्वित्तीय रूचि के हिसाब से firefox बाउजर को customize करता है
यदि नहीं तो दिए गए link पर python tutorials को देखें,यदि नहीं तो दिए गए link पर python tutorials को देखें
आपकी final audio file बनाएगा,यह आपकी final audio file बनाएगा
इस प्रकार हम borrowed books प्रदर्शित करते हैं,इस प्रकार हम barcode books प्रदर्शित करते हैं
मैं श्रृति आर्य आपसे विदा लेती हूँ हमसे जुड़ने के लिए धन्यवाद,आई आई टी बॉम्बे से मैं श्रुति आर्य आपसे विदा लेती हूँ हमसे जुड़ने के लिए धन्यवाद
दर्शाये अनुसार table पर रखें पहले,अब दर्शाये अनुसार table पर रखें
निम्न link पर उपलब्ध video देखें,निम्न link पर उपलब्ध video देखें
लिए bookmarks का उपयोग कर सकते हैं जहाँ अक्सर जाते हैं लेकिन नहीं चाहते कि वह आपका homepage हो,हम इसलिए bookmarks का उपयोग कर सकते हैं जहाँ अक्सर जाते हैं लेकिन नहीं चाहते कि वह आपका होमपेज हो
और अंततः शुरू में x = जोड़िये,और अंततः शुरू में x equals जोड़िए
फिर हम return book method call करते हैं,फिर हम return  बुक मेथड कॉल करते हैं
किया है writer gray box में formula पर ध्यान दें,writer grey box में formula पर ध्यान दें
एक बार जब वाक्यों के शुरुआत को उसके समय के मुताबिक synchronize याने समकालिक किया हो हम अपना projects save कर सकते है,एक बार जब वाक्यों के शुरूआत को उसके समय के मुथाबिक synchronize यानि समकलित किया हो हम अपने project सेव कर सकते हैं
इस folder का नाम my bookmarks से,इस folder का name my bookmark से बदल जाता है
कों का इस्तेमाल करिये,इच्छों का इस्तेमाल करिये
लाल रंग के border में परिवर्तन और मोटाई में वृद्धि पर ध्यान दें,लाल रंग के border में परिवर्तन और मोटाई में वृद्धि पर ध्यान दें
equation को हल कर सकते हैं अतः सबसे पहले चलिए quadratic equation जिसे हमें हल करना,अतः सबसे पहले चलिए quadratic इक्वेशन जिसे हमें हल करना है
editing से पहले पूरी audio file को सुनें आसानी से पहचानने के लिए सुनकर आप भागों को label करना चाह सकते हैं,editing से पहले पूरी audio file को सुनें आसानी से पहचानने के लिए सुनकर आप भागों को label करना चाह सकते हैं
dna sequence का mrna पर transcription,dna sequence का mrn पर ट्रांस्क्रिप्शन
formulae को format कर सकते हैं सारे formatting विकल्प जो math देता है उनका अन्वेषण करें,सारे formatting विकल्प जो maths देता है उनका अन्वेषण करें
इसको save करते हैं,इसको सेव करते हैं
एक बार में ही record करे audio को वाक्यों में spilt करे आंखे,एक बार में ही record करें audio को वाक्यों में split करें
इसके लिए हम request dispatcher interface प्रयोग करते हैं,इसके लिए हम रिक्जेस्ट डिस्पैचर इंटरफेस प्रयोग करते हैं
spoken tutorial project talk to a teacher project का हिस्सा है,spoken tutorial project talktoa teacher project का हिस्सा है
हुई files या documents trash menu में दिखाई देंगी यद्य,आप यही हुई फाइल से documents trash menu में दिखाई देंगी
मैंने checkout table में 5 प्रविष्टियाँ सम्मिलित कर ली हैं,मैंने checkout table में 5 प्रविष्टियाँ सम्मिलित कर ली हैं
आप label में type कर सकते हैं,आप label में type कर सकते हैं
लक्षण है जिस side को खोजना चाहते है उसका,जिस site को खोजना चाहते हैं उसका name दिखाई देता है
यदि आपके पास अच्छा bandwidth नहीं है तो आप इसे download करके देख सकते हैं,यदि आपके पास अच्छा bandwidth नहीं है तो आप इसे download करके देख सकते हैं
+ y कोष्ठकों में,space पर जाएँ context कोष्ठकों में
हम व्यावसायिक simulator labs को open modelica में migrate करने में मदद करते हैं,हम यह सायिट सिम्युलेटर लैब्स को ओपन मॉडलि का में माइग्रेट करने में मदद करते हैं
output देखें,output देखें
यहाँ मैं उपयोग कर रहा हूँ,यहाँ मैं उपयोग कर रहा हूँ
अगर validation असफल होता है तो हम error messages list में error message जोड़ते हैं,अगर validation असफल होता है तो हम error messages में error message जोडते हैं
देखने के लिए drop down सूची के arrow पर click करिये,आपके पास देखने के लिए drop down सूची के arrow पर click करिये
desktop computer 4 मुख्य भाग रखता है monitor,एक desktop computer चार मुख्य भाग रखता है
इसके लिए prompt पर निम्न code type करें,इसके लिए prompt पर निम्न code type करें
इसके लिए हमें printwriter object बनाना पड़ेगा,इसके लिए हमें print writer object बनाना पडेगा
यह localhost : 8080 / my first project / my servlet path है,यह local host colon 80 slash my first project slash mysqlate path है
फिर यहाँ हमारे पास checkout / return a book विकल्प है,फिर यहाँ हमारे पास checkout return a book विकल्प है
audacity ध्वनियों यानी sounds को record तथा edit याने संपादन करने के लिए एक free और open source software है,odacity ध्वनियों यानि sound को record तथा edit यानि संपादन करने के लिए एक free और open source सॉफ्टवेयर है
अब हम book id 1 पर click करेंगे,अब हम bookid1 पर click करेंगे
फिर इस condition के साथ कि username logged in user के बराबर है हम borrowed books की जानकारी निकलते हैं,फिर इस condition के साथ कि यूजरनेम logged दिन यूजर के बराबर है हम barcode books की जानकारी निकालते हैं
सूची में से nothing चुनिए dialogue bo,सूची में से नहीं चुनिए
और mouse camera print, camera camera और mouse
यहाँ हमारे पास दो radio buttons हैं,यहाँ हमारे पास 2 radio buttons हैं
के माध्यम से data या निर्देशों को स्वीकार करता है यह user की,यह ंपर और प्रक्रिया के बाध्यम से data या निर्देशों को स्वीकार करता है
मैं एक बार फिर से variables browser में h चुनती हूँ,मैं एक बार फिर से वेरिएबल्स ब्राउज़र में h चुनती हूँ
अतः इस तरह से हम एक formula में greek अक्षर प्रयुक्त कर सकते हैं,अतः इस तरह से हम एक फॉर्मूले में गीक अक्षर प्रयुक्त कर सकते हैं
ide पर वापस आते हैं, id पर वापस आते हैं
गे qblast function तीन arguments लेता है,qublass फंक्शन तीन आर्ग्युमेंट्स लेता है
मैं type करुँगी partner with us, partner with us
icon view की इन प्properties को भी text view में icon annotation का उपयोग करके manipulet किया जा सकता है,icon view की इन properties को गीं text view में icon annotation का उपयोग करके मैनिपुलेट किया जा सकता है
min attribute variable की न्यूनतम value,main attribute वेरिएबल की न्यूनतर वैल्यूज़ प्रविष्ट करेगा
अतः उसी login से आप इसमें से किसी को भी operate कर सकते हैं,अतः उसी लॉगिन से आप इसमें से किसी को भी ऑपरेट कर सकते हैं
अब हमें library management system की ज़रुरत क्यों है ऐसे,अब हमें library management system की जरूरत क्यों हैं
spoken tutorial project team कार्यशालाएं चलाती है और online test pass करने वालों को प्रमाणपत्र देती है,spoken tutorial project team कार्यशालाएं चलाती है और online tests पास करने वालों को प्रमाणपत्र देती है
इस tutorial में हम आपको web application से परिचित करायेंगे,इस tutorial में हम आपको web application से परिचित कराएँगे
w . yahoo . com मे बदला था इसके परिणामस्वरूप homepage button click करते ही यह हमें yahoo homepage पर,इसके परिणामस्वरूप homepage बटन क्लिक करते ही यह हमें याहू home पेज पर क्लिक करता है
फिर हम error messages की पूरी list से होकर दोहराते हैं,फिर हम error messages की पूरी list से होकर द्वाराते हैं
यह दायीं तरफ नीचे उपलब्ध है,ये दायीं तरफ नीचे उपलब्ध हैं
केंद्र में हम दो options देख सकते हैं try ubuntu और install ubuntu,centre में हम दो options देख सकते हैं try ubuntu और install ubuntu
overview of the web application – library management system के spoken tutorial में आपका स्वागत है,overview of the web application library management system के spoken tutorial में आपका स्वागत है
इस्तेमाल किया है अपने mouse सूचक को कुछ themes पर धुमाएँ,अपने mouse सूचक को कुछ themes पर घुमाएँ
निम्न करना सीखा bio,हमने निम्न करना सीखा
बाएँ panel पर appearance tab पर click करें,बायें panel पर appearance टैब पर click करें
print dialog box खुलता है,print dialog box खुलता है
अब my drive पर वापस आते हैं my drive विकल्प में हम केंद्र के क्षेत्र में right click कर सकते हैं,अब my drive पर वापस आते हैं my drive विकल्प में हम centre के क्षेत्र में right click कर सकते हैं
user की सारी जानकारी निकालना,यूजर की सारी जानकारी निकलना
spoken tutorial के लिए उन्होंने इस विषय वस्तु की पुष्टि भी की है,इस स्पोकन ट्यूटोरियल के लिए उन्होंने इस विषय वस्तु की पुष्टि भी की है
set attribute method प्रयोग करके request scope में हम variable user को set करते हैं,set attribute method प्रयोग करके request scope में हम variable यूजर को set करते हैं
default रूप से yahoo home page खुलता है,default रूप से यहाँ homepage खुलता है
अब हम इस tutorial के अंत में आ,अब हम इस tutorial के अंत में आ जांचेंगे
देखने वाले के लिए भ्रम की स्थिति,देखने वाले के लिए भिन्न वाला की स्थिति पर जाएँ
यहाँ book table में available copies को 1 कम करने के लिए हम query को निष्पादित करते हैं फिर,यहाँ book table में available copies को 1 कम करने के लिए हम query को निष्पादित करते हैं
अधिक जानकारी के लिए कृपया contact @ spoken tutorial . org पर लिखें,अधिक जानकारी के लिए कृपया कंटेक्स टाइट देट स्पोकन आईफन ट्यूटोरियल डॉटोरियल प्रोजेक्टों rg पर लिखें
यह project को . aup से save करेगा,यह project को awp सेव करेगा
छोटे character लिखने के लिए character का नाम छोटे अक्षरों में लिखिए,छोटे character लिखने के लिए character का name छोटे अक्षरों में लिखी है
create file विकल्प पर click करें,create file विकल्प पर क्लिक करें
diagram annotation को समझने के लिए text view पर जाएँ नीचे scroll करें,degamessation को समझने के लिए text view पर जाएँ नीचे scroll करें
ध्यान दें कि ये चार संख्याएँ top bottom left और right fields के अनुरूप हैं हमने properties dialogue box में देखा है,ध्यान दें कि ये चार संख्याएं top bottom left और right fields के अनुरूप हैं हमने properties dialog box में देखा है
के पसंदीदा personal के लिए आसान access के लिए इस अन्तर्निहित कार्यक्षमता को बढ़ाता है,यह हमें प्रस्तुत के पसंदीदा परसुनाज़ के लिए आसान एक्सेस के लिए इस अंतनिर्हित कार्यक्षमता को बढ़ाता है
click करें id के बाद,और फिर पर click करें
और gmail को लॉगआउट करना,gnuhata और
एक integral की limits देने के लिए subscript का भी इस्तेमाल कर सकते हैं,हम एक इन्टिग्रल की लिमिट्स देने के लिए सब्स्क्रिप्ट का भी इस्तेमाल कर सकते हैं
को समाप्त कर देता है tabbed browsing tiled window browsing से कम memory और operating system संसाधनों का उपयोग करता है,टैप्ड ब्राउजिंग टाइटल विंडो ब्राउजिंग से कम memory और ऑर्परेटिंग सिस्टम से साधानों का उपयोग करता है
html,html
इस spoken tutorial के लिए उन्होंने इस विषय वस्तु की पुष्टि भी की है,इस spoken tutorial के लिए उन्होंने इस विषयवस्तु की पुष्टि भी की है
कुछ format लिखने के लिए जानकारी की आवश्यकता होती है जो अन्य file format नहीं रखते हैं,कुछ formats लिखने के लिए जानकारी की आवश्यकता होती है जो अन्य file formats नहीं रखते हैं
और marker जैसे screen पर है वैसे दिखेगा,और markup जैसे screen पर है वैसे दिखेगा
अब मैं दर्शाऊँगी कि मौजूदा video में एक अतिरिक्त clip कैसे जोड़ें,add मैं दर्शाउंगी कि मौजूदा video में एक अतिरिक्त clip कैसे जोड़ें
करते हैं python में हम 1 के बजाय 0 से शुरू करके string में characters को गिनते हैं,python में हम एक के बजाय zero से शुरू करके string में characters को गिनते हैं
फिर हम prepared statement object पर execute query method को निष्पादित करते हैं,फिर हम प्रिपेड चिटमेंट ऑब्जेक्ट पर एक्जीक्यूट क्वेरी मेथड को निष्पादित करते हैं
add more files button पर click करें अगर आप और भी file,add more files button पर click करें अगर आप और भी files चुन सकते हैं
integral with limits 0 to 1 of square root of x dx,integer with limits 0 to 1 of square root of x d x
पर ipython type करके ipython शुरू करें enter दबाएं आगे,इसके बाद पर ipython टाइप करके ipython शुरू करें एंटर दबाएं
dialog box को बंद करने के लिए close पर click करिये,इस box को बंद करने के लिए close पर click करिये
अगर login page user name के साथ खुलता है तो इसका मतलब है कि आपने पहले भी अपनी machine से इस account को access किया है,यदि इसमें हमें login पेज यूज़रनेम के साथ खुलता है तो इसका मतलब है कि आपने पहले भी अपनी machine से इस account को एक्सेस किया है
इसके बाद audio tools toolbar है इसमें selection tool तथा time shift tool है जिनका हम इस tutorial में प्रयोग करेंगे,इसके बाद audio tools tool bar है इसमें selection tools तथा time shift tools है जिनका हम इस tutorial में प्रयोग करेंगे
आगे unsorted bookmarks folder पर click करें और उसे खोलें,आगे uns sorted bookmarks folder पर click करें और उसे खोलें
यह चार segments रखती है,ये चार सेगमेंट्स रखती है
उनको प्रमाणपत्र भी देते हैं जो online test pass करते हैं,उनको प्रमाणपत्र भी देते हैं जो online test pass करता है
अगले page में दो options हैं downloading update while installing ubuntu or installing some third party software during the installation,अगले पेज में दो ऑप्शन्स हैं  downloading update while installing ubuntu और installing some 3rd party software using the installation
इस tutorial को record करने के लिए मैं उपयोग कर रही हूँ ubuntu os version 12,इस tutorial को record करने के लिए मैं उपयोग कर रही हूँ ubuntu os version 1204
अब मैं simulate button पर click करके इस class को simulate करती हूँ,अब मैं simulation button पर click करके इस class को simulation करती हूँ
यहाँ हम first name की value को खाली string से initialize कर रहे हैं,यहाँ हम first name की value को खाली string से इनिशिलाइज कर रहे हैं
मेरे साथ एक file य document share करता है तो यह इस menu में,यदि मेरे साथ एक file या document शेयर करता है तो यह इस menu में देगा
अभी के लिए मैं इसे छोड़ दूंगी,अभी के लिए मैं इसे छोड़ दूंगी
यहाँ downloaded की gi सभी themes दिखाई देती हैं,यहाँ downloaded की गयी सभी themes दिखाई देती हैं
मैं miso block को भी modelica library से खोलती हूँ,मैं messo ब्लॉक को भी मॉडलिक library से खोलती हूँ
देकर हम इस tutorial में यह विशेषता थोड़ी देर बाद देखेंगे,इस tutorial में यह विशेषता थोड़ी देर बाद देखेंगे
spoken tutorial project talk to a teacher project का हिस्सा है,spoken tutorial project talktoateacher project का हिस्सा है
यहाँ हम तीन tabs देख सकते हैं,यहाँ हम तीन tabs देख सकते हैं
अब एक बार फिर user के लिए register करते हैं,अब एक बार फिर यूज़र के लिए register करते हैं
compose options for emails पर spoken tutorial में आपका स्वागत है,compos options for emails पर spoken tutorial में आपका स्वागत है
नमस्कार cdeep i i t bombay की ओर से मैं इस tutorial में आपका स्वागत करती हूँ,नमस्कार cd पर आई आई टी बॉम्बे की ओर से मैं इस ट्यूटोरियल में आपका स्वागत करती हूँ
button पर click करें mozilla firefox बंद होकर restart होगा,मुझला file box बंद होकर रिस्टार्ट होगा
ministration, administration
एक विशेष base या string के भाग को ज्ञात करने में,एक विशेष base या string के भाग को ज्ञात करने में
इस mission पर अधिक जानकारी इस link पर उपलब्ध है,इस mission पर अधिक जानकारी इस link पर उपलब्ध है
पृथ्वी की सतह से ball की ऊंचाई वैरिएबल h द्वारा दर्शायी gi है,प्रत्वि की सतह से ball की ऊंचाई वेरिएबल h द्वारा दर्शाई गई है
यहाँ हमारे पास विकल्प हैं जैसे हैं भिन्न fonts sizes bold italic underline text color align numbered और bulleted lists और indentation,यहाँ हमारे पास विकल्प हैं जैसे�िन्न fonts sizes bold italic underline text color align number और bulleted lists और orientation lists
भी सीखेंगे यहाँ हम ubuntu 10 . 04 पर firefox version 7 . 0 का इस्तेमाल कर रहे हैं,यहाँ हम उबंटू 1004 पर firefox वर्जन 70 का इस्तेमाल कर रहे हैं
अब वापस ide पर जाते हैं,अब वापस ide पर जाते हैं
miso पर double click करें,mysro पाठ डबल क्लिक करें
बाहर आने के लिए close पर click करें,अपने दो आकृतियाँ बाहर आने के लिए close पर click करें
5 factorial = 5 into 4 into 3 into 2 into 1 = 120,5 factorial is equal to 5 into 4 into 3 into 2 into 1 is equal to 120
जैसे ही हम login करते हैं हम admin section page देख सकते हैं या,जैसे ही हम लॉगिन करते हैं हम admin section पेज देख सकते हैं
set कर सकते हैं qblast function xml format में blast परिणामों को,क्यूब्लास्ट फंक्शन xml फॉर्मेट में ब्लास्ट परिणामों को जोड़ सकता है
save किया है,आप देखेंगे कि वर्ष कैसे करना चाहिए
अतः फिर से user name और password type करें,अतः फिर से यूज़रनेम और password टाइप करें
यह हमको libreoffice math में sets factorials और cross referencing के इस tutorial के अंत में लाता है,यह हमको libreoffice मैथ में sets factorial और cross referencing के इस tutorial के अंत में लाता है
हम उस email id को प्रविष्ट करते हैं window में एक बदलाव होता है,हम उस email id को प्रविष्ट करते हैं window में एक बदलाव होता है
दें कि इसके बायीं तरफ एक छोटा से त्रिभुज है इस,कुछ भी दें कि इसके बाईं तरफ एक छोटा सत्रिभुज है
लिख सकते है अपने mouse को सुझाव box पर tick और cross marks के ऊपर लाएं tick mark,अपने mouse को सुझाव box पर tick और cross marks के ऊपर लाएं
उसी प्रकार हमें checkout book return book और book id मिलता है,उसी प्रकार में checkout book return book और book id मिलता है
इस पहलू को ध्यान में रखना चाहिए जब add block कर रहे हों,इस पहलू को ध्यान में रखना चाहिए जब add block कर रहे हों
अगर form भरते समय कोई error नहीं है तो user table में values डालने के लिए हम प्रश्न को निष्पादित करते हैं,अगर फॉर्म भरते समय कोई एरर नहीं है तो यूज़र टेबल में वैल्यूज़ डालने के लिए हम प्रश्न को निष्पादित करते हैं
application panel से आप तय करते हैं कि mozilla firefox विभिन्न प्रकार की files का कैसे संचालन करना चाहिए,application panel से अब पय करते हैं कि मुजला firefox विभिन्न प्रकार की files का कैसे संचालन करना चाहिए
admin की तरह login करते हैं,एडमिंग की तरह लॉगिन करते हैं
application को access करने के लिए उस application का name url में लिखें अतः हमें उस विशिष्ट,एक � application को access करने के लिए उस application का name url में लिखें
करने में अलगअलग bases या string के भाग की संख्या को गिनने में,अलगअलग basis या string के भाग की संख्या को गिनने में
यह दर्शाता है कि इस site को bookmarked कर दिया है आप,यह दर्शाता है कि इस site को bookmark कर दिया है
fasta format में नयी file home folder में अब hiv fasta से save की जाती है,firstal format में नई फ़ाइल home folder में अब sciv code files से सेव की जाती है
recent menu उन files या documents की सूची दिखायेगा जो हाल ही में खोले गए थे यह,menu उन file सेय documents की सूची दिखायेगा जो हाल ही में खोले गए थे
चलिए सबसे ऊपर file menu का इस्तेमाल करके और save चुनकर अपने काम को save कर,चलिए सबसे ऊपर file menu का इस्तेमाल करके और सेवचुनकर अपने काम को सेव करते हैं और फिर सेव करते हैं
हम issued books उसी प्रकार दर्शाते हैं जैसे हमने admin के लिए दर्शायी थीं,हम issued books उसी प्रकार दर्शाते हैं जैसे हमने admin के लिए दर्शाई थी
निम्न link पर उपलब्ध video देखें,निम्न link पर उपलब्ध video देखें
एक सरल servlet बनाना एक सरल,एक सरल सर्वलैट बनाना
नए popup में type list में text select करें,�ए popअप में type list में text select करें
ध्यान दें कि icon view में कोई भी परिवर्तन तदनुसार icon annotation में दर्शाया गया है,ध्यान दें कि icon view में कोई भी परिवर्तन तदनुसार icon annotation में दर्शाए गया है
और आपको उसके लिए code दिखाऊँगा,और आपको उसके लिए code दिखाउंगा
button दबाकर बहुत see प्रक्रियाएं सक्रीय होती हैं दायां mouse button,mouse button दबाकर बहुत सी प्रक्रियाएं सक्रिय होती हैं
अगर आप fasta file को query की तरह उपयोग करना चाहते हैं तो इस text file में प्रदर्शित,क्योंकि जब आप firstfile को query की तरह उपयोग करना चाहते हैं तो इस टेक्स्ट file में प्रदर्शित करें
यह video spoken tutorial project को सारांशित करता है,यह video spoken tutorial project को सारांशित करता है
inbox starred sent mail drafts और अन्य gmail के कुछ मुख्य mailboxes हैं,in box start centemail draft और अन्य gmail के कुछ मुख्य main boxes हैं
search bar के अंदर ही google के search engine चिह्न पर click,search bar के अंदर ही google के search engine चिन्ह पर click करें
central processing unit या cpu इस प्रकार का दिखता है इसमें unit के,यहाँ usb central processing यूनिट या cpu इस प्रकार का दिखता है
इसे text editor में खोलें,इसे text editor में खोलें
user interface को दर्शाता है keyboard और mouse,यह पहले यूजर interface को दर्शाता है
आप file और new tab पर click,अब file और new tab पर click करें
spoken tutorial project भारत सरकार के mhrd के nmeict द्वारा निधिबद्ध है,spoken tutorial project भारत सरकार के एम एच आर डी के nmeict द्वारा निधिबद्ध है
file को अपने home folder में sequence . fasta की तरह save करें text,इस file को अपने home folder में sequence dot fasta की तरह सेव करें
button एक बार में एक clip को fast forward करने का है,अब हमारा button एक बार में एक clip को fast forward करने का है
मैं mdhusein से login करुँगा,मैं mdhushane से login करूंगा
जैसे कि हमने पिछले tutorial में देखा है annotations को records के रूप में बेहतर समझा जा सकता है,जैसे कि हमने पिछले tutorial में देखा है annotations को records के रूप में बेहतर समझा जा सकता है
अब हम देखेंगे कि हम इस method में क्या करेंगे,अब हम देखेंगे कि हम इस method में क्या करेंगे
integral equations,इन्टीगल इक्वेशन्स
इस तरह हम success greeting . jsp की ओर forward करते हैं,इस तरह हम success greeting jsp की ओर forward करते हैं
और gmail को logout करना,और
अधिक जानकारी के लिए हमें लिखें,अधिक जानकारी के लिए हमें लिखें
copy all audio into project safer विकल्प चुनें,copy all audio into project सेवर विकल्प चुनें
install पर click करें,install पर click करें
editor के border पर click करते हैं और उसको सही जगह drag और drop करें,अब screen पर enter के border पर click करते हैं और उसको सही जगह drag और drop करें
libraries browser सभी classes दिखाता है जो omedit के session में load किये गए हैं,libraries और सभी classes दिखाता है जो os में uploaded कि सेक्शन मेंलोड किये गए हैं
यह भारत सरकार के mhrd के itc के माध्यम से राष्ट्रीय साक्षरता mission द्वारा समर्थित है,यह भारत सरकार के एमएचआरडी के आईसीटी के माध्यम से राष्ट्रीय साक्षरता mission द्वारा समर्थित है
firefox browser में add - ons manager tab पर click करें,fireworks browser में add uns manager type पर click करें
और इसने my first project को deploy कर दिया है browser window,मुझे द्वारा विंडो बनाया गया है और इसने my first project को डिप्लॉई कर दिया है
इस tutorial के अनुसरण के लिए आपको स्नातक स्तर की biochemistry या bioinformatics और,इस tutorial के अनुसरण के लिए आपको स्नातक स्तर की biochemistry या bioformatics और
extent canvas की सीमा का प्रतीक है,extent canvas की सीमा का प्रतीक है
यदि checkout book और return book null है तो हम इसे भी प्रमाणित करते हैं,यदि checkout book और return book null है तो हम इसे भी प्रमाणित करते हैं
चलता है तो सारे भाग कार्य करते हैं और गर्म होते हैं पीछे के पंखे,यदि उनके चलता है तो सारे भाग कार्य करते हैं और गर्म होते हैं
मैंने एक valid number के बजाय ab type किया है,मैंने एक वैलिड नंबर के बजाय a b टाइप किया है
यदि कोई आपके साथ files share करना चाहता है तो यह shared with me tab में उपलब्ध होगा,यदि कोई आपके साथ फाइल शेर करना चाहता है तो यह शेयर with me टैब में उपलब्ध हो
ऐसा करने के लिए menu बार मे जाए file पर click करे export option चुने उस पर click करे यह एक file name के लिए पूछेगा मैं यह नाम दूंगी scilab_hindi_matrix_operation,ऐसा करने के लिए मेन्यूबार में जाएँ file पर क्लिक करें export option चुनें उस पर क्लिक करें यह एक file name के लिए पूछेगा मैं यह नाम दूँगी scilab underscore hindi underscore matrix underscore operation
libreoffice math के spoken tutorial में आपका स्वागत है,libreoffice maths के spoken tutorial में आपका स्वागत है
html,html
आपके browser पर प्रदर्शित होने से कुछ sites को रोक सकता है,आपके ब्रोकज़र पर प्रदर्शित होने से कुछ साइट्स को रोक सकता है
page के संग्रह को save करने और प्रबंधन करने की अनुमती देता हैं ध्यान दें कि installation प्रगति bar और firefox को बंद करने और restart करने,ध्यान दें कि installation प्रगति बार और firefox को बंद करने और restart करने के बाद पर क्या होता है
औए print button पर click करें,और print button पर click करें
mouse camera और scanner कुछ input उपकरण हैं central processing,mouse camera और scanner कुछ input उपकरण हैं
spoken tutorial project team,spoken tutorial project team
अगर error messages की value null नहीं है तो हम यह message प्रदर्शित करते हैं,अगर error messages की value नल नहीं है तो हम यह message प्रदर्शित करते हैं
इस नियतकार्य का अभ्यास करें,इस नियतकार्य का अभ्यास करें
और compose window विकल्पों के बारे में,और कंपोज window विकल्पों के बारे में
मैं female चुन रही हूँ अब,मैं female चुन रही हूँ
शुरू करने के लिए record button पर click करे,शुरू करने के लिए record button पर click करें
formulae अब बाईं ओर align हुए हैं,हम �ीएक नई फॉर्मले अब बायीं ओर अलाइन हुए हैं
यह सुनिश्चित करेगा कि virtual box आसानी से काम करेगा,यह सुनिश्चित करेगा कि virtual box आसानी से काम करेगा
firefox extensions के बारे में अधिक जानने के लिए कृपया firefox website पर जाएँ अब हम इस tutorial,fire firefox extensions के बारे में अधिक जानने के लिए कृपया firefox website पर जाएँ
इसलिए del dh / dt को प्रदर्शित करता है,इसलिए dirh dh by tt को प्रदर्शित करता है
page size a 4 चुनें,page size �ifo चुनें
फिर एकसाथ ctrl और p keys दबाएं,फिर एकसाथ ctrl और p कीज़ दबाएं
my drive और shared with me दोनों विषय वस्तुएं दिखायेगा अतः,my drive और share with me दोनों विषय वस्तुएं दिखायेगा
मैं आपको दिखाऊंगी कि कैसे अलग अलग views के बीच,मैं आपको दिखाउंगी कि कैसे अलगअलग views के बीच स्वतः होता है
उदाहरण के लिए हम general file को fasta file में बदल सकते हैं लेकिन reverse नहीं कर सकते,उदाहरण के लिए हम जन्म बिंग फाइल को fast file में बदल सकते हैं लेकिन रिवर्स नहीं कर सकते
प्रत्येक को देखते हैं और सीखते हैं कि यह क्या करते हैं,हम प्रत्येक को देखते हैं और सीखते हैं कि यह क्या करते हैं
screen पर आप देखेंगे बाएं हाथ की तरफ एक movie task panel बीच में एक collection panel और दायें हाथ की तरफ एक display panel है,screen पर आप देखेंगे बायें हाथ की तरफ एक movie task panel बीच में एक selection panel और दायें हाथ की तरफ एक display panel है
जोकि त्वरण और बल के बीच के सम्बन्ध का वर्णन करता है,जोकि त्वरण और बल के बीच के सम्बन्ध का वर्णन करता है
आप अपनी पसंद की data files को parse करने के लिए उपरोक्त वर्णित function उपयोग कर सकते हैं,आप अपनी पसंद की data files को parse करने के लिए उपरोक्त वर्णित function उपयोग कर सकते हैं
यह spoken tutorial project को सारांशित करता है,यह spoken tutorial project को सारांशित करता है
हम अन्य वर्गों जैसे text या indexes या operators की size बदल सकते हैं हम default button का भी इस्तेमाल कर,हम अन्य वर्गों जैसे text या indexes या operators की size बदल सकते हैं हम default button का भी इस्तेमाल कर सकते हैं
इस command को निष्पादित करने के लिए enter press करे लेकिन अभी के लिए छोड़ देते है और आगे बढ़ते है,इस command को निष्पादित करने के लिए enter प्रेस करें विकिन अभी के लिए इसे छोड़ देते हैं और आगे बढ़ते हैं
करें आप देखते हैं कि default रूप से desktop पर यह link download होगा,आप देखते हैं कि default रूप से desktop परियालिंग download होगा
यह tutorial समझायेगा कि एक audio file को कैसे edit करें हम सीखेंगे कि,यह tutorial समझायेगा कि एक audio file को कैसे edit करें
factorials लिखें और,factors लिखें और
normal strings की तरह prompt पर type करें cdna = seq,normal strings की तरह prompt पर type करें cdna equal to seq
उस code को copy करें जो हमने doget method में लिखा था और उसे dopost method में paste करें,उस code को copy करें जो हमने do get method में लिखा था और उसे do post method में paste करें
book id 1 के सामने वाले radio button पर click करें,bookid1 के सामने वाले radio button पर click करें
gmail youtube,यह प्रमाणिक जानकारी के लिए धन्यवाद
emails में files संलग्न करना,emails में files संलग्न करना
मैं h अचयनित करती हूँ,मैं h अचयनित करती हूँ
इस class में variable declarations और equations हैं,इस class में variable declarations और equations है
बदल दीजिए चलिए बेहतर पठनीयता के लिए अपने प्रत्येक उदाहरणों के बीच नई lines और खाली line,चलिए बेहतर पठनीयता के लिए अपने प्रत्येक उदाहरणों के बीच नई lines और खाली lines से बदल दीजिये
file का volume भी बढ़ाया या घटाया जा सकता है,यह फाइल का पॉल्यूम बढ़ाया या घटाया जा सकता है
default रूप से home page field mozilla firefox start page पर set है,default रूप से home page field मुजला firefox start page पर set है
line style के नीचे color पर click करें,line style के नीचे color पर click करें
windows movie maker की अनेक विशेषताओं पर अधिक जानकारी movie task panel में movie making tips विकल्प से पता लगा सकते हैं,windows movie में की अनेक विशेषताओं पर अधिक जानकारी movie task panel में movie picking tips विकल्प से पता लगा सकते हैं
पूर्वापेक्षा tutorials हमारी website पर उल्लिखित हैं कृपया उन्हें देखें,पूर्वपेक्षा tutorials हमारी website पर उल्लिखित हैं कृपया उन्हें देखें
बिना आवाज़ वाला भाग चुनना याद रखें अब click करें effect,बिना अवाज वाला भाग चुनना याद रखें अब click करें
मैंने पहले equation को delete कर लिया है,मैंने पहले equation को डिलीट कर लिया है
करुँगी my first google doc और ok पर click करुँगी,मैं first google doc और ok पर click करुँगी
project talk to a teacher project का हिस्सा है यह भारत सरकार के,spoken tutorial project talktoa teacher project का हिस्सा है
install now पर click करें,install now पर click करें
output dna sequence का molecular weight यानि आणविक भार दिखाता है,उपोर्ट dns sequence का मॉलिक्यूलर वैलीक्यूलर वैलीज़ यानि आणविक बाहर दिखाता है
पहले coding dna strand के लिए एक sequence object बनाते हैं,पहले coding dns run के लिए एक sequence object बनाते हैं
dopost method पर आएं,due post method पर आएँ
अब ubuntu - 16 . 04 . 5 - desktop - amd 64 . iso file browse करें और चुनें जिसे हमने पहले download किया था,अब ubuntu hyphen 16045 hyphen desktop hyphen amd 64bit iso फाइल ब्राउज़ करें और चुनें जिसे हमने पहले डाउनलोड किया था
blast output को parse करने के लिए निम्न लाइनें type करें,bloutput को पाँच करने के लिए निम्न लाइनें type करें
यहाँ भी output file में सारे records के लिए record id sequence और sequence की length दिखाता है,यह भी output file में सारे records के लिए record id sequence और sequence की length दिखाता है
biopython tools निम्न के,बायोपाइथन tools निम्न कैसे देखें
अब मैं omedit पर जाती हूँ,अब मैं os में उसेमिलित करती हूँ
फिर हम उपलब्ध प्रतियों के numbers को variable available copies में संचित करते हैं,फिर हम उपलब्ध प्रतियों के नंबर्स को वेरिएबल अवailable copies में संचित करते हैं
इन उदाहरणों को om edit के drag और drop कार्यक्षमता का उपयोग करके भी बनाया जा सकता है,ये उदाहरण को उम्म इडिड के drag और drop कार्यक्षमता का उपयोग करके भी बनाया जा सकता है
ज़रूरी note,जरूरी note
desktop या व्यक्तिगत computer और laptop,desktop या व्यक्तिगत computer और laptop
बंद करते हैं जैसे नाम से पता चलता है navigation toolbar आपको internet के माध्यम से एक,जैसे name से पता चलता है navigation toolbar आपको internet के माध्यम से एक बार आने की आवश्यकता है
अब print test page विकल्प पर click करें,अब print test page विकल्प पर click करें
चुनें और file type से,और file type सुनें
spoken tutorial project भारत सरकार के mhrd के nmeict के द्वारा निधिबद्ध है,spoken tutorial project भारत सरकार के एम एच आर डी के nmeict के द्वारा निधिबद्ध है
यहाँ एक अन्य उदाहरण है log 64 to the base 2 = 6,यहाँ एक अन्य उदाहरण है log 64 to the base 2 equal to 6
यह h v / s time प्लॉट बनाता है,यह h versus time plot बनाता है
spoken tutorial project भारत सरकार के mhrd के nmeict के द्वारा समर्थित है,spoken tutorial project भारत सरकार के एम एच आर डी के nmeict के द्वारा समर्थित है
blocks को connect statement का उपोयग करके connect किया जा सकता है,blocks को connect statement का उपयोग करके connected किया जा सकता है
हम देखते हैं,हम देखते हैं
अतः हम उस book को checkout या return कर सकते हैं,अतः हम उस book को check out या return कर सकते हैं
उन तीनों पर डबलक्लिक करें,उन तीनों पर double click करें
पहला task form data parameters को पुनः प्राप्त करना है,पहला क्लिक फॉर्म डेटा पैरामीटर्स को पुनः प्राप्त करना है
यह windows movie maker की मूल editing विशेषताओं को समाविष्ट करता है,यह windows movie में कर की मूल editing विशेषताओं को समाविष्ट करता है
और हम लिख सकते हैं set c set a का subset है क्योंकि c का हर एक element set a में है,और हम लिख सकते हैं set c set a का सबसेट है क्योंकि c का हर एक एलिमेंट set a में है
output string में gc की उपस्थिति के प्रथम instance की स्थिति दिखाता है,आउटपुट string में gcc की प्रस्थिति के प्रथम इंस्टेंड की स्थिति दिखाता है
my first project type करें project location,project location – एक बार पर जाएँ
अब base को sequence से बदलते हैं,अब base को sequence से बदलते हैं
ध्यान दें extent और grid के units scale factor से भिन्न होते हैं,ध्यान दें extend और grid के units स्केल फैक्टर से भिन्न होते हैं
या edit tools panel में paste button से या edit,या edit tools panel में paste button से या edit
यहाँ देखें हमने bcc में दो प्राप्तकर्ताओं का उल्लेख किया,यहाँ देखें हमने bcc में दो प्राप्त करता हों का उल्लेख किया
browser की history function का उपयोग करके yahoo website पर जाएँ,browser के history functions का उपयोग करके या हूँ वेबसाइट पर जाएँ
library management system अग्रणी software mnc के corporate social responsibility कार्यक्रम के अंतर्गत योगदान दिया गया है,लाइब्रेरी मैनेजमेंट सिस्टम अग्रारणी सॉफ्टवेयर में एमंसी के कोर्पोरिट सोशियल रिस्पॉन्सेपलिटी कार्यक्रम के अंतर्गत योगदान दिया गया है
अब menu menu item से audacity excess करते हैं applications sound and video audacity,अब main menu item से audacity access करते हैं applications sound & video audacity
project का हिस्सा है यह भारत सरकार के mhrd के ict के माध्यम से राष्ट्रीय,spoken tutorial project का हिस्सा है यह भारत सरकार के एमएचआरडी के आईसीटी के माध्यम से राष्ट्रीय साक्षरता mission द्वारा समर्थित है
हमने एक पिछले tutorial में bookmarks के बारे में थोड़ा सीखा था,हमने एक पिछले tutorial में bookmarks के बारे में थोड़ा सीखा था
हमारी settings स्वचालित रूप से save हो जाएंगी,key settings प्रचलित रूप से सेव हो जाएँगी
यहाँ हमने integer variable book already issued को 0 set किया है हम query निष्पादित करते,यहाँ हमने integer variable book already issued को 0 set किया है
अब देखें कि यूज़र को database में कैसे जोड़ते हैं,add देखें कि यूजर को database में कैसे जोड़ते हैं
monitor, monitor
default रूप से insert as drive link चयनित है,default रूप से insert as drive link चयनित है
और बुनियादी python programming से परिचित होना चाहिए,� नियती पायथन प्रोग्रामिंग से परिचित होना चाहिए
सबसे पहले हम सीखेंगे कि कैसे virtual box में virtual machine बनाना है,सबसे पहले हम सीखेंगे कि कैसे virtual box में virtual machine बनाना है
ubuntu linux 16 . 04 os का उपयोग करके,ubuntu linux 1604 os का उपयोग करके रिक्साइस बनाएँ
सबसे लम्बे record को व्यवस्थित करने के लिए निम्न लाइनें type करें,सबसे लम्बे रिकार्ड को व्यवस्थित करने के लिए निम्न लाइनें टाइप करें
अब मैं एक क्षण के लिए इस documents को,अब मैं एक छार के लिए इस document को बनाऊंगी
window खोलें आप देखे,इस window का वापस window खोलें
इन methods को देखने के लिए बायीं तरफ + sign पर click करें,इन मेथड्स को देखने के लिए बायीं तरफ plus sign पर click करें
toolbar में simulate button पर click करें,tool bar में simulation button पर click करें
जो परिचय ढाँचे और निष्कर्ष के लिए उचित है उसके आधार पर edit की योजना बनायें,जो परिचय ढाँचे और निष्कर्ष के लिए उचित है उसके आधार पर edit की योजना बनाएँ
किसी file को upload करने के लिए पहले new button पर फिर file upload पर,नयी अभी फाइल को अपलोड करने के लिए पहले new button पर फिर file upload पर click करें
अब हमारा printer हमारे documents को print करने के लिए तैयार है,अब हमारा printer हमारे documents को print करने के लिए तैयार है
address bar में auto complete का इस्तेमाल,address bar में autocomput का इस्तेमाल करें
circle में नीले स्थान पर right click करें properties चुनें,circle में नीले स्थान पर right click करें properties चुनें
और sign in button पर click करें,और sine in button पर click करें
दबाकर गैर मानक प्रक्रियाएं जैसे shortcuts सक्रीय होते हैं mouse wheel,प button दबाकर गैर मानक प्रक्रियाएं जैसे shortcuts सक्रीय होते हैं
नीचे दाईं ओर modeling perspective पर click करके modeling perspective पर वापस जाएँ,नीचे दाईं ओर modeling perspective पर click करके modeling perspective पर वापस जाएँ
यह हमें उस page पर ले जायेगा जहाँ हम ऊपर दायीं तरफ दो विकल्प देख सकते हैं,यह हमें उस पेज पर ले जायेगा जहाँ हम ऊपर दायीं तरफ दो विकल्प देख सकते हैं
speakers single unit में बने हुए हैं इसमें lan port,इसमें हम इसलिए एक और स्पीकर्स सिंगल यूनिट में बने हुए हैं
end user license agreement dialog box पर accept and install पर click करें,end user license agreement dialog box पर accept and install पर click करें
cpu पर कुछ parallel ports भी हैं ये उपकरण जब,उपरोक्त cpu उपर कुछ पैरेललल पोर्ट्स भी हैं
नमस्कार block component modeling पर spoken tutorial में आपका स्वागत है,नमस्कार block component handling पर स्पोकन ट्यूटोरियल में आपका स्वागत है
के दौरान हमने जो विवरण दिया था उसके साथ login करें हमें,अपने दौरान हमने जो विवरण दिया था उसके साथ लॉगिन करें
निम्न code type करें,निम्न code type करें
message के साथ जोड़ी गयी file को हटाने के लिए file नेम के दायीं तरफ x mark पर click करें,message के साथ जोडी गयी file को हटाने के लिए filename के दायीं तरफ x mark पर click करें
save पर click करें और file desktop पर save होगी,save पर click करें और file desktop पर सेव होगी
अब हम web application – the library management system पर देखते हैं,अब हम web application the library management system पर देखते हैं
अगर आप चाहते हैं तो आप एकएक करके clip को timeline पर जोड़ सकते हैं इसको timeline पर drag और drop करके अब मैं इसे पीछे लेती हूँ,अगर आप चाहते हैं तो आप एकएक करके clip को timeline पर जोड़ सकते हैं इसको timeline पर drag और drop करके अब मैं इसे पीछे लेती हूँ
और लम्बाई के आधार पर file में records को कैसे sort,और लम्बाई के आधार पर file में records records को कैसे sort यानी बदलें
अपने autocomplete विशेषता के द्वारा url bar में web addresses को लिखना सरल बना देता है हमे addresses bar में पूरा web addresses,base अपने autocomput विशेषता के द्वारा url bar में web address को लिखना सरल बना देता है
और my bookmarks पर click करें,और my bookmarks पर click करें
ipython interpreter version 2 . 3 . 0,ipython interpreter version  230
यह class calendar प्रयोग करके हुआ है,यह class calendar प्रयोग करके हुआ है
अब इस method पर आते हैं,अब इस मेथड पर आते हैं
हम फिर error messages को list की तरह दर्शाते हैं,हम फिर error messages को list की तरह दर्शाते हैं
अब browser पर वापस आते हैं,अब browser पर वापस आते हैं
यह mac os x microsoft windows gnu / linux तथा अन्य operating system के लिए उपलब्ध है,यह mac os x microsoft windows जिन्हें उलिनक्स तथा अन्य operating systems के लिए उपलब्ध है
text view पर जाएँ यदि यह diagram view में खुला है,text view पर जाएँ यदि यह diagram cl में खुला है
हम network option का उपयोग करके internet से firefox को जोड़ने वाले मार्ग,हम network option का उपयोग करके internet से 5 ऑक्स को जोड़ने वाले मार्क को देखते हैं
जैसा हमने पिछले tutorial में देखा है product एक array function है जो arrey को input के रूप में लेता है,जैसा हमने पिछले tutorial में देखा है product एक array function है जो array को input के रूप में लेता है
ok पर click करें,ok पर click करें
confusion से बचने के लिए हम process request और get servlet info को मिटा देंगे,कन्फिशन से बचने के लिए हम  process request और  get server info को मिटा देंगे
new message name के साथ एक window खुलती है,new message name के साथ एक window खुलती है
आपुरा किया हुआ नियत कार्य code की निम्न लाइनें रखना चाहिए,आपका पूरा किया हुआ नियत कार्य code की निम्न लाइनें रखना चाहिए
यह बताता है go to link,यह बताता है go to link
निम्नतम value प्रयोग करें जो noise को स्वीकार्य स्तर तक कम करे,निम्नतम value प्रयोग करें जो noise को स्वीकार है इस तर तक कम करें
sequence को double ' और ( में रखें,sequencequence को double quotes और brackets में रखें
ध्यान दें कि extent में निर्देशांक का पहला युग्म - 200 - 100 से - 150 - 100 में बदल गया है,ध्यान दें कि % में निर्देशांक का पहला युग्म 200100 से100 से  minus 150 में बदल गया है
यह इसलिए क्योंकि कई मुफ्त sites उनकी आय विज्ञापनों से अर्जित करती हैं adblocker,यह इसलिए क्योंकि कई मुफ्त sites उनकी आयविज्ञापनों से अर्जित करती है
कृपया इसे download करें और देखें,कृपया इसे download करें और देखें
अब freefall class का उपयोग करके modelica के syntax को समझते हैं,अब free for class का उपयोग करके model का कि syntax को समझते हैं
हम book object बनाते हैं,हम book object बनाते हैं
modeling perspective अब खुला है,modning perspective अवगुला है
हम icon and diagram annotations को bouncing ball with annotations नामक उदाहरण के माध्यम से समझेंगे,हम icon and diagram annotations को bouncing ball with annotations नामक उदाहरण के माध्यम से समझेंगे
dopost method प्रयोग करके parameters pass करना,drupos मेथड प्रयोग करके पैरामीटर्स पास करना
हम first name surname age gender email username और password देख सकते हैं,हम firstname  सरनेम age gender email यूज़रनेम और पासवर्ड देख सकते हैं
libraries browser में इसके icon पर double click करें,library ब्राउज़र में इसके icon पर double click करें
username में arya type करें,यूज़रनेम में  area टाइप करें
इसके बाद हम इसमें ubuntu linux 16 . 04 संस्थापित करेंगे,इसके बाद हम इसमें ubuntu linux 1604 संस्थापित करेंगे
हमें browser में प्रदर्शित हमारा home page मिल गया है,हमें browser में प्रदर्शित हमारा home पेज मिल गया है
मैं आपको दिखाती हूँ कि इस class को simulate कैसे,मैं आपको दिखाती हूँ कि इस class को सिम्युलेट कैसे करते हैं
मैं red चुनूंगी और ok पर click करती हूँ,मैं red चुनूँगी और ok पर click करती हूँ
इस tutorial के अनुसरण के लिए आपको निम्न का ज्ञान होना,इस tutorial के अनुसरण के लिए आपको निम्न का ज्ञान होना चाहिए
के लिए नई सुविधाएँ जोड़ने मौजीदा सुविधाएँ मे वृद्धी करने,मौजूदा सुविधाओं में वृद्धि करने लाइन 3 पर ध्यान दीजिये नई सुविधायें जोड़ने मौजूदा सुविधाओं में वृद्धि करने
configure कर सकते है network tab में connections के नीचे settings button,network टैब में connections के नीचे settings button पर click करें
sequence record object में एक sequence उच्च level features जैसे कि identifiers और descriptions के साथ संयुक्त की जाती है,sequence record object में एक sequence उच्च लेवल फीचर्स जैसे कि identifiers औरdescription के साथ संयुक्त की जाती है
radio button पर click करके उसे चुने browse button पर click करें और default folder को,video button पर click करके उसे चुनें
फिर default theme पर वापस जाएँ,फिर default theme पर वापस जाएँ
कार्य एक computer,एक कंप्यूटर बनाएँ
वह add star विकल्प चुनते हैं आगे,अब add star विकल्प चुनते हैं
यह आग्रह करेगा कि जब user password प्रविष्ट करेगा जब भी वह logs in करेगा,यह आगरह करेगा कि जब यूजर पासवर्ड प्रविष्ट करेगा जब भी वह लॉग्ज इन करेगा
servlet container servlets को इसके अंदर निष्पादित करने की अनुमति देता है,sertlet कंटेनर सर्वलेट्स को इसके अंदर निष्पादित करने की अनुमति देता है
यह bios system है जो निम्न जानकारी प्रदर्शित करता है computer,बायोज़ सिस्टम है जो निम्न जानकारी प्रदर्शित करता है
इस tutorial को समझने और अभ्यास करने के लिए आपको modelica में class की परिभाषा के ज्ञान की आवश्यकता है आपको ज्ञान होना चाहिए कि annotation को निर्दिष्ट कैसे करते हैं,इस tutorial को समझने और अभ्यास करने के लिए आपको model का में class की परिभाषा के ज्ञान की आवश्यकता है आपको ज्ञान होना चाहिए कि annotation को निर्दिष्ट कैसे करते हैं
fish server instance इस पर run होने वाली बहुत see applications रख सकता है एक विशेष appli,यहाँ सफिज़ सर्वर इंस्टेंस इस पर रन होने वाली बहुत सी एप्लिकेशन्स रख सकता है
फिर continue button पर click करें,फिर continue button पर click करें
attributes के साथ एक java class और उनके लिए setters और getters,ेट्रिब्यूट्स के साथ एक java class और उनके लिए सेटर्स और geters
इसमें फर्क सिर्फ sql query का है,इसमें फर्क सिर्फ sql क्वेरी का है
आप भाषा बदलना चाहते हैं तो वांछित विकल्प का चयन करें मै english us के साथ आगे बढ़ूंगी नी,यदि आप भाषा बदलना चाहते हैं तो वांछित विकल्प का चयन करें मैं english usa के साथ आगे बढ़ूंगी
output % की तरह gc content दिखाता है,output percentage की तरह gc कंटेंट दिखाता है
search bar में email wikipedia type करें search bar की दायीं ओर magnifying glass पर click करें,search bar में email wikipedia type करें search bar की दायीं ओर मैग्निफाइंग glass पर click करें
कि यहाँ अनेक nodes हैं और my first project named web application बनाई गयी है अभी‌ हम इन सभी‌ nodes,मुझे बाईं की यहाँ अनेक nodes हैं और my first project named web application बनाई गई है
हम format menu से fonts को चुनकर font style बदल सकते हैं,हम format menu से fonts को चुनकर font स्टाइड बदल सकते हैं
अब अपने browser पर वापस आते हैं url को look,अब यूजर पर वापस आते हैं
हम library में उपलब्ध सारी किताबों की सूची देख सकते हैं,हम library में उपलब्ध सारे किताबों की सूची देख सकते हैं
यदि writer open नहीं है इसे windows start menu से open कर सकते हैं,यदि writer open नहीं है इसे windows start menu से open कर सकते हैं
पहले हम query निष्पादित करते हैं यह जांचने के लिए कि username table में है या नहीं फिर,पहले हम query निष्पादित करते हैं यह जांचने के लिए कि username table में है या नहीं
मध्य display क्षेत्र जहाँ हम अपने सारे mails देख सकते हैं,mothers display क्षेत्र जहाँ हम अपने सारे met देख सकते हैं
अब क्या यह वास्तव में वही है जो हम लिखना चाहते थे,अब क्या यह वास्तव में वही है जो हम लिखना चाहते थे
blocks के बारे में सीखते हैं,blocks के बारे में सीखते हैं
ध्यान दें कि हमने seq और iupac modules को load करने के लिए import और from statements उपयोग किये हैं,ध्यान दें कि हमने ऐसी क्यू और iupc मॉड्यूल्स को लोड करने के लिए इम्पोर्ट और from स्टेटमेंट्स उपयोग किये हैं
mozilla firefox को सफलतापूर्वक इस्तेमाल करने के लिए इसके हर एक features से परिचित,मूला firefox को सफलतापूर्वक इस्तेमाल करने के लिए इसके हर एक फीचर से परिचित होता है
हम एक class लिखते हैं जो निम्नलिखित कार्यों को पूरा करने के लिए blocks का उपयोग करता है input और output के रूप में दो बार अलगअलग signal lan,हम एक class दिखते हैं जो निम्नलिखित कार्यों को पूरा करने के लिए blocks का उपयोग करता है
हमारे पास निम्न attributes first name surname age gender email username password हैं,हमारे पास निम्न attributes firstname  सरनेम ऐज जेंडर ईमेल यूजरनेम पासवर्ड हैं
linux system पर संस्थापन,लिनक्स system persons टापन
यह स्थितियाँ शुरुआत को शामिल करती हैं किन्तु stop को शामिल नहीं करती हैं enter दबाएं,ये स्थितियाँ शुरुवात को शामिल करती हैं किन्तु stop को शामिल नहीं करती है enter दबाएं
हम सारी checkout list को iterate करते हैं,हम सारी checkout list को इटरेट करते हैं
ने के लिए मदत करते हैं adblock ऐसा ही,हम help करने के लिए मदद करते हैं
एक list users के लिए और दूसरा checkout या return book के लिए,एक list users के लिए और दूसरा checkout या return book के लिए
confirm your password tax box में वही password फिर से type करें,confirm your password टेक्स्ट बॉक्स में वही पासवर्ड फिल्ड से टाइप करें
के अनुसरण के लिए आपको निम्न का पता होना चाहिए,इस ट्यूटोरियल के अनुसरण के लिए आपको निम्न का पता होना चाहिए
एक संदेश प्रदर्शित होता है कि addon संस्थापित होगा,एक संदेश प्रदर्शित होता है कि add ऑन संस्थापित होगा
library management system अग्रणी software mnc के corporate social responsibility कार्यक्रम के अंतर्गत योगदान दिया गया है,लाइब्रेरी मैनेंजमेंट सिस्टम अगरारणी सॉफ्टवेयर mnc के  कोर्परेट सोशियल रिस्पॉन्सिबिलिटी कार्यक्रम के अंतर्गत योगदान दिया गया है
formula menu से maths लाते हैं मैंने पहले से ही quadratic equations time किया है मैं इसे cut और paste करूँगा जिससे समय की बच,मैंने पहले से ही quadratic इक्वेशन्स टाइप किया है मैं इसे cut और paste करूँगा जिससे समय की बचतर दिया है
आप उन्हें modelica blocks interfaces package में देख सकते हैं,आप उन्हें modelica dot blocks dot interfaces package में देख सकते हैं
फिर user exists की value return होती है,फिर यूज़र exists की वैल्यू रिटर्न होती है
एक book निकाल,एक book निकालें
this drive file is not shared with all recipients,this try file is not checked with all statements
themes page पर ले जाता है हम यहाँ बड़ी संख्या में themes को thumbnails के रूप में,हम यहाँ बड़ी संख्या में themes को thumbnails के रूप में जानेंगे
file menu पर click करें और फिर new window click करें,file menu पर click करें और फिर new window click करें
प्रयोग करें ध्यान दें कि text saved trash icon से,ध्यान दें कि text saved trash icon से बदल जाता है
कि cpu पर अन्य serial ports हैं ये हैं pds,यह नियतकार्य की cpu पर अन्य serial ports है
देख सकते हैं कि menus और text formatting विकल्प अन्य office suite की तरह ही हैं ऊपर,आप देख सकते हैं कि menus और text formatting विकल्प अन्य और फिर suite की तरह ही हैं
login page खुलता है,login पेज खुलता है
@,एंटर दबायें
लिखिए logarithms और दो बार enter press करें,दो बार एंटर प्रेस करें
folder drop down menu से bookmarks tool,folder drop down menu से bookmarks tool पर click करें
creating and viewing inventories के spoken tutorial में आपका स्वागत है इस tutorial में,creating and viewing इन्वेंटरीज के स्पोकन ट्यूटोरियल में आपका स्वागत है
अब हम list borrowed books . jsp पर आते हैं,अब हम listbuffered jsp की पर आते हैं
scrap book update करने के लिए उसे चुने right click करें और find updates पर,sql book अपडेट करने के लिए उसे चुनें right click करें और find updates पर click करें
अगर audio file stereo mode में है और stereo output की आवश्यकता नहीं है तो आप mode को mono में बदल सकते हैं,अगर audio file stream mode में है और stream output की आवश्यकता नहीं है तो आप mode कोmonों में बदल सकते हैं
अब dialog box choose driver विकल्प पर जाता है,अब dialog box choose driver विकल्प पर जाता है
window में होगा default pop से popup blocking शुरू होती है,default रूप से popअप ब्लॉकिंग शुरू होती है
यह file browser को खोलेगा,यह फाइल browser को खोलेगा
/ firefox /,slash – firefox slash
addon download प्रगति पर प्रदर्शित होता है आगे,� add on download प्रगति पर प्रदर्शित होता है
tutorial को record करने के लिए मैं उपयोग कर रही हूँ ubuntu os version 14 . 10,इस tutorial को record करने के लिए मैं उपयोग कर रही हूँ ubuntu os वर्जन 1410
चलिए सीखते हैं कि कैसे gmail को अपने default homepage के रूप में set करें,चलिए सीखते हैं कि कैसे जीमेल को अपने default होम्पेज के रूप में set करें
अब,अपने computer window में संस्थापित करते हैं
हम देख सकते हैं कि user name और password जो हमने form के अंदर enter किये थे url के भी अंदर है अब,हम देख सकते हैं कि यूज़रनेम और password जो हमने form के अंदर एंटर किये थे url के भी अंदर है
निश्चित करता है अपने पसंद के webpage को homepage के रूप में set करने के लिए edit और preferences,अपने पसंद के वेबपेज को होमपेज के रूप में सेट करने के लिए edit और preference पर click करें
के अन्य extension scrap book संस्थापित करें scrap book आप को web,प्रस्तुति के अन्य extension scrap book संस्थापित करें
स्तुति के उद्देश्य से jsp को वरीयता मिलती है,वर्य वस्तुति के उद्देश्य से jsp को वरीयता मिलती है
i i t bombay से,� iit बॉम्बे से मैं उपयोग करती हूँ
यह block miso को अच्छी तरह से inherit करता है,यह block मीजों को अच्छी तरह से inherits करता है
editor बंद करें data,एडिटर बंद करें
tags हमें bookmarks को श्रेणीबद्ध करने में मदद करते हैं,यह है जहाँ आपके पास डैग्स हमें bookmarks को श्रेणीबद्ध करने में मदद करते हैं
try catch block के अंदर हमने parseint method प्रयोग किया,try catch block के अंदर हमने % method प्रयोग किया
बायें panel से extensions पर,बाएँ panel से extensions पर click करें
menu bar से edit और फिर preferences पर click करें,मेन्यूबार से edit और फिर preferences पर click करें
computer में text characters और अन्य commands को प्रविष्ट करने के लिए design किया गया है यह computer,इस � computer में text characters और अन्य commands को प्रविष्ट करने के लिए डिजाइन किया गया है
बताता है accept suggestion और cross mark बताता है reject suggestion अब मै,exception और cross mark बताता है reject suggestion
पहली clip पर click करें video का first frame या शुरुआत अब यहाँ display में दिखाई देगी,पहली clip पर click करें video का first frame या शुरुआत अब यहाँ display में दिखाई देगी
फ़ॉर्मूले में font size बदलावों पर ध्यान दें,formula में font size बदलावों पर ध्यान दें
हमने connection object prepared statement object और result set object को null से initialize किया,हमने कनेक्शन ऑब्जेक्ट  परिपेड स्टेटमेंट ऑब्जेक्ट और result set ऑब्जेक्ट को नल से इनिशिलाइज किया
हम आगे आगे इन buttons के बारे में अधिक सीखेंगे,हम आगे आगे इन buttons के बारे में अधिक सीखेंगे
अगर username होता है तो हम user exists को 1 set करते हैं,अगर यूज़र नेम होता है तो हम यूज़र एक्सिस को 1 सेट करते हैं
menu bar से bookmarks पर click करें और show all bookmarks चुनें,menu bar से bookmarks पर click करें और show all bookmarks चुनें
variable का नाम बदलकर string 2 और स्थितियाँ बदलकर 11 और 20 करें,वेरिएबल का नाम बदलकर string 2 और स्थितियाँ बदलकर 11 और 20 करें
आपने gmail को सफलतापूर्वक sign out कर दिया है,आपने जमिल को सफलतापूर्वक साइनाउट कर दिया है
नई window में left option चुनें और ok button पर click करें,नई window में left option चुनें और ok button पर click करें
attach files विकल्प प्रयोग करके उसी mail में अनेक files भी संलग्न की जा सकती हैं,attach files विकल्प प्रयोग करके उसी मेल में अनेक files भी संलग्न की जा सकती हैं
अब हम जानते हैं कि math को कैसे call करें,अब हम जानते हैं कि मैथ को कैसे कॉल करें
पलब्ध video देखें यह spoken tutorial,निम्न लिंक पर उपलबध वीडियो देखें
एक audio file कैसे खोलें stereo को mono में बदलना zoom इन और zoom out करना labels जोड़ना,एक audio file कैसे खोलें स्टीरियो को मोनों में बदलना जूम इन और जूम आउट करना लेवल जोड़ना
पर click करिये,अब बायीं तरफ पर click करिये
ये कोई बदलाव नहीं ला सकता और ना ही बदलाव का सुझाव दे सकता है,ये कोई बदलाव नहीं ला सकता और न ही बदलाव का सुझाव दे सकते हैं
spoken tutorial project team,spoken tutorial project team
and free software folder में ले जाया गया है,and free सॉफ्टवेयर फोल्डर में ले जाया गया है
करें output को variable mrna में संचित करें,output को variable mrन में संचित करें
के लिए record id record में उपस्थित sequence और sequence की length भी print करें,आपput के लिए record id record में उपस्थित sequence और sequence की length भी print करें
कि हम देख सकते हैं दोहरे integral के लिए mark up है i i n t उसी,जैसा कि हम देख सकते हैं दोहरे इन्टिवरल के लिए मार्कअप है i i n t
इस पर अधिक जानकारी निम्न link पर उपलब्ध है,इस पर अधिक जानकारी निम्न लिंक पर उपलब्ध है
sequence record objects के बारे में अधिक जानकारी,sequence record object के बारे में अधिक जानकारी
मैं अभी उन्हें दर्शाऊंगा,मैं अभी उन्हें दर्शाऊंगा
का चुनाव करते हैं इस option का चुनाव आपकी browsing गतिविधि के बारे में जानकारी संचित करने से websites को रोक दे,इस option का चुनाव आपकी browser गतिविधि के बारे में जानकारी संचित करने से डब्साइट्स को रोक देंगे
output एक नई dna sequence दिखाता है जो पहले वाली से अलग है,output एक नई dna sequence दिखाता है जो पहले वाली से अलग है
यह हमें इस tutorial के अंत में लाता है,यह हमें इस tutorial के अंत में लाता है
मति देता है windows उपयोगकर्ता के लिए इस feature को options कहते हैं,windows उपयोगकर्ता के लिए इस फीचर को ऑप्शन्स कहते हैं
default रूप से inbox चुना हुआ है और इसकी विषय वस्तुएँ display क्षेत्र में प्रदर्शित की गयी हैं,default रूप से in box चुना हुआ है और इसकी विषयवस्तुएड display क्षेत्र में प्रदर्शित की गई हैं
यहाँ question mark database में प्रत्येक field को दर्शाता है,यहाँ question mark database में प्रत्येक field को दर्शाता है
यहाँ range में कुछ विकल्प उपलब्ध हैं,यहाँ range में कुछ विकल्प उपलब्ध हैं
class कहाँ समाप्त है यह दर्शाने के लिए सभी class का एक end statement होना चाहिए,class कहाँ समाप्त है यह दर्शाने के लिए सभी क्लास का एक and स्टेटमेंट होना चाहिए
diagram view में प्रविष्ट line की properties को यहां निर्दिष्ट किया गया है,dimogram view में प्रविष्ट line की properties को यहाँ निर्दिष्ट किया गया है
google type करें परिणाम के रूप में सबसे पहले google homepage,परिणाम के रूप में सबसे पहले google home page चुनें
अब question mark के द्वारा page की जानकारी से form data को अलग किया गया है,अब केस्टन माग के द्वारा पेज की जानकारी से फॉर्म डेटा को वल्लक किया गया है
sequence files कैसे लिखते हैं,sequence files कैसे लिखते हैं
यानी कि हम एक नयी sequence बनाने के लिए dna sequence एक protein sequence को श्रेणीबद्ध नहीं कर सकते हैं,यानी कि हम एक नई sequence बनाने के लिए dna sequence एक protein sequence को श्रेणीबद्ध नहीं कर सकते हैं
यह spoken tutorial project को सारांशित करता है,यह spoken tutorial project को सारांशित करता है
मेरे पास एक छोटी see clip है जो मैं अपने विडिओ में सम्मिलित करना चाहती हूँ,मेरे पास एक छोटी सी clip है जो मैं अपने video में सम्मिलित करना चाहती हूँ
integral equations और logarithms के साथ formulae,integer इक्वेशन्स और लॉगदं के साथ formula
प्रत्येक alignment के लिये हमारे पास length score gaps e value और strings हैं,प्रत्येक alignmentement के लिए हमारे पास length स्कोर gap  कीवैल्यू और strings है
अगला page file location and size hard disk size आवंटित करने के लिए है,अगला पेज file location and size हार्टिस्क साइज आवंटित करने के लिए हैं
sheets बनाने के लिए google sheets हैं और,sheets बनाने के लिए google sheets हैं
h पृथ्वी की सतह से bowl की ऊंचाई को दर्शाता है,h प्रत्येक की सतह से बॉल की ऊंचाई को दर्शाता है
अनुशंसित आकार 10 gb है लेकिन मैं इसे 20 gb में बदल दूंगी,ध्यान दें कि गविष्ट आकार 10gb है लेकिन मैं इसे 20gb में बदल दूंगी
उसके अतिरिक्त java एक main method नहीं रखता,उसके अतिरिक्त java एक main method नहीं रखता
enter दबाएं,enter दबाएँ
है इस mission पर अधिक जानकारी spoken tutorial . org / nmeict intro पर उपलब्ध है i i t bombay,इस मिशन पर अधिक जानकारी
नकारात्मक चिन्ह sign convention के इस्तेमाल के कारण होता है,नकरात्मक चिन्ह sine convention की इस्तेमाल की कारण होता है
ध्यान दें कि yahoo spoken tutorials ubuntu और firefox addons bookmarks यहाँ सूचीबद्ध हैं मानते है,ध्यान दें कि यहाँ spoken tutorials उबंटु और firefox एडोन्स बुक्मा की यहाँ सूचीबद्ध हैं
output 1 दिखाता है जिसका मतलब है हमने एक sequence record object को fasta file में बदल दिया है,output 1 दिखाता है जिसका मतलब है हमने एक sequence record object को master file में बदल दिया है
stereo file को mono में कैसे बदलें labels कैसे जोड़ें audio को cut delete move और amplify कैसे करें background noise को कैसे filter करें audio file को,इस सीडियो फाइल को मोनो में कैसे बदलें labels कैसे जोड़ें audio को cut delete move और multiply कैसे करें background noise को कैसे filter करें
हमसे जुड़ने के लिए धन्यवाद,हमसे जुड़ने के लिए धन्यवाद
thickness field border की मोटाई निर्दिष्ट करता है,thickness field border की मोटाई निर्दिष्ट करता है
jdk 1 . 7,jdk 17
create an account और sign in,create an account और साइन in
ठीक है,मैं यहाँ एक अन्य फॉर्म बनाऊँगा
ध्यान दें कि बाद वाली clip आगे बढ़ती है और पहले वाली clip से जुड़ जाती है,ध्यान दें कि बाद वाली clip आगे बढ़ती है और पहले वाली clip से जुड़ जाती है
अगर ok button सक्रीय नहीं है तो allow clipping विकल्प पर click करें,अगर ok button सक्रिय नहीं है तो allow clipping विकल्प पर click करें
इन ( में बंद : से अलग की गयी आरंभ और रोकी हुई स्थितियां हैं,इन ब्रैकेट्स में बंद कोलन से अलग की गई आरम और रोक की हुई स्थितियाँ हैं
फिर हमारे पास list users विकल्प है यहाँ,फिर हमारे पास list users विकल्प है
output 15 bases लम्बा sequence दिखाता है,आउटपुट 15 basis लम्बा सीक्ज़न्स दिखाता है
इसी प्रकार हम set और get methods को प्रत्येक attributes पर परिभाषित करते हैं,इसी प्रकार हम set और get methods को प्रत्येक attributes पर परिभाषित करते हैं
जब हम इसके ऊपर mouse लेकर जाते हैं help text कहता है apps इस पर click करें,जब हम इसके ऊपर mouse let जाते हैं help text कहता है apps इस पर click करें
मैं इसे desktop directory में बदलती हूँ और test,मैं इसे desktop directory में बदलती हूँ और test
दायाँ panel अब add addon की सूची बनाता है जो कि खोजे गए नाम से mail खाता हो,दायाँ panel अब addon की सूची बनाता है जो कि खोजे गए name से मेल खाता है
यह कहता है कि यहाँ बहुत कम equations है और model में 1 equations और 2 variables हैं इसलिए यह stimulate नहीं हुआ है,यह कहता है कि यहाँ बहुत कम equations हैं और model में वन equations और two variables हैं इसलिए यह सिमरेट नहीं हुआ है
हम वो pdf और zip file देख सकते हैं जो यहाँ हमने पिछले tutorial में upload कर दी थी,क्या हम वो pdf और zip file देख सकते हैं जो यहाँ हमने पिछले tutorial में uploaded कर दी थी
left click करके drag करके और छोड़ के, left click करके drag करके और छोड़के
पहले ही इसका अनुवाद किया है और समय को note किया है जैसे के पहले उल्लेख किया था अब,मैंने पहले ही इसका अनुवाद किया है और समय को नोट किया है जैसे कि पहले उल्लेख किया था
libre office math के spoken tutorial में आपका स्वाग,लिबर ऑफिस मैथ के spoken tutorial में आपका स्वागत है
biopython version 164,बायोपाइथन वर्जन 164
को configure या स्थापित करने के बारे में अन्य tutorial में सीखेंगे,हम अपने animation को configure या स्थापित करने के बारे में अन्य tutorial में सीखेंगे
प्रदर्शन के लिए मैं genbank file को fasta file में बदलूँगी,प्रदर्शन के लिए मैं जनबैंक फाइल को firsta फाइल में बदलूँगी
हम यहाँ एक बहुत आसान login form देख सकते हैं,हम यहाँ एक बहुत आसान login form we सकते हैं
यहां आप ubuntu नाम देख सकते हैं जिसे हमने पहले दिया था,यहां आप ubuntu name देख सकते हैं जिसे हमने पहले दिया था
output देखने के लिए type करें record1,output देखने के लिए type करें record1
history में कई options हैं,history में कई options हैं
अब servlet को run करते हैं,अब सवलेट को रन करते हैं
अब browser पर वापस आते हैं,अब browser पर वापस आते हैं
cc का मतलब carbon copy और bcc का मतलब है blind carbon copy है,cc का मतलब carbon copy और bcc का मतलब blind carbon copy है
इस विकल्प पर click करें,इस विकल्प पर click करें
यह spoken tutorial project को सारांशित करता है,यह spoken tutorial project को सारांशित करता है
email home page पर ले जाया जाएगा क्या आप,यह कोई भी इमेल होमपेज पर ले जाया जायेगा
अपने home folder और file पर जाएँ,अपने home folder और file पर जाएँ
ये पहले 6 और 7 bases के बीच,पहले 6 और 7 basis के बीच
match के महत्वपूर्ण होने के लिए अपेक्षित score 0 . 01 से कम होना चाहिए,मैच के महत्वपूर्ण होने के लिए आपेक्षित स्कोर 001 से कम होना चाहिए
अधिक जानकारी के लिए कृपया हमें लिखें,अधिक जानकारी के लिए कृपया हमें लिखें
लिए my first project पर right click करें clean and build, clean पर क्लिक करने के लिए my first project पर राइटक्लिक करें
नियत कार्य में,नियत कार्य में
तरीको पर नजर डालते हैं एक तरीका है कि,एक तरीका है कि जगह नहीं है
यहाँ इस scrap book के लिए कोई updates नहीं हैं इसलिये update button,क्योंकि यहाँ स्क्रैप्ब book के लिए कोई अपडेट्स नहीं है इसलिए update button पर click करें
देखने के लिए और हमसे जुड़ने के लिए धन्यवाद,हमसे जुड़ने के लिए धन्यवाद
आप इस विकल्प का अन्वेषण अपने आप कर सकते हैं,आप इस विकल्प का अन्वेषण अपने आप कर सकते हैं
spoken tutorial project team spoken tutorial,spoken tutorial project team
spoken tutorial project के बारे में अधिक जानने के लिए,spoken tutorial project के बारे में अधिक जानने के लिए
यह integer देगा जबकि number का string प्रदर्शन input की तरह हो,यह integer देगा जबकि number का string प्रदर्शन input की तरह हो
security panel में आपके web browsing को सुरक्षित रखने से संबंधित वरीयता,security panel में आपके web browser को सुरक्षित रखने से सम्बंधित वरीयत करें
ठीक है मैं इसे close करती हूँ,ठीक है मैं इसे close करती हूँ
अगला segment subject है,अगला segment subject है
यहाँ उस email के content को देख सकते हैं जो हमने भेजा,new window पर यहाँ उस email के कंटेंट को देख सकते हैं जो हमने वेजा
और यहाँ हम checkout के attributes दर्शाते हैं,और यहाँ हम checkout के attributes दर्शाते हैं
पहले हम सीखेंगे कि canvas के properties को कैसे manipulate करना है,पहले हम सीखेंगे कि canvas के properties को कैसे मेनिप्यूलेट करना है
आगे हमारे पास paragraph tag है जो सम्मिलित करता है this is the home page for library management system,आगे हमारे पास paragraph tag है जो सम्मिलित करता है this is the home page for library management system
पहले चयनित समान files के लिए genbank format में files download करने के लिए ऊपर की तरह ही steps का अनुसरण करें file,यह अनित समान files के लिए जन्बिंग फॉर्मेट में files download करने के लिए ऊपर की तरह ही स्टेप्स का अनुसरण करें
यह बेहतर होगा कि आप इसको jsp से बदलें,यह बेहतर होगा कि आप इसको jsp से बदलें
page code समान रहता है,शेष code समान रहता है
हम इस page पर वापस आएंगे अब netbeans ide खोलें,हम इस पेज पर वापस आएंगे अब netbeans ide खोलें
libreoffice . org documentation link पर गाइड्स download करें,libreoffice org documentation link पर guides download करें
यह sequence की जानकारी की तुलना करने के लिए algorithm है,यह sequence की जानकारी की तुलना करने के लिए algorithm है
बंद करती हूँ insert files using drive विकल्प पर click करना भी हमें पहले वाली window पर ले जाता है,insert files using drive विकल्प पर click करना भी हमें पहले वाली window पर ले जाता है
circle पर right click करें और properties चुनें,circle पर right click करें और properties चुनें
browser पर वापस आते है,browser पर वापस आते हैं
अब checkout . jsp पर आते हैं,अब checkout dot jsp पर आते हैं
हैं यदि error messages list खाली नहीं है तो हम error messages को index . jsp पर प्रदर्शित करते हैं,यदि error messages list खाली नहीं है तो हम error messages को index jsp पर प्रदर्शित करते हैं
अच्छी bandwidth न मिलने पर आप इसे download करके देख सकते हैं,अच्छी bandwidth न मिलाने पर आप इसे download करके देख सकते हैं
यह आपके screen पर एक खाली movie projects खोलेगा,यह आपके screen पर एक खाली movie project खोलेगा
केवल इस number पर click करके हम इसे जांचते हैं ;,केवल इस number पर क्लिक करके हम इसे जाँचते हैं
यदि हम clear all current history पर click करते हैं तो आपके computer में संचित सभी browsing विवरण समाप्त हो जाय,यदि हम clear all current history पर click करते हैं तो आपके computer में संचित सभी browser विवरण समाप्त हो जायेंगे
इसमें इसके component record के रूप में coordinate system और graphics है,इसमें इसके component record के रूप में coordinate system और graphics हैं
folder का नाम spoken tutorial देते हैं और create button पर click करते हैं default,default folder का name spoken tutorial देते हैं और create button पर click करते हैं
जैसे कि welcome mail,जैसे कि welcome mail
दिखाई देने वाली library window में बाएं panel से unsorted bookmarks चुनें,दिखाई देने वाली library window में बाएँ panel से unsorted bookmarks चुनें
अब file save करें,अब file सेव करें
सकते हैं edit पर click करें और फिर preferences पर,edit पर click करें और फिर प्रीफ्रेन करें
spoken tutorial project talk to a teacher project का हिस्सा है यह भारत सरकार के mhrd के itc के माध्यम से राष्ट्रीय साक्षरता mission द्वारा समर्थित है,spoken tutorial project talktoateacher project का हिस्सा है यह भारत सरकार के एमएचआरडी के आईसीटी के माध्यम से राष्ट्रीय साक्षरता mission द्वारा समर्थित है
अब बाएँ panel में extension option पर click करें ध्यान दें,अब बाएँ panel में extension option पर click करें
firefox का कौनसा version हम इस्तेमाल कर रहे हैं यह जानने के लिए help और ab,सर्फ dialog box का कौनसा version हम इस्तेमाल कर रहे हैं यह जानने के लिए
यह वैसे ही किया जाता है जैसे हमने borrowed books के लिए किया था,यह वैसे ही किया जाता है जैसे हमने बोरोड books के लिए किया था
box में type करें human insulin search button पर click करें,search box में type करें human insulin search button पर click करें
prompt पर निम्न लाइनें type करें,prompt पर निम्न लाइनें type करें
हमें checkout success page मिलता है admin से,हमें checkout success  पेज मिलता है
पहला हमारे पास list books विकल्प है,पहला हमारे पास list books विकल्प है
एक बार में ही record करे तो फिर आपको एक single audio track मिलेगा,एक बार में ही record गये हैं तो फिर आपको एक single audio track मिलेगा
download पूरा हो जाने पर एक चेतावनी संदेश की window प्रदर्शित,डाउनलोड पूरा हो जाने पर एक चेतावनी संदेश की विंडो प्रदर्शित हो गया है
edit होने वाला शीर्षक है शीर्षक को दोबारा नाम देने के लिए text पर click करें rename,यह एडिट होने वाला शिर्षक है शीर्षक को दोबारा नाम देने के लिए टेक्स्ट पर क्लिक करें
netbeans ide खोलेंगे ide के ऊपर,हम निम्न भिन्न getbeans ide खोलेंगे
इस tutorial में हमने extension या add on extension संस्थापित करने अनुशंसित extension के बारे में,इस tutorial में हमने extension या addon extension संस्थापित करने अनुशंसित extension के बारे में सीखा
gujarati type करें आप देखेंगे कि page पर gujarati शब्द चिन्हांकित हुआ है,आप देखेंगे कि पेज पर gujarati शब्द चिन्हांकित हुआ है
और वर्तमान formula को factorial definition के साथ overwrite करें,और वर्कमान फॉर्मूला को factorial definition के साथ ओवराइड करें
यह जांचने के लिए कि समान book id की book उसी user के द् issue की गयी है,यह जांचने के लिए कि समान bookid की book उसी यूजर के द्वारा इश्यू की गई है
यह समीकरण singal के sum के लिए signal 1 और signal 2 की values को दर्शाता है जिसकी हमने slides में चर्चा की थी,यह समीकरण सिग्नलस केस सम के लिए signal 1 और signal 2 की वैल्यूज़ को दर्शाता है जिसकी हमने स्लाइड्स में चर्चा की थी
url co localhost : 8080 type करें और enter दबाएं हम देखते हैं कि,drupal host colon 80 type करें और enter दबाएँ
page उसी के समान है जैसा हमारे पास success checkout page के लिए था,यह पेज उसी के समान है जैसा हमारे पास success checkout पेज के लिए था
class के सफल simulation पर plotting perspective स्वचालित रूप से खुलता है,class के सफल simulation पर plotting पर स्वतः सेसालित रूप से खुलता है
अतः आप अपना email username और password प्रविष्ट करने के लिए text boxes देखेंगे,अतः आप अपना email username और password प्रविष्ट करने के लिए text boxes देखेंगे
अब register करने के लिए here link पर click करें,अब register करने के लिए your link पर click करें
इस tutorial में dna sequence को translate करने के लिए हम biopython modules का उपयोग करेंगे,इस tutorial में dna sequence को translate करने के लिए हम बाएं पाइथन मॉड्यूल्स का उपयोग करेंगे
font को save करते है writer gray box में देखें कि font बदल गया है,writer grey box में देखें कि font बदल गया है
मैं इसका समर्थन करता है जिसमें,यह अपनी ज़ूमत का समर्थन करता है जिसमें नया वापस आता है
के लिए मैं केवल दिखाउंगी कि google docs प्रयोग करके एक उदाहरण कैसे बनता है एक,अगला उदाहरण के लिए मैं केवल दिखाउंगी कि google tags प्रयोग करके एक उदाहरण कैसे बनता है
यदि आप template strand के साथ शुरू कर रहे हैं तो terminal पर प्रदर्शित की तरह reverse complement method उपयोग करके इसे coding,यदि आप templates के साथ शुरू कर रहे हैं तो terminal पर प्रदर्शित की तरह reverse कम्प्लिमेन्ट मेथड उपयोग करके इसे कोडिंग स्पोल करें
अब हमारे पास दो files हैं,अब हमारे पास दो files हैं
इसमें एक submit button भी है जो sign in करने को कहता है,इसमें एक submit बटन भी है जो साइनिन करने को कहता है
हम users table से user details प्राप्त करने के लिए पूछताछ करते हैं,हम users table से user details प्राप्त करने के लिए पूछ stash करते हैं
दूसरा slice 11 और 12 bases के बीच होगा,दूसरा slides 11 और 12 basis के बीच होगा
अतः अगली line में type करें,अतः अगली line में type करें
जैसा कि हमने पिछले tutorial में सीखा है sum एक array function है,जैसा कि हमने picker tutorial में सीखा है sum एक array function है
है sequence में पहला character 0 स्थिति है,sequence में पहला character ज़ीरो स्थिति है
spoken - tutorial . org / nmict _ intro i i t bombay की ओर से मैं रवि कुमार अब आपसे विदा लेता हूँ,spoken hyphen tutorial dot org slash nmeict hyphen intro आई आई टी बॉम्बे की ओर से मैं रवि कुमार अब आपसे विदा लेता हूँ
संस्थापन को पूरा करने में कुछ समय लग सकता है,संस्थापन को पूरा करने में कुछ समय लग सकता है
