path,audio,text,duration
/home/abdullahmm/Shivam/subtask2_blindtest_wReadme/bengali/bengali_blind_wav/177687_zZE9FIXSZMfkvbEl_0000.wav,/home/abdullahmm/Shivam/subtask2_blindtest_wReadme/bengali/bengali_blind_wav/177687_zZE9FIXSZMfkvbEl_0000.wav,printer connection এর tutorial আপনাদের স্বাগত,5.0
/home/abdullahmm/Shivam/subtask2_blindtest_wReadme/bengali/bengali_blind_wav/177687_zZE9FIXSZMfkvbEl_0001.wav,/home/abdullahmm/Shivam/subtask2_blindtest_wReadme/bengali/bengali_blind_wav/177687_zZE9FIXSZMfkvbEl_0001.wav,এই টিউটোরিয়ালে কম্পিউটারে printer যুক্ত করা শিখব,5.0
/home/abdullahmm/Shivam/subtask2_blindtest_wReadme/bengali/bengali_blind_wav/177687_zZE9FIXSZMfkvbEl_0002.wav,/home/abdullahmm/Shivam/subtask2_blindtest_wReadme/bengali/bengali_blind_wav/177687_zZE9FIXSZMfkvbEl_0002.wav,এখানে ব্যবহার করছি,2.0
/home/abdullahmm/Shivam/subtask2_blindtest_wReadme/bengali/bengali_blind_wav/177687_zZE9FIXSZMfkvbEl_0003.wav,/home/abdullahmm/Shivam/subtask2_blindtest_wReadme/bengali/bengali_blind_wav/177687_zZE9FIXSZMfkvbEl_0003.wav,ubuntu linux 12 . 10 os,4.0
/home/abdullahmm/Shivam/subtask2_blindtest_wReadme/bengali/bengali_blind_wav/177687_zZE9FIXSZMfkvbEl_0004.wav,/home/abdullahmm/Shivam/subtask2_blindtest_wReadme/bengali/bengali_blind_wav/177687_zZE9FIXSZMfkvbEl_0004.wav,এবং canon printer,3.0
/home/abdullahmm/Shivam/subtask2_blindtest_wReadme/bengali/bengali_blind_wav/177687_zZE9FIXSZMfkvbEl_0005.wav,/home/abdullahmm/Shivam/subtask2_blindtest_wReadme/bengali/bengali_blind_wav/177687_zZE9FIXSZMfkvbEl_0005.wav,আমি কম্পিউটারের বিভিন্ন উপাদান সম্পর্কে দ্রুত বলবো,5.0
/home/abdullahmm/Shivam/subtask2_blindtest_wReadme/bengali/bengali_blind_wav/177687_zZE9FIXSZMfkvbEl_0006.wav,/home/abdullahmm/Shivam/subtask2_blindtest_wReadme/bengali/bengali_blind_wav/177687_zZE9FIXSZMfkvbEl_0006.wav,এটি cpu,2.0
/home/abdullahmm/Shivam/subtask2_blindtest_wReadme/bengali/bengali_blind_wav/177687_zZE9FIXSZMfkvbEl_0007.wav,/home/abdullahmm/Shivam/subtask2_blindtest_wReadme/bengali/bengali_blind_wav/177687_zZE9FIXSZMfkvbEl_0007.wav,monitor,2.0
/home/abdullahmm/Shivam/subtask2_blindtest_wReadme/bengali/bengali_blind_wav/177687_zZE9FIXSZMfkvbEl_0008.wav,/home/abdullahmm/Shivam/subtask2_blindtest_wReadme/bengali/bengali_blind_wav/177687_zZE9FIXSZMfkvbEl_0008.wav,keyboard mouse,3.0
/home/abdullahmm/Shivam/subtask2_blindtest_wReadme/bengali/bengali_blind_wav/177687_zZE9FIXSZMfkvbEl_0009.wav,/home/abdullahmm/Shivam/subtask2_blindtest_wReadme/bengali/bengali_blind_wav/177687_zZE9FIXSZMfkvbEl_0009.wav,এবং printer,2.0
/home/abdullahmm/Shivam/subtask2_blindtest_wReadme/bengali/bengali_blind_wav/177687_zZE9FIXSZMfkvbEl_0010.wav,/home/abdullahmm/Shivam/subtask2_blindtest_wReadme/bengali/bengali_blind_wav/177687_zZE9FIXSZMfkvbEl_0010.wav,এখন cpu দেখি,7.0
/home/abdullahmm/Shivam/subtask2_blindtest_wReadme/bengali/bengali_blind_wav/177687_zZE9FIXSZMfkvbEl_0011.wav,/home/abdullahmm/Shivam/subtask2_blindtest_wReadme/bengali/bengali_blind_wav/177687_zZE9FIXSZMfkvbEl_0011.wav,অনেক cpu তে usb ports সামনে থাকে,5.0
/home/abdullahmm/Shivam/subtask2_blindtest_wReadme/bengali/bengali_blind_wav/177687_zZE9FIXSZMfkvbEl_0012.wav,/home/abdullahmm/Shivam/subtask2_blindtest_wReadme/bengali/bengali_blind_wav/177687_zZE9FIXSZMfkvbEl_0012.wav,এবং কিছুতে পেছনে,3.0
/home/abdullahmm/Shivam/subtask2_blindtest_wReadme/bengali/bengali_blind_wav/177687_zZE9FIXSZMfkvbEl_0013.wav,/home/abdullahmm/Shivam/subtask2_blindtest_wReadme/bengali/bengali_blind_wav/177687_zZE9FIXSZMfkvbEl_0013.wav,এখন printer একবার দেখি,4.0
/home/abdullahmm/Shivam/subtask2_blindtest_wReadme/bengali/bengali_blind_wav/177687_zZE9FIXSZMfkvbEl_0014.wav,/home/abdullahmm/Shivam/subtask2_blindtest_wReadme/bengali/bengali_blind_wav/177687_zZE9FIXSZMfkvbEl_0014.wav,সাধারণত প্রিন্টারের সামনে বা উপরে power switch থাকে,7.0
/home/abdullahmm/Shivam/subtask2_blindtest_wReadme/bengali/bengali_blind_wav/177687_zZE9FIXSZMfkvbEl_0015.wav,/home/abdullahmm/Shivam/subtask2_blindtest_wReadme/bengali/bengali_blind_wav/177687_zZE9FIXSZMfkvbEl_0015.wav,প্রিন্টারের পেছনে একটি power slot এবং একটি usb port থাকে,11.0
/home/abdullahmm/Shivam/subtask2_blindtest_wReadme/bengali/bengali_blind_wav/177687_zZE9FIXSZMfkvbEl_0016.wav,/home/abdullahmm/Shivam/subtask2_blindtest_wReadme/bengali/bengali_blind_wav/177687_zZE9FIXSZMfkvbEl_0016.wav,printer যুক্ত করতে usb cable ব্যবহার করা হয়,5.0
/home/abdullahmm/Shivam/subtask2_blindtest_wReadme/bengali/bengali_blind_wav/177687_zZE9FIXSZMfkvbEl_0017.wav,/home/abdullahmm/Shivam/subtask2_blindtest_wReadme/bengali/bengali_blind_wav/177687_zZE9FIXSZMfkvbEl_0017.wav,এখন usb cable প্রিন্টারের সাথে যুক্ত করি,6.0
/home/abdullahmm/Shivam/subtask2_blindtest_wReadme/bengali/bengali_blind_wav/177687_zZE9FIXSZMfkvbEl_0018.wav,/home/abdullahmm/Shivam/subtask2_blindtest_wReadme/bengali/bengali_blind_wav/177687_zZE9FIXSZMfkvbEl_0018.wav,এখন কেবলের অপর প্রান্ত cpu এর usb পোর্টের সাথে যুক্ত করি,8.0
/home/abdullahmm/Shivam/subtask2_blindtest_wReadme/bengali/bengali_blind_wav/177687_zZE9FIXSZMfkvbEl_0019.wav,/home/abdullahmm/Shivam/subtask2_blindtest_wReadme/bengali/bengali_blind_wav/177687_zZE9FIXSZMfkvbEl_0019.wav,printer কম্পিউটারের সাথে যুক্ত হয়েছে,3.0
/home/abdullahmm/Shivam/subtask2_blindtest_wReadme/bengali/bengali_blind_wav/177687_zZE9FIXSZMfkvbEl_0020.wav,/home/abdullahmm/Shivam/subtask2_blindtest_wReadme/bengali/bengali_blind_wav/177687_zZE9FIXSZMfkvbEl_0020.wav,প্রিন্টারে থাকা power button চালু করুন,4.0
/home/abdullahmm/Shivam/subtask2_blindtest_wReadme/bengali/bengali_blind_wav/177687_zZE9FIXSZMfkvbEl_0021.wav,/home/abdullahmm/Shivam/subtask2_blindtest_wReadme/bengali/bengali_blind_wav/177687_zZE9FIXSZMfkvbEl_0021.wav,এখন কম্পিউটারের ব্যবহার printer configure করতে করি,6.0
/home/abdullahmm/Shivam/subtask2_blindtest_wReadme/bengali/bengali_blind_wav/177687_zZE9FIXSZMfkvbEl_0022.wav,/home/abdullahmm/Shivam/subtask2_blindtest_wReadme/bengali/bengali_blind_wav/177687_zZE9FIXSZMfkvbEl_0022.wav,এখন desktop এ যাই,3.0
/home/abdullahmm/Shivam/subtask2_blindtest_wReadme/bengali/bengali_blind_wav/177687_zZE9FIXSZMfkvbEl_0023.wav,/home/abdullahmm/Shivam/subtask2_blindtest_wReadme/bengali/bengali_blind_wav/177687_zZE9FIXSZMfkvbEl_0023.wav,বামদিকে সবচেয়ে উপরে launcher বারে dash home আইকনে টিপুন,7.0
/home/abdullahmm/Shivam/subtask2_blindtest_wReadme/bengali/bengali_blind_wav/177687_zZE9FIXSZMfkvbEl_0024.wav,/home/abdullahmm/Shivam/subtask2_blindtest_wReadme/bengali/bengali_blind_wav/177687_zZE9FIXSZMfkvbEl_0024.wav,search বারে লিখুন printing,5.0
/home/abdullahmm/Shivam/subtask2_blindtest_wReadme/bengali/bengali_blind_wav/177687_zZE9FIXSZMfkvbEl_0025.wav,/home/abdullahmm/Shivam/subtask2_blindtest_wReadme/bengali/bengali_blind_wav/177687_zZE9FIXSZMfkvbEl_0025.wav,printing icon প্রদর্শিত হবে,4.0
/home/abdullahmm/Shivam/subtask2_blindtest_wReadme/bengali/bengali_blind_wav/177687_zZE9FIXSZMfkvbEl_0026.wav,/home/abdullahmm/Shivam/subtask2_blindtest_wReadme/bengali/bengali_blind_wav/177687_zZE9FIXSZMfkvbEl_0026.wav,এটিতে টিপুন,2.0
/home/abdullahmm/Shivam/subtask2_blindtest_wReadme/bengali/bengali_blind_wav/177687_zZE9FIXSZMfkvbEl_0027.wav,/home/abdullahmm/Shivam/subtask2_blindtest_wReadme/bengali/bengali_blind_wav/177687_zZE9FIXSZMfkvbEl_0027.wav,ubuntu পুরোনো সংস্করণে sys,3.0
/home/abdullahmm/Shivam/subtask2_blindtest_wReadme/bengali/bengali_blind_wav/177687_zZE9FIXSZMfkvbEl_0028.wav,/home/abdullahmm/Shivam/subtask2_blindtest_wReadme/bengali/bengali_blind_wav/177687_zZE9FIXSZMfkvbEl_0028.wav,system administration,2.0
/home/abdullahmm/Shivam/subtask2_blindtest_wReadme/bengali/bengali_blind_wav/177687_zZE9FIXSZMfkvbEl_0029.wav,/home/abdullahmm/Shivam/subtask2_blindtest_wReadme/bengali/bengali_blind_wav/177687_zZE9FIXSZMfkvbEl_0029.wav,এবং printing এ টিপুন,3.0
/home/abdullahmm/Shivam/subtask2_blindtest_wReadme/bengali/bengali_blind_wav/177687_zZE9FIXSZMfkvbEl_0030.wav,/home/abdullahmm/Shivam/subtask2_blindtest_wReadme/bengali/bengali_blind_wav/177687_zZE9FIXSZMfkvbEl_0030.wav,এখন printing dialog box খোলে,4.0
/home/abdullahmm/Shivam/subtask2_blindtest_wReadme/bengali/bengali_blind_wav/177687_zZE9FIXSZMfkvbEl_0031.wav,/home/abdullahmm/Shivam/subtask2_blindtest_wReadme/bengali/bengali_blind_wav/177687_zZE9FIXSZMfkvbEl_0031.wav,এটি বলে যে there are no printers configured yet,5.0
/home/abdullahmm/Shivam/subtask2_blindtest_wReadme/bengali/bengali_blind_wav/177687_zZE9FIXSZMfkvbEl_0032.wav,/home/abdullahmm/Shivam/subtask2_blindtest_wReadme/bengali/bengali_blind_wav/177687_zZE9FIXSZMfkvbEl_0032.wav,উপরে বাম কোণায় সবুজ + চিহ্নের সাথে একটি add বোতাম রয়েছে এটিতে টিপুন,9.0
/home/abdullahmm/Shivam/subtask2_blindtest_wReadme/bengali/bengali_blind_wav/177687_zZE9FIXSZMfkvbEl_0033.wav,/home/abdullahmm/Shivam/subtask2_blindtest_wReadme/bengali/bengali_blind_wav/177687_zZE9FIXSZMfkvbEl_0033.wav,এটি new printer dialog box খোলে,4.0
/home/abdullahmm/Shivam/subtask2_blindtest_wReadme/bengali/bengali_blind_wav/177687_zZE9FIXSZMfkvbEl_0034.wav,/home/abdullahmm/Shivam/subtask2_blindtest_wReadme/bengali/bengali_blind_wav/177687_zZE9FIXSZMfkvbEl_0034.wav,বাম দিকে কম্পিউটারের সাথে যুক্ত printer ড্রাইভারের তালিকা রয়েছে,8.0
/home/abdullahmm/Shivam/subtask2_blindtest_wReadme/bengali/bengali_blind_wav/177687_zZE9FIXSZMfkvbEl_0035.wav,/home/abdullahmm/Shivam/subtask2_blindtest_wReadme/bengali/bengali_blind_wav/177687_zZE9FIXSZMfkvbEl_0035.wav,এখানে আপনার printer নির্বাচন করুন অর্থাৎ canon printer এবং forward এ টিপুন,9.0
/home/abdullahmm/Shivam/subtask2_blindtest_wReadme/bengali/bengali_blind_wav/177687_zZE9FIXSZMfkvbEl_0036.wav,/home/abdullahmm/Shivam/subtask2_blindtest_wReadme/bengali/bengali_blind_wav/177687_zZE9FIXSZMfkvbEl_0036.wav,তারপর এটি স্বয়ংক্রিয়ভাবে driver খোঁজা আরম্ভ করবে আমি cancel এ টিপব,8.0
/home/abdullahmm/Shivam/subtask2_blindtest_wReadme/bengali/bengali_blind_wav/177687_zZE9FIXSZMfkvbEl_0037.wav,/home/abdullahmm/Shivam/subtask2_blindtest_wReadme/bengali/bengali_blind_wav/177687_zZE9FIXSZMfkvbEl_0037.wav,এখন dialog box ও choose driver বিকল্পে যান,5.0
/home/abdullahmm/Shivam/subtask2_blindtest_wReadme/bengali/bengali_blind_wav/177687_zZE9FIXSZMfkvbEl_0038.wav,/home/abdullahmm/Shivam/subtask2_blindtest_wReadme/bengali/bengali_blind_wav/177687_zZE9FIXSZMfkvbEl_0038.wav,অধিকাংশ ক্ষেত্রে default বিকল্প কাজ করবে,4.0
/home/abdullahmm/Shivam/subtask2_blindtest_wReadme/bengali/bengali_blind_wav/177687_zZE9FIXSZMfkvbEl_0039.wav,/home/abdullahmm/Shivam/subtask2_blindtest_wReadme/bengali/bengali_blind_wav/177687_zZE9FIXSZMfkvbEl_0039.wav,আমার কাছে canon printer থাকায় এখানেই সূচিতে এটি default রূপে নির্বাচিত,8.0
/home/abdullahmm/Shivam/subtask2_blindtest_wReadme/bengali/bengali_blind_wav/177687_zZE9FIXSZMfkvbEl_0040.wav,/home/abdullahmm/Shivam/subtask2_blindtest_wReadme/bengali/bengali_blind_wav/177687_zZE9FIXSZMfkvbEl_0040.wav,এখন forward এ টিপুন,3.0
/home/abdullahmm/Shivam/subtask2_blindtest_wReadme/bengali/bengali_blind_wav/177687_zZE9FIXSZMfkvbEl_0041.wav,/home/abdullahmm/Shivam/subtask2_blindtest_wReadme/bengali/bengali_blind_wav/177687_zZE9FIXSZMfkvbEl_0041.wav,models পৃষ্ঠায় আমার printer model স্বয়ংক্রিয়ভাবে চিহ্নিত,7.0
/home/abdullahmm/Shivam/subtask2_blindtest_wReadme/bengali/bengali_blind_wav/177687_zZE9FIXSZMfkvbEl_0042.wav,/home/abdullahmm/Shivam/subtask2_blindtest_wReadme/bengali/bengali_blind_wav/177687_zZE9FIXSZMfkvbEl_0042.wav,এটি বন্ধনীতে recommended হিসাবে দেখানো হয়েছে,5.0
/home/abdullahmm/Shivam/subtask2_blindtest_wReadme/bengali/bengali_blind_wav/177687_zZE9FIXSZMfkvbEl_0043.wav,/home/abdullahmm/Shivam/subtask2_blindtest_wReadme/bengali/bengali_blind_wav/177687_zZE9FIXSZMfkvbEl_0043.wav,এছাড়াও drivers বিভাগে এটি দেখায় যে driver আমার printer জন্য উপযুক্ত,7.0
/home/abdullahmm/Shivam/subtask2_blindtest_wReadme/bengali/bengali_blind_wav/177687_zZE9FIXSZMfkvbEl_0044.wav,/home/abdullahmm/Shivam/subtask2_blindtest_wReadme/bengali/bengali_blind_wav/177687_zZE9FIXSZMfkvbEl_0044.wav,আবার forward এ টিপুন,4.0
/home/abdullahmm/Shivam/subtask2_blindtest_wReadme/bengali/bengali_blind_wav/177687_zZE9FIXSZMfkvbEl_0045.wav,/home/abdullahmm/Shivam/subtask2_blindtest_wReadme/bengali/bengali_blind_wav/177687_zZE9FIXSZMfkvbEl_0045.wav,এখন প্রিন্টারের বর্ণনা দিতে বলে প্রিন্টারের নাম এবং location,7.0
/home/abdullahmm/Shivam/subtask2_blindtest_wReadme/bengali/bengali_blind_wav/177687_zZE9FIXSZMfkvbEl_0046.wav,/home/abdullahmm/Shivam/subtask2_blindtest_wReadme/bengali/bengali_blind_wav/177687_zZE9FIXSZMfkvbEl_0046.wav,এটিকে একইরকম রেখে apply এ টিপব,4.0
/home/abdullahmm/Shivam/subtask2_blindtest_wReadme/bengali/bengali_blind_wav/177687_zZE9FIXSZMfkvbEl_0047.wav,/home/abdullahmm/Shivam/subtask2_blindtest_wReadme/bengali/bengali_blind_wav/177687_zZE9FIXSZMfkvbEl_0047.wav,আমাদের printer সফলভাবে কম্পিউটারের সাথে যুক্ত হয়েছে,7.0
/home/abdullahmm/Shivam/subtask2_blindtest_wReadme/bengali/bengali_blind_wav/177687_zZE9FIXSZMfkvbEl_0048.wav,/home/abdullahmm/Shivam/subtask2_blindtest_wReadme/bengali/bengali_blind_wav/177687_zZE9FIXSZMfkvbEl_0048.wav,would you like to print a test page,4.0
/home/abdullahmm/Shivam/subtask2_blindtest_wReadme/bengali/bengali_blind_wav/177687_zZE9FIXSZMfkvbEl_0049.wav,/home/abdullahmm/Shivam/subtask2_blindtest_wReadme/bengali/bengali_blind_wav/177687_zZE9FIXSZMfkvbEl_0049.wav,print test page বিকল্পে টিপুন,4.0
/home/abdullahmm/Shivam/subtask2_blindtest_wReadme/bengali/bengali_blind_wav/177687_zZE9FIXSZMfkvbEl_0050.wav,/home/abdullahmm/Shivam/subtask2_blindtest_wReadme/bengali/bengali_blind_wav/177687_zZE9FIXSZMfkvbEl_0050.wav,একটি message pop up হয়,4.0
/home/abdullahmm/Shivam/subtask2_blindtest_wReadme/bengali/bengali_blind_wav/177687_zZE9FIXSZMfkvbEl_0051.wav,/home/abdullahmm/Shivam/subtask2_blindtest_wReadme/bengali/bengali_blind_wav/177687_zZE9FIXSZMfkvbEl_0051.wav,submitted – test page submitted as job এবং তার number,6.0
/home/abdullahmm/Shivam/subtask2_blindtest_wReadme/bengali/bengali_blind_wav/177687_zZE9FIXSZMfkvbEl_0052.wav,/home/abdullahmm/Shivam/subtask2_blindtest_wReadme/bengali/bengali_blind_wav/177687_zZE9FIXSZMfkvbEl_0052.wav,ok তে টিপুন,2.0
/home/abdullahmm/Shivam/subtask2_blindtest_wReadme/bengali/bengali_blind_wav/177687_zZE9FIXSZMfkvbEl_0053.wav,/home/abdullahmm/Shivam/subtask2_blindtest_wReadme/bengali/bengali_blind_wav/177687_zZE9FIXSZMfkvbEl_0053.wav,printer properties dialog box এ আবার ok তে টিপুন,4.0
/home/abdullahmm/Shivam/subtask2_blindtest_wReadme/bengali/bengali_blind_wav/177687_zZE9FIXSZMfkvbEl_0054.wav,/home/abdullahmm/Shivam/subtask2_blindtest_wReadme/bengali/bengali_blind_wav/177687_zZE9FIXSZMfkvbEl_0054.wav,এখানে এটি আমাদের printer থেকে test print,5.0
/home/abdullahmm/Shivam/subtask2_blindtest_wReadme/bengali/bengali_blind_wav/177687_zZE9FIXSZMfkvbEl_0055.wav,/home/abdullahmm/Shivam/subtask2_blindtest_wReadme/bengali/bengali_blind_wav/177687_zZE9FIXSZMfkvbEl_0055.wav,এখন printer document print করতে প্রস্তুত,5.0
/home/abdullahmm/Shivam/subtask2_blindtest_wReadme/bengali/bengali_blind_wav/177687_zZE9FIXSZMfkvbEl_0056.wav,/home/abdullahmm/Shivam/subtask2_blindtest_wReadme/bengali/bengali_blind_wav/177687_zZE9FIXSZMfkvbEl_0056.wav,printer dialog box বন্ধ করি,3.0
/home/abdullahmm/Shivam/subtask2_blindtest_wReadme/bengali/bengali_blind_wav/177687_zZE9FIXSZMfkvbEl_0057.wav,/home/abdullahmm/Shivam/subtask2_blindtest_wReadme/bengali/bengali_blind_wav/177687_zZE9FIXSZMfkvbEl_0057.wav,এখন আমি দ্রুত একটি document print করা প্রদর্শন করি,5.0
/home/abdullahmm/Shivam/subtask2_blindtest_wReadme/bengali/bengali_blind_wav/177687_zZE9FIXSZMfkvbEl_0058.wav,/home/abdullahmm/Shivam/subtask2_blindtest_wReadme/bengali/bengali_blind_wav/177687_zZE9FIXSZMfkvbEl_0058.wav,একটি document খুলুন,3.0
/home/abdullahmm/Shivam/subtask2_blindtest_wReadme/bengali/bengali_blind_wav/177687_zZE9FIXSZMfkvbEl_0059.wav,/home/abdullahmm/Shivam/subtask2_blindtest_wReadme/bengali/bengali_blind_wav/177687_zZE9FIXSZMfkvbEl_0059.wav,ctrl এবং p একসাথে টিপুন,4.0
/home/abdullahmm/Shivam/subtask2_blindtest_wReadme/bengali/bengali_blind_wav/177687_zZE9FIXSZMfkvbEl_0060.wav,/home/abdullahmm/Shivam/subtask2_blindtest_wReadme/bengali/bengali_blind_wav/177687_zZE9FIXSZMfkvbEl_0060.wav,print dialog box প্রদর্শিত হয়,4.0
/home/abdullahmm/Shivam/subtask2_blindtest_wReadme/bengali/bengali_blind_wav/177687_zZE9FIXSZMfkvbEl_0061.wav,/home/abdullahmm/Shivam/subtask2_blindtest_wReadme/bengali/bengali_blind_wav/177687_zZE9FIXSZMfkvbEl_0061.wav,লক্ষ্য করুন যে জড়িত printer default রূপে নির্বাচিত,5.0
/home/abdullahmm/Shivam/subtask2_blindtest_wReadme/bengali/bengali_blind_wav/177687_zZE9FIXSZMfkvbEl_0062.wav,/home/abdullahmm/Shivam/subtask2_blindtest_wReadme/bengali/bengali_blind_wav/177687_zZE9FIXSZMfkvbEl_0062.wav,এই dialog বাক্সে বিভিন্ন বিকল্প রয়েছে,5.0
/home/abdullahmm/Shivam/subtask2_blindtest_wReadme/bengali/bengali_blind_wav/177687_zZE9FIXSZMfkvbEl_0063.wav,/home/abdullahmm/Shivam/subtask2_blindtest_wReadme/bengali/bengali_blind_wav/177687_zZE9FIXSZMfkvbEl_0063.wav,range পৃষ্ঠার সীমা বাছার অনুমতি দেয়,5.0
/home/abdullahmm/Shivam/subtask2_blindtest_wReadme/bengali/bengali_blind_wav/177687_zZE9FIXSZMfkvbEl_0064.wav,/home/abdullahmm/Shivam/subtask2_blindtest_wReadme/bengali/bengali_blind_wav/177687_zZE9FIXSZMfkvbEl_0064.wav,এখানে range এ কিছু বিকল্প রয়েছে,4.0
/home/abdullahmm/Shivam/subtask2_blindtest_wReadme/bengali/bengali_blind_wav/177687_zZE9FIXSZMfkvbEl_0065.wav,/home/abdullahmm/Shivam/subtask2_blindtest_wReadme/bengali/bengali_blind_wav/177687_zZE9FIXSZMfkvbEl_0065.wav,all pages ডকুমেন্টের সকল পৃষ্ঠা print করে,4.0
/home/abdullahmm/Shivam/subtask2_blindtest_wReadme/bengali/bengali_blind_wav/177687_zZE9FIXSZMfkvbEl_0066.wav,/home/abdullahmm/Shivam/subtask2_blindtest_wReadme/bengali/bengali_blind_wav/177687_zZE9FIXSZMfkvbEl_0066.wav,current page বিকল্প শুধুমাত্র এখনকার নির্বাচিত পৃষ্ঠা print করে,6.0
/home/abdullahmm/Shivam/subtask2_blindtest_wReadme/bengali/bengali_blind_wav/177687_zZE9FIXSZMfkvbEl_0067.wav,/home/abdullahmm/Shivam/subtask2_blindtest_wReadme/bengali/bengali_blind_wav/177687_zZE9FIXSZMfkvbEl_0067.wav,pages বিকল্প আমাদের নির্দিষ্ট বর্ণন অনুযায়ী পৃষ্ঠা prints করে যেমন 3 থেকে 4,9.0
/home/abdullahmm/Shivam/subtask2_blindtest_wReadme/bengali/bengali_blind_wav/177687_zZE9FIXSZMfkvbEl_0068.wav,/home/abdullahmm/Shivam/subtask2_blindtest_wReadme/bengali/bengali_blind_wav/177687_zZE9FIXSZMfkvbEl_0068.wav,এরপর কপিসে উপলব্ধ বিকল্পগুলি দেখি,5.0
/home/abdullahmm/Shivam/subtask2_blindtest_wReadme/bengali/bengali_blind_wav/177687_zZE9FIXSZMfkvbEl_0069.wav,/home/abdullahmm/Shivam/subtask2_blindtest_wReadme/bengali/bengali_blind_wav/177687_zZE9FIXSZMfkvbEl_0069.wav,copies বিকল্পে ইচ্ছেমত print করার কপির সংখ্যা নির্বাচন করি,6.0
/home/abdullahmm/Shivam/subtask2_blindtest_wReadme/bengali/bengali_blind_wav/177687_zZE9FIXSZMfkvbEl_0070.wav,/home/abdullahmm/Shivam/subtask2_blindtest_wReadme/bengali/bengali_blind_wav/177687_zZE9FIXSZMfkvbEl_0070.wav,কপিসে 2 লিখলে এটি নির্বাচিত পৃষ্ঠার দুটি copy print করবে,7.0
/home/abdullahmm/Shivam/subtask2_blindtest_wReadme/bengali/bengali_blind_wav/177687_zZE9FIXSZMfkvbEl_0071.wav,/home/abdullahmm/Shivam/subtask2_blindtest_wReadme/bengali/bengali_blind_wav/177687_zZE9FIXSZMfkvbEl_0071.wav,এখন print বোতামে টিপুন,3.0
/home/abdullahmm/Shivam/subtask2_blindtest_wReadme/bengali/bengali_blind_wav/177687_zZE9FIXSZMfkvbEl_0072.wav,/home/abdullahmm/Shivam/subtask2_blindtest_wReadme/bengali/bengali_blind_wav/177687_zZE9FIXSZMfkvbEl_0072.wav,printer সঠিকভাবে configure করে থাকলে document print হওয়া শুরু হবে,6.0
/home/abdullahmm/Shivam/subtask2_blindtest_wReadme/bengali/bengali_blind_wav/177687_zZE9FIXSZMfkvbEl_0073.wav,/home/abdullahmm/Shivam/subtask2_blindtest_wReadme/bengali/bengali_blind_wav/177687_zZE9FIXSZMfkvbEl_0073.wav,আমরা টিউটোরিয়ালের শেষে চলে এসেছি এখানে শিখেছি,7.0
/home/abdullahmm/Shivam/subtask2_blindtest_wReadme/bengali/bengali_blind_wav/177687_zZE9FIXSZMfkvbEl_0074.wav,/home/abdullahmm/Shivam/subtask2_blindtest_wReadme/bengali/bengali_blind_wav/177687_zZE9FIXSZMfkvbEl_0074.wav,জোড়া প্রিণ্টারের,2.0
/home/abdullahmm/Shivam/subtask2_blindtest_wReadme/bengali/bengali_blind_wav/177687_zZE9FIXSZMfkvbEl_0075.wav,/home/abdullahmm/Shivam/subtask2_blindtest_wReadme/bengali/bengali_blind_wav/177687_zZE9FIXSZMfkvbEl_0075.wav,setting configure করা document,3.0
/home/abdullahmm/Shivam/subtask2_blindtest_wReadme/bengali/bengali_blind_wav/177687_zZE9FIXSZMfkvbEl_0076.wav,/home/abdullahmm/Shivam/subtask2_blindtest_wReadme/bengali/bengali_blind_wav/177687_zZE9FIXSZMfkvbEl_0076.wav,print করা উপলভ্য,2.0
/home/abdullahmm/Shivam/subtask2_blindtest_wReadme/bengali/bengali_blind_wav/177687_zZE9FIXSZMfkvbEl_0077.wav,/home/abdullahmm/Shivam/subtask2_blindtest_wReadme/bengali/bengali_blind_wav/177687_zZE9FIXSZMfkvbEl_0077.wav,উপলব্ধ বিভিন্ন print বিকল্প সম্পর্কে আশা করি,5.0
/home/abdullahmm/Shivam/subtask2_blindtest_wReadme/bengali/bengali_blind_wav/177687_zZE9FIXSZMfkvbEl_0078.wav,/home/abdullahmm/Shivam/subtask2_blindtest_wReadme/bengali/bengali_blind_wav/177687_zZE9FIXSZMfkvbEl_0078.wav,এই তথ্য সহায়ক ছিল,3.0
/home/abdullahmm/Shivam/subtask2_blindtest_wReadme/bengali/bengali_blind_wav/177687_zZE9FIXSZMfkvbEl_0079.wav,/home/abdullahmm/Shivam/subtask2_blindtest_wReadme/bengali/bengali_blind_wav/177687_zZE9FIXSZMfkvbEl_0079.wav,এই link উপলব্ধ video দেখুন,4.0
/home/abdullahmm/Shivam/subtask2_blindtest_wReadme/bengali/bengali_blind_wav/177687_zZE9FIXSZMfkvbEl_0080.wav,/home/abdullahmm/Shivam/subtask2_blindtest_wReadme/bengali/bengali_blind_wav/177687_zZE9FIXSZMfkvbEl_0080.wav,এটি প্রকল্পকে সারসংক্ষেপে বোঝায়,3.0
/home/abdullahmm/Shivam/subtask2_blindtest_wReadme/bengali/bengali_blind_wav/177687_zZE9FIXSZMfkvbEl_0081.wav,/home/abdullahmm/Shivam/subtask2_blindtest_wReadme/bengali/bengali_blind_wav/177687_zZE9FIXSZMfkvbEl_0081.wav,ভাল bandwidth না থাকলে ভিডিওটি download করে দেখুন,5.0
/home/abdullahmm/Shivam/subtask2_blindtest_wReadme/bengali/bengali_blind_wav/177687_zZE9FIXSZMfkvbEl_0082.wav,/home/abdullahmm/Shivam/subtask2_blindtest_wReadme/bengali/bengali_blind_wav/177687_zZE9FIXSZMfkvbEl_0082.wav,spoken tutorial প্রকল্প the কর্মশালার আয়োজন করে,6.0
/home/abdullahmm/Shivam/subtask2_blindtest_wReadme/bengali/bengali_blind_wav/177687_zZE9FIXSZMfkvbEl_0083.wav,/home/abdullahmm/Shivam/subtask2_blindtest_wReadme/bengali/bengali_blind_wav/177687_zZE9FIXSZMfkvbEl_0083.wav,online পরীক্ষা pass করলে প্রশংসাপত্র দেয়,4.0
/home/abdullahmm/Shivam/subtask2_blindtest_wReadme/bengali/bengali_blind_wav/177687_zZE9FIXSZMfkvbEl_0085.wav,/home/abdullahmm/Shivam/subtask2_blindtest_wReadme/bengali/bengali_blind_wav/177687_zZE9FIXSZMfkvbEl_0085.wav,spoken tutorial প্রকল্প talk to a teacher প্রকল্পের অংশবিশেষ,6.0
/home/abdullahmm/Shivam/subtask2_blindtest_wReadme/bengali/bengali_blind_wav/177687_zZE9FIXSZMfkvbEl_0086.wav,/home/abdullahmm/Shivam/subtask2_blindtest_wReadme/bengali/bengali_blind_wav/177687_zZE9FIXSZMfkvbEl_0086.wav,অংশবিশেষ এটি ভারত সরকারের ict mhrd এর,7.0
/home/abdullahmm/Shivam/subtask2_blindtest_wReadme/bengali/bengali_blind_wav/177687_zZE9FIXSZMfkvbEl_0087.wav,/home/abdullahmm/Shivam/subtask2_blindtest_wReadme/bengali/bengali_blind_wav/177687_zZE9FIXSZMfkvbEl_0087.wav,জাতীয় শিক্ষা mission দ্বারা সমর্থিত এই বিষয়ে বিস্তারিত তথ্য এই লিংকে প্রাপ্তিসাধ্য,10.0
/home/abdullahmm/Shivam/subtask2_blindtest_wReadme/bengali/bengali_blind_wav/177687_zZE9FIXSZMfkvbEl_0088.wav,/home/abdullahmm/Shivam/subtask2_blindtest_wReadme/bengali/bengali_blind_wav/177687_zZE9FIXSZMfkvbEl_0088.wav,tutorial দেখার জন্য ধন্যবাদ,4.0
/home/abdullahmm/Shivam/subtask2_blindtest_wReadme/bengali/bengali_blind_wav/177687_zZE9FIXSZMfkvbEl_0089.wav,/home/abdullahmm/Shivam/subtask2_blindtest_wReadme/bengali/bengali_blind_wav/177687_zZE9FIXSZMfkvbEl_0089.wav,আমি কৌশিক দত্ত এই টিউটোরিয়ালটি অনুবাদ করেছি,6.07
/home/abdullahmm/Shivam/subtask2_blindtest_wReadme/bengali/bengali_blind_wav/187849_Oa7UoKZZN1gltnVZ_0000.wav,/home/abdullahmm/Shivam/subtask2_blindtest_wReadme/bengali/bengali_blind_wav/187849_Oa7UoKZZN1gltnVZ_0000.wav,mozilla ফায়ারফক্সে এক্সটেনশনের কথ্য টিউটোরিয়ালে আপনাদের স্বাগত,5.0
/home/abdullahmm/Shivam/subtask2_blindtest_wReadme/bengali/bengali_blind_wav/187849_Oa7UoKZZN1gltnVZ_0001.wav,/home/abdullahmm/Shivam/subtask2_blindtest_wReadme/bengali/bengali_blind_wav/187849_Oa7UoKZZN1gltnVZ_0001.wav,এই টিউটোরিয়ালে আমরা শিখব extension বা addons extension সংস্থাপিত করা প্রস্তাবিত extension,9.0
/home/abdullahmm/Shivam/subtask2_blindtest_wReadme/bengali/bengali_blind_wav/187849_Oa7UoKZZN1gltnVZ_0002.wav,/home/abdullahmm/Shivam/subtask2_blindtest_wReadme/bengali/bengali_blind_wav/187849_Oa7UoKZZN1gltnVZ_0002.wav,এখানে আমরা firefox 7 . 0 ব্যবহার করছি যা ubuntu 10 . 04 এ উপলব্ধ,6.0
/home/abdullahmm/Shivam/subtask2_blindtest_wReadme/bengali/bengali_blind_wav/187849_Oa7UoKZZN1gltnVZ_0003.wav,/home/abdullahmm/Shivam/subtask2_blindtest_wReadme/bengali/bengali_blind_wav/187849_Oa7UoKZZN1gltnVZ_0003.wav,এখন firefox browser খুলি,3.0
/home/abdullahmm/Shivam/subtask2_blindtest_wReadme/bengali/bengali_blind_wav/187849_Oa7UoKZZN1gltnVZ_0004.wav,/home/abdullahmm/Shivam/subtask2_blindtest_wReadme/bengali/bengali_blind_wav/187849_Oa7UoKZZN1gltnVZ_0004.wav,defaultরূপে yahoo home page খোলে,4.0
/home/abdullahmm/Shivam/subtask2_blindtest_wReadme/bengali/bengali_blind_wav/187849_Oa7UoKZZN1gltnVZ_0005.wav,/home/abdullahmm/Shivam/subtask2_blindtest_wReadme/bengali/bengali_blind_wav/187849_Oa7UoKZZN1gltnVZ_0005.wav,extension বা add ons কি,2.0
/home/abdullahmm/Shivam/subtask2_blindtest_wReadme/bengali/bengali_blind_wav/187849_Oa7UoKZZN1gltnVZ_0006.wav,/home/abdullahmm/Shivam/subtask2_blindtest_wReadme/bengali/bengali_blind_wav/187849_Oa7UoKZZN1gltnVZ_0006.wav,extension আপনাকে,2.0
/home/abdullahmm/Shivam/subtask2_blindtest_wReadme/bengali/bengali_blind_wav/187849_Oa7UoKZZN1gltnVZ_0007.wav,/home/abdullahmm/Shivam/subtask2_blindtest_wReadme/bengali/bengali_blind_wav/187849_Oa7UoKZZN1gltnVZ_0007.wav,firefox ব্রাউজারে নতুন বৈশিষ্ট্য যোগ করা,4.0
/home/abdullahmm/Shivam/subtask2_blindtest_wReadme/bengali/bengali_blind_wav/187849_Oa7UoKZZN1gltnVZ_0008.wav,/home/abdullahmm/Shivam/subtask2_blindtest_wReadme/bengali/bengali_blind_wav/187849_Oa7UoKZZN1gltnVZ_0008.wav,বিদ্যমান বৈশিষ্ট্য উন্নত,2.0
/home/abdullahmm/Shivam/subtask2_blindtest_wReadme/bengali/bengali_blind_wav/187849_Oa7UoKZZN1gltnVZ_0009.wav,/home/abdullahmm/Shivam/subtask2_blindtest_wReadme/bengali/bengali_blind_wav/187849_Oa7UoKZZN1gltnVZ_0009.wav,এছাড়া পছন্দ অনুযায়ী firefox browser customize করার অনুমতি দেয়,5.0
/home/abdullahmm/Shivam/subtask2_blindtest_wReadme/bengali/bengali_blind_wav/187849_Oa7UoKZZN1gltnVZ_0010.wav,/home/abdullahmm/Shivam/subtask2_blindtest_wReadme/bengali/bengali_blind_wav/187849_Oa7UoKZZN1gltnVZ_0010.wav,extension firefox ব্রাউজারের একটি ons,3.0
/home/abdullahmm/Shivam/subtask2_blindtest_wReadme/bengali/bengali_blind_wav/187849_Oa7UoKZZN1gltnVZ_0011.wav,/home/abdullahmm/Shivam/subtask2_blindtest_wReadme/bengali/bengali_blind_wav/187849_Oa7UoKZZN1gltnVZ_0011.wav,এবং ব্রাউজারের ক্ষমতা প্রসারিত করে,3.0
/home/abdullahmm/Shivam/subtask2_blindtest_wReadme/bengali/bengali_blind_wav/187849_Oa7UoKZZN1gltnVZ_0012.wav,/home/abdullahmm/Shivam/subtask2_blindtest_wReadme/bengali/bengali_blind_wav/187849_Oa7UoKZZN1gltnVZ_0012.wav,আপনি extension install করতে পারেন যা,3.0
/home/abdullahmm/Shivam/subtask2_blindtest_wReadme/bengali/bengali_blind_wav/187849_Oa7UoKZZN1gltnVZ_0013.wav,/home/abdullahmm/Shivam/subtask2_blindtest_wReadme/bengali/bengali_blind_wav/187849_Oa7UoKZZN1gltnVZ_0013.wav,বিজ্ঞাপন বা popup block করে,3.0
/home/abdullahmm/Shivam/subtask2_blindtest_wReadme/bengali/bengali_blind_wav/187849_Oa7UoKZZN1gltnVZ_0014.wav,/home/abdullahmm/Shivam/subtask2_blindtest_wReadme/bengali/bengali_blind_wav/187849_Oa7UoKZZN1gltnVZ_0014.wav,পণ্যের মূল্য তুলনা করে,2.0
/home/abdullahmm/Shivam/subtask2_blindtest_wReadme/bengali/bengali_blind_wav/187849_Oa7UoKZZN1gltnVZ_0015.wav,/home/abdullahmm/Shivam/subtask2_blindtest_wReadme/bengali/bengali_blind_wav/187849_Oa7UoKZZN1gltnVZ_0015.wav,এবং এমনকি আবহাওয়ার update ও প্রদর্শন করে,4.0
/home/abdullahmm/Shivam/subtask2_blindtest_wReadme/bengali/bengali_blind_wav/187849_Oa7UoKZZN1gltnVZ_0016.wav,/home/abdullahmm/Shivam/subtask2_blindtest_wReadme/bengali/bengali_blind_wav/187849_Oa7UoKZZN1gltnVZ_0016.wav,grab and drag extension সংস্থাপিত করি,3.0
/home/abdullahmm/Shivam/subtask2_blindtest_wReadme/bengali/bengali_blind_wav/187849_Oa7UoKZZN1gltnVZ_0017.wav,/home/abdullahmm/Shivam/subtask2_blindtest_wReadme/bengali/bengali_blind_wav/187849_Oa7UoKZZN1gltnVZ_0017.wav,grab and drag আপনাকে ভিন্ন উপায়ে web page scroll করতে দেয়,4.0
/home/abdullahmm/Shivam/subtask2_blindtest_wReadme/bengali/bengali_blind_wav/187849_Oa7UoKZZN1gltnVZ_0018.wav,/home/abdullahmm/Shivam/subtask2_blindtest_wReadme/bengali/bengali_blind_wav/187849_Oa7UoKZZN1gltnVZ_0018.wav,এটি adobe acrobat এ grab and drag ফাংশনের অনুরূপ,5.0
/home/abdullahmm/Shivam/subtask2_blindtest_wReadme/bengali/bengali_blind_wav/187849_Oa7UoKZZN1gltnVZ_0019.wav,/home/abdullahmm/Shivam/subtask2_blindtest_wReadme/bengali/bengali_blind_wav/187849_Oa7UoKZZN1gltnVZ_0019.wav,menu bar থেকে tools এবং addons এ টিপুন,4.0
/home/abdullahmm/Shivam/subtask2_blindtest_wReadme/bengali/bengali_blind_wav/187849_Oa7UoKZZN1gltnVZ_0020.wav,/home/abdullahmm/Shivam/subtask2_blindtest_wReadme/bengali/bengali_blind_wav/187849_Oa7UoKZZN1gltnVZ_0020.wav,এখন addons manager tab খোলে,4.0
/home/abdullahmm/Shivam/subtask2_blindtest_wReadme/bengali/bengali_blind_wav/187849_Oa7UoKZZN1gltnVZ_0021.wav,/home/abdullahmm/Shivam/subtask2_blindtest_wReadme/bengali/bengali_blind_wav/187849_Oa7UoKZZN1gltnVZ_0021.wav,বিকল্পিতরূপে addons manager tab খুলতে আপনি ctrl + shift + a key একসাথেও টিপতে পারেন,8.0
/home/abdullahmm/Shivam/subtask2_blindtest_wReadme/bengali/bengali_blind_wav/187849_Oa7UoKZZN1gltnVZ_0022.wav,/home/abdullahmm/Shivam/subtask2_blindtest_wReadme/bengali/bengali_blind_wav/187849_Oa7UoKZZN1gltnVZ_0022.wav,addons manager এ বাম panel উপলব্ধ বিকল্পগুলি প্রদর্শন করে,6.0
/home/abdullahmm/Shivam/subtask2_blindtest_wReadme/bengali/bengali_blind_wav/187849_Oa7UoKZZN1gltnVZ_0023.wav,/home/abdullahmm/Shivam/subtask2_blindtest_wReadme/bengali/bengali_blind_wav/187849_Oa7UoKZZN1gltnVZ_0023.wav,লক্ষ্য করুন default রূপে get addons বিকল্প নির্বাচিত,5.0
/home/abdullahmm/Shivam/subtask2_blindtest_wReadme/bengali/bengali_blind_wav/187849_Oa7UoKZZN1gltnVZ_0024.wav,/home/abdullahmm/Shivam/subtask2_blindtest_wReadme/bengali/bengali_blind_wav/187849_Oa7UoKZZN1gltnVZ_0024.wav,ডান panel বাম panel নির্বাচিত বিকল্পের জন্য তথ্য প্রদর্শন করে,6.0
/home/abdullahmm/Shivam/subtask2_blindtest_wReadme/bengali/bengali_blind_wav/187849_Oa7UoKZZN1gltnVZ_0025.wav,/home/abdullahmm/Shivam/subtask2_blindtest_wReadme/bengali/bengali_blind_wav/187849_Oa7UoKZZN1gltnVZ_0025.wav,সুতরাং ডান panel addons সংজ্ঞায়িত করে এবং addons এর সাথে শুরু করার ব্যাপারে বলে,6.0
/home/abdullahmm/Shivam/subtask2_blindtest_wReadme/bengali/bengali_blind_wav/187849_Oa7UoKZZN1gltnVZ_0026.wav,/home/abdullahmm/Shivam/subtask2_blindtest_wReadme/bengali/bengali_blind_wav/187849_Oa7UoKZZN1gltnVZ_0026.wav,এটি আরো কিছু addons এর তালিকা দেয় যা সংস্থাপিত করতে পারেন,4.0
/home/abdullahmm/Shivam/subtask2_blindtest_wReadme/bengali/bengali_blind_wav/187849_Oa7UoKZZN1gltnVZ_0027.wav,/home/abdullahmm/Shivam/subtask2_blindtest_wReadme/bengali/bengali_blind_wav/187849_Oa7UoKZZN1gltnVZ_0027.wav,এখন নতুন addon grab and drag সংস্থাপিত করব,4.0
/home/abdullahmm/Shivam/subtask2_blindtest_wReadme/bengali/bengali_blind_wav/187849_Oa7UoKZZN1gltnVZ_0028.wav,/home/abdullahmm/Shivam/subtask2_blindtest_wReadme/bengali/bengali_blind_wav/187849_Oa7UoKZZN1gltnVZ_0028.wav,প্রথমে উপরে ডানদিকে অবস্থিত search বারে grab and drag লিখুন enter টিপুন,9.0
/home/abdullahmm/Shivam/subtask2_blindtest_wReadme/bengali/bengali_blind_wav/187849_Oa7UoKZZN1gltnVZ_0029.wav,/home/abdullahmm/Shivam/subtask2_blindtest_wReadme/bengali/bengali_blind_wav/187849_Oa7UoKZZN1gltnVZ_0029.wav,ডান panel এখন addons এর তালিকা বানায় যা আমাদের দ্বারা অন্বেষিত নামের সাথে মেলে,6.0
/home/abdullahmm/Shivam/subtask2_blindtest_wReadme/bengali/bengali_blind_wav/187849_Oa7UoKZZN1gltnVZ_0030.wav,/home/abdullahmm/Shivam/subtask2_blindtest_wReadme/bengali/bengali_blind_wav/187849_Oa7UoKZZN1gltnVZ_0030.wav,এছাড়াও লক্ষ্য করুন যে সকল addons যার শিরোনামে drag শব্দটি রয়েছে তা প্রদর্শিত হয়েছে,6.0
/home/abdullahmm/Shivam/subtask2_blindtest_wReadme/bengali/bengali_blind_wav/187849_Oa7UoKZZN1gltnVZ_0031.wav,/home/abdullahmm/Shivam/subtask2_blindtest_wReadme/bengali/bengali_blind_wav/187849_Oa7UoKZZN1gltnVZ_0031.wav,লক্ষ্য করুন যে তালিকায় প্রথম name grab and drag একটি সঠিক মিল,6.0
/home/abdullahmm/Shivam/subtask2_blindtest_wReadme/bengali/bengali_blind_wav/187849_Oa7UoKZZN1gltnVZ_0032.wav,/home/abdullahmm/Shivam/subtask2_blindtest_wReadme/bengali/bengali_blind_wav/187849_Oa7UoKZZN1gltnVZ_0032.wav,install এ টিপুন,2.0
/home/abdullahmm/Shivam/subtask2_blindtest_wReadme/bengali/bengali_blind_wav/187849_Oa7UoKZZN1gltnVZ_0033.wav,/home/abdullahmm/Shivam/subtask2_blindtest_wReadme/bengali/bengali_blind_wav/187849_Oa7UoKZZN1gltnVZ_0033.wav,অধিকাংশ সফটওয়্যারের মতো কিছু addons এ enduser license agreements ও থাকতে পারে,7.0
/home/abdullahmm/Shivam/subtask2_blindtest_wReadme/bengali/bengali_blind_wav/187849_Oa7UoKZZN1gltnVZ_0034.wav,/home/abdullahmm/Shivam/subtask2_blindtest_wReadme/bengali/bengali_blind_wav/187849_Oa7UoKZZN1gltnVZ_0034.wav,end user license agreement dialog box এ accept and install এ টিপুন,6.0
/home/abdullahmm/Shivam/subtask2_blindtest_wReadme/bengali/bengali_blind_wav/187849_Oa7UoKZZN1gltnVZ_0035.wav,/home/abdullahmm/Shivam/subtask2_blindtest_wReadme/bengali/bengali_blind_wav/187849_Oa7UoKZZN1gltnVZ_0035.wav,এখন addon downloading প্রগতি bar প্রদর্শিত হয়,5.0
/home/abdullahmm/Shivam/subtask2_blindtest_wReadme/bengali/bengali_blind_wav/187849_Oa7UoKZZN1gltnVZ_0036.wav,/home/abdullahmm/Shivam/subtask2_blindtest_wReadme/bengali/bengali_blind_wav/187849_Oa7UoKZZN1gltnVZ_0036.wav,এরপর একটি message addon will be ins,4.0
/home/abdullahmm/Shivam/subtask2_blindtest_wReadme/bengali/bengali_blind_wav/187849_Oa7UoKZZN1gltnVZ_0037.wav,/home/abdullahmm/Shivam/subtask2_blindtest_wReadme/bengali/bengali_blind_wav/187849_Oa7UoKZZN1gltnVZ_0037.wav,after you restart firefox প্রদর্শিত হয়,4.0
/home/abdullahmm/Shivam/subtask2_blindtest_wReadme/bengali/bengali_blind_wav/187849_Oa7UoKZZN1gltnVZ_0038.wav,/home/abdullahmm/Shivam/subtask2_blindtest_wReadme/bengali/bengali_blind_wav/187849_Oa7UoKZZN1gltnVZ_0038.wav,restart now তে টিপুন,3.0
/home/abdullahmm/Shivam/subtask2_blindtest_wReadme/bengali/bengali_blind_wav/187849_Oa7UoKZZN1gltnVZ_0039.wav,/home/abdullahmm/Shivam/subtask2_blindtest_wReadme/bengali/bengali_blind_wav/187849_Oa7UoKZZN1gltnVZ_0039.wav,firefox browser বন্ধ হয়ে আবার খোলে,4.0
/home/abdullahmm/Shivam/subtask2_blindtest_wReadme/bengali/bengali_blind_wav/187849_Oa7UoKZZN1gltnVZ_0040.wav,/home/abdullahmm/Shivam/subtask2_blindtest_wReadme/bengali/bengali_blind_wav/187849_Oa7UoKZZN1gltnVZ_0040.wav,addons manager একটি নতুন tab খোলে,4.0
/home/abdullahmm/Shivam/subtask2_blindtest_wReadme/bengali/bengali_blind_wav/187849_Oa7UoKZZN1gltnVZ_0041.wav,/home/abdullahmm/Shivam/subtask2_blindtest_wReadme/bengali/bengali_blind_wav/187849_Oa7UoKZZN1gltnVZ_0041.wav,লক্ষ্য করুন grab and drag extension extension ট্যাবের ডানদিকের panel প্রদর্শিত হয়েছে,6.0
/home/abdullahmm/Shivam/subtask2_blindtest_wReadme/bengali/bengali_blind_wav/187849_Oa7UoKZZN1gltnVZ_0042.wav,/home/abdullahmm/Shivam/subtask2_blindtest_wReadme/bengali/bengali_blind_wav/187849_Oa7UoKZZN1gltnVZ_0042.wav,পূর্ববর্তী ধাপগুলি অনুসরণ করে অন্য extension scrap book সংস্থাপিত করুন,7.0
/home/abdullahmm/Shivam/subtask2_blindtest_wReadme/bengali/bengali_blind_wav/187849_Oa7UoKZZN1gltnVZ_0043.wav,/home/abdullahmm/Shivam/subtask2_blindtest_wReadme/bengali/bengali_blind_wav/187849_Oa7UoKZZN1gltnVZ_0043.wav,scrap book web page সংগ্রহকে সংরক্ষণ ও পরিচালনা করার অনুমতি দেয়,6.0
/home/abdullahmm/Shivam/subtask2_blindtest_wReadme/bengali/bengali_blind_wav/187849_Oa7UoKZZN1gltnVZ_0044.wav,/home/abdullahmm/Shivam/subtask2_blindtest_wReadme/bengali/bengali_blind_wav/187849_Oa7UoKZZN1gltnVZ_0044.wav,লক্ষ্য করুন installation প্রগতি bar এবং restart firefox আলাদাভাবে প্রদর্শিত হয় না,9.0
/home/abdullahmm/Shivam/subtask2_blindtest_wReadme/bengali/bengali_blind_wav/187849_Oa7UoKZZN1gltnVZ_0045.wav,/home/abdullahmm/Shivam/subtask2_blindtest_wReadme/bengali/bengali_blind_wav/187849_Oa7UoKZZN1gltnVZ_0045.wav,তারা scrap book বারে প্রদর্শিত হয়েছে,3.0
/home/abdullahmm/Shivam/subtask2_blindtest_wReadme/bengali/bengali_blind_wav/187849_Oa7UoKZZN1gltnVZ_0046.wav,/home/abdullahmm/Shivam/subtask2_blindtest_wReadme/bengali/bengali_blind_wav/187849_Oa7UoKZZN1gltnVZ_0046.wav,এখন restart নাওতে টিপুন,4.0
/home/abdullahmm/Shivam/subtask2_blindtest_wReadme/bengali/bengali_blind_wav/187849_Oa7UoKZZN1gltnVZ_0047.wav,/home/abdullahmm/Shivam/subtask2_blindtest_wReadme/bengali/bengali_blind_wav/187849_Oa7UoKZZN1gltnVZ_0047.wav,scrap book ফায়ারফক্সে সংস্থাপিত হয়েছে,4.0
/home/abdullahmm/Shivam/subtask2_blindtest_wReadme/bengali/bengali_blind_wav/187849_Oa7UoKZZN1gltnVZ_0048.wav,/home/abdullahmm/Shivam/subtask2_blindtest_wReadme/bengali/bengali_blind_wav/187849_Oa7UoKZZN1gltnVZ_0048.wav,এখন টিউটোরিয়ালটি থামিয়ে নির্দেশিত কাজটি করুন,4.0
/home/abdullahmm/Shivam/subtask2_blindtest_wReadme/bengali/bengali_blind_wav/187849_Oa7UoKZZN1gltnVZ_0049.wav,/home/abdullahmm/Shivam/subtask2_blindtest_wReadme/bengali/bengali_blind_wav/187849_Oa7UoKZZN1gltnVZ_0049.wav,firefox ব্রাউজারে addons manager খুলুন,4.0
/home/abdullahmm/Shivam/subtask2_blindtest_wReadme/bengali/bengali_blind_wav/187849_Oa7UoKZZN1gltnVZ_0050.wav,/home/abdullahmm/Shivam/subtask2_blindtest_wReadme/bengali/bengali_blind_wav/187849_Oa7UoKZZN1gltnVZ_0050.wav,get addons বিকল্পে featured addons এর তালিকা থেকে একটি নতুন addon সংস্থাপিত করুন,7.0
/home/abdullahmm/Shivam/subtask2_blindtest_wReadme/bengali/bengali_blind_wav/187849_Oa7UoKZZN1gltnVZ_0051.wav,/home/abdullahmm/Shivam/subtask2_blindtest_wReadme/bengali/bengali_blind_wav/187849_Oa7UoKZZN1gltnVZ_0051.wav,addons manager এ extensions বিকল্পগুলি ব্যবহার,4.0
/home/abdullahmm/Shivam/subtask2_blindtest_wReadme/bengali/bengali_blind_wav/187849_Oa7UoKZZN1gltnVZ_0052.wav,/home/abdullahmm/Shivam/subtask2_blindtest_wReadme/bengali/bengali_blind_wav/187849_Oa7UoKZZN1gltnVZ_0052.wav,আপনি তাদের যোগ করা মুছে ফেলা,3.0
/home/abdullahmm/Shivam/subtask2_blindtest_wReadme/bengali/bengali_blind_wav/187849_Oa7UoKZZN1gltnVZ_0053.wav,/home/abdullahmm/Shivam/subtask2_blindtest_wReadme/bengali/bengali_blind_wav/187849_Oa7UoKZZN1gltnVZ_0053.wav,বা update করতে পারেন,2.0
/home/abdullahmm/Shivam/subtask2_blindtest_wReadme/bengali/bengali_blind_wav/187849_Oa7UoKZZN1gltnVZ_0054.wav,/home/abdullahmm/Shivam/subtask2_blindtest_wReadme/bengali/bengali_blind_wav/187849_Oa7UoKZZN1gltnVZ_0054.wav,ফায়ারফক্স browser এ addons manager ট্যাবে টিপুন,5.0
/home/abdullahmm/Shivam/subtask2_blindtest_wReadme/bengali/bengali_blind_wav/187849_Oa7UoKZZN1gltnVZ_0055.wav,/home/abdullahmm/Shivam/subtask2_blindtest_wReadme/bengali/bengali_blind_wav/187849_Oa7UoKZZN1gltnVZ_0055.wav,বাম panel থেকে এক্সটেনশনে টিপুন,3.0
/home/abdullahmm/Shivam/subtask2_blindtest_wReadme/bengali/bengali_blind_wav/187849_Oa7UoKZZN1gltnVZ_0056.wav,/home/abdullahmm/Shivam/subtask2_blindtest_wReadme/bengali/bengali_blind_wav/187849_Oa7UoKZZN1gltnVZ_0056.wav,ডান panel এখন আপনার কম্পিউটারে সংস্থাপিত করা extension প্রদর্শন করে,6.0
/home/abdullahmm/Shivam/subtask2_blindtest_wReadme/bengali/bengali_blind_wav/187849_Oa7UoKZZN1gltnVZ_0057.wav,/home/abdullahmm/Shivam/subtask2_blindtest_wReadme/bengali/bengali_blind_wav/187849_Oa7UoKZZN1gltnVZ_0057.wav,scrap book সম্পর্কে অধিক জানতে এটি নির্বাচন করে moreএ টিপুন,5.0
/home/abdullahmm/Shivam/subtask2_blindtest_wReadme/bengali/bengali_blind_wav/187849_Oa7UoKZZN1gltnVZ_0058.wav,/home/abdullahmm/Shivam/subtask2_blindtest_wReadme/bengali/bengali_blind_wav/187849_Oa7UoKZZN1gltnVZ_0058.wav,scrap book সম্পর্কে বিশদ বিবরণ প্রদর্শিত হয়েছে,4.0
/home/abdullahmm/Shivam/subtask2_blindtest_wReadme/bengali/bengali_blind_wav/187849_Oa7UoKZZN1gltnVZ_0059.wav,/home/abdullahmm/Shivam/subtask2_blindtest_wReadme/bengali/bengali_blind_wav/187849_Oa7UoKZZN1gltnVZ_0059.wav,extension সম্পর্কে সব জানতে website লিঙ্কে টিপুন,4.0
/home/abdullahmm/Shivam/subtask2_blindtest_wReadme/bengali/bengali_blind_wav/187849_Oa7UoKZZN1gltnVZ_0060.wav,/home/abdullahmm/Shivam/subtask2_blindtest_wReadme/bengali/bengali_blind_wav/187849_Oa7UoKZZN1gltnVZ_0060.wav,এখন বাম panel থেকে extensions বিকল্পে টিপুন,5.0
/home/abdullahmm/Shivam/subtask2_blindtest_wReadme/bengali/bengali_blind_wav/187849_Oa7UoKZZN1gltnVZ_0061.wav,/home/abdullahmm/Shivam/subtask2_blindtest_wReadme/bengali/bengali_blind_wav/187849_Oa7UoKZZN1gltnVZ_0061.wav,প্রতিটি এক্সটেনশনের জন্য preferences set করতে পারেন তা নিষ্ক্রিয় বা মুছে ফেলতে পারেন,6.0
/home/abdullahmm/Shivam/subtask2_blindtest_wReadme/bengali/bengali_blind_wav/187849_Oa7UoKZZN1gltnVZ_0062.wav,/home/abdullahmm/Shivam/subtask2_blindtest_wReadme/bengali/bengali_blind_wav/187849_Oa7UoKZZN1gltnVZ_0062.wav,grab and drag নির্বাচন করে প্রেফারেন্সেসে টিপুন,3.0
/home/abdullahmm/Shivam/subtask2_blindtest_wReadme/bengali/bengali_blind_wav/187849_Oa7UoKZZN1gltnVZ_0063.wav,/home/abdullahmm/Shivam/subtask2_blindtest_wReadme/bengali/bengali_blind_wav/187849_Oa7UoKZZN1gltnVZ_0063.wav,এই dialog box ব্যবহার করে preferences set করতে পারেন,4.0
/home/abdullahmm/Shivam/subtask2_blindtest_wReadme/bengali/bengali_blind_wav/187849_Oa7UoKZZN1gltnVZ_0064.wav,/home/abdullahmm/Shivam/subtask2_blindtest_wReadme/bengali/bengali_blind_wav/187849_Oa7UoKZZN1gltnVZ_0064.wav,dialog box বন্ধ করতে cancel এ টিপুন,4.0
/home/abdullahmm/Shivam/subtask2_blindtest_wReadme/bengali/bengali_blind_wav/187849_Oa7UoKZZN1gltnVZ_0065.wav,/home/abdullahmm/Shivam/subtask2_blindtest_wReadme/bengali/bengali_blind_wav/187849_Oa7UoKZZN1gltnVZ_0065.wav,scrap book নির্বাচন করে প্রেফারেন্সেসে টিপুন,4.0
/home/abdullahmm/Shivam/subtask2_blindtest_wReadme/bengali/bengali_blind_wav/187849_Oa7UoKZZN1gltnVZ_0066.wav,/home/abdullahmm/Shivam/subtask2_blindtest_wReadme/bengali/bengali_blind_wav/187849_Oa7UoKZZN1gltnVZ_0066.wav,লক্ষ্য করুন যে scrap book options dialog box grab and drag preferences dialog box থেকে ভিন্ন,8.0
/home/abdullahmm/Shivam/subtask2_blindtest_wReadme/bengali/bengali_blind_wav/187849_Oa7UoKZZN1gltnVZ_0067.wav,/home/abdullahmm/Shivam/subtask2_blindtest_wReadme/bengali/bengali_blind_wav/187849_Oa7UoKZZN1gltnVZ_0067.wav,প্রতিটি এক্সটেনশনের ভিন্ন settings যা বদলানো যেতে পারে,4.0
/home/abdullahmm/Shivam/subtask2_blindtest_wReadme/bengali/bengali_blind_wav/187849_Oa7UoKZZN1gltnVZ_0068.wav,/home/abdullahmm/Shivam/subtask2_blindtest_wReadme/bengali/bengali_blind_wav/187849_Oa7UoKZZN1gltnVZ_0068.wav,যদি একটি এক্সটেনশনের জন্য preferences button দৃশ্যমান না হয়,4.0
/home/abdullahmm/Shivam/subtask2_blindtest_wReadme/bengali/bengali_blind_wav/187849_Oa7UoKZZN1gltnVZ_0069.wav,/home/abdullahmm/Shivam/subtask2_blindtest_wReadme/bengali/bengali_blind_wav/187849_Oa7UoKZZN1gltnVZ_0069.wav,এর অর্থ এর জন্য কোনো preferences নেই,4.0
/home/abdullahmm/Shivam/subtask2_blindtest_wReadme/bengali/bengali_blind_wav/187849_Oa7UoKZZN1gltnVZ_0070.wav,/home/abdullahmm/Shivam/subtask2_blindtest_wReadme/bengali/bengali_blind_wav/187849_Oa7UoKZZN1gltnVZ_0070.wav,scrap book option dialog box এ বন্ধ করতে ক্লোজে টিপুন,5.0
/home/abdullahmm/Shivam/subtask2_blindtest_wReadme/bengali/bengali_blind_wav/187849_Oa7UoKZZN1gltnVZ_0071.wav,/home/abdullahmm/Shivam/subtask2_blindtest_wReadme/bengali/bengali_blind_wav/187849_Oa7UoKZZN1gltnVZ_0071.wav,অধিকাংশ সফটওয়্যারের মতো addonsও নিয়মিত update করা হয়,5.0
/home/abdullahmm/Shivam/subtask2_blindtest_wReadme/bengali/bengali_blind_wav/187849_Oa7UoKZZN1gltnVZ_0072.wav,/home/abdullahmm/Shivam/subtask2_blindtest_wReadme/bengali/bengali_blind_wav/187849_Oa7UoKZZN1gltnVZ_0072.wav,scrap book update করতে এটি নির্বাচন করে right click করে find updates এ টিপুন,6.0
/home/abdullahmm/Shivam/subtask2_blindtest_wReadme/bengali/bengali_blind_wav/187849_Oa7UoKZZN1gltnVZ_0073.wav,/home/abdullahmm/Shivam/subtask2_blindtest_wReadme/bengali/bengali_blind_wav/187849_Oa7UoKZZN1gltnVZ_0073.wav,যদি update পাওয়া যায় তাহলে update button প্রদর্শিত হয়,5.0
/home/abdullahmm/Shivam/subtask2_blindtest_wReadme/bengali/bengali_blind_wav/187849_Oa7UoKZZN1gltnVZ_0074.wav,/home/abdullahmm/Shivam/subtask2_blindtest_wReadme/bengali/bengali_blind_wav/187849_Oa7UoKZZN1gltnVZ_0074.wav,addon update করতে এর উপর টিপুন,5.0
/home/abdullahmm/Shivam/subtask2_blindtest_wReadme/bengali/bengali_blind_wav/187849_Oa7UoKZZN1gltnVZ_0075.wav,/home/abdullahmm/Shivam/subtask2_blindtest_wReadme/bengali/bengali_blind_wav/187849_Oa7UoKZZN1gltnVZ_0075.wav,scrap বুকের update না থাকায় update button প্রদর্শিত হয় না,4.0
/home/abdullahmm/Shivam/subtask2_blindtest_wReadme/bengali/bengali_blind_wav/187849_Oa7UoKZZN1gltnVZ_0076.wav,/home/abdullahmm/Shivam/subtask2_blindtest_wReadme/bengali/bengali_blind_wav/187849_Oa7UoKZZN1gltnVZ_0076.wav,অবশেষে আপনি extension ব্যবহার করতে না চাইলে disable button এ টিপুন,7.0
/home/abdullahmm/Shivam/subtask2_blindtest_wReadme/bengali/bengali_blind_wav/187849_Oa7UoKZZN1gltnVZ_0077.wav,/home/abdullahmm/Shivam/subtask2_blindtest_wReadme/bengali/bengali_blind_wav/187849_Oa7UoKZZN1gltnVZ_0077.wav,এবং computer থেকে extension মুছে ফেলতে remove এ টিপুন,5.0
/home/abdullahmm/Shivam/subtask2_blindtest_wReadme/bengali/bengali_blind_wav/187849_Oa7UoKZZN1gltnVZ_0078.wav,/home/abdullahmm/Shivam/subtask2_blindtest_wReadme/bengali/bengali_blind_wav/187849_Oa7UoKZZN1gltnVZ_0078.wav,আমরা extension সম্পর্কে সব শিখেছি,3.0
/home/abdullahmm/Shivam/subtask2_blindtest_wReadme/bengali/bengali_blind_wav/187849_Oa7UoKZZN1gltnVZ_0079.wav,/home/abdullahmm/Shivam/subtask2_blindtest_wReadme/bengali/bengali_blind_wav/187849_Oa7UoKZZN1gltnVZ_0079.wav,এখন আপনি ফায়ারফক্সে আরো বৈশিষ্ট্য যুক্ত করে কাজগুলি কার্যকর করতে extension ব্যবহার করতে পারেন,7.0
/home/abdullahmm/Shivam/subtask2_blindtest_wReadme/bengali/bengali_blind_wav/187849_Oa7UoKZZN1gltnVZ_0080.wav,/home/abdullahmm/Shivam/subtask2_blindtest_wReadme/bengali/bengali_blind_wav/187849_Oa7UoKZZN1gltnVZ_0080.wav,একাধিক add ons সম্পর্কে জানতে get add ons বিকল্প ব্যবহার করতে পারেন,5.0
/home/abdullahmm/Shivam/subtask2_blindtest_wReadme/bengali/bengali_blind_wav/187849_Oa7UoKZZN1gltnVZ_0081.wav,/home/abdullahmm/Shivam/subtask2_blindtest_wReadme/bengali/bengali_blind_wav/187849_Oa7UoKZZN1gltnVZ_0081.wav,এরপর সবচেয়ে উপযোগী বা প্রাসঙ্গিক addon নির্বাচন করে তা সংস্থাপিত করতে পারেন,6.0
/home/abdullahmm/Shivam/subtask2_blindtest_wReadme/bengali/bengali_blind_wav/187849_Oa7UoKZZN1gltnVZ_0082.wav,/home/abdullahmm/Shivam/subtask2_blindtest_wReadme/bengali/bengali_blind_wav/187849_Oa7UoKZZN1gltnVZ_0082.wav,firefox extensions সম্পর্কে অধিক জানতে firefox ওয়েবসাইটে দেখুন,7.0
/home/abdullahmm/Shivam/subtask2_blindtest_wReadme/bengali/bengali_blind_wav/187849_Oa7UoKZZN1gltnVZ_0083.wav,/home/abdullahmm/Shivam/subtask2_blindtest_wReadme/bengali/bengali_blind_wav/187849_Oa7UoKZZN1gltnVZ_0083.wav,আমরা tutorial শেষে চলে এসেছি,3.0
/home/abdullahmm/Shivam/subtask2_blindtest_wReadme/bengali/bengali_blind_wav/187849_Oa7UoKZZN1gltnVZ_0084.wav,/home/abdullahmm/Shivam/subtask2_blindtest_wReadme/bengali/bengali_blind_wav/187849_Oa7UoKZZN1gltnVZ_0084.wav,এই টিউটোরিয়ালে আমরা extension extension সংস্থাপিত করা প্রস্তাবিত extension সম্পর্কে শিখেছি,8.0
/home/abdullahmm/Shivam/subtask2_blindtest_wReadme/bengali/bengali_blind_wav/187849_Oa7UoKZZN1gltnVZ_0085.wav,/home/abdullahmm/Shivam/subtask2_blindtest_wReadme/bengali/bengali_blind_wav/187849_Oa7UoKZZN1gltnVZ_0085.wav,এখন নির্দেশিত কাজ,3.0
/home/abdullahmm/Shivam/subtask2_blindtest_wReadme/bengali/bengali_blind_wav/187849_Oa7UoKZZN1gltnVZ_0086.wav,/home/abdullahmm/Shivam/subtask2_blindtest_wReadme/bengali/bengali_blind_wav/187849_Oa7UoKZZN1gltnVZ_0086.wav,web mail notifier extension খুঁজুন এবং,4.0
/home/abdullahmm/Shivam/subtask2_blindtest_wReadme/bengali/bengali_blind_wav/187849_Oa7UoKZZN1gltnVZ_0087.wav,/home/abdullahmm/Shivam/subtask2_blindtest_wReadme/bengali/bengali_blind_wav/187849_Oa7UoKZZN1gltnVZ_0087.wav,কম্পিউটারে এটি সংস্থাপিত করুন,3.0
/home/abdullahmm/Shivam/subtask2_blindtest_wReadme/bengali/bengali_blind_wav/187849_Oa7UoKZZN1gltnVZ_0088.wav,/home/abdullahmm/Shivam/subtask2_blindtest_wReadme/bengali/bengali_blind_wav/187849_Oa7UoKZZN1gltnVZ_0088.wav,এই এক্সটেনশনের বৈশিষ্ট্য সম্পর্কে জানতে এবং আপনার mail account থেকে অপঠিত mail check করতে এর ব্যবহার কিভাবে করে,9.0
/home/abdullahmm/Shivam/subtask2_blindtest_wReadme/bengali/bengali_blind_wav/187849_Oa7UoKZZN1gltnVZ_0089.wav,/home/abdullahmm/Shivam/subtask2_blindtest_wReadme/bengali/bengali_blind_wav/187849_Oa7UoKZZN1gltnVZ_0089.wav,extension অক্ষম করুন,2.0
/home/abdullahmm/Shivam/subtask2_blindtest_wReadme/bengali/bengali_blind_wav/187849_Oa7UoKZZN1gltnVZ_0090.wav,/home/abdullahmm/Shivam/subtask2_blindtest_wReadme/bengali/bengali_blind_wav/187849_Oa7UoKZZN1gltnVZ_0090.wav,তারপর এটিকে firefox থেকে সরিয়ে দিন,4.0
/home/abdullahmm/Shivam/subtask2_blindtest_wReadme/bengali/bengali_blind_wav/187849_Oa7UoKZZN1gltnVZ_0091.wav,/home/abdullahmm/Shivam/subtask2_blindtest_wReadme/bengali/bengali_blind_wav/187849_Oa7UoKZZN1gltnVZ_0091.wav,এই লিঙ্কে উপলব্ধ ভিডিওটি দেখুন,3.0
/home/abdullahmm/Shivam/subtask2_blindtest_wReadme/bengali/bengali_blind_wav/187849_Oa7UoKZZN1gltnVZ_0092.wav,/home/abdullahmm/Shivam/subtask2_blindtest_wReadme/bengali/bengali_blind_wav/187849_Oa7UoKZZN1gltnVZ_0092.wav,এটি প্রকল্পকে সারসংক্ষেপে বোঝায়,3.0
/home/abdullahmm/Shivam/subtask2_blindtest_wReadme/bengali/bengali_blind_wav/187849_Oa7UoKZZN1gltnVZ_0093.wav,/home/abdullahmm/Shivam/subtask2_blindtest_wReadme/bengali/bengali_blind_wav/187849_Oa7UoKZZN1gltnVZ_0093.wav,ভাল bandwidth না থাকলে আপনি video টি download করেও দেখতে পারেন,5.0
/home/abdullahmm/Shivam/subtask2_blindtest_wReadme/bengali/bengali_blind_wav/187849_Oa7UoKZZN1gltnVZ_0094.wav,/home/abdullahmm/Shivam/subtask2_blindtest_wReadme/bengali/bengali_blind_wav/187849_Oa7UoKZZN1gltnVZ_0094.wav,কথ্য tutorial প্রকল্প দল কথ্য tutorial ব্যবহার করে কর্মশালার আয়োজন করে,5.0
/home/abdullahmm/Shivam/subtask2_blindtest_wReadme/bengali/bengali_blind_wav/187849_Oa7UoKZZN1gltnVZ_0095.wav,/home/abdullahmm/Shivam/subtask2_blindtest_wReadme/bengali/bengali_blind_wav/187849_Oa7UoKZZN1gltnVZ_0095.wav,online পরীক্ষায় pass করলে প্রশংসাপত্র দেওয়া হয়,4.0
/home/abdullahmm/Shivam/subtask2_blindtest_wReadme/bengali/bengali_blind_wav/187849_Oa7UoKZZN1gltnVZ_0097.wav,/home/abdullahmm/Shivam/subtask2_blindtest_wReadme/bengali/bengali_blind_wav/187849_Oa7UoKZZN1gltnVZ_0097.wav,spoken tutorial talk to a teacher প্রকল্পের অংশবিশেষ,4.0
/home/abdullahmm/Shivam/subtask2_blindtest_wReadme/bengali/bengali_blind_wav/187849_Oa7UoKZZN1gltnVZ_0098.wav,/home/abdullahmm/Shivam/subtask2_blindtest_wReadme/bengali/bengali_blind_wav/187849_Oa7UoKZZN1gltnVZ_0098.wav,এটি ভারত সরকারের ict mhrd এর national mission on education দ্বারা সমর্থিত,8.0
/home/abdullahmm/Shivam/subtask2_blindtest_wReadme/bengali/bengali_blind_wav/187849_Oa7UoKZZN1gltnVZ_0099.wav,/home/abdullahmm/Shivam/subtask2_blindtest_wReadme/bengali/bengali_blind_wav/187849_Oa7UoKZZN1gltnVZ_0099.wav,এই বিষয় আরও তথ্য এই লিঙ্কে প্রাপ্তিসাধ্য,3.0
/home/abdullahmm/Shivam/subtask2_blindtest_wReadme/bengali/bengali_blind_wav/187849_Oa7UoKZZN1gltnVZ_0100.wav,/home/abdullahmm/Shivam/subtask2_blindtest_wReadme/bengali/bengali_blind_wav/187849_Oa7UoKZZN1gltnVZ_0100.wav,spoken - tutorial . org / nmeict - intro,8.0
/home/abdullahmm/Shivam/subtask2_blindtest_wReadme/bengali/bengali_blind_wav/187849_Oa7UoKZZN1gltnVZ_0101.wav,/home/abdullahmm/Shivam/subtask2_blindtest_wReadme/bengali/bengali_blind_wav/187849_Oa7UoKZZN1gltnVZ_0101.wav,আমি কৌশিক দত্ত এই টিউটোরিয়ালটি অনুবাদ করেছি,4.0
/home/abdullahmm/Shivam/subtask2_blindtest_wReadme/bengali/bengali_blind_wav/187849_Oa7UoKZZN1gltnVZ_0102.wav,/home/abdullahmm/Shivam/subtask2_blindtest_wReadme/bengali/bengali_blind_wav/187849_Oa7UoKZZN1gltnVZ_0102.wav,ধন্যবাদ,2.04
/home/abdullahmm/Shivam/subtask2_blindtest_wReadme/bengali/bengali_blind_wav/206087_2kOUwBdfJbryQQ59_0000.wav,/home/abdullahmm/Shivam/subtask2_blindtest_wReadme/bengali/bengali_blind_wav/206087_2kOUwBdfJbryQQ59_0000.wav,php একাডেমীতে আপনাদের,3.0
/home/abdullahmm/Shivam/subtask2_blindtest_wReadme/bengali/bengali_blind_wav/206087_2kOUwBdfJbryQQ59_0001.wav,/home/abdullahmm/Shivam/subtask2_blindtest_wReadme/bengali/bengali_blind_wav/206087_2kOUwBdfJbryQQ59_0001.wav,এই প্রথম মৌলিক টিউটোরিয়ালে আমি আপনাকে আপনার web server php এবং my sql স্থাপিত করার ব্যাপারে বলবো যা এই প্যাকেজের সাথে আসে যেটা আমরা এখানে ব্যবহার করতে যাচ্ছি,19.0
/home/abdullahmm/Shivam/subtask2_blindtest_wReadme/bengali/bengali_blind_wav/206087_2kOUwBdfJbryQQ59_0002.wav,/home/abdullahmm/Shivam/subtask2_blindtest_wReadme/bengali/bengali_blind_wav/206087_2kOUwBdfJbryQQ59_0002.wav,আমরা xampp ব্যবহার করতে যাচ্ছি আপনি একে zamp ও বলতে পারি যেভাবে এটি উচ্চারিত হতে পারেতাও আমি একে শুধু এক্স্যাম্পই বলবো,12.0
/home/abdullahmm/Shivam/subtask2_blindtest_wReadme/bengali/bengali_blind_wav/206087_2kOUwBdfJbryQQ59_0003.wav,/home/abdullahmm/Shivam/subtask2_blindtest_wReadme/bengali/bengali_blind_wav/206087_2kOUwBdfJbryQQ59_0003.wav,আপনার যা করা প্রয়োজন তা হল নিজের server তোলা এবং php স্থাপন ও my sql ডাটাবেসের সাথে চালানোর জন্য আপনার এখানে এই ওয়েবসাইটে পরিদর্শন করার প্রয়োজন হবে,12.0
/home/abdullahmm/Shivam/subtask2_blindtest_wReadme/bengali/bengali_blind_wav/206087_2kOUwBdfJbryQQ59_0004.wav,/home/abdullahmm/Shivam/subtask2_blindtest_wReadme/bengali/bengali_blind_wav/206087_2kOUwBdfJbryQQ59_0004.wav,apache friends . org তে যান অথব এক্স্যাম্পের জন্য গুগলে,5.0
/home/abdullahmm/Shivam/subtask2_blindtest_wReadme/bengali/bengali_blind_wav/206087_2kOUwBdfJbryQQ59_0005.wav,/home/abdullahmm/Shivam/subtask2_blindtest_wReadme/bengali/bengali_blind_wav/206087_2kOUwBdfJbryQQ59_0005.wav,এটি এখানে এইভাবে লেখা হয় xa m এবং double p,6.0
/home/abdullahmm/Shivam/subtask2_blindtest_wReadme/bengali/bengali_blind_wav/206087_2kOUwBdfJbryQQ59_0006.wav,/home/abdullahmm/Shivam/subtask2_blindtest_wReadme/bengali/bengali_blind_wav/206087_2kOUwBdfJbryQQ59_0006.wav,এবং উইন্ডোর জন্য এর স্থাপনা আমি আপনাদের দেখাবো সবকিছু কিভাবে শুরু করবে এবং windows স্থাপনের জন্য কিভাবে চালাবে,9.0
/home/abdullahmm/Shivam/subtask2_blindtest_wReadme/bengali/bengali_blind_wav/206087_2kOUwBdfJbryQQ59_0007.wav,/home/abdullahmm/Shivam/subtask2_blindtest_wReadme/bengali/bengali_blind_wav/206087_2kOUwBdfJbryQQ59_0007.wav,আপনার linux বা অন্য কোনও operating systemএ কোনও সাহায্যের প্রয়োজন হলে আমাকে বলুন এবং আমি tutorial তৈরি করতে খুশি হব,8.0
/home/abdullahmm/Shivam/subtask2_blindtest_wReadme/bengali/bengali_blind_wav/206087_2kOUwBdfJbryQQ59_0008.wav,/home/abdullahmm/Shivam/subtask2_blindtest_wReadme/bengali/bengali_blind_wav/206087_2kOUwBdfJbryQQ59_0008.wav,ওয়েবসাইটে গিয়ে আমাদের এই installer চয়ন করতে হবে,5.0
/home/abdullahmm/Shivam/subtask2_blindtest_wReadme/bengali/bengali_blind_wav/206087_2kOUwBdfJbryQQ59_0009.wav,/home/abdullahmm/Shivam/subtask2_blindtest_wReadme/bengali/bengali_blind_wav/206087_2kOUwBdfJbryQQ59_0009.wav,ওটা আমাদের এই পাতায় আনবে এবং অন্তত এর মতো সংস্করণ নম্বরের সাথে আপনার file download হবে,10.0
/home/abdullahmm/Shivam/subtask2_blindtest_wReadme/bengali/bengali_blind_wav/206087_2kOUwBdfJbryQQ59_0010.wav,/home/abdullahmm/Shivam/subtask2_blindtest_wReadme/bengali/bengali_blind_wav/206087_2kOUwBdfJbryQQ59_0010.wav,এর জন্য প্রথমে installer চয়ন করুন,3.0
/home/abdullahmm/Shivam/subtask2_blindtest_wReadme/bengali/bengali_blind_wav/206087_2kOUwBdfJbryQQ59_0011.wav,/home/abdullahmm/Shivam/subtask2_blindtest_wReadme/bengali/bengali_blind_wav/206087_2kOUwBdfJbryQQ59_0011.wav,স্থাপনের জন্য double click run এবং তারপর আপনার ভাষা নির্বাচন করুন,5.0
/home/abdullahmm/Shivam/subtask2_blindtest_wReadme/bengali/bengali_blind_wav/206087_2kOUwBdfJbryQQ59_0012.wav,/home/abdullahmm/Shivam/subtask2_blindtest_wReadme/bengali/bengali_blind_wav/206087_2kOUwBdfJbryQQ59_0012.wav,আপনি বার্তা পাবেন আমি windows vista ব্যবহার করছি তাই এ বলবে যে windows vista account is deactivated on your system,9.0
/home/abdullahmm/Shivam/subtask2_blindtest_wReadme/bengali/bengali_blind_wav/206087_2kOUwBdfJbryQQ59_0013.wav,/home/abdullahmm/Shivam/subtask2_blindtest_wReadme/bengali/bengali_blind_wav/206087_2kOUwBdfJbryQQ59_0013.wav,এটা জরুরি নয় যে আমরা কি ব্যবহার করছি তাই আপনি এটি চাইলে উপেক্ষা করতে পারেন,6.0
/home/abdullahmm/Shivam/subtask2_blindtest_wReadme/bengali/bengali_blind_wav/206087_2kOUwBdfJbryQQ59_0014.wav,/home/abdullahmm/Shivam/subtask2_blindtest_wReadme/bengali/bengali_blind_wav/206087_2kOUwBdfJbryQQ59_0014.wav,এবং আপনি এখানে আপনার স্থাপনের সাথে এগিয়ে যেতে পারেন,4.0
/home/abdullahmm/Shivam/subtask2_blindtest_wReadme/bengali/bengali_blind_wav/206087_2kOUwBdfJbryQQ59_0015.wav,/home/abdullahmm/Shivam/subtask2_blindtest_wReadme/bengali/bengali_blind_wav/206087_2kOUwBdfJbryQQ59_0015.wav,নিশ্চিত করুন যে জিনিসগুলি সরল রাখতে ফোল্ডারের সাথে নিজের local drive চয়ন করেছেন একে program ফাইলসে রাখতে চিন্তা করবেন না,8.0
/home/abdullahmm/Shivam/subtask2_blindtest_wReadme/bengali/bengali_blind_wav/206087_2kOUwBdfJbryQQ59_0016.wav,/home/abdullahmm/Shivam/subtask2_blindtest_wReadme/bengali/bengali_blind_wav/206087_2kOUwBdfJbryQQ59_0016.wav,এই বিকল্প আপনার উপর নির্ভরশীল আমি create a xampp desktop option যাচাই করব কিন্তু আমি এটি চয়ন করব না,11.0
/home/abdullahmm/Shivam/subtask2_blindtest_wReadme/bengali/bengali_blind_wav/206087_2kOUwBdfJbryQQ59_0017.wav,/home/abdullahmm/Shivam/subtask2_blindtest_wReadme/bengali/bengali_blind_wav/206087_2kOUwBdfJbryQQ59_0017.wav,এখন আপনার কি করা প্রয়োজন তা হল install apache as a service এবং install my sql as a service চয়ন করা,9.0
/home/abdullahmm/Shivam/subtask2_blindtest_wReadme/bengali/bengali_blind_wav/206087_2kOUwBdfJbryQQ59_0018.wav,/home/abdullahmm/Shivam/subtask2_blindtest_wReadme/bengali/bengali_blind_wav/206087_2kOUwBdfJbryQQ59_0018.wav,এটি একে system পরিষেবা হিসাবে যোগ করবে এবং যতবার আপনি আপনার computer চালাবেন এটি run,6.0
/home/abdullahmm/Shivam/subtask2_blindtest_wReadme/bengali/bengali_blind_wav/206087_2kOUwBdfJbryQQ59_0019.wav,/home/abdullahmm/Shivam/subtask2_blindtest_wReadme/bengali/bengali_blind_wav/206087_2kOUwBdfJbryQQ59_0019.wav,হবে আপনি অবারিত রাখতে পারেন কিন্তু সহজ ব্যবহারের জন্য এদের নির্বাচন করছি,6.0
/home/abdullahmm/Shivam/subtask2_blindtest_wReadme/bengali/bengali_blind_wav/206087_2kOUwBdfJbryQQ59_0020.wav,/home/abdullahmm/Shivam/subtask2_blindtest_wReadme/bengali/bengali_blind_wav/206087_2kOUwBdfJbryQQ59_0020.wav,এবং এটি এখন সংস্থাপিত হতে যাচ্ছে এখন আমি কি করব যে এটি ছেড়ে দেবো ন video বন্ধ করে দেবো এবং তখন ফিরে আসবো যখন সবকিছু সংস্থাপিত হয়ে যাবে,10.0
/home/abdullahmm/Shivam/subtask2_blindtest_wReadme/bengali/bengali_blind_wav/206087_2kOUwBdfJbryQQ59_0021.wav,/home/abdullahmm/Shivam/subtask2_blindtest_wReadme/bengali/bengali_blind_wav/206087_2kOUwBdfJbryQQ59_0021.wav,তারপর আমি আপনাকে আপনার php স্থাপনের becky setting সম্পর্কে বলবো,7.0
/home/abdullahmm/Shivam/subtask2_blindtest_wReadme/bengali/bengali_blind_wav/206087_2kOUwBdfJbryQQ59_0022.wav,/home/abdullahmm/Shivam/subtask2_blindtest_wReadme/bengali/bengali_blind_wav/206087_2kOUwBdfJbryQQ59_0022.wav,এটি স্থাপনের আগে যদি এখানে আমার কাছে ফাঁকা browser থাকে এবং আমি local host অভিভাবনে চেষ্টা করি,7.0
/home/abdullahmm/Shivam/subtask2_blindtest_wReadme/bengali/bengali_blind_wav/206087_2kOUwBdfJbryQQ59_0023.wav,/home/abdullahmm/Shivam/subtask2_blindtest_wReadme/bengali/bengali_blind_wav/206087_2kOUwBdfJbryQQ59_0023.wav,এটি স্থানীয় বা local ওয়েবসার্ভারের host,5.0
/home/abdullahmm/Shivam/subtask2_blindtest_wReadme/bengali/bengali_blind_wav/206087_2kOUwBdfJbryQQ59_0024.wav,/home/abdullahmm/Shivam/subtask2_blindtest_wReadme/bengali/bengali_blind_wav/206087_2kOUwBdfJbryQQ59_0024.wav,সাধারণত আপনার কাছে google . com এর মত web address থাকে কিন্তু আমরা একে local host হিসাবে সম্ভাষণ করছি,7.0
/home/abdullahmm/Shivam/subtask2_blindtest_wReadme/bengali/bengali_blind_wav/206087_2kOUwBdfJbryQQ59_0025.wav,/home/abdullahmm/Shivam/subtask2_blindtest_wReadme/bengali/bengali_blind_wav/206087_2kOUwBdfJbryQQ59_0025.wav,আমরা এখানে failed to connect error বার্তা,4.0
/home/abdullahmm/Shivam/subtask2_blindtest_wReadme/bengali/bengali_blind_wav/206087_2kOUwBdfJbryQQ59_0026.wav,/home/abdullahmm/Shivam/subtask2_blindtest_wReadme/bengali/bengali_blind_wav/206087_2kOUwBdfJbryQQ59_0026.wav,কিন্তু যখন আমরা xampp স্থাপিত করে ফেলি এবং এই local host বিকল্প আবার চয়ন করি আমরা সোজা আমাদের সার্ভারের সাথে সংযুক্ত,9.0
/home/abdullahmm/Shivam/subtask2_blindtest_wReadme/bengali/bengali_blind_wav/206087_2kOUwBdfJbryQQ59_0028.wav,/home/abdullahmm/Shivam/subtask2_blindtest_wReadme/bengali/bengali_blind_wav/206087_2kOUwBdfJbryQQ59_0028.wav,সুতরাং স্থাপনের পর এখানে ফিরে এলে আমাদের চলমান local host কাজ করা উচিত,7.0
/home/abdullahmm/Shivam/subtask2_blindtest_wReadme/bengali/bengali_blind_wav/206087_2kOUwBdfJbryQQ59_0029.wav,/home/abdullahmm/Shivam/subtask2_blindtest_wReadme/bengali/bengali_blind_wav/206087_2kOUwBdfJbryQQ59_0029.wav,এবং আপনার local host ডিরেক্টরির মধ্যে file কিভাবে রাখে আমি তাও দেখাব,5.0
/home/abdullahmm/Shivam/subtask2_blindtest_wReadme/bengali/bengali_blind_wav/206087_2kOUwBdfJbryQQ59_0030.wav,/home/abdullahmm/Shivam/subtask2_blindtest_wReadme/bengali/bengali_blind_wav/206087_2kOUwBdfJbryQQ59_0030.wav,এটিকে local host বলা হয় না কিন্তু এইভাবে আমরা আমাদের web server এ আমাদের root server কে সম্বোধিত করি,9.0
/home/abdullahmm/Shivam/subtask2_blindtest_wReadme/bengali/bengali_blind_wav/206087_2kOUwBdfJbryQQ59_0031.wav,/home/abdullahmm/Shivam/subtask2_blindtest_wReadme/bengali/bengali_blind_wav/206087_2kOUwBdfJbryQQ59_0031.wav,স্থাপনা সমাপ্ত হলে আমরা ভিডিওতে ফিরে আসবো এবং এগিয়ে,5.0
/home/abdullahmm/Shivam/subtask2_blindtest_wReadme/bengali/bengali_blind_wav/206087_2kOUwBdfJbryQQ59_0032.wav,/home/abdullahmm/Shivam/subtask2_blindtest_wReadme/bengali/bengali_blind_wav/206087_2kOUwBdfJbryQQ59_0032.wav,এ যাব স্থাপনের পর কিছু বার্তা এখন আমাদের সামনে এসেছে,6.0
/home/abdullahmm/Shivam/subtask2_blindtest_wReadme/bengali/bengali_blind_wav/206087_2kOUwBdfJbryQQ59_0033.wav,/home/abdullahmm/Shivam/subtask2_blindtest_wReadme/bengali/bengali_blind_wav/206087_2kOUwBdfJbryQQ59_0033.wav,এগিয়ে গিয়ে ফিনিশে টিপুন,3.0
/home/abdullahmm/Shivam/subtask2_blindtest_wReadme/bengali/bengali_blind_wav/206087_2kOUwBdfJbryQQ59_0034.wav,/home/abdullahmm/Shivam/subtask2_blindtest_wReadme/bengali/bengali_blind_wav/206087_2kOUwBdfJbryQQ59_0034.wav,আপনি এখানে দেখতে পারেন যে আমরা প্রয়োজনীয় পোর্টের জন্য কি যাচাই করছি,9.0
/home/abdullahmm/Shivam/subtask2_blindtest_wReadme/bengali/bengali_blind_wav/206087_2kOUwBdfJbryQQ59_0035.wav,/home/abdullahmm/Shivam/subtask2_blindtest_wReadme/bengali/bengali_blind_wav/206087_2kOUwBdfJbryQQ59_0035.wav,এর মানে এটি port 80 যাচাই করছে এবং আমার মনে হয় my sql,4.0
/home/abdullahmm/Shivam/subtask2_blindtest_wReadme/bengali/bengali_blind_wav/206087_2kOUwBdfJbryQQ59_0036.wav,/home/abdullahmm/Shivam/subtask2_blindtest_wReadme/bengali/bengali_blind_wav/206087_2kOUwBdfJbryQQ59_0036.wav,তবুও আপনি যদি এখানে কোনো error না পান তাহলে আপনি একেবারে সঠিক,5.0
/home/abdullahmm/Shivam/subtask2_blindtest_wReadme/bengali/bengali_blind_wav/206087_2kOUwBdfJbryQQ59_0037.wav,/home/abdullahmm/Shivam/subtask2_blindtest_wReadme/bengali/bengali_blind_wav/206087_2kOUwBdfJbryQQ59_0037.wav,এখানে apache 2 . 2 এর সাথে স্থাপিত হচ্ছে,4.0
/home/abdullahmm/Shivam/subtask2_blindtest_wReadme/bengali/bengali_blind_wav/206087_2kOUwBdfJbryQQ59_0038.wav,/home/abdullahmm/Shivam/subtask2_blindtest_wReadme/bengali/bengali_blind_wav/206087_2kOUwBdfJbryQQ59_0038.wav,এটি দেখায় যেমনকি যদি service শুরু হচ্ছে my sql service ও শুরু হচ্ছে,6.0
/home/abdullahmm/Shivam/subtask2_blindtest_wReadme/bengali/bengali_blind_wav/206087_2kOUwBdfJbryQQ59_0039.wav,/home/abdullahmm/Shivam/subtask2_blindtest_wReadme/bengali/bengali_blind_wav/206087_2kOUwBdfJbryQQ59_0039.wav,বার্তা পেয়েছি our installation is finished,4.0
/home/abdullahmm/Shivam/subtask2_blindtest_wReadme/bengali/bengali_blind_wav/206087_2kOUwBdfJbryQQ59_0040.wav,/home/abdullahmm/Shivam/subtask2_blindtest_wReadme/bengali/bengali_blind_wav/206087_2kOUwBdfJbryQQ59_0040.wav,আমরা xampp নিয়ন্ত্রণ panel শুরু করতে পারি আপনি yes টিপুন এবং আমরা ওকে এখানে আনতে পারি,6.0
/home/abdullahmm/Shivam/subtask2_blindtest_wReadme/bengali/bengali_blind_wav/206087_2kOUwBdfJbryQQ59_0041.wav,/home/abdullahmm/Shivam/subtask2_blindtest_wReadme/bengali/bengali_blind_wav/206087_2kOUwBdfJbryQQ59_0041.wav,আমরা দেখতে পারি যে apache server এবং my sql server ক্রিয়াশীল পেয়েছি,6.0
/home/abdullahmm/Shivam/subtask2_blindtest_wReadme/bengali/bengali_blind_wav/206087_2kOUwBdfJbryQQ59_0042.wav,/home/abdullahmm/Shivam/subtask2_blindtest_wReadme/bengali/bengali_blind_wav/206087_2kOUwBdfJbryQQ59_0042.wav,আপনার এখানে php না দেখার কারণ হল কারণ php আমাদের server একটি ons অর্থাৎ অ্যাপাচের ons the পৃথক module হিসাবে স্থাপিত আছে এবং service হিসাবে চালানোর জন্য নয় এটি আমাদের web সার্ভারের জন্য একটি অধিক module,16.0
/home/abdullahmm/Shivam/subtask2_blindtest_wReadme/bengali/bengali_blind_wav/206087_2kOUwBdfJbryQQ59_0043.wav,/home/abdullahmm/Shivam/subtask2_blindtest_wReadme/bengali/bengali_blind_wav/206087_2kOUwBdfJbryQQ59_0043.wav,আমাদের page এখানে আবার load করি,3.0
/home/abdullahmm/Shivam/subtask2_blindtest_wReadme/bengali/bengali_blind_wav/206087_2kOUwBdfJbryQQ59_0044.wav,/home/abdullahmm/Shivam/subtask2_blindtest_wReadme/bengali/bengali_blind_wav/206087_2kOUwBdfJbryQQ59_0044.wav,এবং আপনি দেখতে পারেন যে লোকালহোস্টে আবার enter টিপে আমরা এক্স্যাম্পে সংযুক্ত হই যা আপনি আশা করবেন,8.0
/home/abdullahmm/Shivam/subtask2_blindtest_wReadme/bengali/bengali_blind_wav/206087_2kOUwBdfJbryQQ59_0045.wav,/home/abdullahmm/Shivam/subtask2_blindtest_wReadme/bengali/bengali_blind_wav/206087_2kOUwBdfJbryQQ59_0045.wav,আমরা আমাদের ওয়েবসার্ভারের ভিতরে একটি বিশেষ ডিরেক্টরিতে দেখতে পারি যা আমরা সাধারণত করব,5.0
/home/abdullahmm/Shivam/subtask2_blindtest_wReadme/bengali/bengali_blind_wav/206087_2kOUwBdfJbryQQ59_0046.wav,/home/abdullahmm/Shivam/subtask2_blindtest_wReadme/bengali/bengali_blind_wav/206087_2kOUwBdfJbryQQ59_0046.wav,এগিয়ে গিয়ে english টিপুন,3.0
/home/abdullahmm/Shivam/subtask2_blindtest_wReadme/bengali/bengali_blind_wav/206087_2kOUwBdfJbryQQ59_0047.wav,/home/abdullahmm/Shivam/subtask2_blindtest_wReadme/bengali/bengali_blind_wav/206087_2kOUwBdfJbryQQ59_0047.wav,এবং আপনি দেখেন যে এখানে xampp setup রয়েছে,4.0
/home/abdullahmm/Shivam/subtask2_blindtest_wReadme/bengali/bengali_blind_wav/206087_2kOUwBdfJbryQQ59_0048.wav,/home/abdullahmm/Shivam/subtask2_blindtest_wReadme/bengali/bengali_blind_wav/206087_2kOUwBdfJbryQQ59_0048.wav,আমি c drive খুলতে যাচ্ছি এবং আপনি এটিকে এখানে ভেতরে দেখতে পারেন,5.0
/home/abdullahmm/Shivam/subtask2_blindtest_wReadme/bengali/bengali_blind_wav/206087_2kOUwBdfJbryQQ59_0049.wav,/home/abdullahmm/Shivam/subtask2_blindtest_wReadme/bengali/bengali_blind_wav/206087_2kOUwBdfJbryQQ59_0049.wav,এবং আমি আমাদের স্থাপিত করা এক্স্যাম্পে দুবার click করব যা স্থাপন directory,7.0
/home/abdullahmm/Shivam/subtask2_blindtest_wReadme/bengali/bengali_blind_wav/206087_2kOUwBdfJbryQQ59_0050.wav,/home/abdullahmm/Shivam/subtask2_blindtest_wReadme/bengali/bengali_blind_wav/206087_2kOUwBdfJbryQQ59_0050.wav,আমরা এখানে কিছু file পেয়েছি কিন্তু প্রধান focus হল htdocs এটি যেখানে আপনি আপনার file রাখবেন যা আপনার web server দ্বারা চালিত হবে কিন্তু php তে প্রক্রিয়াকরণ করা হবে,13.0
/home/abdullahmm/Shivam/subtask2_blindtest_wReadme/bengali/bengali_blind_wav/206087_2kOUwBdfJbryQQ59_0051.wav,/home/abdullahmm/Shivam/subtask2_blindtest_wReadme/bengali/bengali_blind_wav/206087_2kOUwBdfJbryQQ59_0051.wav,এখানে দুবার click করলে দেখতে পারেন যে আমরা এখানে বিভিন্ন file পেয়েছি,5.0
/home/abdullahmm/Shivam/subtask2_blindtest_wReadme/bengali/bengali_blind_wav/206087_2kOUwBdfJbryQQ59_0052.wav,/home/abdullahmm/Shivam/subtask2_blindtest_wReadme/bengali/bengali_blind_wav/206087_2kOUwBdfJbryQQ59_0052.wav,index . html সেই file যা আপনি এখানে দেখতে পারেন এখনের জন্য এটি index . php file যা এখানে আছে,8.0
/home/abdullahmm/Shivam/subtask2_blindtest_wReadme/bengali/bengali_blind_wav/206087_2kOUwBdfJbryQQ59_0053.wav,/home/abdullahmm/Shivam/subtask2_blindtest_wReadme/bengali/bengali_blind_wav/206087_2kOUwBdfJbryQQ59_0053.wav,এবং এই ফাইলে index . যা কিছু যা স্বয়ংক্রিয়ভাবে শুরু হয়,5.0
/home/abdullahmm/Shivam/subtask2_blindtest_wReadme/bengali/bengali_blind_wav/206087_2kOUwBdfJbryQQ59_0054.wav,/home/abdullahmm/Shivam/subtask2_blindtest_wReadme/bengali/bengali_blind_wav/206087_2kOUwBdfJbryQQ59_0054.wav,আপনি এটি পরিবর্তন করতে পারেন কিন্তু এখনের জন্য এটি ছেড়ে দিন,5.0
/home/abdullahmm/Shivam/subtask2_blindtest_wReadme/bengali/bengali_blind_wav/206087_2kOUwBdfJbryQQ59_0055.wav,/home/abdullahmm/Shivam/subtask2_blindtest_wReadme/bengali/bengali_blind_wav/206087_2kOUwBdfJbryQQ59_0055.wav,এবং আমি এখানে php academy নামক folder পেয়েছি,4.0
/home/abdullahmm/Shivam/subtask2_blindtest_wReadme/bengali/bengali_blind_wav/206087_2kOUwBdfJbryQQ59_0056.wav,/home/abdullahmm/Shivam/subtask2_blindtest_wReadme/bengali/bengali_blind_wav/206087_2kOUwBdfJbryQQ59_0056.wav,আমি কি করব যে একটি নতুন পাঠ্য nth বানাবো আসলে আমি এটিকে আমার context এডিটরে বানাবো কারণ এটি খুব সহজ,9.0
/home/abdullahmm/Shivam/subtask2_blindtest_wReadme/bengali/bengali_blind_wav/206087_2kOUwBdfJbryQQ59_0057.wav,/home/abdullahmm/Shivam/subtask2_blindtest_wReadme/bengali/bengali_blind_wav/206087_2kOUwBdfJbryQQ59_0057.wav,চলুন এটিকে সরাই ঠিক আছে তাই আমি একটি নতুন file বানাবো,6.0
/home/abdullahmm/Shivam/subtask2_blindtest_wReadme/bengali/bengali_blind_wav/206087_2kOUwBdfJbryQQ59_0058.wav,/home/abdullahmm/Shivam/subtask2_blindtest_wReadme/bengali/bengali_blind_wav/206087_2kOUwBdfJbryQQ59_0058.wav,আমি এটিকে save করব যা htdocs folder এ সংরক্ষিত হবে এবং আমি এটিকে শুধু htdocs এবং . php হিসাবে save করব,9.0
/home/abdullahmm/Shivam/subtask2_blindtest_wReadme/bengali/bengali_blind_wav/206087_2kOUwBdfJbryQQ59_0059.wav,/home/abdullahmm/Shivam/subtask2_blindtest_wReadme/bengali/bengali_blind_wav/206087_2kOUwBdfJbryQQ59_0059.wav,এবং এখানে ভেতরে আমরা কিছু php code type করব,6.0
/home/abdullahmm/Shivam/subtask2_blindtest_wReadme/bengali/bengali_blind_wav/206087_2kOUwBdfJbryQQ59_0060.wav,/home/abdullahmm/Shivam/subtask2_blindtest_wReadme/bengali/bengali_blind_wav/206087_2kOUwBdfJbryQQ59_0060.wav,এবং এটি php _ info হবে এবং আপনার দুটি ( তারপর দুটি রেখা বিভাজকের প্রয়োজন হবে,7.0
/home/abdullahmm/Shivam/subtask2_blindtest_wReadme/bengali/bengali_blind_wav/206087_2kOUwBdfJbryQQ59_0061.wav,/home/abdullahmm/Shivam/subtask2_blindtest_wReadme/bengali/bengali_blind_wav/206087_2kOUwBdfJbryQQ59_0061.wav,আপনি এর মনে না বুঝে থাকলে এটিকে শেখার দরকার নেই এটি কোনো standard জিনিস নয় যা আপনার দৈনন্দিন ব্যবহারের জন্য জানার প্রয়ো,8.0
/home/abdullahmm/Shivam/subtask2_blindtest_wReadme/bengali/bengali_blind_wav/206087_2kOUwBdfJbryQQ59_0062.wav,/home/abdullahmm/Shivam/subtask2_blindtest_wReadme/bengali/bengali_blind_wav/206087_2kOUwBdfJbryQQ59_0062.wav,এটি শুধু আমাদের php server বা web server php স্থাপনের কিছু তথ্য দেয়,6.0
/home/abdullahmm/Shivam/subtask2_blindtest_wReadme/bengali/bengali_blind_wav/206087_2kOUwBdfJbryQQ59_0063.wav,/home/abdullahmm/Shivam/subtask2_blindtest_wReadme/bengali/bengali_blind_wav/206087_2kOUwBdfJbryQQ59_0063.wav,সুতরাং আমরা এটিতে ফিরে এসে এটিতে ধ্যান দেবো তাই আপনার local host প্রয়োজন,6.0
/home/abdullahmm/Shivam/subtask2_blindtest_wReadme/bengali/bengali_blind_wav/206087_2kOUwBdfJbryQQ59_0064.wav,/home/abdullahmm/Shivam/subtask2_blindtest_wReadme/bengali/bengali_blind_wav/206087_2kOUwBdfJbryQQ59_0064.wav,htdocs বা সেরকম কিছু লেখার দরকার নেই,3.0
/home/abdullahmm/Shivam/subtask2_blindtest_wReadme/bengali/bengali_blind_wav/206087_2kOUwBdfJbryQQ59_0065.wav,/home/abdullahmm/Shivam/subtask2_blindtest_wReadme/bengali/bengali_blind_wav/206087_2kOUwBdfJbryQQ59_0065.wav,আমাদের local host এর দরকার এবং type করা প্রয়োজন চলুন দেখি যে আমরা আমাদের file কি বলি phpinfo . php enter টিপুন,13.0
/home/abdullahmm/Shivam/subtask2_blindtest_wReadme/bengali/bengali_blind_wav/206087_2kOUwBdfJbryQQ59_0066.wav,/home/abdullahmm/Shivam/subtask2_blindtest_wReadme/bengali/bengali_blind_wav/206087_2kOUwBdfJbryQQ59_0066.wav,আমাদের _ এর প্রয়োজন নেই তাই ওটিকে দুরে নিয়ে যান এবং আপনার refresh করা প্রয়োজন,8.0
/home/abdullahmm/Shivam/subtask2_blindtest_wReadme/bengali/bengali_blind_wav/206087_2kOUwBdfJbryQQ59_0067.wav,/home/abdullahmm/Shivam/subtask2_blindtest_wReadme/bengali/bengali_blind_wav/206087_2kOUwBdfJbryQQ59_0067.wav,আমরা দেখতে পারি যে প্রচুর তথ্যের সাথে আমরা এখানে আমাদের php তথ্য file পেয়ে গেছি,5.0
/home/abdullahmm/Shivam/subtask2_blindtest_wReadme/bengali/bengali_blind_wav/206087_2kOUwBdfJbryQQ59_0068.wav,/home/abdullahmm/Shivam/subtask2_blindtest_wReadme/bengali/bengali_blind_wav/206087_2kOUwBdfJbryQQ59_0068.wav,সুতরাং এখানে কি হচ্ছে যে আমরা আমাদের htdocs ফাইলের মধ্যে php script চালাচ্ছি,6.0
/home/abdullahmm/Shivam/subtask2_blindtest_wReadme/bengali/bengali_blind_wav/206087_2kOUwBdfJbryQQ59_0069.wav,/home/abdullahmm/Shivam/subtask2_blindtest_wReadme/bengali/bengali_blind_wav/206087_2kOUwBdfJbryQQ59_0069.wav,সুতরাং আমি যদি favicon . ico লিখি আপনি দেখতে পারেন যে আমরা ওটি পাচ্ছি,9.0
/home/abdullahmm/Shivam/subtask2_blindtest_wReadme/bengali/bengali_blind_wav/206087_2kOUwBdfJbryQQ59_0070.wav,/home/abdullahmm/Shivam/subtask2_blindtest_wReadme/bengali/bengali_blind_wav/206087_2kOUwBdfJbryQQ59_0070.wav,কোনো file যা আপনি htdocs এ রেখেছেন php এর মাধ্যমে আপনার web server দ্বারা সংশোধিত হয়,8.0
/home/abdullahmm/Shivam/subtask2_blindtest_wReadme/bengali/bengali_blind_wav/206087_2kOUwBdfJbryQQ59_0071.wav,/home/abdullahmm/Shivam/subtask2_blindtest_wReadme/bengali/bengali_blind_wav/206087_2kOUwBdfJbryQQ59_0071.wav,কোনও file যা আপনি tutorials লিখেছেন সেগুলি c ড্রাইভে xampp এবং htdocsa htdocs ফোল্ডারে রাখুন এবং ওখানে যাই আছে তা সংশোধিত হবে,16.0
/home/abdullahmm/Shivam/subtask2_blindtest_wReadme/bengali/bengali_blind_wav/206087_2kOUwBdfJbryQQ59_0072.wav,/home/abdullahmm/Shivam/subtask2_blindtest_wReadme/bengali/bengali_blind_wav/206087_2kOUwBdfJbryQQ59_0072.wav,তাছাড়া আপনি এটিকে নয়তো local host বা 127 . 0 . 0 . 1 দ্বারা সম্বোধিত করতে পারেন enter টিপে আপনি দেখতে পারেন যে কিছু পরিবর্তন হয়নি এটি একই আছে এটি শুধু আপনার local web server,16.0
/home/abdullahmm/Shivam/subtask2_blindtest_wReadme/bengali/bengali_blind_wav/206087_2kOUwBdfJbryQQ59_0073.wav,/home/abdullahmm/Shivam/subtask2_blindtest_wReadme/bengali/bengali_blind_wav/206087_2kOUwBdfJbryQQ59_0073.wav,আমরা xampp স্থাপিত করেছি যা আপনার apache service এবং my sql service স্থাপিত করার shortcut একটি সহজ উপায় যা আপনার database service যেটা আপনি পরে ব্যবহার করবেন এবং অ্যাপাচের জন্য php module ও যা আপনাকে php ফাইলসের প্রক্রিয়ায় সুবিধা দেয় স্পষ্টত এটি খুব উপযোগী,20.0
/home/abdullahmm/Shivam/subtask2_blindtest_wReadme/bengali/bengali_blind_wav/206087_2kOUwBdfJbryQQ59_0074.wav,/home/abdullahmm/Shivam/subtask2_blindtest_wReadme/bengali/bengali_blind_wav/206087_2kOUwBdfJbryQQ59_0074.wav,xampp download এবং স্থাপিত করেছি এবং file তৈরি করে আপনার web server দ্বারা চালানোও দেখিয়েছি,6.0
/home/abdullahmm/Shivam/subtask2_blindtest_wReadme/bengali/bengali_blind_wav/206087_2kOUwBdfJbryQQ59_0075.wav,/home/abdullahmm/Shivam/subtask2_blindtest_wReadme/bengali/bengali_blind_wav/206087_2kOUwBdfJbryQQ59_0075.wav,তাই আশাপূর্বক tutorials সাথে শুরু করতে এটি উপযোগী যদি আপনার কোনো সমস্যা থাকে তাহলে আমাদের সাথে যোগযোগ করুন,7.0
/home/abdullahmm/Shivam/subtask2_blindtest_wReadme/bengali/bengali_blind_wav/206087_2kOUwBdfJbryQQ59_0076.wav,/home/abdullahmm/Shivam/subtask2_blindtest_wReadme/bengali/bengali_blind_wav/206087_2kOUwBdfJbryQQ59_0076.wav,আগত টিউটোরিয়া্লে আপনার সাথে দেখা হবে,3.0
/home/abdullahmm/Shivam/subtask2_blindtest_wReadme/bengali/bengali_blind_wav/206087_2kOUwBdfJbryQQ59_0077.wav,/home/abdullahmm/Shivam/subtask2_blindtest_wReadme/bengali/bengali_blind_wav/206087_2kOUwBdfJbryQQ59_0077.wav,আমি কৌশিক দত্ত এই টিউটোরিয়ালটি অনুবাদ করেছি এতে অংশগ্রহণের জন্য ধন্যবাদ,8.07
/home/abdullahmm/Shivam/subtask2_blindtest_wReadme/bengali/bengali_blind_wav/234212_LwNZbvEeqVoTg50l_0000.wav,/home/abdullahmm/Shivam/subtask2_blindtest_wReadme/bengali/bengali_blind_wav/234212_LwNZbvEeqVoTg50l_0000.wav,scilab ব্যবহার করে iterative ক্যালকুলেশনের টিউটোরিয়ালে আপনাদের স্বাগত,6.0
/home/abdullahmm/Shivam/subtask2_blindtest_wReadme/bengali/bengali_blind_wav/234212_LwNZbvEeqVoTg50l_0001.wav,/home/abdullahmm/Shivam/subtask2_blindtest_wReadme/bengali/bengali_blind_wav/234212_LwNZbvEeqVoTg50l_0001.wav,mac operating system এ scilab সংস্করণ 5 . 2 ব্যবহার,4.0
/home/abdullahmm/Shivam/subtask2_blindtest_wReadme/bengali/bengali_blind_wav/234212_LwNZbvEeqVoTg50l_0002.wav,/home/abdullahmm/Shivam/subtask2_blindtest_wReadme/bengali/bengali_blind_wav/234212_LwNZbvEeqVoTg50l_0002.wav,কিন্তু এই কাল্যুলেশন অন্য সংস্করণেও চলা উচিত এবং scilab ও যা linux এবং উইন্ডোজে,6.0
/home/abdullahmm/Shivam/subtask2_blindtest_wReadme/bengali/bengali_blind_wav/234212_LwNZbvEeqVoTg50l_0003.wav,/home/abdullahmm/Shivam/subtask2_blindtest_wReadme/bengali/bengali_blind_wav/234212_LwNZbvEeqVoTg50l_0003.wav,আমি iteration . sce file থেকে উপলব্ধ code ব্যবহার করব,5.0
/home/abdullahmm/Shivam/subtask2_blindtest_wReadme/bengali/bengali_blind_wav/234212_LwNZbvEeqVoTg50l_0004.wav,/home/abdullahmm/Shivam/subtask2_blindtest_wReadme/bengali/bengali_blind_wav/234212_LwNZbvEeqVoTg50l_0004.wav,আমি এই file scilab এডিটরের সাহায্যে খুলেছি যা শুধুমাত্র একটি editor হিসাবে ব্যবহার করব,7.0
/home/abdullahmm/Shivam/subtask2_blindtest_wReadme/bengali/bengali_blind_wav/234212_LwNZbvEeqVoTg50l_0005.wav,/home/abdullahmm/Shivam/subtask2_blindtest_wReadme/bengali/bengali_blind_wav/234212_LwNZbvEeqVoTg50l_0005.wav,এখন : operator সাহায্যে vector তৈরী করি i = 1 : 5,9.0
/home/abdullahmm/Shivam/subtask2_blindtest_wReadme/bengali/bengali_blind_wav/234212_LwNZbvEeqVoTg50l_0006.wav,/home/abdullahmm/Shivam/subtask2_blindtest_wReadme/bengali/bengali_blind_wav/234212_LwNZbvEeqVoTg50l_0006.wav,এটি 1 থেকে 5 পর্যন্ত vector তৈরী করে যা 1 দ্বারা বৃদ্ধি,4.0
/home/abdullahmm/Shivam/subtask2_blindtest_wReadme/bengali/bengali_blind_wav/234212_LwNZbvEeqVoTg50l_0007.wav,/home/abdullahmm/Shivam/subtask2_blindtest_wReadme/bengali/bengali_blind_wav/234212_LwNZbvEeqVoTg50l_0007.wav,এই কমান্ডে i = 1 : 2 : 5,9.0
/home/abdullahmm/Shivam/subtask2_blindtest_wReadme/bengali/bengali_blind_wav/234212_LwNZbvEeqVoTg50l_0008.wav,/home/abdullahmm/Shivam/subtask2_blindtest_wReadme/bengali/bengali_blind_wav/234212_LwNZbvEeqVoTg50l_0008.wav,এই কমান্ডে আমরা দেখতে পারি যে 2 এর মাঝের argument বৃদ্ধির নির্দেশ দেয়,5.0
/home/abdullahmm/Shivam/subtask2_blindtest_wReadme/bengali/bengali_blind_wav/234212_LwNZbvEeqVoTg50l_0009.wav,/home/abdullahmm/Shivam/subtask2_blindtest_wReadme/bengali/bengali_blind_wav/234212_LwNZbvEeqVoTg50l_0009.wav,1 হল প্রথম argument যেখানে vector শুরু হয় i 5 এর আগে যেতে পারে না,5.0
/home/abdullahmm/Shivam/subtask2_blindtest_wReadme/bengali/bengali_blind_wav/234212_LwNZbvEeqVoTg50l_0010.wav,/home/abdullahmm/Shivam/subtask2_blindtest_wReadme/bengali/bengali_blind_wav/234212_LwNZbvEeqVoTg50l_0010.wav,কিন্তু এটি 5 এর সমান হতে পারে,3.0
/home/abdullahmm/Shivam/subtask2_blindtest_wReadme/bengali/bengali_blind_wav/234212_LwNZbvEeqVoTg50l_0011.wav,/home/abdullahmm/Shivam/subtask2_blindtest_wReadme/bengali/bengali_blind_wav/234212_LwNZbvEeqVoTg50l_0011.wav,লক্ষ্য করুন যে যদি অন্তিম argument বদলে 6 হয় তাহলেও ফলাফল একই থাকে,5.0
/home/abdullahmm/Shivam/subtask2_blindtest_wReadme/bengali/bengali_blind_wav/234212_LwNZbvEeqVoTg50l_0012.wav,/home/abdullahmm/Shivam/subtask2_blindtest_wReadme/bengali/bengali_blind_wav/234212_LwNZbvEeqVoTg50l_0012.wav,এই আচরণ ব্যাখ্যা করা কঠিন নয,4.0
/home/abdullahmm/Shivam/subtask2_blindtest_wReadme/bengali/bengali_blind_wav/234212_LwNZbvEeqVoTg50l_0013.wav,/home/abdullahmm/Shivam/subtask2_blindtest_wReadme/bengali/bengali_blind_wav/234212_LwNZbvEeqVoTg50l_0013.wav,আপনি ভাবতে পারেন এটি কেনো হয়,2.0
/home/abdullahmm/Shivam/subtask2_blindtest_wReadme/bengali/bengali_blind_wav/234212_LwNZbvEeqVoTg50l_0014.wav,/home/abdullahmm/Shivam/subtask2_blindtest_wReadme/bengali/bengali_blind_wav/234212_LwNZbvEeqVoTg50l_0014.wav,এখন আমরা iterative calculation করতে for statementর ব্যবহার প্রদর্শন করি,7.0
/home/abdullahmm/Shivam/subtask2_blindtest_wReadme/bengali/bengali_blind_wav/234212_LwNZbvEeqVoTg50l_0015.wav,/home/abdullahmm/Shivam/subtask2_blindtest_wReadme/bengali/bengali_blind_wav/234212_LwNZbvEeqVoTg50l_0015.wav,for i = 1 : 2 : 7 disp end আমি এটি,6.0
/home/abdullahmm/Shivam/subtask2_blindtest_wReadme/bengali/bengali_blind_wav/234212_LwNZbvEeqVoTg50l_0016.wav,/home/abdullahmm/Shivam/subtask2_blindtest_wReadme/bengali/bengali_blind_wav/234212_LwNZbvEeqVoTg50l_0016.wav,এটি cut করে scilab কোনোসলে paste করব enter টিপুন,6.0
/home/abdullahmm/Shivam/subtask2_blindtest_wReadme/bengali/bengali_blind_wav/234212_LwNZbvEeqVoTg50l_0017.wav,/home/abdullahmm/Shivam/subtask2_blindtest_wReadme/bengali/bengali_blind_wav/234212_LwNZbvEeqVoTg50l_0017.wav,আমিএই লুপের মধ্যে দিয়ে গেলে code i print হবে,3.0
/home/abdullahmm/Shivam/subtask2_blindtest_wReadme/bengali/bengali_blind_wav/234212_LwNZbvEeqVoTg50l_0018.wav,/home/abdullahmm/Shivam/subtask2_blindtest_wReadme/bengali/bengali_blind_wav/234212_LwNZbvEeqVoTg50l_0018.wav,এই প্রদর্শন disp কমান্ডের জন্য হয়েছে pass করা argument প্রদর্শিত হয়েছে,5.0
/home/abdullahmm/Shivam/subtask2_blindtest_wReadme/bengali/bengali_blind_wav/234212_LwNZbvEeqVoTg50l_0019.wav,/home/abdullahmm/Shivam/subtask2_blindtest_wReadme/bengali/bengali_blind_wav/234212_LwNZbvEeqVoTg50l_0019.wav,for লুপের ব্যবহার integer ভ্যালুর জন্য হয়েছে,3.0
/home/abdullahmm/Shivam/subtask2_blindtest_wReadme/bengali/bengali_blind_wav/234212_LwNZbvEeqVoTg50l_0020.wav,/home/abdullahmm/Shivam/subtask2_blindtest_wReadme/bengali/bengali_blind_wav/234212_LwNZbvEeqVoTg50l_0020.wav,এই ক্ষেত্রে চারটি integer value 1 3 5 এবং 7 প্রদর্শিত হয়েছে,5.0
/home/abdullahmm/Shivam/subtask2_blindtest_wReadme/bengali/bengali_blind_wav/234212_LwNZbvEeqVoTg50l_0021.wav,/home/abdullahmm/Shivam/subtask2_blindtest_wReadme/bengali/bengali_blind_wav/234212_LwNZbvEeqVoTg50l_0021.wav,for loops যতবার iteration হয় তাকে priori বলে,6.0
/home/abdullahmm/Shivam/subtask2_blindtest_wReadme/bengali/bengali_blind_wav/234212_LwNZbvEeqVoTg50l_0022.wav,/home/abdullahmm/Shivam/subtask2_blindtest_wReadme/bengali/bengali_blind_wav/234212_LwNZbvEeqVoTg50l_0022.wav,আমরা in টিউটোরিয়ালের অন্তিম ভাগে default বৃদ্ধি 1 নিয়ে চলবো,5.0
/home/abdullahmm/Shivam/subtask2_blindtest_wReadme/bengali/bengali_blind_wav/234212_LwNZbvEeqVoTg50l_0023.wav,/home/abdullahmm/Shivam/subtask2_blindtest_wReadme/bengali/bengali_blind_wav/234212_LwNZbvEeqVoTg50l_0023.wav,চলুন সেই loop দিয়ে শুরু করি যা i কে 1 থেকে 5 এর সমান প্রদর্শন করে,9.0
/home/abdullahmm/Shivam/subtask2_blindtest_wReadme/bengali/bengali_blind_wav/234212_LwNZbvEeqVoTg50l_0024.wav,/home/abdullahmm/Shivam/subtask2_blindtest_wReadme/bengali/bengali_blind_wav/234212_LwNZbvEeqVoTg50l_0024.wav,আমরা break statement ব্যবহার করে এই code পরিবর্তন করতে পারি,8.0
/home/abdullahmm/Shivam/subtask2_blindtest_wReadme/bengali/bengali_blind_wav/234212_LwNZbvEeqVoTg50l_0025.wav,/home/abdullahmm/Shivam/subtask2_blindtest_wReadme/bengali/bengali_blind_wav/234212_LwNZbvEeqVoTg50l_0025.wav,লক্ষ্য করুন যে i এর প্রদর্শন শুধুমাত্র 2 পর্যন্ত হয়েছে,4.0
/home/abdullahmm/Shivam/subtask2_blindtest_wReadme/bengali/bengali_blind_wav/234212_LwNZbvEeqVoTg50l_0026.wav,/home/abdullahmm/Shivam/subtask2_blindtest_wReadme/bengali/bengali_blind_wav/234212_LwNZbvEeqVoTg50l_0026.wav,এই iteration i এর অন্তিম value যা হল 5 পর্যন্ত চালানো হয়নি,5.0
/home/abdullahmm/Shivam/subtask2_blindtest_wReadme/bengali/bengali_blind_wav/234212_LwNZbvEeqVoTg50l_0027.wav,/home/abdullahmm/Shivam/subtask2_blindtest_wReadme/bengali/bengali_blind_wav/234212_LwNZbvEeqVoTg50l_0027.wav,i 2 when সমান হলে if block প্রথমবার execute হয়,3.0
/home/abdullahmm/Shivam/subtask2_blindtest_wReadme/bengali/bengali_blind_wav/234212_LwNZbvEeqVoTg50l_0028.wav,/home/abdullahmm/Shivam/subtask2_blindtest_wReadme/bengali/bengali_blind_wav/234212_LwNZbvEeqVoTg50l_0028.wav,কিন্তু break command loop terminate বা সমাপ্ত করে,4.0
/home/abdullahmm/Shivam/subtask2_blindtest_wReadme/bengali/bengali_blind_wav/234212_LwNZbvEeqVoTg50l_0029.wav,/home/abdullahmm/Shivam/subtask2_blindtest_wReadme/bengali/bengali_blind_wav/234212_LwNZbvEeqVoTg50l_0029.wav,যদি কোনো intermediate condition সঠিক হয় এবং আমরা লুপের বাইরে আসতে চাই তাহলে break statement ব্যবহার করতে পারি,6.0
/home/abdullahmm/Shivam/subtask2_blindtest_wReadme/bengali/bengali_blind_wav/234212_LwNZbvEeqVoTg50l_0030.wav,/home/abdullahmm/Shivam/subtask2_blindtest_wReadme/bengali/bengali_blind_wav/234212_LwNZbvEeqVoTg50l_0030.wav,হয় লক্ষ্য করুন যে i = 2 statement দুইবার = to চিহ্ন,5.0
/home/abdullahmm/Shivam/subtask2_blindtest_wReadme/bengali/bengali_blind_wav/234212_LwNZbvEeqVoTg50l_0031.wav,/home/abdullahmm/Shivam/subtask2_blindtest_wReadme/bengali/bengali_blind_wav/234212_LwNZbvEeqVoTg50l_0031.wav,করে programming ল্যাঙ্গুয়েজে = ity তুলনা করতে এটি একটি standard উপায়,5.0
/home/abdullahmm/Shivam/subtask2_blindtest_wReadme/bengali/bengali_blind_wav/234212_LwNZbvEeqVoTg50l_0032.wav,/home/abdullahmm/Shivam/subtask2_blindtest_wReadme/bengali/bengali_blind_wav/234212_LwNZbvEeqVoTg50l_0032.wav,এই কম্প্যারিজনের ফলাফল হল boolean সত্য অথবা মিথ্যা,6.0
/home/abdullahmm/Shivam/subtask2_blindtest_wReadme/bengali/bengali_blind_wav/234212_LwNZbvEeqVoTg50l_0033.wav,/home/abdullahmm/Shivam/subtask2_blindtest_wReadme/bengali/bengali_blind_wav/234212_LwNZbvEeqVoTg50l_0033.wav,এখন আমরা এখানে continue স্টেটমেন্টে পরিচয় করাতে পারি enter টিপুন এটি,10.0
/home/abdullahmm/Shivam/subtask2_blindtest_wReadme/bengali/bengali_blind_wav/234212_LwNZbvEeqVoTg50l_0034.wav,/home/abdullahmm/Shivam/subtask2_blindtest_wReadme/bengali/bengali_blind_wav/234212_LwNZbvEeqVoTg50l_0034.wav,এটি i কে শুধুমাত্র 4 এবং 5 পর্যন্ত প্রদর্শন করার সুযোগ দেয়,4.0
/home/abdullahmm/Shivam/subtask2_blindtest_wReadme/bengali/bengali_blind_wav/234212_LwNZbvEeqVoTg50l_0035.wav,/home/abdullahmm/Shivam/subtask2_blindtest_wReadme/bengali/bengali_blind_wav/234212_LwNZbvEeqVoTg50l_0035.wav,i 3 এর থেকে ছোট হলে বা 3 এর সমান যেমন i < than = 3 statement দ্বারা দেওয়া হয় তাহলে কিছু হবে না,8.0
/home/abdullahmm/Shivam/subtask2_blindtest_wReadme/bengali/bengali_blind_wav/234212_LwNZbvEeqVoTg50l_0036.wav,/home/abdullahmm/Shivam/subtask2_blindtest_wReadme/bengali/bengali_blind_wav/234212_LwNZbvEeqVoTg50l_0036.wav,continue statement program becky loop skip করে,4.0
/home/abdullahmm/Shivam/subtask2_blindtest_wReadme/bengali/bengali_blind_wav/234212_LwNZbvEeqVoTg50l_0037.wav,/home/abdullahmm/Shivam/subtask2_blindtest_wReadme/bengali/bengali_blind_wav/234212_LwNZbvEeqVoTg50l_0037.wav,এটি break কমান্ডের মত loop সমাপ্ত করে,3.0
/home/abdullahmm/Shivam/subtask2_blindtest_wReadme/bengali/bengali_blind_wav/234212_LwNZbvEeqVoTg50l_0038.wav,/home/abdullahmm/Shivam/subtask2_blindtest_wReadme/bengali/bengali_blind_wav/234212_LwNZbvEeqVoTg50l_0038.wav,i parameter হল interactive এবং এই i এর জন্য লুপের সকল calculation execute হয়,7.0
/home/abdullahmm/Shivam/subtask2_blindtest_wReadme/bengali/bengali_blind_wav/234212_LwNZbvEeqVoTg50l_0039.wav,/home/abdullahmm/Shivam/subtask2_blindtest_wReadme/bengali/bengali_blind_wav/234212_LwNZbvEeqVoTg50l_0039.wav,আমরা একটি ছোট বিরতি নিয়ে দেখি যে কিভাবে < than = টাইপের অপারেটরের জন্য সাহায্য নিতে পারি,6.0
/home/abdullahmm/Shivam/subtask2_blindtest_wReadme/bengali/bengali_blind_wav/234212_LwNZbvEeqVoTg50l_0040.wav,/home/abdullahmm/Shivam/subtask2_blindtest_wReadme/bengali/bengali_blind_wav/234212_LwNZbvEeqVoTg50l_0040.wav,এখন লিখুন হেল্পের সাথে < than or = to,8.0
/home/abdullahmm/Shivam/subtask2_blindtest_wReadme/bengali/bengali_blind_wav/234212_LwNZbvEeqVoTg50l_0041.wav,/home/abdullahmm/Shivam/subtask2_blindtest_wReadme/bengali/bengali_blind_wav/234212_LwNZbvEeqVoTg50l_0041.wav,এটি scilab help browser খোলে,5.0
/home/abdullahmm/Shivam/subtask2_blindtest_wReadme/bengali/bengali_blind_wav/234212_LwNZbvEeqVoTg50l_0042.wav,/home/abdullahmm/Shivam/subtask2_blindtest_wReadme/bengali/bengali_blind_wav/234212_LwNZbvEeqVoTg50l_0042.wav,আমরা help উইন্ডোতে দেখতে পারি যে < এর নীচে help রয়েছে,5.0
/home/abdullahmm/Shivam/subtask2_blindtest_wReadme/bengali/bengali_blind_wav/234212_LwNZbvEeqVoTg50l_0043.wav,/home/abdullahmm/Shivam/subtask2_blindtest_wReadme/bengali/bengali_blind_wav/234212_LwNZbvEeqVoTg50l_0043.wav,তাই আমি লিখব help <,10.0
/home/abdullahmm/Shivam/subtask2_blindtest_wReadme/bengali/bengali_blind_wav/234212_LwNZbvEeqVoTg50l_0044.wav,/home/abdullahmm/Shivam/subtask2_blindtest_wReadme/bengali/bengali_blind_wav/234212_LwNZbvEeqVoTg50l_0044.wav,আমরা এখানে প্রয়োজনীয় help নির্দেশাবলী দেখতে পারি,5.0
/home/abdullahmm/Shivam/subtask2_blindtest_wReadme/bengali/bengali_blind_wav/234212_LwNZbvEeqVoTg50l_0045.wav,/home/abdullahmm/Shivam/subtask2_blindtest_wReadme/bengali/bengali_blind_wav/234212_LwNZbvEeqVoTg50l_0045.wav,for statement programming ল্যাঙ্গুয়েজের থেকে অধিক scliab এ শক্তিশালী,5.0
/home/abdullahmm/Shivam/subtask2_blindtest_wReadme/bengali/bengali_blind_wav/234212_LwNZbvEeqVoTg50l_0046.wav,/home/abdullahmm/Shivam/subtask2_blindtest_wReadme/bengali/bengali_blind_wav/234212_LwNZbvEeqVoTg50l_0046.wav,উদাহরণস্বরূপ vector এর উপর একটি for loop প্রদর্শন করি,8.0
/home/abdullahmm/Shivam/subtask2_blindtest_wReadme/bengali/bengali_blind_wav/234212_LwNZbvEeqVoTg50l_0047.wav,/home/abdullahmm/Shivam/subtask2_blindtest_wReadme/bengali/bengali_blind_wav/234212_LwNZbvEeqVoTg50l_0047.wav,এই script v এর সকল value প্রদর্শন করে,4.0
/home/abdullahmm/Shivam/subtask2_blindtest_wReadme/bengali/bengali_blind_wav/234212_LwNZbvEeqVoTg50l_0048.wav,/home/abdullahmm/Shivam/subtask2_blindtest_wReadme/bengali/bengali_blind_wav/234212_LwNZbvEeqVoTg50l_0048.wav,এখন পর্যন্ত আমরা শুধুমাত্র variable প্রদর্শন করছিলাম,4.0
/home/abdullahmm/Shivam/subtask2_blindtest_wReadme/bengali/bengali_blind_wav/234212_LwNZbvEeqVoTg50l_0049.wav,/home/abdullahmm/Shivam/subtask2_blindtest_wReadme/bengali/bengali_blind_wav/234212_LwNZbvEeqVoTg50l_0049.wav,আমরা বাস্তবে ক্যালকুলেশনের ফলাফলও প্রদর্শন করতে পারি,3.0
/home/abdullahmm/Shivam/subtask2_blindtest_wReadme/bengali/bengali_blind_wav/234212_LwNZbvEeqVoTg50l_0050.wav,/home/abdullahmm/Shivam/subtask2_blindtest_wReadme/bengali/bengali_blind_wav/234212_LwNZbvEeqVoTg50l_0050.wav,নিম্নলিখিত code সংখ্যার বর্গ প্রদর্শন করে,9.0
/home/abdullahmm/Shivam/subtask2_blindtest_wReadme/bengali/bengali_blind_wav/234212_LwNZbvEeqVoTg50l_0051.wav,/home/abdullahmm/Shivam/subtask2_blindtest_wReadme/bengali/bengali_blind_wav/234212_LwNZbvEeqVoTg50l_0051.wav,আমরা অনেকটা সময় for loop ব্যাখ্যা করতে করেছি,4.0
/home/abdullahmm/Shivam/subtask2_blindtest_wReadme/bengali/bengali_blind_wav/234212_LwNZbvEeqVoTg50l_0052.wav,/home/abdullahmm/Shivam/subtask2_blindtest_wReadme/bengali/bengali_blind_wav/234212_LwNZbvEeqVoTg50l_0052.wav,এখন while loop দেখি,2.0
/home/abdullahmm/Shivam/subtask2_blindtest_wReadme/bengali/bengali_blind_wav/234212_LwNZbvEeqVoTg50l_0053.wav,/home/abdullahmm/Shivam/subtask2_blindtest_wReadme/bengali/bengali_blind_wav/234212_LwNZbvEeqVoTg50l_0053.wav,boolean expression সঠিক হলে while statement loop কে প্রদর্শনের অনুমতি দেয়,5.0
/home/abdullahmm/Shivam/subtask2_blindtest_wReadme/bengali/bengali_blind_wav/234212_LwNZbvEeqVoTg50l_0054.wav,/home/abdullahmm/Shivam/subtask2_blindtest_wReadme/bengali/bengali_blind_wav/234212_LwNZbvEeqVoTg50l_0054.wav,লুপের শুরুতে expression সঠিক হলে,3.0
/home/abdullahmm/Shivam/subtask2_blindtest_wReadme/bengali/bengali_blind_wav/234212_LwNZbvEeqVoTg50l_0055.wav,/home/abdullahmm/Shivam/subtask2_blindtest_wReadme/bengali/bengali_blind_wav/234212_LwNZbvEeqVoTg50l_0055.wav,তাহলে লুপের statement execute হয়,4.0
/home/abdullahmm/Shivam/subtask2_blindtest_wReadme/bengali/bengali_blind_wav/234212_LwNZbvEeqVoTg50l_0056.wav,/home/abdullahmm/Shivam/subtask2_blindtest_wReadme/bengali/bengali_blind_wav/234212_LwNZbvEeqVoTg50l_0056.wav,program সঠিকভাবে লেখা হয়ে থাকলে expression ভুল হয়ে যায় এবং loop সমাপ্ত হয়,6.0
/home/abdullahmm/Shivam/subtask2_blindtest_wReadme/bengali/bengali_blind_wav/234212_LwNZbvEeqVoTg50l_0057.wav,/home/abdullahmm/Shivam/subtask2_blindtest_wReadme/bengali/bengali_blind_wav/234212_LwNZbvEeqVoTg50l_0057.wav,এখন while লুপের একটি উদাহরণ দেখি,7.0
/home/abdullahmm/Shivam/subtask2_blindtest_wReadme/bengali/bengali_blind_wav/234212_LwNZbvEeqVoTg50l_0058.wav,/home/abdullahmm/Shivam/subtask2_blindtest_wReadme/bengali/bengali_blind_wav/234212_LwNZbvEeqVoTg50l_0058.wav,i এর মান 1 থেকে 6 পর্যন্ত প্রদর্শিত রয়েছে,4.0
/home/abdullahmm/Shivam/subtask2_blindtest_wReadme/bengali/bengali_blind_wav/234212_LwNZbvEeqVoTg50l_0059.wav,/home/abdullahmm/Shivam/subtask2_blindtest_wReadme/bengali/bengali_blind_wav/234212_LwNZbvEeqVoTg50l_0059.wav,while loop break এবং continuous statement একইভাবে কাজ করে যেমনকি for loop এখন break ব্যবহার করে এটি প্রদর্শন করি,14.0
/home/abdullahmm/Shivam/subtask2_blindtest_wReadme/bengali/bengali_blind_wav/234212_LwNZbvEeqVoTg50l_0060.wav,/home/abdullahmm/Shivam/subtask2_blindtest_wReadme/bengali/bengali_blind_wav/234212_LwNZbvEeqVoTg50l_0060.wav,আমরা দেখি যে i 3 এর সমান হলে break statementর জন্য program লুপের বাইরে প্রস্থান করে,6.0
/home/abdullahmm/Shivam/subtask2_blindtest_wReadme/bengali/bengali_blind_wav/234212_LwNZbvEeqVoTg50l_0061.wav,/home/abdullahmm/Shivam/subtask2_blindtest_wReadme/bengali/bengali_blind_wav/234212_LwNZbvEeqVoTg50l_0061.wav,while loop এ আপনি continue statement এর জন্য উদাহরণ চেষ্টা করতে পারেন,5.0
/home/abdullahmm/Shivam/subtask2_blindtest_wReadme/bengali/bengali_blind_wav/234212_LwNZbvEeqVoTg50l_0062.wav,/home/abdullahmm/Shivam/subtask2_blindtest_wReadme/bengali/bengali_blind_wav/234212_LwNZbvEeqVoTg50l_0062.wav,আমরা scilab ব্যবহার করে iterative calculation টিউটোরিয়ালের শেষে চলে এসেছি,6.0
/home/abdullahmm/Shivam/subtask2_blindtest_wReadme/bengali/bengali_blind_wav/234212_LwNZbvEeqVoTg50l_0063.wav,/home/abdullahmm/Shivam/subtask2_blindtest_wReadme/bengali/bengali_blind_wav/234212_LwNZbvEeqVoTg50l_0063.wav,spoken tutorials talk to a teacher প্রকল্পের অংশবিশেষ যা আইসিটির মাধ্যমে জাতীয় শিক্ষা mission দ্বারা সমর্থিত,7.0
/home/abdullahmm/Shivam/subtask2_blindtest_wReadme/bengali/bengali_blind_wav/234212_LwNZbvEeqVoTg50l_0064.wav,/home/abdullahmm/Shivam/subtask2_blindtest_wReadme/bengali/bengali_blind_wav/234212_LwNZbvEeqVoTg50l_0064.wav,এই বিষয়ে বিস্তারিত তথ্য এই লিঙ্কে প্রাপ্তিসাধ্য,3.0
/home/abdullahmm/Shivam/subtask2_blindtest_wReadme/bengali/bengali_blind_wav/234212_LwNZbvEeqVoTg50l_0065.wav,/home/abdullahmm/Shivam/subtask2_blindtest_wReadme/bengali/bengali_blind_wav/234212_LwNZbvEeqVoTg50l_0065.wav,আমাদের সাথে যোগাযোগের জন্য ধন্যবাদ,3.08
/home/abdullahmm/Shivam/subtask2_blindtest_wReadme/bengali/bengali_blind_wav/235678_ahrNpzvuKj0oTCt4_0000.wav,/home/abdullahmm/Shivam/subtask2_blindtest_wReadme/bengali/bengali_blind_wav/235678_ahrNpzvuKj0oTCt4_0000.wav,kturtle এ common errors এর এই টিউটোরিয়ালে আপনাদের স্বাগত,6.0
/home/abdullahmm/Shivam/subtask2_blindtest_wReadme/bengali/bengali_blind_wav/235678_ahrNpzvuKj0oTCt4_0001.wav,/home/abdullahmm/Shivam/subtask2_blindtest_wReadme/bengali/bengali_blind_wav/235678_ahrNpzvuKj0oTCt4_0001.wav,in tutorial আমরা শিখব,3.0
/home/abdullahmm/Shivam/subtask2_blindtest_wReadme/bengali/bengali_blind_wav/235678_ahrNpzvuKj0oTCt4_0002.wav,/home/abdullahmm/Shivam/subtask2_blindtest_wReadme/bengali/bengali_blind_wav/235678_ahrNpzvuKj0oTCt4_0002.wav,syntax errors,2.0
/home/abdullahmm/Shivam/subtask2_blindtest_wReadme/bengali/bengali_blind_wav/235678_ahrNpzvuKj0oTCt4_0003.wav,/home/abdullahmm/Shivam/subtask2_blindtest_wReadme/bengali/bengali_blind_wav/235678_ahrNpzvuKj0oTCt4_0003.wav,runtime errors,2.0
/home/abdullahmm/Shivam/subtask2_blindtest_wReadme/bengali/bengali_blind_wav/235678_ahrNpzvuKj0oTCt4_0004.wav,/home/abdullahmm/Shivam/subtask2_blindtest_wReadme/bengali/bengali_blind_wav/235678_ahrNpzvuKj0oTCt4_0004.wav,এবং logical errors,3.0
/home/abdullahmm/Shivam/subtask2_blindtest_wReadme/bengali/bengali_blind_wav/235678_ahrNpzvuKj0oTCt4_0005.wav,/home/abdullahmm/Shivam/subtask2_blindtest_wReadme/bengali/bengali_blind_wav/235678_ahrNpzvuKj0oTCt4_0005.wav,এই টিউটোরিয়ালটি record করতে আমি,3.0
/home/abdullahmm/Shivam/subtask2_blindtest_wReadme/bengali/bengali_blind_wav/235678_ahrNpzvuKj0oTCt4_0006.wav,/home/abdullahmm/Shivam/subtask2_blindtest_wReadme/bengali/bengali_blind_wav/235678_ahrNpzvuKj0oTCt4_0006.wav,ubuntu linux operating system সংস্করণ 12 . 04,5.0
/home/abdullahmm/Shivam/subtask2_blindtest_wReadme/bengali/bengali_blind_wav/235678_ahrNpzvuKj0oTCt4_0007.wav,/home/abdullahmm/Shivam/subtask2_blindtest_wReadme/bengali/bengali_blind_wav/235678_ahrNpzvuKj0oTCt4_0007.wav,kturtle সংস্করণ 081 beta ব্যবহার করছি,6.0
/home/abdullahmm/Shivam/subtask2_blindtest_wReadme/bengali/bengali_blind_wav/235678_ahrNpzvuKj0oTCt4_0008.wav,/home/abdullahmm/Shivam/subtask2_blindtest_wReadme/bengali/bengali_blind_wav/235678_ahrNpzvuKj0oTCt4_0008.wav,আমরা ধরে নিই যে আপনার kturtle সম্পর্কে মৌলিক জ্ঞান রয়েছে,5.0
/home/abdullahmm/Shivam/subtask2_blindtest_wReadme/bengali/bengali_blind_wav/235678_ahrNpzvuKj0oTCt4_0009.wav,/home/abdullahmm/Shivam/subtask2_blindtest_wReadme/bengali/bengali_blind_wav/235678_ahrNpzvuKj0oTCt4_0009.wav,না হলে প্রাসঙ্গিক টিউটোরিয়ালের জন্য আমাদের website পরিদর্শন করুন,6.0
/home/abdullahmm/Shivam/subtask2_blindtest_wReadme/bengali/bengali_blind_wav/235678_ahrNpzvuKj0oTCt4_0010.wav,/home/abdullahmm/Shivam/subtask2_blindtest_wReadme/bengali/bengali_blind_wav/235678_ahrNpzvuKj0oTCt4_0010.wav,প্রথমে সংজ্ঞায়িত করি যে error কি,4.0
/home/abdullahmm/Shivam/subtask2_blindtest_wReadme/bengali/bengali_blind_wav/235678_ahrNpzvuKj0oTCt4_0011.wav,/home/abdullahmm/Shivam/subtask2_blindtest_wReadme/bengali/bengali_blind_wav/235678_ahrNpzvuKj0oTCt4_0011.wav,error প্রোগ্রামে একটি ভুল যা incorrect বা unexpected ফলাফল দেয়,9.0
/home/abdullahmm/Shivam/subtask2_blindtest_wReadme/bengali/bengali_blind_wav/235678_ahrNpzvuKj0oTCt4_0012.wav,/home/abdullahmm/Shivam/subtask2_blindtest_wReadme/bengali/bengali_blind_wav/235678_ahrNpzvuKj0oTCt4_0012.wav,প্রথমে আমি এররের প্রকার সম্পর্কে ব্যাখ্যা করব,5.0
/home/abdullahmm/Shivam/subtask2_blindtest_wReadme/bengali/bengali_blind_wav/235678_ahrNpzvuKj0oTCt4_0013.wav,/home/abdullahmm/Shivam/subtask2_blindtest_wReadme/bengali/bengali_blind_wav/235678_ahrNpzvuKj0oTCt4_0013.wav,syntax error হল programming ভাষার ব্যাকরণগত নিয়মের উল্লঙ্ঘন,9.0
/home/abdullahmm/Shivam/subtask2_blindtest_wReadme/bengali/bengali_blind_wav/235678_ahrNpzvuKj0oTCt4_0014.wav,/home/abdullahmm/Shivam/subtask2_blindtest_wReadme/bengali/bengali_blind_wav/235678_ahrNpzvuKj0oTCt4_0014.wav,compilation ব্যর্থ হয় যখন প্রোগ্রামে syntax errors থাকে,6.0
/home/abdullahmm/Shivam/subtask2_blindtest_wReadme/bengali/bengali_blind_wav/235678_ahrNpzvuKj0oTCt4_0015.wav,/home/abdullahmm/Shivam/subtask2_blindtest_wReadme/bengali/bengali_blind_wav/235678_ahrNpzvuKj0oTCt4_0015.wav,syntax errors খোঁজা এবং ঠিক করা সহজ,7.0
/home/abdullahmm/Shivam/subtask2_blindtest_wReadme/bengali/bengali_blind_wav/235678_ahrNpzvuKj0oTCt4_0016.wav,/home/abdullahmm/Shivam/subtask2_blindtest_wReadme/bengali/bengali_blind_wav/235678_ahrNpzvuKj0oTCt4_0016.wav,উদাহরণস্বরূপ unmatched parentheses square এবং curly braces,7.0
/home/abdullahmm/Shivam/subtask2_blindtest_wReadme/bengali/bengali_blind_wav/235678_ahrNpzvuKj0oTCt4_0017.wav,/home/abdullahmm/Shivam/subtask2_blindtest_wReadme/bengali/bengali_blind_wav/235678_ahrNpzvuKj0oTCt4_0017.wav,ভ্যারিয়েবলের ব্যবহার যা ঘোষিত করা হয়নি,5.0
/home/abdullahmm/Shivam/subtask2_blindtest_wReadme/bengali/bengali_blind_wav/235678_ahrNpzvuKj0oTCt4_0018.wav,/home/abdullahmm/Shivam/subtask2_blindtest_wReadme/bengali/bengali_blind_wav/235678_ahrNpzvuKj0oTCt4_0018.wav,strings এ অনুপস্থিত ',4.0
/home/abdullahmm/Shivam/subtask2_blindtest_wReadme/bengali/bengali_blind_wav/235678_ahrNpzvuKj0oTCt4_0019.wav,/home/abdullahmm/Shivam/subtask2_blindtest_wReadme/bengali/bengali_blind_wav/235678_ahrNpzvuKj0oTCt4_0019.wav,একটি নতুন kturtle application খুলুন,4.0
/home/abdullahmm/Shivam/subtask2_blindtest_wReadme/bengali/bengali_blind_wav/235678_ahrNpzvuKj0oTCt4_0020.wav,/home/abdullahmm/Shivam/subtask2_blindtest_wReadme/bengali/bengali_blind_wav/235678_ahrNpzvuKj0oTCt4_0020.wav,dash home এ টিপুন search বারে kturtle লিখুন,6.0
/home/abdullahmm/Shivam/subtask2_blindtest_wReadme/bengali/bengali_blind_wav/235678_ahrNpzvuKj0oTCt4_0021.wav,/home/abdullahmm/Shivam/subtask2_blindtest_wReadme/bengali/bengali_blind_wav/235678_ahrNpzvuKj0oTCt4_0021.wav,kturtle icon এ টিপুন,3.0
/home/abdullahmm/Shivam/subtask2_blindtest_wReadme/bengali/bengali_blind_wav/235678_ahrNpzvuKj0oTCt4_0022.wav,/home/abdullahmm/Shivam/subtask2_blindtest_wReadme/bengali/bengali_blind_wav/235678_ahrNpzvuKj0oTCt4_0022.wav,এখন syntax errors এর কয়েকটি ধরণের সাথে tutorial শুরু করি,7.0
/home/abdullahmm/Shivam/subtask2_blindtest_wReadme/bengali/bengali_blind_wav/235678_ahrNpzvuKj0oTCt4_0023.wav,/home/abdullahmm/Shivam/subtask2_blindtest_wReadme/bengali/bengali_blind_wav/235678_ahrNpzvuKj0oTCt4_0023.wav,আমার কাছে ইতিমধ্যে text এডিটরে একটি program রয়েছে,4.0
/home/abdullahmm/Shivam/subtask2_blindtest_wReadme/bengali/bengali_blind_wav/235678_ahrNpzvuKj0oTCt4_0024.wav,/home/abdullahmm/Shivam/subtask2_blindtest_wReadme/bengali/bengali_blind_wav/235678_ahrNpzvuKj0oTCt4_0024.wav,program error ব্যাখ্যা করতে আমি code ons comment করব,7.0
/home/abdullahmm/Shivam/subtask2_blindtest_wReadme/bengali/bengali_blind_wav/235678_ahrNpzvuKj0oTCt4_0025.wav,/home/abdullahmm/Shivam/subtask2_blindtest_wReadme/bengali/bengali_blind_wav/235678_ahrNpzvuKj0oTCt4_0025.wav,এই line comment করব,2.0
/home/abdullahmm/Shivam/subtask2_blindtest_wReadme/bengali/bengali_blind_wav/235678_ahrNpzvuKj0oTCt4_0026.wav,/home/abdullahmm/Shivam/subtask2_blindtest_wReadme/bengali/bengali_blind_wav/235678_ahrNpzvuKj0oTCt4_0026.wav,$ a = ask double উদ্ধৃতিতে enter any number and click ok,8.0
/home/abdullahmm/Shivam/subtask2_blindtest_wReadme/bengali/bengali_blind_wav/235678_ahrNpzvuKj0oTCt4_0027.wav,/home/abdullahmm/Shivam/subtask2_blindtest_wReadme/bengali/bengali_blind_wav/235678_ahrNpzvuKj0oTCt4_0027.wav,line comment করতে # চিহ্ন ব্যবহার করব,4.0
/home/abdullahmm/Shivam/subtask2_blindtest_wReadme/bengali/bengali_blind_wav/235678_ahrNpzvuKj0oTCt4_0028.wav,/home/abdullahmm/Shivam/subtask2_blindtest_wReadme/bengali/bengali_blind_wav/235678_ahrNpzvuKj0oTCt4_0028.wav,আমি text editor থেকে program copy করব এবং kturtle এডিটরে paste করব,8.0
/home/abdullahmm/Shivam/subtask2_blindtest_wReadme/bengali/bengali_blind_wav/235678_ahrNpzvuKj0oTCt4_0029.wav,/home/abdullahmm/Shivam/subtask2_blindtest_wReadme/bengali/bengali_blind_wav/235678_ahrNpzvuKj0oTCt4_0029.wav,এখানে tutorial থামান এবং kturtle এডিটরে program লিখুন,6.0
/home/abdullahmm/Shivam/subtask2_blindtest_wReadme/bengali/bengali_blind_wav/235678_ahrNpzvuKj0oTCt4_0030.wav,/home/abdullahmm/Shivam/subtask2_blindtest_wReadme/bengali/bengali_blind_wav/235678_ahrNpzvuKj0oTCt4_0030.wav,program লেখার পর tutorial পুনঃ আরম্ভ করুন,5.0
/home/abdullahmm/Shivam/subtask2_blindtest_wReadme/bengali/bengali_blind_wav/235678_ahrNpzvuKj0oTCt4_0031.wav,/home/abdullahmm/Shivam/subtask2_blindtest_wReadme/bengali/bengali_blind_wav/235678_ahrNpzvuKj0oTCt4_0031.wav,এখন program run করতে run বোতামে টিপুন,5.0
/home/abdullahmm/Shivam/subtask2_blindtest_wReadme/bengali/bengali_blind_wav/235678_ahrNpzvuKj0oTCt4_0032.wav,/home/abdullahmm/Shivam/subtask2_blindtest_wReadme/bengali/bengali_blind_wav/235678_ahrNpzvuKj0oTCt4_0032.wav,compiler নিম্নলিখিত error দেখায়,3.0
/home/abdullahmm/Shivam/subtask2_blindtest_wReadme/bengali/bengali_blind_wav/235678_ahrNpzvuKj0oTCt4_0033.wav,/home/abdullahmm/Shivam/subtask2_blindtest_wReadme/bengali/bengali_blind_wav/235678_ahrNpzvuKj0oTCt4_0033.wav,variable a was used without first being assigned to a value,7.0
/home/abdullahmm/Shivam/subtask2_blindtest_wReadme/bengali/bengali_blind_wav/235678_ahrNpzvuKj0oTCt4_0034.wav,/home/abdullahmm/Shivam/subtask2_blindtest_wReadme/bengali/bengali_blind_wav/235678_ahrNpzvuKj0oTCt4_0034.wav,এখানে line সংখ্যা 4 এ error রয়েছে,5.0
/home/abdullahmm/Shivam/subtask2_blindtest_wReadme/bengali/bengali_blind_wav/235678_ahrNpzvuKj0oTCt4_0035.wav,/home/abdullahmm/Shivam/subtask2_blindtest_wReadme/bengali/bengali_blind_wav/235678_ahrNpzvuKj0oTCt4_0035.wav,এটি syntax error এটি ঘটেছে কারণ variable a ঘোষিত করা হয়নি,8.0
/home/abdullahmm/Shivam/subtask2_blindtest_wReadme/bengali/bengali_blind_wav/235678_ahrNpzvuKj0oTCt4_0036.wav,/home/abdullahmm/Shivam/subtask2_blindtest_wReadme/bengali/bengali_blind_wav/235678_ahrNpzvuKj0oTCt4_0036.wav,এখন line সংখ্যা 2 এ গিয়ে comment মুছে ফেলবো,4.0
/home/abdullahmm/Shivam/subtask2_blindtest_wReadme/bengali/bengali_blind_wav/235678_ahrNpzvuKj0oTCt4_0037.wav,/home/abdullahmm/Shivam/subtask2_blindtest_wReadme/bengali/bengali_blind_wav/235678_ahrNpzvuKj0oTCt4_0037.wav,আমি text editor থেকে program copy করব এবং kturtle এডিটরে paste করব,9.0
/home/abdullahmm/Shivam/subtask2_blindtest_wReadme/bengali/bengali_blind_wav/235678_ahrNpzvuKj0oTCt4_0038.wav,/home/abdullahmm/Shivam/subtask2_blindtest_wReadme/bengali/bengali_blind_wav/235678_ahrNpzvuKj0oTCt4_0038.wav,এখন program run করতে run বোতামে টিপুন,4.0
/home/abdullahmm/Shivam/subtask2_blindtest_wReadme/bengali/bengali_blind_wav/235678_ahrNpzvuKj0oTCt4_0039.wav,/home/abdullahmm/Shivam/subtask2_blindtest_wReadme/bengali/bengali_blind_wav/235678_ahrNpzvuKj0oTCt4_0039.wav,এর জন্য 6 লিখে ok টিপুন,4.0
/home/abdullahmm/Shivam/subtask2_blindtest_wReadme/bengali/bengali_blind_wav/235678_ahrNpzvuKj0oTCt4_0040.wav,/home/abdullahmm/Shivam/subtask2_blindtest_wReadme/bengali/bengali_blind_wav/235678_ahrNpzvuKj0oTCt4_0040.wav,program error ছাড়া run হয়,4.0
/home/abdullahmm/Shivam/subtask2_blindtest_wReadme/bengali/bengali_blind_wav/235678_ahrNpzvuKj0oTCt4_0041.wav,/home/abdullahmm/Shivam/subtask2_blindtest_wReadme/bengali/bengali_blind_wav/235678_ahrNpzvuKj0oTCt4_0041.wav,kturtle editor থেকে বর্তমান program মুছে ফেলবো,3.0
/home/abdullahmm/Shivam/subtask2_blindtest_wReadme/bengali/bengali_blind_wav/235678_ahrNpzvuKj0oTCt4_0042.wav,/home/abdullahmm/Shivam/subtask2_blindtest_wReadme/bengali/bengali_blind_wav/235678_ahrNpzvuKj0oTCt4_0042.wav,clear command লিখুন এবং canvas পরিষ্কার করতে run করুন,5.0
/home/abdullahmm/Shivam/subtask2_blindtest_wReadme/bengali/bengali_blind_wav/235678_ahrNpzvuKj0oTCt4_0043.wav,/home/abdullahmm/Shivam/subtask2_blindtest_wReadme/bengali/bengali_blind_wav/235678_ahrNpzvuKj0oTCt4_0043.wav,এখন অন্য error দেখি,3.0
/home/abdullahmm/Shivam/subtask2_blindtest_wReadme/bengali/bengali_blind_wav/235678_ahrNpzvuKj0oTCt4_0044.wav,/home/abdullahmm/Shivam/subtask2_blindtest_wReadme/bengali/bengali_blind_wav/235678_ahrNpzvuKj0oTCt4_0044.wav,এখানে ইতিমধ্যে text এডিটরে একটি program রয়েছে,4.0
/home/abdullahmm/Shivam/subtask2_blindtest_wReadme/bengali/bengali_blind_wav/235678_ahrNpzvuKj0oTCt4_0045.wav,/home/abdullahmm/Shivam/subtask2_blindtest_wReadme/bengali/bengali_blind_wav/235678_ahrNpzvuKj0oTCt4_0045.wav,এখানে kturtle এ pi এর মান পূর্বনির্ধারিত,4.0
/home/abdullahmm/Shivam/subtask2_blindtest_wReadme/bengali/bengali_blind_wav/235678_ahrNpzvuKj0oTCt4_0046.wav,/home/abdullahmm/Shivam/subtask2_blindtest_wReadme/bengali/bengali_blind_wav/235678_ahrNpzvuKj0oTCt4_0046.wav,প্রোগ্রামে $ চিহ্ন মুছে দিন,4.0
/home/abdullahmm/Shivam/subtask2_blindtest_wReadme/bengali/bengali_blind_wav/235678_ahrNpzvuKj0oTCt4_0047.wav,/home/abdullahmm/Shivam/subtask2_blindtest_wReadme/bengali/bengali_blind_wav/235678_ahrNpzvuKj0oTCt4_0047.wav,আমি text editor থেকে program copy করব এবং kturtle এডিটরে paste করব,7.0
/home/abdullahmm/Shivam/subtask2_blindtest_wReadme/bengali/bengali_blind_wav/235678_ahrNpzvuKj0oTCt4_0048.wav,/home/abdullahmm/Shivam/subtask2_blindtest_wReadme/bengali/bengali_blind_wav/235678_ahrNpzvuKj0oTCt4_0048.wav,এখানে tutorial থামান এবং kturtle এডিটরে program লিখুন,6.0
/home/abdullahmm/Shivam/subtask2_blindtest_wReadme/bengali/bengali_blind_wav/235678_ahrNpzvuKj0oTCt4_0049.wav,/home/abdullahmm/Shivam/subtask2_blindtest_wReadme/bengali/bengali_blind_wav/235678_ahrNpzvuKj0oTCt4_0049.wav,program লেখার পর tutorial পুনঃ আরম্ভ করুন,5.0
/home/abdullahmm/Shivam/subtask2_blindtest_wReadme/bengali/bengali_blind_wav/235678_ahrNpzvuKj0oTCt4_0050.wav,/home/abdullahmm/Shivam/subtask2_blindtest_wReadme/bengali/bengali_blind_wav/235678_ahrNpzvuKj0oTCt4_0050.wav,program run করতে run বোতামে টিপুন,3.0
/home/abdullahmm/Shivam/subtask2_blindtest_wReadme/bengali/bengali_blind_wav/235678_ahrNpzvuKj0oTCt4_0051.wav,/home/abdullahmm/Shivam/subtask2_blindtest_wReadme/bengali/bengali_blind_wav/235678_ahrNpzvuKj0oTCt4_0051.wav,compiler নিম্নলিখিত error দেখায়,3.0
/home/abdullahmm/Shivam/subtask2_blindtest_wReadme/bengali/bengali_blind_wav/235678_ahrNpzvuKj0oTCt4_0052.wav,/home/abdullahmm/Shivam/subtask2_blindtest_wReadme/bengali/bengali_blind_wav/235678_ahrNpzvuKj0oTCt4_0052.wav,you cannot put = here,4.0
/home/abdullahmm/Shivam/subtask2_blindtest_wReadme/bengali/bengali_blind_wav/235678_ahrNpzvuKj0oTCt4_0053.wav,/home/abdullahmm/Shivam/subtask2_blindtest_wReadme/bengali/bengali_blind_wav/235678_ahrNpzvuKj0oTCt4_0053.wav,এই error line সংখ্যা 2 এ রয়েছে,4.0
/home/abdullahmm/Shivam/subtask2_blindtest_wReadme/bengali/bengali_blind_wav/235678_ahrNpzvuKj0oTCt4_0054.wav,/home/abdullahmm/Shivam/subtask2_blindtest_wReadme/bengali/bengali_blind_wav/235678_ahrNpzvuKj0oTCt4_0054.wav,এটি syntax error এটি ঘটেছে কারণ এখানে ভ্যারিয়েবলের container নেই,7.0
/home/abdullahmm/Shivam/subtask2_blindtest_wReadme/bengali/bengali_blind_wav/235678_ahrNpzvuKj0oTCt4_0055.wav,/home/abdullahmm/Shivam/subtask2_blindtest_wReadme/bengali/bengali_blind_wav/235678_ahrNpzvuKj0oTCt4_0055.wav,প্রোগ্রামে ফিরে গিয়ে $ চিহ্ন বদলান,4.0
/home/abdullahmm/Shivam/subtask2_blindtest_wReadme/bengali/bengali_blind_wav/235678_ahrNpzvuKj0oTCt4_0056.wav,/home/abdullahmm/Shivam/subtask2_blindtest_wReadme/bengali/bengali_blind_wav/235678_ahrNpzvuKj0oTCt4_0056.wav,আমি text editor থেকে program copy করব এবং kturtle এডিটরে paste করব,8.0
/home/abdullahmm/Shivam/subtask2_blindtest_wReadme/bengali/bengali_blind_wav/235678_ahrNpzvuKj0oTCt4_0057.wav,/home/abdullahmm/Shivam/subtask2_blindtest_wReadme/bengali/bengali_blind_wav/235678_ahrNpzvuKj0oTCt4_0057.wav,program run করতে run বোতামে টিপুন,4.0
/home/abdullahmm/Shivam/subtask2_blindtest_wReadme/bengali/bengali_blind_wav/235678_ahrNpzvuKj0oTCt4_0058.wav,/home/abdullahmm/Shivam/subtask2_blindtest_wReadme/bengali/bengali_blind_wav/235678_ahrNpzvuKj0oTCt4_0058.wav,কোণের মানের জন্য 45 লিখে ok টিপুন,4.0
/home/abdullahmm/Shivam/subtask2_blindtest_wReadme/bengali/bengali_blind_wav/235678_ahrNpzvuKj0oTCt4_0059.wav,/home/abdullahmm/Shivam/subtask2_blindtest_wReadme/bengali/bengali_blind_wav/235678_ahrNpzvuKj0oTCt4_0059.wav,program error ছাড়া run হয়,3.0
/home/abdullahmm/Shivam/subtask2_blindtest_wReadme/bengali/bengali_blind_wav/235678_ahrNpzvuKj0oTCt4_0060.wav,/home/abdullahmm/Shivam/subtask2_blindtest_wReadme/bengali/bengali_blind_wav/235678_ahrNpzvuKj0oTCt4_0060.wav,string এর একটি ' মুছে ফেলি,5.0
/home/abdullahmm/Shivam/subtask2_blindtest_wReadme/bengali/bengali_blind_wav/235678_ahrNpzvuKj0oTCt4_0061.wav,/home/abdullahmm/Shivam/subtask2_blindtest_wReadme/bengali/bengali_blind_wav/235678_ahrNpzvuKj0oTCt4_0061.wav,আমি text editor থেকে program copy করব এবং kturtle এডিটরে paste করব,7.0
/home/abdullahmm/Shivam/subtask2_blindtest_wReadme/bengali/bengali_blind_wav/235678_ahrNpzvuKj0oTCt4_0062.wav,/home/abdullahmm/Shivam/subtask2_blindtest_wReadme/bengali/bengali_blind_wav/235678_ahrNpzvuKj0oTCt4_0062.wav,program run করতে run বোতামে টিপুন,3.0
/home/abdullahmm/Shivam/subtask2_blindtest_wReadme/bengali/bengali_blind_wav/235678_ahrNpzvuKj0oTCt4_0063.wav,/home/abdullahmm/Shivam/subtask2_blindtest_wReadme/bengali/bengali_blind_wav/235678_ahrNpzvuKj0oTCt4_0063.wav,compiler নিম্নলিখিত error দেখায়,3.0
/home/abdullahmm/Shivam/subtask2_blindtest_wReadme/bengali/bengali_blind_wav/235678_ahrNpzvuKj0oTCt4_0064.wav,/home/abdullahmm/Shivam/subtask2_blindtest_wReadme/bengali/bengali_blind_wav/235678_ahrNpzvuKj0oTCt4_0064.wav,text string was not properly closed expected a double ' to close the string,7.0
/home/abdullahmm/Shivam/subtask2_blindtest_wReadme/bengali/bengali_blind_wav/235678_ahrNpzvuKj0oTCt4_0065.wav,/home/abdullahmm/Shivam/subtask2_blindtest_wReadme/bengali/bengali_blind_wav/235678_ahrNpzvuKj0oTCt4_0065.wav,এখানে error line সংখ্যা 2 এ রয়েছে,4.0
/home/abdullahmm/Shivam/subtask2_blindtest_wReadme/bengali/bengali_blind_wav/235678_ahrNpzvuKj0oTCt4_0066.wav,/home/abdullahmm/Shivam/subtask2_blindtest_wReadme/bengali/bengali_blind_wav/235678_ahrNpzvuKj0oTCt4_0066.wav,আমি line সংখ্যা 2 এ ফিরে গিয়ে ' প্রতিস্থাপন করব,5.0
/home/abdullahmm/Shivam/subtask2_blindtest_wReadme/bengali/bengali_blind_wav/235678_ahrNpzvuKj0oTCt4_0067.wav,/home/abdullahmm/Shivam/subtask2_blindtest_wReadme/bengali/bengali_blind_wav/235678_ahrNpzvuKj0oTCt4_0067.wav,আমি text editor থেকে program copy করব এবং kturtle এডিটরে paste করব,7.0
/home/abdullahmm/Shivam/subtask2_blindtest_wReadme/bengali/bengali_blind_wav/235678_ahrNpzvuKj0oTCt4_0068.wav,/home/abdullahmm/Shivam/subtask2_blindtest_wReadme/bengali/bengali_blind_wav/235678_ahrNpzvuKj0oTCt4_0068.wav,program run করতে run বোতামে টিপুন,3.0
/home/abdullahmm/Shivam/subtask2_blindtest_wReadme/bengali/bengali_blind_wav/235678_ahrNpzvuKj0oTCt4_0069.wav,/home/abdullahmm/Shivam/subtask2_blindtest_wReadme/bengali/bengali_blind_wav/235678_ahrNpzvuKj0oTCt4_0069.wav,কোণের মানের জন্য 45 লিখে ok টিপুন,5.0
/home/abdullahmm/Shivam/subtask2_blindtest_wReadme/bengali/bengali_blind_wav/235678_ahrNpzvuKj0oTCt4_0070.wav,/home/abdullahmm/Shivam/subtask2_blindtest_wReadme/bengali/bengali_blind_wav/235678_ahrNpzvuKj0oTCt4_0070.wav,program error ছাড়া run হয়,3.0
/home/abdullahmm/Shivam/subtask2_blindtest_wReadme/bengali/bengali_blind_wav/235678_ahrNpzvuKj0oTCt4_0071.wav,/home/abdullahmm/Shivam/subtask2_blindtest_wReadme/bengali/bengali_blind_wav/235678_ahrNpzvuKj0oTCt4_0071.wav,এই উপায়ে আপনি যেখানে error ঘটেছে সেই line খুঁজে তা সংশোধন করতে পারেন,7.0
/home/abdullahmm/Shivam/subtask2_blindtest_wReadme/bengali/bengali_blind_wav/235678_ahrNpzvuKj0oTCt4_0072.wav,/home/abdullahmm/Shivam/subtask2_blindtest_wReadme/bengali/bengali_blind_wav/235678_ahrNpzvuKj0oTCt4_0072.wav,এখন runtime errors সম্পর্কে শিখি,5.0
/home/abdullahmm/Shivam/subtask2_blindtest_wReadme/bengali/bengali_blind_wav/235678_ahrNpzvuKj0oTCt4_0073.wav,/home/abdullahmm/Shivam/subtask2_blindtest_wReadme/bengali/bengali_blind_wav/235678_ahrNpzvuKj0oTCt4_0073.wav,runtime error program নিষ্পাদনের দরুন ঘটে,6.0
/home/abdullahmm/Shivam/subtask2_blindtest_wReadme/bengali/bengali_blind_wav/235678_ahrNpzvuKj0oTCt4_0074.wav,/home/abdullahmm/Shivam/subtask2_blindtest_wReadme/bengali/bengali_blind_wav/235678_ahrNpzvuKj0oTCt4_0074.wav,এটি program crash করতে পারে যখন এটি run করে,5.0
/home/abdullahmm/Shivam/subtask2_blindtest_wReadme/bengali/bengali_blind_wav/235678_ahrNpzvuKj0oTCt4_0075.wav,/home/abdullahmm/Shivam/subtask2_blindtest_wReadme/bengali/bengali_blind_wav/235678_ahrNpzvuKj0oTCt4_0075.wav,runtime errors সাধারণত ব্যবহারকারীর দ্বারা ভুল input কারণে ঘটে,8.0
/home/abdullahmm/Shivam/subtask2_blindtest_wReadme/bengali/bengali_blind_wav/235678_ahrNpzvuKj0oTCt4_0076.wav,/home/abdullahmm/Shivam/subtask2_blindtest_wReadme/bengali/bengali_blind_wav/235678_ahrNpzvuKj0oTCt4_0076.wav,compiler এই error খুঁজতে পারে না,4.0
/home/abdullahmm/Shivam/subtask2_blindtest_wReadme/bengali/bengali_blind_wav/235678_ahrNpzvuKj0oTCt4_0077.wav,/home/abdullahmm/Shivam/subtask2_blindtest_wReadme/bengali/bengali_blind_wav/235678_ahrNpzvuKj0oTCt4_0077.wav,উদাহরণস্বরূপ,2.0
/home/abdullahmm/Shivam/subtask2_blindtest_wReadme/bengali/bengali_blind_wav/235678_ahrNpzvuKj0oTCt4_0078.wav,/home/abdullahmm/Shivam/subtask2_blindtest_wReadme/bengali/bengali_blind_wav/235678_ahrNpzvuKj0oTCt4_0078.wav,একটি variable দ্বারা বিভক্ত করার চেষ্টা যেখানে মান নেই,6.0
/home/abdullahmm/Shivam/subtask2_blindtest_wReadme/bengali/bengali_blind_wav/235678_ahrNpzvuKj0oTCt4_0079.wav,/home/abdullahmm/Shivam/subtask2_blindtest_wReadme/bengali/bengali_blind_wav/235678_ahrNpzvuKj0oTCt4_0079.wav,terminating condition বা increment value ছাড়া loop run করা,8.0
/home/abdullahmm/Shivam/subtask2_blindtest_wReadme/bengali/bengali_blind_wav/235678_ahrNpzvuKj0oTCt4_0080.wav,/home/abdullahmm/Shivam/subtask2_blindtest_wReadme/bengali/bengali_blind_wav/235678_ahrNpzvuKj0oTCt4_0080.wav,kturtle editor থেকে বর্তমান program মুছে ফেলবো,4.0
/home/abdullahmm/Shivam/subtask2_blindtest_wReadme/bengali/bengali_blind_wav/235678_ahrNpzvuKj0oTCt4_0081.wav,/home/abdullahmm/Shivam/subtask2_blindtest_wReadme/bengali/bengali_blind_wav/235678_ahrNpzvuKj0oTCt4_0081.wav,clear command লিখুন এবং canvas পরিষ্কার করতে run করুন,5.0
/home/abdullahmm/Shivam/subtask2_blindtest_wReadme/bengali/bengali_blind_wav/235678_ahrNpzvuKj0oTCt4_0082.wav,/home/abdullahmm/Shivam/subtask2_blindtest_wReadme/bengali/bengali_blind_wav/235678_ahrNpzvuKj0oTCt4_0082.wav,এখানে ইতিমধ্যে text এডিটরে একটি program রয়েছে,4.0
/home/abdullahmm/Shivam/subtask2_blindtest_wReadme/bengali/bengali_blind_wav/235678_ahrNpzvuKj0oTCt4_0083.wav,/home/abdullahmm/Shivam/subtask2_blindtest_wReadme/bengali/bengali_blind_wav/235678_ahrNpzvuKj0oTCt4_0083.wav,এই program টি দুটি সংখ্যা বিভক্ত করে,4.0
/home/abdullahmm/Shivam/subtask2_blindtest_wReadme/bengali/bengali_blind_wav/235678_ahrNpzvuKj0oTCt4_0084.wav,/home/abdullahmm/Shivam/subtask2_blindtest_wReadme/bengali/bengali_blind_wav/235678_ahrNpzvuKj0oTCt4_0084.wav,a ভাজ্য এবং r হল ভাজক,4.0
/home/abdullahmm/Shivam/subtask2_blindtest_wReadme/bengali/bengali_blind_wav/235678_ahrNpzvuKj0oTCt4_0085.wav,/home/abdullahmm/Shivam/subtask2_blindtest_wReadme/bengali/bengali_blind_wav/235678_ahrNpzvuKj0oTCt4_0085.wav,আমি text editor থেকে program copy করব এবং kturtle এডিটরে paste করব,7.0
/home/abdullahmm/Shivam/subtask2_blindtest_wReadme/bengali/bengali_blind_wav/235678_ahrNpzvuKj0oTCt4_0086.wav,/home/abdullahmm/Shivam/subtask2_blindtest_wReadme/bengali/bengali_blind_wav/235678_ahrNpzvuKj0oTCt4_0086.wav,এখানে tutorial থামান এবং kturtle এডিটরে program লিখুন,5.0
/home/abdullahmm/Shivam/subtask2_blindtest_wReadme/bengali/bengali_blind_wav/235678_ahrNpzvuKj0oTCt4_0087.wav,/home/abdullahmm/Shivam/subtask2_blindtest_wReadme/bengali/bengali_blind_wav/235678_ahrNpzvuKj0oTCt4_0087.wav,program লেখার পর tutorial পুনঃ আরম্ভ করুন,4.0
/home/abdullahmm/Shivam/subtask2_blindtest_wReadme/bengali/bengali_blind_wav/235678_ahrNpzvuKj0oTCt4_0088.wav,/home/abdullahmm/Shivam/subtask2_blindtest_wReadme/bengali/bengali_blind_wav/235678_ahrNpzvuKj0oTCt4_0088.wav,এখন program run করতে run বোতামে টিপুন,4.0
/home/abdullahmm/Shivam/subtask2_blindtest_wReadme/bengali/bengali_blind_wav/235678_ahrNpzvuKj0oTCt4_0089.wav,/home/abdullahmm/Shivam/subtask2_blindtest_wReadme/bengali/bengali_blind_wav/235678_ahrNpzvuKj0oTCt4_0089.wav,a এর জন্য 5 লিখুন এবং ok টিপুন,5.0
/home/abdullahmm/Shivam/subtask2_blindtest_wReadme/bengali/bengali_blind_wav/235678_ahrNpzvuKj0oTCt4_0090.wav,/home/abdullahmm/Shivam/subtask2_blindtest_wReadme/bengali/bengali_blind_wav/235678_ahrNpzvuKj0oTCt4_0090.wav,r এর জন্য 0 লিখুন ok টিপুন,4.0
/home/abdullahmm/Shivam/subtask2_blindtest_wReadme/bengali/bengali_blind_wav/235678_ahrNpzvuKj0oTCt4_0091.wav,/home/abdullahmm/Shivam/subtask2_blindtest_wReadme/bengali/bengali_blind_wav/235678_ahrNpzvuKj0oTCt4_0091.wav,এখানে runtime error pi,3.0
/home/abdullahmm/Shivam/subtask2_blindtest_wReadme/bengali/bengali_blind_wav/235678_ahrNpzvuKj0oTCt4_0092.wav,/home/abdullahmm/Shivam/subtask2_blindtest_wReadme/bengali/bengali_blind_wav/235678_ahrNpzvuKj0oTCt4_0092.wav,you tried to divide by zero,3.0
/home/abdullahmm/Shivam/subtask2_blindtest_wReadme/bengali/bengali_blind_wav/235678_ahrNpzvuKj0oTCt4_0093.wav,/home/abdullahmm/Shivam/subtask2_blindtest_wReadme/bengali/bengali_blind_wav/235678_ahrNpzvuKj0oTCt4_0093.wav,এই error line সংখ্যা 4 এ রয়েছে,4.0
/home/abdullahmm/Shivam/subtask2_blindtest_wReadme/bengali/bengali_blind_wav/235678_ahrNpzvuKj0oTCt4_0094.wav,/home/abdullahmm/Shivam/subtask2_blindtest_wReadme/bengali/bengali_blind_wav/235678_ahrNpzvuKj0oTCt4_0094.wav,এই এররের কারণ হল আমরা শূন্য দ্বারা সংখ্যা বিভক্ত করতে পারি না,6.0
/home/abdullahmm/Shivam/subtask2_blindtest_wReadme/bengali/bengali_blind_wav/235678_ahrNpzvuKj0oTCt4_0095.wav,/home/abdullahmm/Shivam/subtask2_blindtest_wReadme/bengali/bengali_blind_wav/235678_ahrNpzvuKj0oTCt4_0095.wav,আবার run করি,2.0
/home/abdullahmm/Shivam/subtask2_blindtest_wReadme/bengali/bengali_blind_wav/235678_ahrNpzvuKj0oTCt4_0096.wav,/home/abdullahmm/Shivam/subtask2_blindtest_wReadme/bengali/bengali_blind_wav/235678_ahrNpzvuKj0oTCt4_0096.wav,এর জন্য 5 লিখে ok টিপুন,3.0
/home/abdullahmm/Shivam/subtask2_blindtest_wReadme/bengali/bengali_blind_wav/235678_ahrNpzvuKj0oTCt4_0097.wav,/home/abdullahmm/Shivam/subtask2_blindtest_wReadme/bengali/bengali_blind_wav/235678_ahrNpzvuKj0oTCt4_0097.wav,r এর জন্য 2 লিখে ok টিপুন,4.0
/home/abdullahmm/Shivam/subtask2_blindtest_wReadme/bengali/bengali_blind_wav/235678_ahrNpzvuKj0oTCt4_0098.wav,/home/abdullahmm/Shivam/subtask2_blindtest_wReadme/bengali/bengali_blind_wav/235678_ahrNpzvuKj0oTCt4_0098.wav,program error ছাড়া run হয়,3.0
/home/abdullahmm/Shivam/subtask2_blindtest_wReadme/bengali/bengali_blind_wav/235678_ahrNpzvuKj0oTCt4_0099.wav,/home/abdullahmm/Shivam/subtask2_blindtest_wReadme/bengali/bengali_blind_wav/235678_ahrNpzvuKj0oTCt4_0099.wav,kturtle editor থেকে বর্তমান program মুছে ফেলুন,4.0
/home/abdullahmm/Shivam/subtask2_blindtest_wReadme/bengali/bengali_blind_wav/235678_ahrNpzvuKj0oTCt4_0100.wav,/home/abdullahmm/Shivam/subtask2_blindtest_wReadme/bengali/bengali_blind_wav/235678_ahrNpzvuKj0oTCt4_0100.wav,clear command লিখুন এবং canvas পরিষ্কার করতে run করুন,5.0
/home/abdullahmm/Shivam/subtask2_blindtest_wReadme/bengali/bengali_blind_wav/235678_ahrNpzvuKj0oTCt4_0101.wav,/home/abdullahmm/Shivam/subtask2_blindtest_wReadme/bengali/bengali_blind_wav/235678_ahrNpzvuKj0oTCt4_0101.wav,এখন logical errors সম্পর্কে শিখব,4.0
/home/abdullahmm/Shivam/subtask2_blindtest_wReadme/bengali/bengali_blind_wav/235678_ahrNpzvuKj0oTCt4_0102.wav,/home/abdullahmm/Shivam/subtask2_blindtest_wReadme/bengali/bengali_blind_wav/235678_ahrNpzvuKj0oTCt4_0102.wav,logical error program source কোডের একটি ভুল যার ফলাফল incorrect বা unexpected আচরণ,12.0
/home/abdullahmm/Shivam/subtask2_blindtest_wReadme/bengali/bengali_blind_wav/235678_ahrNpzvuKj0oTCt4_0103.wav,/home/abdullahmm/Shivam/subtask2_blindtest_wReadme/bengali/bengali_blind_wav/235678_ahrNpzvuKj0oTCt4_0103.wav,উদাহরণস্বরূপ,2.0
/home/abdullahmm/Shivam/subtask2_blindtest_wReadme/bengali/bengali_blind_wav/235678_ahrNpzvuKj0oTCt4_0104.wav,/home/abdullahmm/Shivam/subtask2_blindtest_wReadme/bengali/bengali_blind_wav/235678_ahrNpzvuKj0oTCt4_0104.wav,ভুল ভ্যারিয়েবলে মান নির্দিষ্ট করা,4.0
/home/abdullahmm/Shivam/subtask2_blindtest_wReadme/bengali/bengali_blind_wav/235678_ahrNpzvuKj0oTCt4_0105.wav,/home/abdullahmm/Shivam/subtask2_blindtest_wReadme/bengali/bengali_blind_wav/235678_ahrNpzvuKj0oTCt4_0105.wav,দুটি সংখ্যা যোগের বদলে গুন করা,4.0
/home/abdullahmm/Shivam/subtask2_blindtest_wReadme/bengali/bengali_blind_wav/235678_ahrNpzvuKj0oTCt4_0106.wav,/home/abdullahmm/Shivam/subtask2_blindtest_wReadme/bengali/bengali_blind_wav/235678_ahrNpzvuKj0oTCt4_0106.wav,ইতিমধ্যে text এডিটরে program রয়েছে,3.0
/home/abdullahmm/Shivam/subtask2_blindtest_wReadme/bengali/bengali_blind_wav/235678_ahrNpzvuKj0oTCt4_0107.wav,/home/abdullahmm/Shivam/subtask2_blindtest_wReadme/bengali/bengali_blind_wav/235678_ahrNpzvuKj0oTCt4_0107.wav,আমি text editor থেকে program copy করব এবং kturtle এডিটরে paste করব,8.0
/home/abdullahmm/Shivam/subtask2_blindtest_wReadme/bengali/bengali_blind_wav/235678_ahrNpzvuKj0oTCt4_0108.wav,/home/abdullahmm/Shivam/subtask2_blindtest_wReadme/bengali/bengali_blind_wav/235678_ahrNpzvuKj0oTCt4_0108.wav,এখানে tutorial থামান এবং kturtle এডিটরে program লিখুন,5.0
/home/abdullahmm/Shivam/subtask2_blindtest_wReadme/bengali/bengali_blind_wav/235678_ahrNpzvuKj0oTCt4_0109.wav,/home/abdullahmm/Shivam/subtask2_blindtest_wReadme/bengali/bengali_blind_wav/235678_ahrNpzvuKj0oTCt4_0109.wav,program লেখার পর tutorial পুনঃ আরম্ভ করুন,5.0
/home/abdullahmm/Shivam/subtask2_blindtest_wReadme/bengali/bengali_blind_wav/235678_ahrNpzvuKj0oTCt4_0110.wav,/home/abdullahmm/Shivam/subtask2_blindtest_wReadme/bengali/bengali_blind_wav/235678_ahrNpzvuKj0oTCt4_0110.wav,program run করতে run বোতামে টিপুন,4.0
/home/abdullahmm/Shivam/subtask2_blindtest_wReadme/bengali/bengali_blind_wav/235678_ahrNpzvuKj0oTCt4_0111.wav,/home/abdullahmm/Shivam/subtask2_blindtest_wReadme/bengali/bengali_blind_wav/235678_ahrNpzvuKj0oTCt4_0111.wav,একটি dialog box pop up হয় ok টিপুন,4.0
/home/abdullahmm/Shivam/subtask2_blindtest_wReadme/bengali/bengali_blind_wav/235678_ahrNpzvuKj0oTCt4_0112.wav,/home/abdullahmm/Shivam/subtask2_blindtest_wReadme/bengali/bengali_blind_wav/235678_ahrNpzvuKj0oTCt4_0112.wav,loop infinite loop এ যায়,3.0
/home/abdullahmm/Shivam/subtask2_blindtest_wReadme/bengali/bengali_blind_wav/235678_ahrNpzvuKj0oTCt4_0113.wav,/home/abdullahmm/Shivam/subtask2_blindtest_wReadme/bengali/bengali_blind_wav/235678_ahrNpzvuKj0oTCt4_0113.wav,আমরা দেখি যে while loop 31 থেকে সংখ্যা print করে এবং এখনও print করছে,7.0
/home/abdullahmm/Shivam/subtask2_blindtest_wReadme/bengali/bengali_blind_wav/235678_ahrNpzvuKj0oTCt4_0114.wav,/home/abdullahmm/Shivam/subtask2_blindtest_wReadme/bengali/bengali_blind_wav/235678_ahrNpzvuKj0oTCt4_0114.wav,এটি logical error,3.0
/home/abdullahmm/Shivam/subtask2_blindtest_wReadme/bengali/bengali_blind_wav/235678_ahrNpzvuKj0oTCt4_0115.wav,/home/abdullahmm/Shivam/subtask2_blindtest_wReadme/bengali/bengali_blind_wav/235678_ahrNpzvuKj0oTCt4_0115.wav,while কণ্ডিশনে x 20র অধিক,5.0
/home/abdullahmm/Shivam/subtask2_blindtest_wReadme/bengali/bengali_blind_wav/235678_ahrNpzvuKj0oTCt4_0116.wav,/home/abdullahmm/Shivam/subtask2_blindtest_wReadme/bengali/bengali_blind_wav/235678_ahrNpzvuKj0oTCt4_0116.wav,কিন্তু variable x সর্বদা 20 এর অধিক হয়,5.0
/home/abdullahmm/Shivam/subtask2_blindtest_wReadme/bengali/bengali_blind_wav/235678_ahrNpzvuKj0oTCt4_0117.wav,/home/abdullahmm/Shivam/subtask2_blindtest_wReadme/bengali/bengali_blind_wav/235678_ahrNpzvuKj0oTCt4_0117.wav,loop কখনও terminate হয় না,3.0
/home/abdullahmm/Shivam/subtask2_blindtest_wReadme/bengali/bengali_blind_wav/235678_ahrNpzvuKj0oTCt4_0118.wav,/home/abdullahmm/Shivam/subtask2_blindtest_wReadme/bengali/bengali_blind_wav/235678_ahrNpzvuKj0oTCt4_0118.wav,আমি প্রক্রিয়াটি abort করতে abort বোতামে টিপব,5.0
/home/abdullahmm/Shivam/subtask2_blindtest_wReadme/bengali/bengali_blind_wav/235678_ahrNpzvuKj0oTCt4_0119.wav,/home/abdullahmm/Shivam/subtask2_blindtest_wReadme/bengali/bengali_blind_wav/235678_ahrNpzvuKj0oTCt4_0119.wav,$ x = $ x + 1 কে $ x = $ x - 1 এ বদলান,8.0
/home/abdullahmm/Shivam/subtask2_blindtest_wReadme/bengali/bengali_blind_wav/235678_ahrNpzvuKj0oTCt4_0120.wav,/home/abdullahmm/Shivam/subtask2_blindtest_wReadme/bengali/bengali_blind_wav/235678_ahrNpzvuKj0oTCt4_0120.wav,আমি text editor থেকে program copy করব এবং kturtle এডিটরে paste করব,7.0
/home/abdullahmm/Shivam/subtask2_blindtest_wReadme/bengali/bengali_blind_wav/235678_ahrNpzvuKj0oTCt4_0121.wav,/home/abdullahmm/Shivam/subtask2_blindtest_wReadme/bengali/bengali_blind_wav/235678_ahrNpzvuKj0oTCt4_0121.wav,এখন program run করতে run বোতামে টিপুন,4.0
/home/abdullahmm/Shivam/subtask2_blindtest_wReadme/bengali/bengali_blind_wav/235678_ahrNpzvuKj0oTCt4_0122.wav,/home/abdullahmm/Shivam/subtask2_blindtest_wReadme/bengali/bengali_blind_wav/235678_ahrNpzvuKj0oTCt4_0122.wav,একটি dialog box pop up হয় ok টিপুন,4.0
/home/abdullahmm/Shivam/subtask2_blindtest_wReadme/bengali/bengali_blind_wav/235678_ahrNpzvuKj0oTCt4_0123.wav,/home/abdullahmm/Shivam/subtask2_blindtest_wReadme/bengali/bengali_blind_wav/235678_ahrNpzvuKj0oTCt4_0123.wav,loop 29 থেকে 20 পর্যন্ত মান প্রিন্টের পর terminate হয়,6.0
/home/abdullahmm/Shivam/subtask2_blindtest_wReadme/bengali/bengali_blind_wav/235678_ahrNpzvuKj0oTCt4_0124.wav,/home/abdullahmm/Shivam/subtask2_blindtest_wReadme/bengali/bengali_blind_wav/235678_ahrNpzvuKj0oTCt4_0124.wav,এর সাথেই আমরা এই tutorial শেষে চলে এসেছি,5.0
/home/abdullahmm/Shivam/subtask2_blindtest_wReadme/bengali/bengali_blind_wav/235678_ahrNpzvuKj0oTCt4_0125.wav,/home/abdullahmm/Shivam/subtask2_blindtest_wReadme/bengali/bengali_blind_wav/235678_ahrNpzvuKj0oTCt4_0125.wav,সংক্ষেপে,2.0
/home/abdullahmm/Shivam/subtask2_blindtest_wReadme/bengali/bengali_blind_wav/235678_ahrNpzvuKj0oTCt4_0126.wav,/home/abdullahmm/Shivam/subtask2_blindtest_wReadme/bengali/bengali_blind_wav/235678_ahrNpzvuKj0oTCt4_0126.wav,এই টিউটোরিয়ালে আমরা শিখেছি error এবং এররের ধরণ যেমন,6.0
/home/abdullahmm/Shivam/subtask2_blindtest_wReadme/bengali/bengali_blind_wav/235678_ahrNpzvuKj0oTCt4_0127.wav,/home/abdullahmm/Shivam/subtask2_blindtest_wReadme/bengali/bengali_blind_wav/235678_ahrNpzvuKj0oTCt4_0127.wav,ভ্যারিয়েবলের ব্যবহার যা ঘোষিত করা হয়নি,5.0
/home/abdullahmm/Shivam/subtask2_blindtest_wReadme/bengali/bengali_blind_wav/235678_ahrNpzvuKj0oTCt4_0128.wav,/home/abdullahmm/Shivam/subtask2_blindtest_wReadme/bengali/bengali_blind_wav/235678_ahrNpzvuKj0oTCt4_0128.wav,strings এ অনুপস্থিত ',4.0
/home/abdullahmm/Shivam/subtask2_blindtest_wReadme/bengali/bengali_blind_wav/235678_ahrNpzvuKj0oTCt4_0129.wav,/home/abdullahmm/Shivam/subtask2_blindtest_wReadme/bengali/bengali_blind_wav/235678_ahrNpzvuKj0oTCt4_0129.wav,runtime errors এবং,3.0
/home/abdullahmm/Shivam/subtask2_blindtest_wReadme/bengali/bengali_blind_wav/235678_ahrNpzvuKj0oTCt4_0130.wav,/home/abdullahmm/Shivam/subtask2_blindtest_wReadme/bengali/bengali_blind_wav/235678_ahrNpzvuKj0oTCt4_0130.wav,logical error,1.0
/home/abdullahmm/Shivam/subtask2_blindtest_wReadme/bengali/bengali_blind_wav/235678_ahrNpzvuKj0oTCt4_0131.wav,/home/abdullahmm/Shivam/subtask2_blindtest_wReadme/bengali/bengali_blind_wav/235678_ahrNpzvuKj0oTCt4_0131.wav,নির্দেশিত কাজ হিসাবে আমি চাই যে আপনি প্রদত্ত প্রোগ্রামে error খুঁজুন,15.0
/home/abdullahmm/Shivam/subtask2_blindtest_wReadme/bengali/bengali_blind_wav/235678_ahrNpzvuKj0oTCt4_0132.wav,/home/abdullahmm/Shivam/subtask2_blindtest_wReadme/bengali/bengali_blind_wav/235678_ahrNpzvuKj0oTCt4_0132.wav,এই লিঙ্কে উপলব্ধ video টি দেখুন,4.0
/home/abdullahmm/Shivam/subtask2_blindtest_wReadme/bengali/bengali_blind_wav/235678_ahrNpzvuKj0oTCt4_0133.wav,/home/abdullahmm/Shivam/subtask2_blindtest_wReadme/bengali/bengali_blind_wav/235678_ahrNpzvuKj0oTCt4_0133.wav,এটি spoken tutorial প্রকল্পকে সারসংক্ষেপে বোঝায়,4.0
/home/abdullahmm/Shivam/subtask2_blindtest_wReadme/bengali/bengali_blind_wav/235678_ahrNpzvuKj0oTCt4_0134.wav,/home/abdullahmm/Shivam/subtask2_blindtest_wReadme/bengali/bengali_blind_wav/235678_ahrNpzvuKj0oTCt4_0134.wav,ভাল bandwidth না থাকলে আপনি video টি download করে দেখতে পারেন,5.0
/home/abdullahmm/Shivam/subtask2_blindtest_wReadme/bengali/bengali_blind_wav/235678_ahrNpzvuKj0oTCt4_0135.wav,/home/abdullahmm/Shivam/subtask2_blindtest_wReadme/bengali/bengali_blind_wav/235678_ahrNpzvuKj0oTCt4_0135.wav,spoken tutorial প্রকল্প the,2.0
/home/abdullahmm/Shivam/subtask2_blindtest_wReadme/bengali/bengali_blind_wav/235678_ahrNpzvuKj0oTCt4_0136.wav,/home/abdullahmm/Shivam/subtask2_blindtest_wReadme/bengali/bengali_blind_wav/235678_ahrNpzvuKj0oTCt4_0136.wav,কথ্য tutorials গুলি ব্যবহার করে কর্মশালার আয়োজন করে,4.0
/home/abdullahmm/Shivam/subtask2_blindtest_wReadme/bengali/bengali_blind_wav/235678_ahrNpzvuKj0oTCt4_0137.wav,/home/abdullahmm/Shivam/subtask2_blindtest_wReadme/bengali/bengali_blind_wav/235678_ahrNpzvuKj0oTCt4_0137.wav,online পরীক্ষা pass করলে প্রশংসাপত্র দেওয়া হয়,4.0
/home/abdullahmm/Shivam/subtask2_blindtest_wReadme/bengali/bengali_blind_wav/235678_ahrNpzvuKj0oTCt4_0139.wav,/home/abdullahmm/Shivam/subtask2_blindtest_wReadme/bengali/bengali_blind_wav/235678_ahrNpzvuKj0oTCt4_0139.wav,spoken tutorial talk to a teacher প্রকল্পের অংশবিশেষ,6.0
/home/abdullahmm/Shivam/subtask2_blindtest_wReadme/bengali/bengali_blind_wav/235678_ahrNpzvuKj0oTCt4_0140.wav,/home/abdullahmm/Shivam/subtask2_blindtest_wReadme/bengali/bengali_blind_wav/235678_ahrNpzvuKj0oTCt4_0140.wav,এটি ভারত সরকারের ict mhrd এর national mission on education দ্বারা সমর্থিত,8.0
/home/abdullahmm/Shivam/subtask2_blindtest_wReadme/bengali/bengali_blind_wav/235678_ahrNpzvuKj0oTCt4_0141.wav,/home/abdullahmm/Shivam/subtask2_blindtest_wReadme/bengali/bengali_blind_wav/235678_ahrNpzvuKj0oTCt4_0141.wav,এই বিষয়ে বিস্তারিত তথ্য এই লিঙ্কে প্রাপ্তিসাধ্য,6.0
/home/abdullahmm/Shivam/subtask2_blindtest_wReadme/bengali/bengali_blind_wav/235678_ahrNpzvuKj0oTCt4_0142.wav,/home/abdullahmm/Shivam/subtask2_blindtest_wReadme/bengali/bengali_blind_wav/235678_ahrNpzvuKj0oTCt4_0142.wav,আমি কৌশিক দত্ত এই টিউটোরিয়ালটি অনুবাদ করেছি,4.0
/home/abdullahmm/Shivam/subtask2_blindtest_wReadme/bengali/bengali_blind_wav/235678_ahrNpzvuKj0oTCt4_0143.wav,/home/abdullahmm/Shivam/subtask2_blindtest_wReadme/bengali/bengali_blind_wav/235678_ahrNpzvuKj0oTCt4_0143.wav,ধন্যবাদ,2.01
/home/abdullahmm/Shivam/subtask2_blindtest_wReadme/bengali/bengali_blind_wav/324239_g8NN2uiu4JqFN9v5_0000.wav,/home/abdullahmm/Shivam/subtask2_blindtest_wReadme/bengali/bengali_blind_wav/324239_g8NN2uiu4JqFN9v5_0000.wav,servlet মেথডসের টিউটোরিয়ালে আপনাদের স্বাগত,5.0
/home/abdullahmm/Shivam/subtask2_blindtest_wReadme/bengali/bengali_blind_wav/324239_g8NN2uiu4JqFN9v5_0001.wav,/home/abdullahmm/Shivam/subtask2_blindtest_wReadme/bengali/bengali_blind_wav/324239_g8NN2uiu4JqFN9v5_0001.wav,in টিউটোরিয়ালে শিখব,2.0
/home/abdullahmm/Shivam/subtask2_blindtest_wReadme/bengali/bengali_blind_wav/324239_g8NN2uiu4JqFN9v5_0002.wav,/home/abdullahmm/Shivam/subtask2_blindtest_wReadme/bengali/bengali_blind_wav/324239_g8NN2uiu4JqFN9v5_0002.wav,jsp ব্যবহার করে সহজ login form তৈরি করা,5.0
/home/abdullahmm/Shivam/subtask2_blindtest_wReadme/bengali/bengali_blind_wav/324239_g8NN2uiu4JqFN9v5_0003.wav,/home/abdullahmm/Shivam/subtask2_blindtest_wReadme/bengali/bengali_blind_wav/324239_g8NN2uiu4JqFN9v5_0003.wav,method ব্যবহার করে parametre pass করা,3.0
/home/abdullahmm/Shivam/subtask2_blindtest_wReadme/bengali/bengali_blind_wav/324239_g8NN2uiu4JqFN9v5_0004.wav,/home/abdullahmm/Shivam/subtask2_blindtest_wReadme/bengali/bengali_blind_wav/324239_g8NN2uiu4JqFN9v5_0004.wav,do post method ব্যবহার করে parameter pass করা,4.0
/home/abdullahmm/Shivam/subtask2_blindtest_wReadme/bengali/bengali_blind_wav/324239_g8NN2uiu4JqFN9v5_0005.wav,/home/abdullahmm/Shivam/subtask2_blindtest_wReadme/bengali/bengali_blind_wav/324239_g8NN2uiu4JqFN9v5_0005.wav,do get এবং do post মেথডের পার্থক্য,5.0
/home/abdullahmm/Shivam/subtask2_blindtest_wReadme/bengali/bengali_blind_wav/324239_g8NN2uiu4JqFN9v5_0006.wav,/home/abdullahmm/Shivam/subtask2_blindtest_wReadme/bengali/bengali_blind_wav/324239_g8NN2uiu4JqFN9v5_0006.wav,এখানে ubuntu সংস্করণ 1204,5.0
/home/abdullahmm/Shivam/subtask2_blindtest_wReadme/bengali/bengali_blind_wav/324239_g8NN2uiu4JqFN9v5_0007.wav,/home/abdullahmm/Shivam/subtask2_blindtest_wReadme/bengali/bengali_blind_wav/324239_g8NN2uiu4JqFN9v5_0007.wav,netbeans ide 7 . 3,3.0
/home/abdullahmm/Shivam/subtask2_blindtest_wReadme/bengali/bengali_blind_wav/324239_g8NN2uiu4JqFN9v5_0008.wav,/home/abdullahmm/Shivam/subtask2_blindtest_wReadme/bengali/bengali_blind_wav/324239_g8NN2uiu4JqFN9v5_0008.wav,jdk 1 . 7 firefox,3.0
/home/abdullahmm/Shivam/subtask2_blindtest_wReadme/bengali/bengali_blind_wav/324239_g8NN2uiu4JqFN9v5_0009.wav,/home/abdullahmm/Shivam/subtask2_blindtest_wReadme/bengali/bengali_blind_wav/324239_g8NN2uiu4JqFN9v5_0009.wav,browser 21 . 0 ব্যবহার করছি,3.0
/home/abdullahmm/Shivam/subtask2_blindtest_wReadme/bengali/bengali_blind_wav/324239_g8NN2uiu4JqFN9v5_0010.wav,/home/abdullahmm/Shivam/subtask2_blindtest_wReadme/bengali/bengali_blind_wav/324239_g8NN2uiu4JqFN9v5_0010.wav,আপনি পছন্দের web browser ব্যবহার করতে পারেন,4.0
/home/abdullahmm/Shivam/subtask2_blindtest_wReadme/bengali/bengali_blind_wav/324239_g8NN2uiu4JqFN9v5_0011.wav,/home/abdullahmm/Shivam/subtask2_blindtest_wReadme/bengali/bengali_blind_wav/324239_g8NN2uiu4JqFN9v5_0011.wav,tutorial অনুসরণ করতে,3.0
/home/abdullahmm/Shivam/subtask2_blindtest_wReadme/bengali/bengali_blind_wav/324239_g8NN2uiu4JqFN9v5_0012.wav,/home/abdullahmm/Shivam/subtask2_blindtest_wReadme/bengali/bengali_blind_wav/324239_g8NN2uiu4JqFN9v5_0012.wav,netbeans id ব্যবহার code java,3.0
/home/abdullahmm/Shivam/subtask2_blindtest_wReadme/bengali/bengali_blind_wav/324239_g8NN2uiu4JqFN9v5_0013.wav,/home/abdullahmm/Shivam/subtask2_blindtest_wReadme/bengali/bengali_blind_wav/324239_g8NN2uiu4JqFN9v5_0013.wav,html,2.0
/home/abdullahmm/Shivam/subtask2_blindtest_wReadme/bengali/bengali_blind_wav/324239_g8NN2uiu4JqFN9v5_0014.wav,/home/abdullahmm/Shivam/subtask2_blindtest_wReadme/bengali/bengali_blind_wav/324239_g8NN2uiu4JqFN9v5_0014.wav,java servlets এবং jsps সম্পর্কে মৌলিক জ্ঞান থাকতে হবে,5.0
/home/abdullahmm/Shivam/subtask2_blindtest_wReadme/bengali/bengali_blind_wav/324239_g8NN2uiu4JqFN9v5_0015.wav,/home/abdullahmm/Shivam/subtask2_blindtest_wReadme/bengali/bengali_blind_wav/324239_g8NN2uiu4JqFN9v5_0015.wav,না হলে প্রাসঙ্গিক tutorials জন্য আমাদের website যান,4.0
/home/abdullahmm/Shivam/subtask2_blindtest_wReadme/bengali/bengali_blind_wav/324239_g8NN2uiu4JqFN9v5_0016.wav,/home/abdullahmm/Shivam/subtask2_blindtest_wReadme/bengali/bengali_blind_wav/324239_g8NN2uiu4JqFN9v5_0016.wav,এখন আমাদের web application তৈরি করে শুরু করব library management system,6.0
/home/abdullahmm/Shivam/subtask2_blindtest_wReadme/bengali/bengali_blind_wav/324239_g8NN2uiu4JqFN9v5_0017.wav,/home/abdullahmm/Shivam/subtask2_blindtest_wReadme/bengali/bengali_blind_wav/324239_g8NN2uiu4JqFN9v5_0017.wav,প্রথমে home page তৈরি করি,3.0
/home/abdullahmm/Shivam/subtask2_blindtest_wReadme/bengali/bengali_blind_wav/324239_g8NN2uiu4JqFN9v5_0018.wav,/home/abdullahmm/Shivam/subtask2_blindtest_wReadme/bengali/bengali_blind_wav/324239_g8NN2uiu4JqFN9v5_0018.wav,home oage এ একটি সহজ log in form থাকবে,5.0
/home/abdullahmm/Shivam/subtask2_blindtest_wReadme/bengali/bengali_blind_wav/324239_g8NN2uiu4JqFN9v5_0019.wav,/home/abdullahmm/Shivam/subtask2_blindtest_wReadme/bengali/bengali_blind_wav/324239_g8NN2uiu4JqFN9v5_0019.wav,এটি library management system এ অনুমোদিত ইউসারদের login করার অনুমতি দেয়,6.0
/home/abdullahmm/Shivam/subtask2_blindtest_wReadme/bengali/bengali_blind_wav/324239_g8NN2uiu4JqFN9v5_0020.wav,/home/abdullahmm/Shivam/subtask2_blindtest_wReadme/bengali/bengali_blind_wav/324239_g8NN2uiu4JqFN9v5_0020.wav,এখন netbeans ide তে যাই,3.0
/home/abdullahmm/Shivam/subtask2_blindtest_wReadme/bengali/bengali_blind_wav/324239_g8NN2uiu4JqFN9v5_0021.wav,/home/abdullahmm/Shivam/subtask2_blindtest_wReadme/bengali/bengali_blind_wav/324239_g8NN2uiu4JqFN9v5_0021.wav,আমাদের পূর্বে তৈরী করা index . jsp পেজে যাই,7.0
/home/abdullahmm/Shivam/subtask2_blindtest_wReadme/bengali/bengali_blind_wav/324239_g8NN2uiu4JqFN9v5_0022.wav,/home/abdullahmm/Shivam/subtask2_blindtest_wReadme/bengali/bengali_blind_wav/324239_g8NN2uiu4JqFN9v5_0022.wav,আমাদের home page তৈরি করতে এই page পরিবর্তন করতে হবে,5.0
/home/abdullahmm/Shivam/subtask2_blindtest_wReadme/bengali/bengali_blind_wav/324239_g8NN2uiu4JqFN9v5_0023.wav,/home/abdullahmm/Shivam/subtask2_blindtest_wReadme/bengali/bengali_blind_wav/324239_g8NN2uiu4JqFN9v5_0023.wav,শিরোনাম হিসাবে home page রাখি,3.0
/home/abdullahmm/Shivam/subtask2_blindtest_wReadme/bengali/bengali_blind_wav/324239_g8NN2uiu4JqFN9v5_0024.wav,/home/abdullahmm/Shivam/subtask2_blindtest_wReadme/bengali/bengali_blind_wav/324239_g8NN2uiu4JqFN9v5_0024.wav,এর ভিতরে একটি table রয়েছে যেখানে border = 1,6.0
/home/abdullahmm/Shivam/subtask2_blindtest_wReadme/bengali/bengali_blind_wav/324239_g8NN2uiu4JqFN9v5_0025.wav,/home/abdullahmm/Shivam/subtask2_blindtest_wReadme/bengali/bengali_blind_wav/324239_g8NN2uiu4JqFN9v5_0025.wav,এখানে code দেখতে পারেন,3.0
/home/abdullahmm/Shivam/subtask2_blindtest_wReadme/bengali/bengali_blind_wav/324239_g8NN2uiu4JqFN9v5_0026.wav,/home/abdullahmm/Shivam/subtask2_blindtest_wReadme/bengali/bengali_blind_wav/324239_g8NN2uiu4JqFN9v5_0026.wav,table ভিতরে একটি শিরোনাম যোগ করেছি welcome to library management system,7.0
/home/abdullahmm/Shivam/subtask2_blindtest_wReadme/bengali/bengali_blind_wav/324239_g8NN2uiu4JqFN9v5_0027.wav,/home/abdullahmm/Shivam/subtask2_blindtest_wReadme/bengali/bengali_blind_wav/324239_g8NN2uiu4JqFN9v5_0027.wav,আমাদের কাছে অনুচ্ছেদ tag রয়েছে this is the home page for library management system,9.0
/home/abdullahmm/Shivam/subtask2_blindtest_wReadme/bengali/bengali_blind_wav/324239_g8NN2uiu4JqFN9v5_0028.wav,/home/abdullahmm/Shivam/subtask2_blindtest_wReadme/bengali/bengali_blind_wav/324239_g8NN2uiu4JqFN9v5_0028.wav,তারপর একটি hyperlink রয়েছে যেখানে এটি যুক্ত হয় visitor home page . jsp পেজের সাথে,8.0
/home/abdullahmm/Shivam/subtask2_blindtest_wReadme/bengali/bengali_blind_wav/324239_g8NN2uiu4JqFN9v5_0029.wav,/home/abdullahmm/Shivam/subtask2_blindtest_wReadme/bengali/bengali_blind_wav/324239_g8NN2uiu4JqFN9v5_0029.wav,আমরা এই page পরে দেখব,2.0
/home/abdullahmm/Shivam/subtask2_blindtest_wReadme/bengali/bengali_blind_wav/324239_g8NN2uiu4JqFN9v5_0030.wav,/home/abdullahmm/Shivam/subtask2_blindtest_wReadme/bengali/bengali_blind_wav/324239_g8NN2uiu4JqFN9v5_0030.wav,আমাদের কাছে খুব সহজ login form রয়েছে,5.0
/home/abdullahmm/Shivam/subtask2_blindtest_wReadme/bengali/bengali_blind_wav/324239_g8NN2uiu4JqFN9v5_0031.wav,/home/abdullahmm/Shivam/subtask2_blindtest_wReadme/bengali/bengali_blind_wav/324239_g8NN2uiu4JqFN9v5_0031.wav,এই form নিবন্ধিত ইউসারকে login করতে দেয়,4.0
/home/abdullahmm/Shivam/subtask2_blindtest_wReadme/bengali/bengali_blind_wav/324239_g8NN2uiu4JqFN9v5_0032.wav,/home/abdullahmm/Shivam/subtask2_blindtest_wReadme/bengali/bengali_blind_wav/324239_g8NN2uiu4JqFN9v5_0032.wav,আপনাকে greeting servlet নামের একটি servlet তৈরি করতে হবে,6.0
/home/abdullahmm/Shivam/subtask2_blindtest_wReadme/bengali/bengali_blind_wav/324239_g8NN2uiu4JqFN9v5_0033.wav,/home/abdullahmm/Shivam/subtask2_blindtest_wReadme/bengali/bengali_blind_wav/324239_g8NN2uiu4JqFN9v5_0033.wav,tutorial থামিয়ে আগের টিউটোরিয়ালে আলোচিত একটি নতুন servlet তৈরি করুন,7.0
/home/abdullahmm/Shivam/subtask2_blindtest_wReadme/bengali/bengali_blind_wav/324239_g8NN2uiu4JqFN9v5_0034.wav,/home/abdullahmm/Shivam/subtask2_blindtest_wReadme/bengali/bengali_blind_wav/324239_g8NN2uiu4JqFN9v5_0034.wav,সারভেলেটের নাম greeting servlet,4.0
/home/abdullahmm/Shivam/subtask2_blindtest_wReadme/bengali/bengali_blind_wav/324239_g8NN2uiu4JqFN9v5_0035.wav,/home/abdullahmm/Shivam/subtask2_blindtest_wReadme/bengali/bengali_blind_wav/324239_g8NN2uiu4JqFN9v5_0035.wav,url pattern হল greeting servlet path,5.0
/home/abdullahmm/Shivam/subtask2_blindtest_wReadme/bengali/bengali_blind_wav/324239_g8NN2uiu4JqFN9v5_0036.wav,/home/abdullahmm/Shivam/subtask2_blindtest_wReadme/bengali/bengali_blind_wav/324239_g8NN2uiu4JqFN9v5_0036.wav,এই ফর্মের দুটি element রয়েছে user name এবং password,6.0
/home/abdullahmm/Shivam/subtask2_blindtest_wReadme/bengali/bengali_blind_wav/324239_g8NN2uiu4JqFN9v5_0037.wav,/home/abdullahmm/Shivam/subtask2_blindtest_wReadme/bengali/bengali_blind_wav/324239_g8NN2uiu4JqFN9v5_0037.wav,এখানে একটি submit বোতামও রয়েছে যা sign in করতে বলে,5.0
/home/abdullahmm/Shivam/subtask2_blindtest_wReadme/bengali/bengali_blind_wav/324239_g8NN2uiu4JqFN9v5_0038.wav,/home/abdullahmm/Shivam/subtask2_blindtest_wReadme/bengali/bengali_blind_wav/324239_g8NN2uiu4JqFN9v5_0038.wav,এখানে অনুচ্ছেদ tag রয়েছে যা add user . jsp তে link অন্তর্ভুক্ত করে,8.0
/home/abdullahmm/Shivam/subtask2_blindtest_wReadme/bengali/bengali_blind_wav/324239_g8NN2uiu4JqFN9v5_0039.wav,/home/abdullahmm/Shivam/subtask2_blindtest_wReadme/bengali/bengali_blind_wav/324239_g8NN2uiu4JqFN9v5_0039.wav,যে ইউসাররা ইতিমধ্যে নিবন্ধিত হয়নি তাদের জন্য এটি নিবন্ধনের page,6.0
/home/abdullahmm/Shivam/subtask2_blindtest_wReadme/bengali/bengali_blind_wav/324239_g8NN2uiu4JqFN9v5_0040.wav,/home/abdullahmm/Shivam/subtask2_blindtest_wReadme/bengali/bengali_blind_wav/324239_g8NN2uiu4JqFN9v5_0040.wav,এখন greeting servlet . java তে যাই,5.0
/home/abdullahmm/Shivam/subtask2_blindtest_wReadme/bengali/bengali_blind_wav/324239_g8NN2uiu4JqFN9v5_0041.wav,/home/abdullahmm/Shivam/subtask2_blindtest_wReadme/bengali/bengali_blind_wav/324239_g8NN2uiu4JqFN9v5_0041.wav,greeting servlet.java একই package org. স্পোকেনটিউটোরিয়ালে তৈরি করা হয়েছে,9.0
/home/abdullahmm/Shivam/subtask2_blindtest_wReadme/bengali/bengali_blind_wav/324239_g8NN2uiu4JqFN9v5_0042.wav,/home/abdullahmm/Shivam/subtask2_blindtest_wReadme/bengali/bengali_blind_wav/324239_g8NN2uiu4JqFN9v5_0042.wav,এই servlet request object থেকে form data access করতে সক্ষম হবে,7.0
/home/abdullahmm/Shivam/subtask2_blindtest_wReadme/bengali/bengali_blind_wav/324239_g8NN2uiu4JqFN9v5_0043.wav,/home/abdullahmm/Shivam/subtask2_blindtest_wReadme/bengali/bengali_blind_wav/324239_g8NN2uiu4JqFN9v5_0043.wav,এটি controller হিসেবে কাজ করবে,3.0
/home/abdullahmm/Shivam/subtask2_blindtest_wReadme/bengali/bengali_blind_wav/324239_g8NN2uiu4JqFN9v5_0044.wav,/home/abdullahmm/Shivam/subtask2_blindtest_wReadme/bengali/bengali_blind_wav/324239_g8NN2uiu4JqFN9v5_0044.wav,আপনি কি ছেড়ে আসা controller আবার call করতে পারেন,5.0
/home/abdullahmm/Shivam/subtask2_blindtest_wReadme/bengali/bengali_blind_wav/324239_g8NN2uiu4JqFN9v5_0045.wav,/home/abdullahmm/Shivam/subtask2_blindtest_wReadme/bengali/bengali_blind_wav/324239_g8NN2uiu4JqFN9v5_0045.wav,এখন দেখব যে servlet controller হিসেবে কি করে,4.0
/home/abdullahmm/Shivam/subtask2_blindtest_wReadme/bengali/bengali_blind_wav/324239_g8NN2uiu4JqFN9v5_0046.wav,/home/abdullahmm/Shivam/subtask2_blindtest_wReadme/bengali/bengali_blind_wav/324239_g8NN2uiu4JqFN9v5_0046.wav,form ডেটা request অবজেক্টে রক্ষিত থাকবে,4.0
/home/abdullahmm/Shivam/subtask2_blindtest_wReadme/bengali/bengali_blind_wav/324239_g8NN2uiu4JqFN9v5_0047.wav,/home/abdullahmm/Shivam/subtask2_blindtest_wReadme/bengali/bengali_blind_wav/324239_g8NN2uiu4JqFN9v5_0047.wav,প্রথম কাজ হল form data parametre পাওয়া,5.0
/home/abdullahmm/Shivam/subtask2_blindtest_wReadme/bengali/bengali_blind_wav/324239_g8NN2uiu4JqFN9v5_0048.wav,/home/abdullahmm/Shivam/subtask2_blindtest_wReadme/bengali/bengali_blind_wav/324239_g8NN2uiu4JqFN9v5_0048.wav,এটি request অবজেক্টে get parameter method ব্যবহার করে হয়,6.0
/home/abdullahmm/Shivam/subtask2_blindtest_wReadme/bengali/bengali_blind_wav/324239_g8NN2uiu4JqFN9v5_0049.wav,/home/abdullahmm/Shivam/subtask2_blindtest_wReadme/bengali/bengali_blind_wav/324239_g8NN2uiu4JqFN9v5_0049.wav,তাই netbeans ide তে ফিরে যাই,5.0
/home/abdullahmm/Shivam/subtask2_blindtest_wReadme/bengali/bengali_blind_wav/324239_g8NN2uiu4JqFN9v5_0050.wav,/home/abdullahmm/Shivam/subtask2_blindtest_wReadme/bengali/bengali_blind_wav/324239_g8NN2uiu4JqFN9v5_0050.wav,do get method এ লিখুন,2.0
/home/abdullahmm/Shivam/subtask2_blindtest_wReadme/bengali/bengali_blind_wav/324239_g8NN2uiu4JqFN9v5_0051.wav,/home/abdullahmm/Shivam/subtask2_blindtest_wReadme/bengali/bengali_blind_wav/324239_g8NN2uiu4JqFN9v5_0051.wav,print writer space out = response . get writer,10.0
/home/abdullahmm/Shivam/subtask2_blindtest_wReadme/bengali/bengali_blind_wav/324239_g8NN2uiu4JqFN9v5_0052.wav,/home/abdullahmm/Shivam/subtask2_blindtest_wReadme/bengali/bengali_blind_wav/324239_g8NN2uiu4JqFN9v5_0052.wav,এরপর form data parameter উদ্ধার করব,4.0
/home/abdullahmm/Shivam/subtask2_blindtest_wReadme/bengali/bengali_blind_wav/324239_g8NN2uiu4JqFN9v5_0053.wav,/home/abdullahmm/Shivam/subtask2_blindtest_wReadme/bengali/bengali_blind_wav/324239_g8NN2uiu4JqFN9v5_0053.wav,পরের line লিখুন,2.0
/home/abdullahmm/Shivam/subtask2_blindtest_wReadme/bengali/bengali_blind_wav/324239_g8NN2uiu4JqFN9v5_0054.wav,/home/abdullahmm/Shivam/subtask2_blindtest_wReadme/bengali/bengali_blind_wav/324239_g8NN2uiu4JqFN9v5_0054.wav,string space user name = request . get parameter user name,15.0
/home/abdullahmm/Shivam/subtask2_blindtest_wReadme/bengali/bengali_blind_wav/324239_g8NN2uiu4JqFN9v5_0055.wav,/home/abdullahmm/Shivam/subtask2_blindtest_wReadme/bengali/bengali_blind_wav/324239_g8NN2uiu4JqFN9v5_0055.wav,এই user name হল সেই নাম যা user name এর form ট্যাগের জন্য অন্তর্ভুক্ত রয়েছে,8.0
/home/abdullahmm/Shivam/subtask2_blindtest_wReadme/bengali/bengali_blind_wav/324239_g8NN2uiu4JqFN9v5_0056.wav,/home/abdullahmm/Shivam/subtask2_blindtest_wReadme/bengali/bengali_blind_wav/324239_g8NN2uiu4JqFN9v5_0056.wav,একইভাবে আমরা password ও উদ্ধার করব,5.0
/home/abdullahmm/Shivam/subtask2_blindtest_wReadme/bengali/bengali_blind_wav/324239_g8NN2uiu4JqFN9v5_0057.wav,/home/abdullahmm/Shivam/subtask2_blindtest_wReadme/bengali/bengali_blind_wav/324239_g8NN2uiu4JqFN9v5_0057.wav,তাই পরের লাইনে লিখুন string space password = request . get parameter প্রথম বন্ধনীতে এবং double উদ্বৃতিতে password ;,15.0
/home/abdullahmm/Shivam/subtask2_blindtest_wReadme/bengali/bengali_blind_wav/324239_g8NN2uiu4JqFN9v5_0058.wav,/home/abdullahmm/Shivam/subtask2_blindtest_wReadme/bengali/bengali_blind_wav/324239_g8NN2uiu4JqFN9v5_0058.wav,এরপর আমরা আউটপুটে user name print করব,5.0
/home/abdullahmm/Shivam/subtask2_blindtest_wReadme/bengali/bengali_blind_wav/324239_g8NN2uiu4JqFN9v5_0059.wav,/home/abdullahmm/Shivam/subtask2_blindtest_wReadme/bengali/bengali_blind_wav/324239_g8NN2uiu4JqFN9v5_0059.wav,পরের line লিখুন,2.0
/home/abdullahmm/Shivam/subtask2_blindtest_wReadme/bengali/bengali_blind_wav/324239_g8NN2uiu4JqFN9v5_0060.wav,/home/abdullahmm/Shivam/subtask2_blindtest_wReadme/bengali/bengali_blind_wav/324239_g8NN2uiu4JqFN9v5_0060.wav,out . println প্রথম ( এবং double উদ্ধৃতিতে hello from get method + user name,11.0
/home/abdullahmm/Shivam/subtask2_blindtest_wReadme/bengali/bengali_blind_wav/324239_g8NN2uiu4JqFN9v5_0061.wav,/home/abdullahmm/Shivam/subtask2_blindtest_wReadme/bengali/bengali_blind_wav/324239_g8NN2uiu4JqFN9v5_0061.wav,এখন প্রকল্প run করতে my first project এ ডান click করুন,6.0
/home/abdullahmm/Shivam/subtask2_blindtest_wReadme/bengali/bengali_blind_wav/324239_g8NN2uiu4JqFN9v5_0062.wav,/home/abdullahmm/Shivam/subtask2_blindtest_wReadme/bengali/bengali_blind_wav/324239_g8NN2uiu4JqFN9v5_0062.wav,clean and build এ টিপুন,2.0
/home/abdullahmm/Shivam/subtask2_blindtest_wReadme/bengali/bengali_blind_wav/324239_g8NN2uiu4JqFN9v5_0063.wav,/home/abdullahmm/Shivam/subtask2_blindtest_wReadme/bengali/bengali_blind_wav/324239_g8NN2uiu4JqFN9v5_0063.wav,my first project এ ডান click করে run এ টিপুন,6.0
/home/abdullahmm/Shivam/subtask2_blindtest_wReadme/bengali/bengali_blind_wav/324239_g8NN2uiu4JqFN9v5_0064.wav,/home/abdullahmm/Shivam/subtask2_blindtest_wReadme/bengali/bengali_blind_wav/324239_g8NN2uiu4JqFN9v5_0064.wav,server এখন সঠিকভাবে চলছে,3.0
/home/abdullahmm/Shivam/subtask2_blindtest_wReadme/bengali/bengali_blind_wav/324239_g8NN2uiu4JqFN9v5_0065.wav,/home/abdullahmm/Shivam/subtask2_blindtest_wReadme/bengali/bengali_blind_wav/324239_g8NN2uiu4JqFN9v5_0065.wav,এটি my first project স্থাপিত করেছে,3.0
/home/abdullahmm/Shivam/subtask2_blindtest_wReadme/bengali/bengali_blind_wav/324239_g8NN2uiu4JqFN9v5_0066.wav,/home/abdullahmm/Shivam/subtask2_blindtest_wReadme/bengali/bengali_blind_wav/324239_g8NN2uiu4JqFN9v5_0066.wav,আমরা browser এ home page পেয়েছি,4.0
/home/abdullahmm/Shivam/subtask2_blindtest_wReadme/bengali/bengali_blind_wav/324239_g8NN2uiu4JqFN9v5_0067.wav,/home/abdullahmm/Shivam/subtask2_blindtest_wReadme/bengali/bengali_blind_wav/324239_g8NN2uiu4JqFN9v5_0067.wav,লক্ষ্য করুন যে পেজের শিরোনাম হল home page,5.0
/home/abdullahmm/Shivam/subtask2_blindtest_wReadme/bengali/bengali_blind_wav/324239_g8NN2uiu4JqFN9v5_0068.wav,/home/abdullahmm/Shivam/subtask2_blindtest_wReadme/bengali/bengali_blind_wav/324239_g8NN2uiu4JqFN9v5_0068.wav,এখানে একটি খুব সহজ login form দেখেছি,4.0
/home/abdullahmm/Shivam/subtask2_blindtest_wReadme/bengali/bengali_blind_wav/324239_g8NN2uiu4JqFN9v5_0069.wav,/home/abdullahmm/Shivam/subtask2_blindtest_wReadme/bengali/bengali_blind_wav/324239_g8NN2uiu4JqFN9v5_0069.wav,এখন user name এবং password লিখি,4.0
/home/abdullahmm/Shivam/subtask2_blindtest_wReadme/bengali/bengali_blind_wav/324239_g8NN2uiu4JqFN9v5_0070.wav,/home/abdullahmm/Shivam/subtask2_blindtest_wReadme/bengali/bengali_blind_wav/324239_g8NN2uiu4JqFN9v5_0070.wav,আমরা user name হিসাবে arya লিখব,4.0
/home/abdullahmm/Shivam/subtask2_blindtest_wReadme/bengali/bengali_blind_wav/324239_g8NN2uiu4JqFN9v5_0071.wav,/home/abdullahmm/Shivam/subtask2_blindtest_wReadme/bengali/bengali_blind_wav/324239_g8NN2uiu4JqFN9v5_0071.wav,এবং password হিসাবে arya * 123 লিখব,4.0
/home/abdullahmm/Shivam/subtask2_blindtest_wReadme/bengali/bengali_blind_wav/324239_g8NN2uiu4JqFN9v5_0072.wav,/home/abdullahmm/Shivam/subtask2_blindtest_wReadme/bengali/bengali_blind_wav/324239_g8NN2uiu4JqFN9v5_0072.wav,তারপর সাইন ইনে টিপব,3.0
/home/abdullahmm/Shivam/subtask2_blindtest_wReadme/bengali/bengali_blind_wav/324239_g8NN2uiu4JqFN9v5_0073.wav,/home/abdullahmm/Shivam/subtask2_blindtest_wReadme/bengali/bengali_blind_wav/324239_g8NN2uiu4JqFN9v5_0073.wav,আমরা দেখতে পারি যে output হল hello from get method arya,6.0
/home/abdullahmm/Shivam/subtask2_blindtest_wReadme/bengali/bengali_blind_wav/324239_g8NN2uiu4JqFN9v5_0074.wav,/home/abdullahmm/Shivam/subtask2_blindtest_wReadme/bengali/bengali_blind_wav/324239_g8NN2uiu4JqFN9v5_0074.wav,এখন user এখানে login করতে সক্ষম হয়েছে কারণ আমরা code কোনো বৈধতা অন্তর্ভুক্ত করিনি,9.0
/home/abdullahmm/Shivam/subtask2_blindtest_wReadme/bengali/bengali_blind_wav/324239_g8NN2uiu4JqFN9v5_0075.wav,/home/abdullahmm/Shivam/subtask2_blindtest_wReadme/bengali/bengali_blind_wav/324239_g8NN2uiu4JqFN9v5_0075.wav,এটি পরের tutorial করব,4.0
/home/abdullahmm/Shivam/subtask2_blindtest_wReadme/bengali/bengali_blind_wav/324239_g8NN2uiu4JqFN9v5_0076.wav,/home/abdullahmm/Shivam/subtask2_blindtest_wReadme/bengali/bengali_blind_wav/324239_g8NN2uiu4JqFN9v5_0076.wav,এখানে এই url দেখি,3.0
/home/abdullahmm/Shivam/subtask2_blindtest_wReadme/bengali/bengali_blind_wav/324239_g8NN2uiu4JqFN9v5_0077.wav,/home/abdullahmm/Shivam/subtask2_blindtest_wReadme/bengali/bengali_blind_wav/324239_g8NN2uiu4JqFN9v5_0077.wav,এটি হল local host : 8080 / my first project / greeting servlet path user name = arya and password = arya * 123,18.0
/home/abdullahmm/Shivam/subtask2_blindtest_wReadme/bengali/bengali_blind_wav/324239_g8NN2uiu4JqFN9v5_0078.wav,/home/abdullahmm/Shivam/subtask2_blindtest_wReadme/bengali/bengali_blind_wav/324239_g8NN2uiu4JqFN9v5_0078.wav,এখন form data প্রশ্নবোধক চিন্হের মাধ্যমে page তথ্য থেকে পৃথক হয়েছে,7.0
/home/abdullahmm/Shivam/subtask2_blindtest_wReadme/bengali/bengali_blind_wav/324239_g8NN2uiu4JqFN9v5_0079.wav,/home/abdullahmm/Shivam/subtask2_blindtest_wReadme/bengali/bengali_blind_wav/324239_g8NN2uiu4JqFN9v5_0079.wav,আমরা দেখতে পারি যে ফর্মে লেখা user name এবং password url এ অন্তর্ভুক্ত রয়েছে,9.0
/home/abdullahmm/Shivam/subtask2_blindtest_wReadme/bengali/bengali_blind_wav/324239_g8NN2uiu4JqFN9v5_0080.wav,/home/abdullahmm/Shivam/subtask2_blindtest_wReadme/bengali/bengali_blind_wav/324239_g8NN2uiu4JqFN9v5_0080.wav,এখন একই কাজ post method ব্যবহার করে চেষ্টা করি,5.0
/home/abdullahmm/Shivam/subtask2_blindtest_wReadme/bengali/bengali_blind_wav/324239_g8NN2uiu4JqFN9v5_0081.wav,/home/abdullahmm/Shivam/subtask2_blindtest_wReadme/bengali/bengali_blind_wav/324239_g8NN2uiu4JqFN9v5_0081.wav,ide তে ফিরে যাই,2.0
/home/abdullahmm/Shivam/subtask2_blindtest_wReadme/bengali/bengali_blind_wav/324239_g8NN2uiu4JqFN9v5_0082.wav,/home/abdullahmm/Shivam/subtask2_blindtest_wReadme/bengali/bengali_blind_wav/324239_g8NN2uiu4JqFN9v5_0082.wav,do get method লিখিত code copy করি এবং তা do post method paste করি,8.0
/home/abdullahmm/Shivam/subtask2_blindtest_wReadme/bengali/bengali_blind_wav/324239_g8NN2uiu4JqFN9v5_0083.wav,/home/abdullahmm/Shivam/subtask2_blindtest_wReadme/bengali/bengali_blind_wav/324239_g8NN2uiu4JqFN9v5_0083.wav,এখন println statement hello from post method এ বদলান,7.0
/home/abdullahmm/Shivam/subtask2_blindtest_wReadme/bengali/bengali_blind_wav/324239_g8NN2uiu4JqFN9v5_0084.wav,/home/abdullahmm/Shivam/subtask2_blindtest_wReadme/bengali/bengali_blind_wav/324239_g8NN2uiu4JqFN9v5_0084.wav,index . jsp খুলি,4.0
/home/abdullahmm/Shivam/subtask2_blindtest_wReadme/bengali/bengali_blind_wav/324239_g8NN2uiu4JqFN9v5_0085.wav,/home/abdullahmm/Shivam/subtask2_blindtest_wReadme/bengali/bengali_blind_wav/324239_g8NN2uiu4JqFN9v5_0085.wav,আমাদের form ট্যাগের method বৈশিষ্ট্য post এ বদলাতে হবে,6.0
/home/abdullahmm/Shivam/subtask2_blindtest_wReadme/bengali/bengali_blind_wav/324239_g8NN2uiu4JqFN9v5_0086.wav,/home/abdullahmm/Shivam/subtask2_blindtest_wReadme/bengali/bengali_blind_wav/324239_g8NN2uiu4JqFN9v5_0086.wav,আপনি you code দেখতে পারেন,5.0
/home/abdullahmm/Shivam/subtask2_blindtest_wReadme/bengali/bengali_blind_wav/324239_g8NN2uiu4JqFN9v5_0087.wav,/home/abdullahmm/Shivam/subtask2_blindtest_wReadme/bengali/bengali_blind_wav/324239_g8NN2uiu4JqFN9v5_0087.wav,form action = greeting servlet path method = post,7.0
/home/abdullahmm/Shivam/subtask2_blindtest_wReadme/bengali/bengali_blind_wav/324239_g8NN2uiu4JqFN9v5_0088.wav,/home/abdullahmm/Shivam/subtask2_blindtest_wReadme/bengali/bengali_blind_wav/324239_g8NN2uiu4JqFN9v5_0088.wav,এখন আবার প্রকল্প run করব,4.0
/home/abdullahmm/Shivam/subtask2_blindtest_wReadme/bengali/bengali_blind_wav/324239_g8NN2uiu4JqFN9v5_0089.wav,/home/abdullahmm/Shivam/subtask2_blindtest_wReadme/bengali/bengali_blind_wav/324239_g8NN2uiu4JqFN9v5_0089.wav,my first project এ ডান click করে run এ টিপুন,5.0
/home/abdullahmm/Shivam/subtask2_blindtest_wReadme/bengali/bengali_blind_wav/324239_g8NN2uiu4JqFN9v5_0090.wav,/home/abdullahmm/Shivam/subtask2_blindtest_wReadme/bengali/bengali_blind_wav/324239_g8NN2uiu4JqFN9v5_0090.wav,আমরা get method ব্যবহারের সময় প্রাপ্ত output এর মত output পেয়েছি,6.0
/home/abdullahmm/Shivam/subtask2_blindtest_wReadme/bengali/bengali_blind_wav/324239_g8NN2uiu4JqFN9v5_0091.wav,/home/abdullahmm/Shivam/subtask2_blindtest_wReadme/bengali/bengali_blind_wav/324239_g8NN2uiu4JqFN9v5_0091.wav,আবার user name এবং password লিখুন,4.0
/home/abdullahmm/Shivam/subtask2_blindtest_wReadme/bengali/bengali_blind_wav/324239_g8NN2uiu4JqFN9v5_0092.wav,/home/abdullahmm/Shivam/subtask2_blindtest_wReadme/bengali/bengali_blind_wav/324239_g8NN2uiu4JqFN9v5_0092.wav,তারপর সাইন ইনে টিপুন,4.0
/home/abdullahmm/Shivam/subtask2_blindtest_wReadme/bengali/bengali_blind_wav/324239_g8NN2uiu4JqFN9v5_0093.wav,/home/abdullahmm/Shivam/subtask2_blindtest_wReadme/bengali/bengali_blind_wav/324239_g8NN2uiu4JqFN9v5_0093.wav,আমরা hello from post method arya পেয়েছি,5.0
/home/abdullahmm/Shivam/subtask2_blindtest_wReadme/bengali/bengali_blind_wav/324239_g8NN2uiu4JqFN9v5_0094.wav,/home/abdullahmm/Shivam/subtask2_blindtest_wReadme/bengali/bengali_blind_wav/324239_g8NN2uiu4JqFN9v5_0094.wav,এই url দেখি,2.0
/home/abdullahmm/Shivam/subtask2_blindtest_wReadme/bengali/bengali_blind_wav/324239_g8NN2uiu4JqFN9v5_0095.wav,/home/abdullahmm/Shivam/subtask2_blindtest_wReadme/bengali/bengali_blind_wav/324239_g8NN2uiu4JqFN9v5_0095.wav,local host : 8080 / my first project,6.0
/home/abdullahmm/Shivam/subtask2_blindtest_wReadme/bengali/bengali_blind_wav/324239_g8NN2uiu4JqFN9v5_0096.wav,/home/abdullahmm/Shivam/subtask2_blindtest_wReadme/bengali/bengali_blind_wav/324239_g8NN2uiu4JqFN9v5_0096.wav,/ greeting servlet path রিকোয়েস্টের ইউআরএলে form data দেখিনা,5.0
/home/abdullahmm/Shivam/subtask2_blindtest_wReadme/bengali/bengali_blind_wav/324239_g8NN2uiu4JqFN9v5_0097.wav,/home/abdullahmm/Shivam/subtask2_blindtest_wReadme/bengali/bengali_blind_wav/324239_g8NN2uiu4JqFN9v5_0097.wav,এটি do get এবং do post মেথডের প্রমুখ পার্থক্য,5.0
/home/abdullahmm/Shivam/subtask2_blindtest_wReadme/bengali/bengali_blind_wav/324239_g8NN2uiu4JqFN9v5_0098.wav,/home/abdullahmm/Shivam/subtask2_blindtest_wReadme/bengali/bengali_blind_wav/324239_g8NN2uiu4JqFN9v5_0098.wav,এখন get এবং post method কখন ব্যবহার করা হয় সেই সম্পর্কে শিখি,7.0
/home/abdullahmm/Shivam/subtask2_blindtest_wReadme/bengali/bengali_blind_wav/324239_g8NN2uiu4JqFN9v5_0099.wav,/home/abdullahmm/Shivam/subtask2_blindtest_wReadme/bengali/bengali_blind_wav/324239_g8NN2uiu4JqFN9v5_0099.wav,get method ব্যবহার করা,2.0
/home/abdullahmm/Shivam/subtask2_blindtest_wReadme/bengali/bengali_blind_wav/324239_g8NN2uiu4JqFN9v5_0100.wav,/home/abdullahmm/Shivam/subtask2_blindtest_wReadme/bengali/bengali_blind_wav/324239_g8NN2uiu4JqFN9v5_0100.wav,যখন form ছোট অত data form হয়,4.0
/home/abdullahmm/Shivam/subtask2_blindtest_wReadme/bengali/bengali_blind_wav/324239_g8NN2uiu4JqFN9v5_0101.wav,/home/abdullahmm/Shivam/subtask2_blindtest_wReadme/bengali/bengali_blind_wav/324239_g8NN2uiu4JqFN9v5_0101.wav,user url এ dataর বিষয়বস্তু দেখাতে চায়,5.0
/home/abdullahmm/Shivam/subtask2_blindtest_wReadme/bengali/bengali_blind_wav/324239_g8NN2uiu4JqFN9v5_0102.wav,/home/abdullahmm/Shivam/subtask2_blindtest_wReadme/bengali/bengali_blind_wav/324239_g8NN2uiu4JqFN9v5_0102.wav,post method ব্যবহার করা,2.0
/home/abdullahmm/Shivam/subtask2_blindtest_wReadme/bengali/bengali_blind_wav/324239_g8NN2uiu4JqFN9v5_0103.wav,/home/abdullahmm/Shivam/subtask2_blindtest_wReadme/bengali/bengali_blind_wav/324239_g8NN2uiu4JqFN9v5_0103.wav,যখন form বড় অত data অধিক হয়,5.0
/home/abdullahmm/Shivam/subtask2_blindtest_wReadme/bengali/bengali_blind_wav/324239_g8NN2uiu4JqFN9v5_0104.wav,/home/abdullahmm/Shivam/subtask2_blindtest_wReadme/bengali/bengali_blind_wav/324239_g8NN2uiu4JqFN9v5_0104.wav,user url এ dataর বিষয়বস্তু দেখাতে চায় না,6.0
/home/abdullahmm/Shivam/subtask2_blindtest_wReadme/bengali/bengali_blind_wav/324239_g8NN2uiu4JqFN9v5_0105.wav,/home/abdullahmm/Shivam/subtask2_blindtest_wReadme/bengali/bengali_blind_wav/324239_g8NN2uiu4JqFN9v5_0105.wav,যেমন পাসওয়ার্ড,2.0
/home/abdullahmm/Shivam/subtask2_blindtest_wReadme/bengali/bengali_blind_wav/324239_g8NN2uiu4JqFN9v5_0106.wav,/home/abdullahmm/Shivam/subtask2_blindtest_wReadme/bengali/bengali_blind_wav/324239_g8NN2uiu4JqFN9v5_0106.wav,সংক্ষেপে এখানে,2.0
/home/abdullahmm/Shivam/subtask2_blindtest_wReadme/bengali/bengali_blind_wav/324239_g8NN2uiu4JqFN9v5_0107.wav,/home/abdullahmm/Shivam/subtask2_blindtest_wReadme/bengali/bengali_blind_wav/324239_g8NN2uiu4JqFN9v5_0107.wav,gsp ব্যবহার,2.0
/home/abdullahmm/Shivam/subtask2_blindtest_wReadme/bengali/bengali_blind_wav/324239_g8NN2uiu4JqFN9v5_0108.wav,/home/abdullahmm/Shivam/subtask2_blindtest_wReadme/bengali/bengali_blind_wav/324239_g8NN2uiu4JqFN9v5_0108.wav,jsp ব্যবহার করে সহজ login form তৈরি করা do get method ব্যবহার,4.0
/home/abdullahmm/Shivam/subtask2_blindtest_wReadme/bengali/bengali_blind_wav/324239_g8NN2uiu4JqFN9v5_0109.wav,/home/abdullahmm/Shivam/subtask2_blindtest_wReadme/bengali/bengali_blind_wav/324239_g8NN2uiu4JqFN9v5_0109.wav,করে parameter pass করা do post,3.0
/home/abdullahmm/Shivam/subtask2_blindtest_wReadme/bengali/bengali_blind_wav/324239_g8NN2uiu4JqFN9v5_0110.wav,/home/abdullahmm/Shivam/subtask2_blindtest_wReadme/bengali/bengali_blind_wav/324239_g8NN2uiu4JqFN9v5_0110.wav,method ব্যবহার করে parametre pass করা,3.0
/home/abdullahmm/Shivam/subtask2_blindtest_wReadme/bengali/bengali_blind_wav/324239_g8NN2uiu4JqFN9v5_0111.wav,/home/abdullahmm/Shivam/subtask2_blindtest_wReadme/bengali/bengali_blind_wav/324239_g8NN2uiu4JqFN9v5_0111.wav,do get এবং do post মেথডের পার্থক্য,4.0
/home/abdullahmm/Shivam/subtask2_blindtest_wReadme/bengali/bengali_blind_wav/324239_g8NN2uiu4JqFN9v5_0112.wav,/home/abdullahmm/Shivam/subtask2_blindtest_wReadme/bengali/bengali_blind_wav/324239_g8NN2uiu4JqFN9v5_0112.wav,করুন যে এগোনোর আগে টিউটোরিয়ালটি সমাপ্ত করেছেন,6.0
/home/abdullahmm/Shivam/subtask2_blindtest_wReadme/bengali/bengali_blind_wav/324239_g8NN2uiu4JqFN9v5_0113.wav,/home/abdullahmm/Shivam/subtask2_blindtest_wReadme/bengali/bengali_blind_wav/324239_g8NN2uiu4JqFN9v5_0113.wav,এই link উপলব্ধ video দেখুন,3.0
/home/abdullahmm/Shivam/subtask2_blindtest_wReadme/bengali/bengali_blind_wav/324239_g8NN2uiu4JqFN9v5_0114.wav,/home/abdullahmm/Shivam/subtask2_blindtest_wReadme/bengali/bengali_blind_wav/324239_g8NN2uiu4JqFN9v5_0114.wav,এটি প্রকল্পকে সারসংক্ষেপে বোঝায়,3.0
/home/abdullahmm/Shivam/subtask2_blindtest_wReadme/bengali/bengali_blind_wav/324239_g8NN2uiu4JqFN9v5_0115.wav,/home/abdullahmm/Shivam/subtask2_blindtest_wReadme/bengali/bengali_blind_wav/324239_g8NN2uiu4JqFN9v5_0115.wav,ভাল bandwidth না থাকলে ভিডিওটি download করে দেখুন,4.0
/home/abdullahmm/Shivam/subtask2_blindtest_wReadme/bengali/bengali_blind_wav/324239_g8NN2uiu4JqFN9v5_0116.wav,/home/abdullahmm/Shivam/subtask2_blindtest_wReadme/bengali/bengali_blind_wav/324239_g8NN2uiu4JqFN9v5_0116.wav,spoken tutorial প্রকল্প the,3.0
/home/abdullahmm/Shivam/subtask2_blindtest_wReadme/bengali/bengali_blind_wav/324239_g8NN2uiu4JqFN9v5_0117.wav,/home/abdullahmm/Shivam/subtask2_blindtest_wReadme/bengali/bengali_blind_wav/324239_g8NN2uiu4JqFN9v5_0117.wav,কর্মশালার আয়োজন করে online,3.0
/home/abdullahmm/Shivam/subtask2_blindtest_wReadme/bengali/bengali_blind_wav/324239_g8NN2uiu4JqFN9v5_0118.wav,/home/abdullahmm/Shivam/subtask2_blindtest_wReadme/bengali/bengali_blind_wav/324239_g8NN2uiu4JqFN9v5_0118.wav,pass করলে প্রশংসাপত্র দেয়,4.0
/home/abdullahmm/Shivam/subtask2_blindtest_wReadme/bengali/bengali_blind_wav/324239_g8NN2uiu4JqFN9v5_0120.wav,/home/abdullahmm/Shivam/subtask2_blindtest_wReadme/bengali/bengali_blind_wav/324239_g8NN2uiu4JqFN9v5_0120.wav,spoken tutorial প্রকল্প talk to a teacher প্রকল্পের অংশবিশেষ,4.0
/home/abdullahmm/Shivam/subtask2_blindtest_wReadme/bengali/bengali_blind_wav/324239_g8NN2uiu4JqFN9v5_0121.wav,/home/abdullahmm/Shivam/subtask2_blindtest_wReadme/bengali/bengali_blind_wav/324239_g8NN2uiu4JqFN9v5_0121.wav,প্রকল্পের অংশবিশেষ এটি ভারত সরকারের ict mhrd,7.0
/home/abdullahmm/Shivam/subtask2_blindtest_wReadme/bengali/bengali_blind_wav/324239_g8NN2uiu4JqFN9v5_0122.wav,/home/abdullahmm/Shivam/subtask2_blindtest_wReadme/bengali/bengali_blind_wav/324239_g8NN2uiu4JqFN9v5_0122.wav,এর জাতীয় শিক্ষা mission দ্বারা সমর্থিত এই বিষয়ে বিস্তারিত তথ্য এই link প্রাপ্তিসাধ্য,10.0
/home/abdullahmm/Shivam/subtask2_blindtest_wReadme/bengali/bengali_blind_wav/324239_g8NN2uiu4JqFN9v5_0123.wav,/home/abdullahmm/Shivam/subtask2_blindtest_wReadme/bengali/bengali_blind_wav/324239_g8NN2uiu4JqFN9v5_0123.wav,library management system একটি software mnc তাদের corporate social responsibility প্রোগ্রামের মাধ্যমে করেছে,9.0
/home/abdullahmm/Shivam/subtask2_blindtest_wReadme/bengali/bengali_blind_wav/324239_g8NN2uiu4JqFN9v5_0124.wav,/home/abdullahmm/Shivam/subtask2_blindtest_wReadme/bengali/bengali_blind_wav/324239_g8NN2uiu4JqFN9v5_0124.wav,তারা tutorial বিষয়বস্তুও যাচাই করেছে,4.0
/home/abdullahmm/Shivam/subtask2_blindtest_wReadme/bengali/bengali_blind_wav/324239_g8NN2uiu4JqFN9v5_0125.wav,/home/abdullahmm/Shivam/subtask2_blindtest_wReadme/bengali/bengali_blind_wav/324239_g8NN2uiu4JqFN9v5_0125.wav,আমি কৌশিক দত্ত টিউটোরিয়ালটি অনুবাদ করেছি,5.07
/home/abdullahmm/Shivam/subtask2_blindtest_wReadme/bengali/bengali_blind_wav/333693_4uEeKT0n0soMH06L_0000.wav,/home/abdullahmm/Shivam/subtask2_blindtest_wReadme/bengali/bengali_blind_wav/333693_4uEeKT0n0soMH06L_0000.wav,electronic components and connections এর spoken টিউটোরিয়ালে আপনাদের স্বাগত,6.0
/home/abdullahmm/Shivam/subtask2_blindtest_wReadme/bengali/bengali_blind_wav/333693_4uEeKT0n0soMH06L_0001.wav,/home/abdullahmm/Shivam/subtask2_blindtest_wReadme/bengali/bengali_blind_wav/333693_4uEeKT0n0soMH06L_0001.wav,এখানে আমরা শিখব ব্রেডবোর্ডেবং তার অভ্যন্তরীণ সংযোগ,7.0
/home/abdullahmm/Shivam/subtask2_blindtest_wReadme/bengali/bengali_blind_wav/333693_4uEeKT0n0soMH06L_0002.wav,/home/abdullahmm/Shivam/subtask2_blindtest_wReadme/bengali/bengali_blind_wav/333693_4uEeKT0n0soMH06L_0002.wav,ব্রেডবোর্ডে led push button এবং ব্রেডবোর্ডে seven segment ডিসপ্লের ব্যবহার,9.0
/home/abdullahmm/Shivam/subtask2_blindtest_wReadme/bengali/bengali_blind_wav/333693_4uEeKT0n0soMH06L_0003.wav,/home/abdullahmm/Shivam/subtask2_blindtest_wReadme/bengali/bengali_blind_wav/333693_4uEeKT0n0soMH06L_0003.wav,এই শৃঙ্খলাটি অনুসরণ করতে আপনার নিম্ন সম্পর্কে প্রাথমিক জ্ঞান থাকা উচিত বৈদ্যুতিক উপাদান যেমন resistors push button led ইত্যাদি,11.0
/home/abdullahmm/Shivam/subtask2_blindtest_wReadme/bengali/bengali_blind_wav/333693_4uEeKT0n0soMH06L_0004.wav,/home/abdullahmm/Shivam/subtask2_blindtest_wReadme/bengali/bengali_blind_wav/333693_4uEeKT0n0soMH06L_0004.wav,open circuit close circuit,4.0
/home/abdullahmm/Shivam/subtask2_blindtest_wReadme/bengali/bengali_blind_wav/333693_4uEeKT0n0soMH06L_0005.wav,/home/abdullahmm/Shivam/subtask2_blindtest_wReadme/bengali/bengali_blind_wav/333693_4uEeKT0n0soMH06L_0005.wav,serial এবং সমান্তরাল সংযোগ,3.0
/home/abdullahmm/Shivam/subtask2_blindtest_wReadme/bengali/bengali_blind_wav/333693_4uEeKT0n0soMH06L_0006.wav,/home/abdullahmm/Shivam/subtask2_blindtest_wReadme/bengali/bengali_blind_wav/333693_4uEeKT0n0soMH06L_0006.wav,battery ধনাত্মক এবং ঋণাত্মক voltage,6.0
/home/abdullahmm/Shivam/subtask2_blindtest_wReadme/bengali/bengali_blind_wav/333693_4uEeKT0n0soMH06L_0007.wav,/home/abdullahmm/Shivam/subtask2_blindtest_wReadme/bengali/bengali_blind_wav/333693_4uEeKT0n0soMH06L_0007.wav,এই টিউটোরিয়ালটি নিম্ন উপাদান ব্যবহার করে record করা হয়েছে breadboard,7.0
/home/abdullahmm/Shivam/subtask2_blindtest_wReadme/bengali/bengali_blind_wav/333693_4uEeKT0n0soMH06L_0008.wav,/home/abdullahmm/Shivam/subtask2_blindtest_wReadme/bengali/bengali_blind_wav/333693_4uEeKT0n0soMH06L_0008.wav,led অথবা tri colour led push button,6.0
/home/abdullahmm/Shivam/subtask2_blindtest_wReadme/bengali/bengali_blind_wav/333693_4uEeKT0n0soMH06L_0009.wav,/home/abdullahmm/Shivam/subtask2_blindtest_wReadme/bengali/bengali_blind_wav/333693_4uEeKT0n0soMH06L_0009.wav,resistor এবং seven segment display,6.0
/home/abdullahmm/Shivam/subtask2_blindtest_wReadme/bengali/bengali_blind_wav/333693_4uEeKT0n0soMH06L_0010.wav,/home/abdullahmm/Shivam/subtask2_blindtest_wReadme/bengali/bengali_blind_wav/333693_4uEeKT0n0soMH06L_0010.wav,ব্রেডবোর্ডে এইরকম দেখায়,5.0
/home/abdullahmm/Shivam/subtask2_blindtest_wReadme/bengali/bengali_blind_wav/333693_4uEeKT0n0soMH06L_0011.wav,/home/abdullahmm/Shivam/subtask2_blindtest_wReadme/bengali/bengali_blind_wav/333693_4uEeKT0n0soMH06L_0011.wav,breadboard হল একটি সার্কিটের উপাদান ধরে রাখা এবং সেগুলি যুক্ত করার একটি উপকরণ,7.0
/home/abdullahmm/Shivam/subtask2_blindtest_wReadme/bengali/bengali_blind_wav/333693_4uEeKT0n0soMH06L_0012.wav,/home/abdullahmm/Shivam/subtask2_blindtest_wReadme/bengali/bengali_blind_wav/333693_4uEeKT0n0soMH06L_0012.wav,আমরা কোনও soldering না করে ব্রেডবোর্ডে একটি বৈদ্যুতিন circuit বানাতে পারি,7.0
/home/abdullahmm/Shivam/subtask2_blindtest_wReadme/bengali/bengali_blind_wav/333693_4uEeKT0n0soMH06L_0013.wav,/home/abdullahmm/Shivam/subtask2_blindtest_wReadme/bengali/bengali_blind_wav/333693_4uEeKT0n0soMH06L_0013.wav,sheets দুটি rail এবং নিম্ন দুটি railকে power rails বলা হয়,6.0
/home/abdullahmm/Shivam/subtask2_blindtest_wReadme/bengali/bengali_blind_wav/333693_4uEeKT0n0soMH06L_0014.wav,/home/abdullahmm/Shivam/subtask2_blindtest_wReadme/bengali/bengali_blind_wav/333693_4uEeKT0n0soMH06L_0014.wav,ছিদ্রের sheets সারি সকল এক সাথে যুক্ত রয়েছে এবং এখানে লাল বিন্দু এবং নীল বিন্দু দ্বারা চিহ্নিত রয়েছে,10.0
/home/abdullahmm/Shivam/subtask2_blindtest_wReadme/bengali/bengali_blind_wav/333693_4uEeKT0n0soMH06L_0015.wav,/home/abdullahmm/Shivam/subtask2_blindtest_wReadme/bengali/bengali_blind_wav/333693_4uEeKT0n0soMH06L_0015.wav,লক্ষ্য করুন যে সংযোগ bread board এর মাঝখানে ভেঙে যায়,5.0
/home/abdullahmm/Shivam/subtask2_blindtest_wReadme/bengali/bengali_blind_wav/333693_4uEeKT0n0soMH06L_0016.wav,/home/abdullahmm/Shivam/subtask2_blindtest_wReadme/bengali/bengali_blind_wav/333693_4uEeKT0n0soMH06L_0016.wav,মাঝখানে তারের column একসাথে যুক্ত,5.0
/home/abdullahmm/Shivam/subtask2_blindtest_wReadme/bengali/bengali_blind_wav/333693_4uEeKT0n0soMH06L_0017.wav,/home/abdullahmm/Shivam/subtask2_blindtest_wReadme/bengali/bengali_blind_wav/333693_4uEeKT0n0soMH06L_0017.wav,উদাহরণস্বরূপ চিহ্নিত সকল সবুজ ছিদ্র একসাথে যুক্ত রয়েছে তবে তারা হলুদ ছিদ্রের সাথে যুক্ত নয়,11.0
/home/abdullahmm/Shivam/subtask2_blindtest_wReadme/bengali/bengali_blind_wav/333693_4uEeKT0n0soMH06L_0018.wav,/home/abdullahmm/Shivam/subtask2_blindtest_wReadme/bengali/bengali_blind_wav/333693_4uEeKT0n0soMH06L_0018.wav,এরপর আমরা led সম্পর্কে শিখব,9.0
/home/abdullahmm/Shivam/subtask2_blindtest_wReadme/bengali/bengali_blind_wav/333693_4uEeKT0n0soMH06L_0019.wav,/home/abdullahmm/Shivam/subtask2_blindtest_wReadme/bengali/bengali_blind_wav/333693_4uEeKT0n0soMH06L_0019.wav,যখন এক মাঝ দিয়ে current প্রবাহিত হয় তখন এটি রঙিন আলো নির্গত করে,5.0
/home/abdullahmm/Shivam/subtask2_blindtest_wReadme/bengali/bengali_blind_wav/333693_4uEeKT0n0soMH06L_0020.wav,/home/abdullahmm/Shivam/subtask2_blindtest_wReadme/bengali/bengali_blind_wav/333693_4uEeKT0n0soMH06L_0020.wav,একটি এলইডিতে দুটি lead থাকে যারা হল anode এবং cathode,6.0
/home/abdullahmm/Shivam/subtask2_blindtest_wReadme/bengali/bengali_blind_wav/333693_4uEeKT0n0soMH06L_0021.wav,/home/abdullahmm/Shivam/subtask2_blindtest_wReadme/bengali/bengali_blind_wav/333693_4uEeKT0n0soMH06L_0021.wav,লম্বা lead হল anode এটি positive ভোল্টেজের সাথে যুক্ত হওয়া উচিত,7.0
/home/abdullahmm/Shivam/subtask2_blindtest_wReadme/bengali/bengali_blind_wav/333693_4uEeKT0n0soMH06L_0022.wav,/home/abdullahmm/Shivam/subtask2_blindtest_wReadme/bengali/bengali_blind_wav/333693_4uEeKT0n0soMH06L_0022.wav,ছোট lead হল cathode এটি ground এর সাথে যুক্ত করা উচিত,6.0
/home/abdullahmm/Shivam/subtask2_blindtest_wReadme/bengali/bengali_blind_wav/333693_4uEeKT0n0soMH06L_0023.wav,/home/abdullahmm/Shivam/subtask2_blindtest_wReadme/bengali/bengali_blind_wav/333693_4uEeKT0n0soMH06L_0023.wav,tri color led এলইডির একটি উন্নত সংস্করণ যা তিনটি ভিন্ন রঙ নির্গত করে,8.0
/home/abdullahmm/Shivam/subtask2_blindtest_wReadme/bengali/bengali_blind_wav/333693_4uEeKT0n0soMH06L_0024.wav,/home/abdullahmm/Shivam/subtask2_blindtest_wReadme/bengali/bengali_blind_wav/333693_4uEeKT0n0soMH06L_0024.wav,এতে 4টি pin রয়েছে দীর্ঘতম লিডকে common lead বলা হয়,7.0
/home/abdullahmm/Shivam/subtask2_blindtest_wReadme/bengali/bengali_blind_wav/333693_4uEeKT0n0soMH06L_0025.wav,/home/abdullahmm/Shivam/subtask2_blindtest_wReadme/bengali/bengali_blind_wav/333693_4uEeKT0n0soMH06L_0025.wav,অন্তিম তিনটি pin লাল সবুজ এবং নীল রঙের এলইডির জন্য,7.0
/home/abdullahmm/Shivam/subtask2_blindtest_wReadme/bengali/bengali_blind_wav/333693_4uEeKT0n0soMH06L_0026.wav,/home/abdullahmm/Shivam/subtask2_blindtest_wReadme/bengali/bengali_blind_wav/333693_4uEeKT0n0soMH06L_0026.wav,দুই ধরণের tri color leds রয়েছে common anode এবং common cathode,10.0
/home/abdullahmm/Shivam/subtask2_blindtest_wReadme/bengali/bengali_blind_wav/333693_4uEeKT0n0soMH06L_0027.wav,/home/abdullahmm/Shivam/subtask2_blindtest_wReadme/bengali/bengali_blind_wav/333693_4uEeKT0n0soMH06L_0027.wav,common anode সংস্করণে common লিডকে ধনাত্মক ভোল্টেজের সাথে যুক্ত হওয়া উচিত,7.0
/home/abdullahmm/Shivam/subtask2_blindtest_wReadme/bengali/bengali_blind_wav/333693_4uEeKT0n0soMH06L_0028.wav,/home/abdullahmm/Shivam/subtask2_blindtest_wReadme/bengali/bengali_blind_wav/333693_4uEeKT0n0soMH06L_0028.wav,common cathode সংস্করণে common লিডকে ground এর সাথে যুক্ত হওয়া উচিত,7.0
/home/abdullahmm/Shivam/subtask2_blindtest_wReadme/bengali/bengali_blind_wav/333693_4uEeKT0n0soMH06L_0029.wav,/home/abdullahmm/Shivam/subtask2_blindtest_wReadme/bengali/bengali_blind_wav/333693_4uEeKT0n0soMH06L_0029.wav,এরপর আমরা resistor সম্পর্কে শিখব,4.0
/home/abdullahmm/Shivam/subtask2_blindtest_wReadme/bengali/bengali_blind_wav/333693_4uEeKT0n0soMH06L_0030.wav,/home/abdullahmm/Shivam/subtask2_blindtest_wReadme/bengali/bengali_blind_wav/333693_4uEeKT0n0soMH06L_0030.wav,সার্কিটে প্রবাহিত ধারাকে সীমাবদ্ধ করতে resistor ব্যবহার করা হয়,5.0
/home/abdullahmm/Shivam/subtask2_blindtest_wReadme/bengali/bengali_blind_wav/333693_4uEeKT0n0soMH06L_0031.wav,/home/abdullahmm/Shivam/subtask2_blindtest_wReadme/bengali/bengali_blind_wav/333693_4uEeKT0n0soMH06L_0031.wav,এখন led resistor এবং breadboard ব্যবহার করে একটি সাধারণ circuit বানান,7.0
/home/abdullahmm/Shivam/subtask2_blindtest_wReadme/bengali/bengali_blind_wav/333693_4uEeKT0n0soMH06L_0032.wav,/home/abdullahmm/Shivam/subtask2_blindtest_wReadme/bengali/bengali_blind_wav/333693_4uEeKT0n0soMH06L_0032.wav,চিত্রটি সঠিক সংযোগ দেখায়,4.0
/home/abdullahmm/Shivam/subtask2_blindtest_wReadme/bengali/bengali_blind_wav/333693_4uEeKT0n0soMH06L_0033.wav,/home/abdullahmm/Shivam/subtask2_blindtest_wReadme/bengali/bengali_blind_wav/333693_4uEeKT0n0soMH06L_0033.wav,9 volt batteryর ধনাত্মক দ্বিতীয় rail এর সাথে যুক্ত,5.0
/home/abdullahmm/Shivam/subtask2_blindtest_wReadme/bengali/bengali_blind_wav/333693_4uEeKT0n0soMH06L_0034.wav,/home/abdullahmm/Shivam/subtask2_blindtest_wReadme/bengali/bengali_blind_wav/333693_4uEeKT0n0soMH06L_0034.wav,9 volt batteryর ঋণাত্মক প্রথম rail এর সাথে যুক্ত,5.0
/home/abdullahmm/Shivam/subtask2_blindtest_wReadme/bengali/bengali_blind_wav/333693_4uEeKT0n0soMH06L_0035.wav,/home/abdullahmm/Shivam/subtask2_blindtest_wReadme/bengali/bengali_blind_wav/333693_4uEeKT0n0soMH06L_0035.wav,এলইডির anode অর্থাৎ ডান lead resistor এর মাধ্যমে ব্রেডবোর্ডের দ্বিতীয় রেলের সাথে যুক্ত থাকে,9.0
/home/abdullahmm/Shivam/subtask2_blindtest_wReadme/bengali/bengali_blind_wav/333693_4uEeKT0n0soMH06L_0036.wav,/home/abdullahmm/Shivam/subtask2_blindtest_wReadme/bengali/bengali_blind_wav/333693_4uEeKT0n0soMH06L_0036.wav,এলইডির cathode অর্থাৎ বাম lead ব্রেডবোর্ডের প্রথম রেলের সাথে যুক্ত থাকে,8.0
/home/abdullahmm/Shivam/subtask2_blindtest_wReadme/bengali/bengali_blind_wav/333693_4uEeKT0n0soMH06L_0037.wav,/home/abdullahmm/Shivam/subtask2_blindtest_wReadme/bengali/bengali_blind_wav/333693_4uEeKT0n0soMH06L_0037.wav,এটি led সংযোগের live setup,5.0
/home/abdullahmm/Shivam/subtask2_blindtest_wReadme/bengali/bengali_blind_wav/333693_4uEeKT0n0soMH06L_0038.wav,/home/abdullahmm/Shivam/subtask2_blindtest_wReadme/bengali/bengali_blind_wav/333693_4uEeKT0n0soMH06L_0038.wav,আপনি দেখতে পারেন যে led জ্বলজ্বল করছে কারণ আমাদের দ্বারা ব্যবহৃত সংযোগগুলি সঠিক,8.0
/home/abdullahmm/Shivam/subtask2_blindtest_wReadme/bengali/bengali_blind_wav/333693_4uEeKT0n0soMH06L_0039.wav,/home/abdullahmm/Shivam/subtask2_blindtest_wReadme/bengali/bengali_blind_wav/333693_4uEeKT0n0soMH06L_0039.wav,এখন আমরা সংযোগ বানাতে bread board ব্যবহার করার সময় লোকেদের দ্বারা করা সাধারণ ভুলগুলি দেখবো,8.0
/home/abdullahmm/Shivam/subtask2_blindtest_wReadme/bengali/bengali_blind_wav/333693_4uEeKT0n0soMH06L_0040.wav,/home/abdullahmm/Shivam/subtask2_blindtest_wReadme/bengali/bengali_blind_wav/333693_4uEeKT0n0soMH06L_0040.wav,এই সংযোগে led জ্বলিত হয় না কারণ সংযোগগুলি সঠিক নয়,7.0
/home/abdullahmm/Shivam/subtask2_blindtest_wReadme/bengali/bengali_blind_wav/333693_4uEeKT0n0soMH06L_0041.wav,/home/abdullahmm/Shivam/subtask2_blindtest_wReadme/bengali/bengali_blind_wav/333693_4uEeKT0n0soMH06L_0041.wav,resistor এবং এলইডিকে একে অপরের পাশে রাখা হয়,5.0
/home/abdullahmm/Shivam/subtask2_blindtest_wReadme/bengali/bengali_blind_wav/333693_4uEeKT0n0soMH06L_0042.wav,/home/abdullahmm/Shivam/subtask2_blindtest_wReadme/bengali/bengali_blind_wav/333693_4uEeKT0n0soMH06L_0042.wav,power rails ছাড়া ব্রেডবোর্ডে ছিদ্র column অনুযায়ী যুক্ত থাকে,6.0
/home/abdullahmm/Shivam/subtask2_blindtest_wReadme/bengali/bengali_blind_wav/333693_4uEeKT0n0soMH06L_0043.wav,/home/abdullahmm/Shivam/subtask2_blindtest_wReadme/bengali/bengali_blind_wav/333693_4uEeKT0n0soMH06L_0043.wav,সুতরাং এলইডির anode এবং resistor এলইডির মাঝে কোনো সংযোগ নেই এটি এলইডিকে বিচ্ছিন্ন করে তোলে,10.0
/home/abdullahmm/Shivam/subtask2_blindtest_wReadme/bengali/bengali_blind_wav/333693_4uEeKT0n0soMH06L_0044.wav,/home/abdullahmm/Shivam/subtask2_blindtest_wReadme/bengali/bengali_blind_wav/333693_4uEeKT0n0soMH06L_0044.wav,পরবর্তী সংযোগে এলইডির cathode দ্বিতীয় rail এর সাথে যুক্ত,7.0
/home/abdullahmm/Shivam/subtask2_blindtest_wReadme/bengali/bengali_blind_wav/333693_4uEeKT0n0soMH06L_0045.wav,/home/abdullahmm/Shivam/subtask2_blindtest_wReadme/bengali/bengali_blind_wav/333693_4uEeKT0n0soMH06L_0045.wav,এলইডির anode resistor এর মাধ্যমে প্রথম রেলের সাথে যুক্ত,6.0
/home/abdullahmm/Shivam/subtask2_blindtest_wReadme/bengali/bengali_blind_wav/333693_4uEeKT0n0soMH06L_0046.wav,/home/abdullahmm/Shivam/subtask2_blindtest_wReadme/bengali/bengali_blind_wav/333693_4uEeKT0n0soMH06L_0046.wav,এই circuit সংযোগে বিপরীত হওয়া উচিত যা হল এটি এই জন্যই led জ্বলজ্বল করেনা,8.0
/home/abdullahmm/Shivam/subtask2_blindtest_wReadme/bengali/bengali_blind_wav/333693_4uEeKT0n0soMH06L_0047.wav,/home/abdullahmm/Shivam/subtask2_blindtest_wReadme/bengali/bengali_blind_wav/333693_4uEeKT0n0soMH06L_0047.wav,এরপর আমরা push button সম্পর্কে শিখব,5.0
/home/abdullahmm/Shivam/subtask2_blindtest_wReadme/bengali/bengali_blind_wav/333693_4uEeKT0n0soMH06L_0048.wav,/home/abdullahmm/Shivam/subtask2_blindtest_wReadme/bengali/bengali_blind_wav/333693_4uEeKT0n0soMH06L_0048.wav,একটি push button একটি সাধারণ switch পদ্ধতি যা টিপলে circuit এর দুটি . কে যুক্ত করে,8.0
/home/abdullahmm/Shivam/subtask2_blindtest_wReadme/bengali/bengali_blind_wav/333693_4uEeKT0n0soMH06L_0049.wav,/home/abdullahmm/Shivam/subtask2_blindtest_wReadme/bengali/bengali_blind_wav/333693_4uEeKT0n0soMH06L_0049.wav,push button সাধারণত চারটি legs সহ আসে,4.0
/home/abdullahmm/Shivam/subtask2_blindtest_wReadme/bengali/bengali_blind_wav/333693_4uEeKT0n0soMH06L_0050.wav,/home/abdullahmm/Shivam/subtask2_blindtest_wReadme/bengali/bengali_blind_wav/333693_4uEeKT0n0soMH06L_0050.wav,switch এর স্থানের নির্বিশেষে leg a এবং c সর্বদা যুক্ত থাকে,8.0
/home/abdullahmm/Shivam/subtask2_blindtest_wReadme/bengali/bengali_blind_wav/333693_4uEeKT0n0soMH06L_0051.wav,/home/abdullahmm/Shivam/subtask2_blindtest_wReadme/bengali/bengali_blind_wav/333693_4uEeKT0n0soMH06L_0051.wav,একইভাবে leg b এবং d সর্বদা যুক্ত থাকে,5.0
/home/abdullahmm/Shivam/subtask2_blindtest_wReadme/bengali/bengali_blind_wav/333693_4uEeKT0n0soMH06L_0052.wav,/home/abdullahmm/Shivam/subtask2_blindtest_wReadme/bengali/bengali_blind_wav/333693_4uEeKT0n0soMH06L_0052.wav,switch টেপা হলে চারটি leg একে অপরের সাথে যুক্ত হয়ে যায়,5.0
/home/abdullahmm/Shivam/subtask2_blindtest_wReadme/bengali/bengali_blind_wav/333693_4uEeKT0n0soMH06L_0053.wav,/home/abdullahmm/Shivam/subtask2_blindtest_wReadme/bengali/bengali_blind_wav/333693_4uEeKT0n0soMH06L_0053.wav,এখন পূর্ববর্তী সার্কিটে একটি push button যুক্ত করব এবং এর ব্যবহার এলইডির স্থিতি বদলাতে করা হয়,9.0
/home/abdullahmm/Shivam/subtask2_blindtest_wReadme/bengali/bengali_blind_wav/333693_4uEeKT0n0soMH06L_0054.wav,/home/abdullahmm/Shivam/subtask2_blindtest_wReadme/bengali/bengali_blind_wav/333693_4uEeKT0n0soMH06L_0054.wav,চিত্রটি সঠিক সংযোগ দেখায় led anode দ্বিতীয় power rail এর সাথে যুক্ত যা হল resister এবং push বটনের মাধ্যমে মারাত্মক voltage,13.0
/home/abdullahmm/Shivam/subtask2_blindtest_wReadme/bengali/bengali_blind_wav/333693_4uEeKT0n0soMH06L_0055.wav,/home/abdullahmm/Shivam/subtask2_blindtest_wReadme/bengali/bengali_blind_wav/333693_4uEeKT0n0soMH06L_0055.wav,live setup সংযোগ দেখি,4.0
/home/abdullahmm/Shivam/subtask2_blindtest_wReadme/bengali/bengali_blind_wav/333693_4uEeKT0n0soMH06L_0056.wav,/home/abdullahmm/Shivam/subtask2_blindtest_wReadme/bengali/bengali_blind_wav/333693_4uEeKT0n0soMH06L_0056.wav,push button টেপা হলে led প্রত্যাশিতভাবে আলোকিত হয়,6.0
/home/abdullahmm/Shivam/subtask2_blindtest_wReadme/bengali/bengali_blind_wav/333693_4uEeKT0n0soMH06L_0057.wav,/home/abdullahmm/Shivam/subtask2_blindtest_wReadme/bengali/bengali_blind_wav/333693_4uEeKT0n0soMH06L_0057.wav,push button এ 4টি leg থাকায় circuit কে অন্য উপায়েও বানানো যেতে পারে,7.0
/home/abdullahmm/Shivam/subtask2_blindtest_wReadme/bengali/bengali_blind_wav/333693_4uEeKT0n0soMH06L_0058.wav,/home/abdullahmm/Shivam/subtask2_blindtest_wReadme/bengali/bengali_blind_wav/333693_4uEeKT0n0soMH06L_0058.wav,push বটনের b ব্যবহার করার বদলে আমরা leg d ব্যবহার করছি,6.0
/home/abdullahmm/Shivam/subtask2_blindtest_wReadme/bengali/bengali_blind_wav/333693_4uEeKT0n0soMH06L_0059.wav,/home/abdullahmm/Shivam/subtask2_blindtest_wReadme/bengali/bengali_blind_wav/333693_4uEeKT0n0soMH06L_0059.wav,যেহেতু এগুলি অভ্যন্তরীণভাবে একে অপরের সাথে জড়িত তাই push button টিপলে led আলোকিত হয়,7.0
/home/abdullahmm/Shivam/subtask2_blindtest_wReadme/bengali/bengali_blind_wav/333693_4uEeKT0n0soMH06L_0060.wav,/home/abdullahmm/Shivam/subtask2_blindtest_wReadme/bengali/bengali_blind_wav/333693_4uEeKT0n0soMH06L_0060.wav,এরপর push buttons ব্যবহার করার সময় লোকেদের দ্বারা করা সাধারণ ভুলগুলি দেখবো,7.0
/home/abdullahmm/Shivam/subtask2_blindtest_wReadme/bengali/bengali_blind_wav/333693_4uEeKT0n0soMH06L_0061.wav,/home/abdullahmm/Shivam/subtask2_blindtest_wReadme/bengali/bengali_blind_wav/333693_4uEeKT0n0soMH06L_0061.wav,এই চিত্রটি দেখুন এলইডির anode push বাটনের লেগে এবং c এর মাধ্যমে দ্বিতীয় power এল এর সাথে gedit,11.0
/home/abdullahmm/Shivam/subtask2_blindtest_wReadme/bengali/bengali_blind_wav/333693_4uEeKT0n0soMH06L_0062.wav,/home/abdullahmm/Shivam/subtask2_blindtest_wReadme/bengali/bengali_blind_wav/333693_4uEeKT0n0soMH06L_0062.wav,মনে রাখবেন push বটনের leg a এর c অভ্যন্তরীণ ভাবে যুক্ত রয়েছে,7.0
/home/abdullahmm/Shivam/subtask2_blindtest_wReadme/bengali/bengali_blind_wav/333693_4uEeKT0n0soMH06L_0063.wav,/home/abdullahmm/Shivam/subtask2_blindtest_wReadme/bengali/bengali_blind_wav/333693_4uEeKT0n0soMH06L_0063.wav,তাই এলইডির anode সর্বদা push button থাকা সত্ত্বেও দ্বিতীয় power rail এর সাথে যুক্ত থাকে,9.0
/home/abdullahmm/Shivam/subtask2_blindtest_wReadme/bengali/bengali_blind_wav/333693_4uEeKT0n0soMH06L_0064.wav,/home/abdullahmm/Shivam/subtask2_blindtest_wReadme/bengali/bengali_blind_wav/333693_4uEeKT0n0soMH06L_0064.wav,led সর্বদা এই সার্কিটে জ্বলজ্বল করে তখনও যখন push button off হয়,7.0
/home/abdullahmm/Shivam/subtask2_blindtest_wReadme/bengali/bengali_blind_wav/333693_4uEeKT0n0soMH06L_0065.wav,/home/abdullahmm/Shivam/subtask2_blindtest_wReadme/bengali/bengali_blind_wav/333693_4uEeKT0n0soMH06L_0065.wav,এখন seven segment display দেখি,5.0
/home/abdullahmm/Shivam/subtask2_blindtest_wReadme/bengali/bengali_blind_wav/333693_4uEeKT0n0soMH06L_0066.wav,/home/abdullahmm/Shivam/subtask2_blindtest_wReadme/bengali/bengali_blind_wav/333693_4uEeKT0n0soMH06L_0066.wav,seven segment display তে leds রয়েছে যা সংখ্যা আটের আকারে সজ্জিত হয়,7.0
/home/abdullahmm/Shivam/subtask2_blindtest_wReadme/bengali/bengali_blind_wav/333693_4uEeKT0n0soMH06L_0067.wav,/home/abdullahmm/Shivam/subtask2_blindtest_wReadme/bengali/bengali_blind_wav/333693_4uEeKT0n0soMH06L_0067.wav,এখানে দুটি ধরণের seven segment displayed হয়েছে common anode এবং common cathode seven segment display,11.0
/home/abdullahmm/Shivam/subtask2_blindtest_wReadme/bengali/bengali_blind_wav/333693_4uEeKT0n0soMH06L_0068.wav,/home/abdullahmm/Shivam/subtask2_blindtest_wReadme/bengali/bengali_blind_wav/333693_4uEeKT0n0soMH06L_0068.wav,common cathode seven segment display তে pins a b c d e f g এবং . + 5 ভোল্টের সাথে যুক্ত হওয়া উচিত,13.0
/home/abdullahmm/Shivam/subtask2_blindtest_wReadme/bengali/bengali_blind_wav/333693_4uEeKT0n0soMH06L_0069.wav,/home/abdullahmm/Shivam/subtask2_blindtest_wReadme/bengali/bengali_blind_wav/333693_4uEeKT0n0soMH06L_0069.wav,দুটি com pins এর অবশ্যই ground gnd এর সাথে যুক্ত থাকতে হবে,5.0
/home/abdullahmm/Shivam/subtask2_blindtest_wReadme/bengali/bengali_blind_wav/333693_4uEeKT0n0soMH06L_0070.wav,/home/abdullahmm/Shivam/subtask2_blindtest_wReadme/bengali/bengali_blind_wav/333693_4uEeKT0n0soMH06L_0070.wav,common anode display একেবারে বিপরীত হয়,4.0
/home/abdullahmm/Shivam/subtask2_blindtest_wReadme/bengali/bengali_blind_wav/333693_4uEeKT0n0soMH06L_0071.wav,/home/abdullahmm/Shivam/subtask2_blindtest_wReadme/bengali/bengali_blind_wav/333693_4uEeKT0n0soMH06L_0071.wav,pins a b c d e f g এবং . ground এর সাথে যুক্ত হওয়া উচিত দুটি coms pin এর অবশ্যই + 5 ভোল্টসের সাথে যুক্ত থাকতে হবে,15.0
/home/abdullahmm/Shivam/subtask2_blindtest_wReadme/bengali/bengali_blind_wav/333693_4uEeKT0n0soMH06L_0072.wav,/home/abdullahmm/Shivam/subtask2_blindtest_wReadme/bengali/bengali_blind_wav/333693_4uEeKT0n0soMH06L_0072.wav,এখন দেখি যে ব্রেডবোর্ডে seven segment display কিভাবে যুক্ত করা হয় এবং সকল leds আলোকিত করে,9.0
/home/abdullahmm/Shivam/subtask2_blindtest_wReadme/bengali/bengali_blind_wav/333693_4uEeKT0n0soMH06L_0073.wav,/home/abdullahmm/Shivam/subtask2_blindtest_wReadme/bengali/bengali_blind_wav/333693_4uEeKT0n0soMH06L_0073.wav,এখানে ইমেজে ব্যবহৃত seven segment display একটি common anode,6.0
/home/abdullahmm/Shivam/subtask2_blindtest_wReadme/bengali/bengali_blind_wav/333693_4uEeKT0n0soMH06L_0074.wav,/home/abdullahmm/Shivam/subtask2_blindtest_wReadme/bengali/bengali_blind_wav/333693_4uEeKT0n0soMH06L_0074.wav,তাই common anode কে resistor এর মাধ্যমে দ্বিতীয় power rail এর সাথে যুক্ত করা হয়,7.0
/home/abdullahmm/Shivam/subtask2_blindtest_wReadme/bengali/bengali_blind_wav/333693_4uEeKT0n0soMH06L_0075.wav,/home/abdullahmm/Shivam/subtask2_blindtest_wReadme/bengali/bengali_blind_wav/333693_4uEeKT0n0soMH06L_0075.wav,led pins a b c d e f g . প্রথম power rail এর সাথে যুক্ত রয়েছে,8.0
/home/abdullahmm/Shivam/subtask2_blindtest_wReadme/bengali/bengali_blind_wav/333693_4uEeKT0n0soMH06L_0076.wav,/home/abdullahmm/Shivam/subtask2_blindtest_wReadme/bengali/bengali_blind_wav/333693_4uEeKT0n0soMH06L_0076.wav,সংযোগ যথাযথ হলে আমরা দেখতে পারি যে সকল leds জ্বলজ্বল করছে,6.0
/home/abdullahmm/Shivam/subtask2_blindtest_wReadme/bengali/bengali_blind_wav/333693_4uEeKT0n0soMH06L_0077.wav,/home/abdullahmm/Shivam/subtask2_blindtest_wReadme/bengali/bengali_blind_wav/333693_4uEeKT0n0soMH06L_0077.wav,live setup সংযোগ দেখি,3.0
/home/abdullahmm/Shivam/subtask2_blindtest_wReadme/bengali/bengali_blind_wav/333693_4uEeKT0n0soMH06L_0078.wav,/home/abdullahmm/Shivam/subtask2_blindtest_wReadme/bengali/bengali_blind_wav/333693_4uEeKT0n0soMH06L_0078.wav,আমরা দেখতে পারি যে seven segment display তে সকল অংশই জ্বলজ্বল করছে,6.0
/home/abdullahmm/Shivam/subtask2_blindtest_wReadme/bengali/bengali_blind_wav/333693_4uEeKT0n0soMH06L_0079.wav,/home/abdullahmm/Shivam/subtask2_blindtest_wReadme/bengali/bengali_blind_wav/333693_4uEeKT0n0soMH06L_0079.wav,এটি আমাদের টিউটোরিয়ালের শেষে নিয়ে আসে সংক্ষিপ্তকরণ করি,6.0
/home/abdullahmm/Shivam/subtask2_blindtest_wReadme/bengali/bengali_blind_wav/333693_4uEeKT0n0soMH06L_0080.wav,/home/abdullahmm/Shivam/subtask2_blindtest_wReadme/bengali/bengali_blind_wav/333693_4uEeKT0n0soMH06L_0080.wav,এই টিউটোরিয়ালে আমরা breadboard এবং এর অভ্যন্তরীণ সংযোগ,7.0
/home/abdullahmm/Shivam/subtask2_blindtest_wReadme/bengali/bengali_blind_wav/333693_4uEeKT0n0soMH06L_0081.wav,/home/abdullahmm/Shivam/subtask2_blindtest_wReadme/bengali/bengali_blind_wav/333693_4uEeKT0n0soMH06L_0081.wav,ব্রেডবোর্ডে led ব্রেডবোর্ডে push button এবং seven segment display সম্পর্কে শিখেছি,9.0
/home/abdullahmm/Shivam/subtask2_blindtest_wReadme/bengali/bengali_blind_wav/333693_4uEeKT0n0soMH06L_0082.wav,/home/abdullahmm/Shivam/subtask2_blindtest_wReadme/bengali/bengali_blind_wav/333693_4uEeKT0n0soMH06L_0082.wav,নিম্ন লিঙ্কে video টি spoken tutorial প্রকল্পকে সারাংশিত করে এটি download করুন এবং দেখুন,8.0
/home/abdullahmm/Shivam/subtask2_blindtest_wReadme/bengali/bengali_blind_wav/333693_4uEeKT0n0soMH06L_0083.wav,/home/abdullahmm/Shivam/subtask2_blindtest_wReadme/bengali/bengali_blind_wav/333693_4uEeKT0n0soMH06L_0083.wav,spoken tutorial প্রকল্প the কর্মশালার আয়োজন করে এবং প্রশংসাপত্র দেয় আরও তথ্যের জন্য আমাদের লিখুন,10.0
/home/abdullahmm/Shivam/subtask2_blindtest_wReadme/bengali/bengali_blind_wav/333693_4uEeKT0n0soMH06L_0084.wav,/home/abdullahmm/Shivam/subtask2_blindtest_wReadme/bengali/bengali_blind_wav/333693_4uEeKT0n0soMH06L_0084.wav,আপনার এই spoken টিউটোরিয়ালে কোনো প্রশ্ন রয়েছে দয়া করে এই সাইটে যান,6.0
/home/abdullahmm/Shivam/subtask2_blindtest_wReadme/bengali/bengali_blind_wav/333693_4uEeKT0n0soMH06L_0085.wav,/home/abdullahmm/Shivam/subtask2_blindtest_wReadme/bengali/bengali_blind_wav/333693_4uEeKT0n0soMH06L_0085.wav,যেখানে প্রশ্ন রয়েছে সেই minute এবং second চয়ন করুন সংক্ষেপে আপনার প্রশ্ন ব্যাখ্যা করুন,7.0
/home/abdullahmm/Shivam/subtask2_blindtest_wReadme/bengali/bengali_blind_wav/333693_4uEeKT0n0soMH06L_0086.wav,/home/abdullahmm/Shivam/subtask2_blindtest_wReadme/bengali/bengali_blind_wav/333693_4uEeKT0n0soMH06L_0086.wav,আমাদের দল থেকে কেউ তাদের উত্তর দেবে,3.0
/home/abdullahmm/Shivam/subtask2_blindtest_wReadme/bengali/bengali_blind_wav/333693_4uEeKT0n0soMH06L_0087.wav,/home/abdullahmm/Shivam/subtask2_blindtest_wReadme/bengali/bengali_blind_wav/333693_4uEeKT0n0soMH06L_0087.wav,spoken tutorial forum টি এই tutorial এ নির্দিষ্ট প্রশ্নের জন্য এখানে কোনো সম্পর্কহীন এবং সাধারণ প্রশ্ন post করবেন না,10.0
/home/abdullahmm/Shivam/subtask2_blindtest_wReadme/bengali/bengali_blind_wav/333693_4uEeKT0n0soMH06L_0088.wav,/home/abdullahmm/Shivam/subtask2_blindtest_wReadme/bengali/bengali_blind_wav/333693_4uEeKT0n0soMH06L_0088.wav,এটি অব্যবস্থতা হ্রাস করতে সহায়তা করে অব্যবস্থতা com হলে আমরা এই আলোচনা নির্দেশমূলক উপাদান হিসাবে ব্যবহার করতে পারি,9.0
/home/abdullahmm/Shivam/subtask2_blindtest_wReadme/bengali/bengali_blind_wav/333693_4uEeKT0n0soMH06L_0089.wav,/home/abdullahmm/Shivam/subtask2_blindtest_wReadme/bengali/bengali_blind_wav/333693_4uEeKT0n0soMH06L_0089.wav,spoken tutorial প্রকল্প ভারত সরকারের nmeict mhrd দ্বারা সমর্থিত এই mission সম্পর্কে আরো তথ্য এই লিঙ্কে প্রাপ্তিসাধ্য,11.0
/home/abdullahmm/Shivam/subtask2_blindtest_wReadme/bengali/bengali_blind_wav/333693_4uEeKT0n0soMH06L_0090.wav,/home/abdullahmm/Shivam/subtask2_blindtest_wReadme/bengali/bengali_blind_wav/333693_4uEeKT0n0soMH06L_0090.wav,iit bombay থেকে আমি কৌশিক দত্ত বিদায় নিচ্ছি অংশগ্রহনের জন্য ধন্যবাদ,9.04
/home/abdullahmm/Shivam/subtask2_blindtest_wReadme/bengali/bengali_blind_wav/374292_Yqqann96SX9C083O_0000.wav,/home/abdullahmm/Shivam/subtask2_blindtest_wReadme/bengali/bengali_blind_wav/374292_Yqqann96SX9C083O_0000.wav,access modifiers এর টিউটোরিয়ালে আপনাদের স্বাগত,6.0
/home/abdullahmm/Shivam/subtask2_blindtest_wReadme/bengali/bengali_blind_wav/374292_Yqqann96SX9C083O_0001.wav,/home/abdullahmm/Shivam/subtask2_blindtest_wReadme/bengali/bengali_blind_wav/374292_Yqqann96SX9C083O_0001.wav,এই টিউটোরিয়ালে নিম্ন সম্পর্কে শিখব scope of variable private variable dynamically scoped variable global variable,12.0
/home/abdullahmm/Shivam/subtask2_blindtest_wReadme/bengali/bengali_blind_wav/374292_Yqqann96SX9C083O_0002.wav,/home/abdullahmm/Shivam/subtask2_blindtest_wReadme/bengali/bengali_blind_wav/374292_Yqqann96SX9C083O_0002.wav,এই tutorial জন্য ব্যবহার করছি ubuntu linux 1204 operating system perl 5 . 14 . 2 এবং gedit text editor,13.0
/home/abdullahmm/Shivam/subtask2_blindtest_wReadme/bengali/bengali_blind_wav/374292_Yqqann96SX9C083O_0003.wav,/home/abdullahmm/Shivam/subtask2_blindtest_wReadme/bengali/bengali_blind_wav/374292_Yqqann96SX9C083O_0003.wav,আপনি পছন্দের যে কোনো text editor ব্যবহার করতে পারেন,4.0
/home/abdullahmm/Shivam/subtask2_blindtest_wReadme/bengali/bengali_blind_wav/374292_Yqqann96SX9C083O_0004.wav,/home/abdullahmm/Shivam/subtask2_blindtest_wReadme/bengali/bengali_blind_wav/374292_Yqqann96SX9C083O_0004.wav,আপনার perl programming এর মৌলিক জ্ঞান থাকা উচিত,4.0
/home/abdullahmm/Shivam/subtask2_blindtest_wReadme/bengali/bengali_blind_wav/374292_Yqqann96SX9C083O_0005.wav,/home/abdullahmm/Shivam/subtask2_blindtest_wReadme/bengali/bengali_blind_wav/374292_Yqqann96SX9C083O_0005.wav,না হলে spoken tutorials website উপলব্ধ প্রাসঙ্গিক perl tutorials দেখুন,7.0
/home/abdullahmm/Shivam/subtask2_blindtest_wReadme/bengali/bengali_blind_wav/374292_Yqqann96SX9C083O_0006.wav,/home/abdullahmm/Shivam/subtask2_blindtest_wReadme/bengali/bengali_blind_wav/374292_Yqqann96SX9C083O_0006.wav,এখন scope of ভ্যারিয়েবলের ভূমিকা দিয়ে শুরু করি,4.0
/home/abdullahmm/Shivam/subtask2_blindtest_wReadme/bengali/bengali_blind_wav/374292_Yqqann96SX9C083O_0007.wav,/home/abdullahmm/Shivam/subtask2_blindtest_wReadme/bengali/bengali_blind_wav/374292_Yqqann96SX9C083O_0007.wav,ভ্যারিয়েবলের scope code সেই ক্ষেত্র যেখানে variable access করা যেতে পারে,7.0
/home/abdullahmm/Shivam/subtask2_blindtest_wReadme/bengali/bengali_blind_wav/374292_Yqqann96SX9C083O_0008.wav,/home/abdullahmm/Shivam/subtask2_blindtest_wReadme/bengali/bengali_blind_wav/374292_Yqqann96SX9C083O_0008.wav,অন্য কথায় এটি ভ্যারিয়েবলের দৃশ্যতা বোঝায়,5.0
/home/abdullahmm/Shivam/subtask2_blindtest_wReadme/bengali/bengali_blind_wav/374292_Yqqann96SX9C083O_0009.wav,/home/abdullahmm/Shivam/subtask2_blindtest_wReadme/bengali/bengali_blind_wav/374292_Yqqann96SX9C083O_0009.wav,প্রথমে আমরা পারলে my local এবং our modifiers সম্পর্কে আলোচনা করব,7.0
/home/abdullahmm/Shivam/subtask2_blindtest_wReadme/bengali/bengali_blind_wav/374292_Yqqann96SX9C083O_0010.wav,/home/abdullahmm/Shivam/subtask2_blindtest_wReadme/bengali/bengali_blind_wav/374292_Yqqann96SX9C083O_0010.wav,my মানে private variables,3.0
/home/abdullahmm/Shivam/subtask2_blindtest_wReadme/bengali/bengali_blind_wav/374292_Yqqann96SX9C083O_0011.wav,/home/abdullahmm/Shivam/subtask2_blindtest_wReadme/bengali/bengali_blind_wav/374292_Yqqann96SX9C083O_0011.wav,local মানে dynamically scoped variables,4.0
/home/abdullahmm/Shivam/subtask2_blindtest_wReadme/bengali/bengali_blind_wav/374292_Yqqann96SX9C083O_0012.wav,/home/abdullahmm/Shivam/subtask2_blindtest_wReadme/bengali/bengali_blind_wav/374292_Yqqann96SX9C083O_0012.wav,our মানে global variables,3.0
/home/abdullahmm/Shivam/subtask2_blindtest_wReadme/bengali/bengali_blind_wav/374292_Yqqann96SX9C083O_0013.wav,/home/abdullahmm/Shivam/subtask2_blindtest_wReadme/bengali/bengali_blind_wav/374292_Yqqann96SX9C083O_0013.wav,my keyword এর সাথে ঘোষিত variable সেই block এর বাইরে scope হারিয়ে দেবে যেখানে সেটি ঘোষিত হয়েছিল,8.0
/home/abdullahmm/Shivam/subtask2_blindtest_wReadme/bengali/bengali_blind_wav/374292_Yqqann96SX9C083O_0014.wav,/home/abdullahmm/Shivam/subtask2_blindtest_wReadme/bengali/bengali_blind_wav/374292_Yqqann96SX9C083O_0014.wav,আপনি একটি ভেরিয়েবলে value না দিয়ে ঘোষিত করতে পারেন যেমন my $ f value ;,9.0
/home/abdullahmm/Shivam/subtask2_blindtest_wReadme/bengali/bengali_blind_wav/374292_Yqqann96SX9C083O_0015.wav,/home/abdullahmm/Shivam/subtask2_blindtest_wReadme/bengali/bengali_blind_wav/374292_Yqqann96SX9C083O_0015.wav,একটি ভেরিয়েবলে value assign করেও ঘোষিত করতে পারেন যেমন,6.0
/home/abdullahmm/Shivam/subtask2_blindtest_wReadme/bengali/bengali_blind_wav/374292_Yqqann96SX9C083O_0016.wav,/home/abdullahmm/Shivam/subtask2_blindtest_wReadme/bengali/bengali_blind_wav/374292_Yqqann96SX9C083O_0016.wav,my $ f value = 1 ;,5.0
/home/abdullahmm/Shivam/subtask2_blindtest_wReadme/bengali/bengali_blind_wav/374292_Yqqann96SX9C083O_0017.wav,/home/abdullahmm/Shivam/subtask2_blindtest_wReadme/bengali/bengali_blind_wav/374292_Yqqann96SX9C083O_0017.wav,my $ f name = double উদ্ধৃতিতে rahul ;,7.0
/home/abdullahmm/Shivam/subtask2_blindtest_wReadme/bengali/bengali_blind_wav/374292_Yqqann96SX9C083O_0018.wav,/home/abdullahmm/Shivam/subtask2_blindtest_wReadme/bengali/bengali_blind_wav/374292_Yqqann96SX9C083O_0018.wav,একই my statementর সাথে অনেক variable ঘোষিত করতে syntax নিম্নরূপ,7.0
/home/abdullahmm/Shivam/subtask2_blindtest_wReadme/bengali/bengali_blind_wav/374292_Yqqann96SX9C083O_0019.wav,/home/abdullahmm/Shivam/subtask2_blindtest_wReadme/bengali/bengali_blind_wav/374292_Yqqann96SX9C083O_0019.wav,"my ( খুলুন $ f name , $ lname , $ age ( বন্ধ করুন ;",10.0
/home/abdullahmm/Shivam/subtask2_blindtest_wReadme/bengali/bengali_blind_wav/374292_Yqqann96SX9C083O_0020.wav,/home/abdullahmm/Shivam/subtask2_blindtest_wReadme/bengali/bengali_blind_wav/374292_Yqqann96SX9C083O_0020.wav,এখন sample program প্রয়োগ করে private variable দেখি,5.0
/home/abdullahmm/Shivam/subtask2_blindtest_wReadme/bengali/bengali_blind_wav/374292_Yqqann96SX9C083O_0021.wav,/home/abdullahmm/Shivam/subtask2_blindtest_wReadme/bengali/bengali_blind_wav/374292_Yqqann96SX9C083O_0021.wav,এখানে ইতিমধ্যে sample program রয়েছে এটি gedit text editor খুলি,7.0
/home/abdullahmm/Shivam/subtask2_blindtest_wReadme/bengali/bengali_blind_wav/374292_Yqqann96SX9C083O_0022.wav,/home/abdullahmm/Shivam/subtask2_blindtest_wReadme/bengali/bengali_blind_wav/374292_Yqqann96SX9C083O_0022.wav,terminal খুলে লিখুন gedit scope my . pl and এবং enter টিপুন,10.0
/home/abdullahmm/Shivam/subtask2_blindtest_wReadme/bengali/bengali_blind_wav/374292_Yqqann96SX9C083O_0023.wav,/home/abdullahmm/Shivam/subtask2_blindtest_wReadme/bengali/bengali_blind_wav/374292_Yqqann96SX9C083O_0023.wav,scope - my . pl file এখন gedit এ খোলে,5.0
/home/abdullahmm/Shivam/subtask2_blindtest_wReadme/bengali/bengali_blind_wav/374292_Yqqann96SX9C083O_0024.wav,/home/abdullahmm/Shivam/subtask2_blindtest_wReadme/bengali/bengali_blind_wav/374292_Yqqann96SX9C083O_0024.wav,screen প্রদর্শনের মত নিম্নলিখিত code লিখুন এখন code ব্যাখ্যা করি,7.0
/home/abdullahmm/Shivam/subtask2_blindtest_wReadme/bengali/bengali_blind_wav/374292_Yqqann96SX9C083O_0025.wav,/home/abdullahmm/Shivam/subtask2_blindtest_wReadme/bengali/bengali_blind_wav/374292_Yqqann96SX9C083O_0025.wav,এখানে my keyword এর সাথে একটি private variable $ f name ঘোষিত করেছি,6.0
/home/abdullahmm/Shivam/subtask2_blindtest_wReadme/bengali/bengali_blind_wav/374292_Yqqann96SX9C083O_0026.wav,/home/abdullahmm/Shivam/subtask2_blindtest_wReadme/bengali/bengali_blind_wav/374292_Yqqann96SX9C083O_0026.wav,এবং এটিকে raghu value assign করেছি,4.0
/home/abdullahmm/Shivam/subtask2_blindtest_wReadme/bengali/bengali_blind_wav/374292_Yqqann96SX9C083O_0027.wav,/home/abdullahmm/Shivam/subtask2_blindtest_wReadme/bengali/bengali_blind_wav/374292_Yqqann96SX9C083O_0027.wav,এই block এ print statement f name variable যা হল raghu তাতে value print করে,8.0
/home/abdullahmm/Shivam/subtask2_blindtest_wReadme/bengali/bengali_blind_wav/374292_Yqqann96SX9C083O_0028.wav,/home/abdullahmm/Shivam/subtask2_blindtest_wReadme/bengali/bengali_blind_wav/374292_Yqqann96SX9C083O_0028.wav,পরবর্তী ব্লকে সেই private variable $ f name কে other value assign করি,7.0
/home/abdullahmm/Shivam/subtask2_blindtest_wReadme/bengali/bengali_blind_wav/374292_Yqqann96SX9C083O_0029.wav,/home/abdullahmm/Shivam/subtask2_blindtest_wReadme/bengali/bengali_blind_wav/374292_Yqqann96SX9C083O_0029.wav,print statement সেই নির্দিষ্ট block এ other print করবে,6.0
/home/abdullahmm/Shivam/subtask2_blindtest_wReadme/bengali/bengali_blind_wav/374292_Yqqann96SX9C083O_0030.wav,/home/abdullahmm/Shivam/subtask2_blindtest_wReadme/bengali/bengali_blind_wav/374292_Yqqann96SX9C083O_0030.wav,এই প্রোগ্রামে অন্তিম print statement কোনও output print করবেনা,6.0
/home/abdullahmm/Shivam/subtask2_blindtest_wReadme/bengali/bengali_blind_wav/374292_Yqqann96SX9C083O_0031.wav,/home/abdullahmm/Shivam/subtask2_blindtest_wReadme/bengali/bengali_blind_wav/374292_Yqqann96SX9C083O_0031.wav,এটি এইজন্য কারণ আগে নির্ধারিত block এর scope বাইরে f name এ কোনো value assign নেই,9.0
/home/abdullahmm/Shivam/subtask2_blindtest_wReadme/bengali/bengali_blind_wav/374292_Yqqann96SX9C083O_0032.wav,/home/abdullahmm/Shivam/subtask2_blindtest_wReadme/bengali/bengali_blind_wav/374292_Yqqann96SX9C083O_0032.wav,file সংরক্ষণ করতে ctrl + s টিপুন,5.0
/home/abdullahmm/Shivam/subtask2_blindtest_wReadme/bengali/bengali_blind_wav/374292_Yqqann96SX9C083O_0033.wav,/home/abdullahmm/Shivam/subtask2_blindtest_wReadme/bengali/bengali_blind_wav/374292_Yqqann96SX9C083O_0033.wav,এখন program execute করি,3.0
/home/abdullahmm/Shivam/subtask2_blindtest_wReadme/bengali/bengali_blind_wav/374292_Yqqann96SX9C083O_0034.wav,/home/abdullahmm/Shivam/subtask2_blindtest_wReadme/bengali/bengali_blind_wav/374292_Yqqann96SX9C083O_0034.wav,terminal এ ফিরে গিয়ে লিখুন perl scope - my . pl এবং enter টিপুন,9.0
/home/abdullahmm/Shivam/subtask2_blindtest_wReadme/bengali/bengali_blind_wav/374292_Yqqann96SX9C083O_0035.wav,/home/abdullahmm/Shivam/subtask2_blindtest_wReadme/bengali/bengali_blind_wav/374292_Yqqann96SX9C083O_0035.wav,output নিম্নের মতো দেখায় block one লঘু block 2 other outside block কোনও output নেই,10.0
/home/abdullahmm/Shivam/subtask2_blindtest_wReadme/bengali/bengali_blind_wav/374292_Yqqann96SX9C083O_0036.wav,/home/abdullahmm/Shivam/subtask2_blindtest_wReadme/bengali/bengali_blind_wav/374292_Yqqann96SX9C083O_0036.wav,তাই my ভ্যারিয়েবলের scope শুধুমাত্র কোডের একটি বিশেষ block এ access করা হয়,7.0
/home/abdullahmm/Shivam/subtask2_blindtest_wReadme/bengali/bengali_blind_wav/374292_Yqqann96SX9C083O_0037.wav,/home/abdullahmm/Shivam/subtask2_blindtest_wReadme/bengali/bengali_blind_wav/374292_Yqqann96SX9C083O_0037.wav,এখন বিদ্যমান program সামান্য পরিবর্তন করি,4.0
/home/abdullahmm/Shivam/subtask2_blindtest_wReadme/bengali/bengali_blind_wav/374292_Yqqann96SX9C083O_0038.wav,/home/abdullahmm/Shivam/subtask2_blindtest_wReadme/bengali/bengali_blind_wav/374292_Yqqann96SX9C083O_0038.wav,এখন অন্তিম print স্টেটমেন্টের আগের ব্লকের বাইরে my $ f name = double উদ্ধৃতিতে john ; জুড়ি পরিবর্তন সংরক্ষণ করুন,13.0
/home/abdullahmm/Shivam/subtask2_blindtest_wReadme/bengali/bengali_blind_wav/374292_Yqqann96SX9C083O_0039.wav,/home/abdullahmm/Shivam/subtask2_blindtest_wReadme/bengali/bengali_blind_wav/374292_Yqqann96SX9C083O_0039.wav,terminal ফিরে গিয়ে আগের মত execute করি,5.0
/home/abdullahmm/Shivam/subtask2_blindtest_wReadme/bengali/bengali_blind_wav/374292_Yqqann96SX9C083O_0040.wav,/home/abdullahmm/Shivam/subtask2_blindtest_wReadme/bengali/bengali_blind_wav/374292_Yqqann96SX9C083O_0040.wav,প্রদর্শিত output বিশ্লেষণ করুন,4.0
/home/abdullahmm/Shivam/subtask2_blindtest_wReadme/bengali/bengali_blind_wav/374292_Yqqann96SX9C083O_0041.wav,/home/abdullahmm/Shivam/subtask2_blindtest_wReadme/bengali/bengali_blind_wav/374292_Yqqann96SX9C083O_0041.wav,আশা করি আপনি block এ এবং ব্লকের বাইরে my variable ব্যবহারের scope বুঝতে সক্ষম,9.0
/home/abdullahmm/Shivam/subtask2_blindtest_wReadme/bengali/bengali_blind_wav/374292_Yqqann96SX9C083O_0042.wav,/home/abdullahmm/Shivam/subtask2_blindtest_wReadme/bengali/bengali_blind_wav/374292_Yqqann96SX9C083O_0042.wav,এরপর perlএ dynamically scoped variable সম্পর্কে দেখবো,6.0
/home/abdullahmm/Shivam/subtask2_blindtest_wReadme/bengali/bengali_blind_wav/374292_Yqqann96SX9C083O_0043.wav,/home/abdullahmm/Shivam/subtask2_blindtest_wReadme/bengali/bengali_blind_wav/374292_Yqqann96SX9C083O_0043.wav,local keyword global variable কে একটি অস্থায়ী scope দেয়,5.0
/home/abdullahmm/Shivam/subtask2_blindtest_wReadme/bengali/bengali_blind_wav/374292_Yqqann96SX9C083O_0044.wav,/home/abdullahmm/Shivam/subtask2_blindtest_wReadme/bengali/bengali_blind_wav/374292_Yqqann96SX9C083O_0044.wav,variable মূল block থেকে call হওয়া যেকোনো ফাংশনের জন্য দৃশ্যমান,6.0
/home/abdullahmm/Shivam/subtask2_blindtest_wReadme/bengali/bengali_blind_wav/374292_Yqqann96SX9C083O_0045.wav,/home/abdullahmm/Shivam/subtask2_blindtest_wReadme/bengali/bengali_blind_wav/374292_Yqqann96SX9C083O_0045.wav,আপনি নিম্নের মতো local variable ঘোষিত করতে পারেন local $ f value = 100 ; local $ f name = double তে rakesh ;,15.0
/home/abdullahmm/Shivam/subtask2_blindtest_wReadme/bengali/bengali_blind_wav/374292_Yqqann96SX9C083O_0046.wav,/home/abdullahmm/Shivam/subtask2_blindtest_wReadme/bengali/bengali_blind_wav/374292_Yqqann96SX9C083O_0046.wav,এখন একটি sample program ব্যবহার করে এটি বুঝি,4.0
/home/abdullahmm/Shivam/subtask2_blindtest_wReadme/bengali/bengali_blind_wav/374292_Yqqann96SX9C083O_0047.wav,/home/abdullahmm/Shivam/subtask2_blindtest_wReadme/bengali/bengali_blind_wav/374292_Yqqann96SX9C083O_0047.wav,terminal খুলে লিখুন gedit scope - local . pl and এবং enter টিপুন,10.0
/home/abdullahmm/Shivam/subtask2_blindtest_wReadme/bengali/bengali_blind_wav/374292_Yqqann96SX9C083O_0048.wav,/home/abdullahmm/Shivam/subtask2_blindtest_wReadme/bengali/bengali_blind_wav/374292_Yqqann96SX9C083O_0048.wav,এটি gedit এ scope - local . pl file খুলবে,6.0
/home/abdullahmm/Shivam/subtask2_blindtest_wReadme/bengali/bengali_blind_wav/374292_Yqqann96SX9C083O_0049.wav,/home/abdullahmm/Shivam/subtask2_blindtest_wReadme/bengali/bengali_blind_wav/374292_Yqqann96SX9C083O_0049.wav,screen প্রদর্শনের মত নিম্ন code লিখুন এখন code ব্যাখ্যা করি,7.0
/home/abdullahmm/Shivam/subtask2_blindtest_wReadme/bengali/bengali_blind_wav/374292_Yqqann96SX9C083O_0050.wav,/home/abdullahmm/Shivam/subtask2_blindtest_wReadme/bengali/bengali_blind_wav/374292_Yqqann96SX9C083O_0050.wav,এখানে প্রথম লাইনে একটি variable $ f name ঘোষিত করেছি এবং initialize করেছি,7.0
/home/abdullahmm/Shivam/subtask2_blindtest_wReadme/bengali/bengali_blind_wav/374292_Yqqann96SX9C083O_0051.wav,/home/abdullahmm/Shivam/subtask2_blindtest_wReadme/bengali/bengali_blind_wav/374292_Yqqann96SX9C083O_0051.wav,function welcome এ একটি local variable সেই নাম $ f name দ্বারা ঘোষিত করেছি,7.0
/home/abdullahmm/Shivam/subtask2_blindtest_wReadme/bengali/bengali_blind_wav/374292_Yqqann96SX9C083O_0052.wav,/home/abdullahmm/Shivam/subtask2_blindtest_wReadme/bengali/bengali_blind_wav/374292_Yqqann96SX9C083O_0052.wav,ভ্যারিয়েবলের নামের আগে local কিওয়ার্ডে ধ্যান দিন,5.0
/home/abdullahmm/Shivam/subtask2_blindtest_wReadme/bengali/bengali_blind_wav/374292_Yqqann96SX9C083O_0053.wav,/home/abdullahmm/Shivam/subtask2_blindtest_wReadme/bengali/bengali_blind_wav/374292_Yqqann96SX9C083O_0053.wav,এবং এই variable কে rakesh value assign করেছি,4.0
/home/abdullahmm/Shivam/subtask2_blindtest_wReadme/bengali/bengali_blind_wav/374292_Yqqann96SX9C083O_0054.wav,/home/abdullahmm/Shivam/subtask2_blindtest_wReadme/bengali/bengali_blind_wav/374292_Yqqann96SX9C083O_0054.wav,তাই মূলত function welcome a $ f name একটি নতুন অস্থায়ী local ভ্যারিয়েবলের মতো রূপান্তরিত হয় তারপর function hello call করা হচ্ছে,12.0
/home/abdullahmm/Shivam/subtask2_blindtest_wReadme/bengali/bengali_blind_wav/374292_Yqqann96SX9C083O_0055.wav,/home/abdullahmm/Shivam/subtask2_blindtest_wReadme/bengali/bengali_blind_wav/374292_Yqqann96SX9C083O_0055.wav,এখানে hello এর function পরিভাষা রয়েছে,3.0
/home/abdullahmm/Shivam/subtask2_blindtest_wReadme/bengali/bengali_blind_wav/374292_Yqqann96SX9C083O_0056.wav,/home/abdullahmm/Shivam/subtask2_blindtest_wReadme/bengali/bengali_blind_wav/374292_Yqqann96SX9C083O_0056.wav,প্রোগ্রামের শেষে আমরা welcome এবং hello উভয় function কল করছি,7.0
/home/abdullahmm/Shivam/subtask2_blindtest_wReadme/bengali/bengali_blind_wav/374292_Yqqann96SX9C083O_0057.wav,/home/abdullahmm/Shivam/subtask2_blindtest_wReadme/bengali/bengali_blind_wav/374292_Yqqann96SX9C083O_0057.wav,program সংরক্ষণ করতে ctrl + s টিপুন,4.0
/home/abdullahmm/Shivam/subtask2_blindtest_wReadme/bengali/bengali_blind_wav/374292_Yqqann96SX9C083O_0058.wav,/home/abdullahmm/Shivam/subtask2_blindtest_wReadme/bengali/bengali_blind_wav/374292_Yqqann96SX9C083O_0058.wav,program execute করি,2.0
/home/abdullahmm/Shivam/subtask2_blindtest_wReadme/bengali/bengali_blind_wav/374292_Yqqann96SX9C083O_0059.wav,/home/abdullahmm/Shivam/subtask2_blindtest_wReadme/bengali/bengali_blind_wav/374292_Yqqann96SX9C083O_0059.wav,terminal ফিরে যান এবং লিখুন perl scope - local . pl এবং enter টিপুন,10.0
/home/abdullahmm/Shivam/subtask2_blindtest_wReadme/bengali/bengali_blind_wav/374292_Yqqann96SX9C083O_0060.wav,/home/abdullahmm/Shivam/subtask2_blindtest_wReadme/bengali/bengali_blind_wav/374292_Yqqann96SX9C083O_0060.wav,output নিম্নের মতো দেখায় hello rakesh hello welcome to spoken tutorials,7.0
/home/abdullahmm/Shivam/subtask2_blindtest_wReadme/bengali/bengali_blind_wav/374292_Yqqann96SX9C083O_0061.wav,/home/abdullahmm/Shivam/subtask2_blindtest_wReadme/bengali/bengali_blind_wav/374292_Yqqann96SX9C083O_0061.wav,এখন output বুঝি,3.0
/home/abdullahmm/Shivam/subtask2_blindtest_wReadme/bengali/bengali_blind_wav/374292_Yqqann96SX9C083O_0062.wav,/home/abdullahmm/Shivam/subtask2_blindtest_wReadme/bengali/bengali_blind_wav/374292_Yqqann96SX9C083O_0062.wav,welcome function কল হলে এর ভিতরে function hello local variable access করে,8.0
/home/abdullahmm/Shivam/subtask2_blindtest_wReadme/bengali/bengali_blind_wav/374292_Yqqann96SX9C083O_0063.wav,/home/abdullahmm/Shivam/subtask2_blindtest_wReadme/bengali/bengali_blind_wav/374292_Yqqann96SX9C083O_0063.wav,welcome এ $ f name value rakesh রাখে,5.0
/home/abdullahmm/Shivam/subtask2_blindtest_wReadme/bengali/bengali_blind_wav/374292_Yqqann96SX9C083O_0064.wav,/home/abdullahmm/Shivam/subtask2_blindtest_wReadme/bengali/bengali_blind_wav/374292_Yqqann96SX9C083O_0064.wav,এরপর function hello আবার variable $ f name access করে,7.0
/home/abdullahmm/Shivam/subtask2_blindtest_wReadme/bengali/bengali_blind_wav/374292_Yqqann96SX9C083O_0065.wav,/home/abdullahmm/Shivam/subtask2_blindtest_wReadme/bengali/bengali_blind_wav/374292_Yqqann96SX9C083O_0065.wav,কিন্তু এইবার এটি সেই $ f name variable যা welcome to spoken টিউটোরিয়ালে initialise হয়েছে,8.0
/home/abdullahmm/Shivam/subtask2_blindtest_wReadme/bengali/bengali_blind_wav/374292_Yqqann96SX9C083O_0066.wav,/home/abdullahmm/Shivam/subtask2_blindtest_wReadme/bengali/bengali_blind_wav/374292_Yqqann96SX9C083O_0066.wav,এটি function welcome এ local variable $ f name access করে না,6.0
/home/abdullahmm/Shivam/subtask2_blindtest_wReadme/bengali/bengali_blind_wav/374292_Yqqann96SX9C083O_0067.wav,/home/abdullahmm/Shivam/subtask2_blindtest_wReadme/bengali/bengali_blind_wav/374292_Yqqann96SX9C083O_0067.wav,যার মানে block welcome ছাড়ার পর local variable scope এর পুরনো স্থিতিতে ফেরত নিয়ে আসে,7.0
/home/abdullahmm/Shivam/subtask2_blindtest_wReadme/bengali/bengali_blind_wav/374292_Yqqann96SX9C083O_0068.wav,/home/abdullahmm/Shivam/subtask2_blindtest_wReadme/bengali/bengali_blind_wav/374292_Yqqann96SX9C083O_0068.wav,এরপর perl এর global variable সম্পর্কে শিখব,6.0
/home/abdullahmm/Shivam/subtask2_blindtest_wReadme/bengali/bengali_blind_wav/374292_Yqqann96SX9C083O_0069.wav,/home/abdullahmm/Shivam/subtask2_blindtest_wReadme/bengali/bengali_blind_wav/374292_Yqqann96SX9C083O_0069.wav,global variable প্রোগ্রামে সর্বত্র access করা যেতে পারে,5.0
/home/abdullahmm/Shivam/subtask2_blindtest_wReadme/bengali/bengali_blind_wav/374292_Yqqann96SX9C083O_0070.wav,/home/abdullahmm/Shivam/subtask2_blindtest_wReadme/bengali/bengali_blind_wav/374292_Yqqann96SX9C083O_0070.wav,global variable our keyword এর সাথে ঘোষিত হয়,4.0
/home/abdullahmm/Shivam/subtask2_blindtest_wReadme/bengali/bengali_blind_wav/374292_Yqqann96SX9C083O_0071.wav,/home/abdullahmm/Shivam/subtask2_blindtest_wReadme/bengali/bengali_blind_wav/374292_Yqqann96SX9C083O_0071.wav,এখানে কিছু উদাহরণ রয়েছে hour $ a value = 100 ; hour $ f name = 0033 তে pia ;,14.0
/home/abdullahmm/Shivam/subtask2_blindtest_wReadme/bengali/bengali_blind_wav/374292_Yqqann96SX9C083O_0072.wav,/home/abdullahmm/Shivam/subtask2_blindtest_wReadme/bengali/bengali_blind_wav/374292_Yqqann96SX9C083O_0072.wav,এখন global ভ্যারিয়েবলের কার্যকর উদাহরণ দেখি,5.0
/home/abdullahmm/Shivam/subtask2_blindtest_wReadme/bengali/bengali_blind_wav/374292_Yqqann96SX9C083O_0073.wav,/home/abdullahmm/Shivam/subtask2_blindtest_wReadme/bengali/bengali_blind_wav/374292_Yqqann96SX9C083O_0073.wav,terminal ফিরে গিয়ে লিখুন gedit scope - our . pl and এবং enter টিপুন,10.0
/home/abdullahmm/Shivam/subtask2_blindtest_wReadme/bengali/bengali_blind_wav/374292_Yqqann96SX9C083O_0074.wav,/home/abdullahmm/Shivam/subtask2_blindtest_wReadme/bengali/bengali_blind_wav/374292_Yqqann96SX9C083O_0074.wav,এটি gedit এ scope - our . pl file খুলবে,6.0
/home/abdullahmm/Shivam/subtask2_blindtest_wReadme/bengali/bengali_blind_wav/374292_Yqqann96SX9C083O_0075.wav,/home/abdullahmm/Shivam/subtask2_blindtest_wReadme/bengali/bengali_blind_wav/374292_Yqqann96SX9C083O_0075.wav,এখন সেই sample program ব্যাখ্যা করি যা আমি লিখেছি,5.0
/home/abdullahmm/Shivam/subtask2_blindtest_wReadme/bengali/bengali_blind_wav/374292_Yqqann96SX9C083O_0076.wav,/home/abdullahmm/Shivam/subtask2_blindtest_wReadme/bengali/bengali_blind_wav/374292_Yqqann96SX9C083O_0076.wav,আমি package main এবং our $ i এর মত global variable ঘোষিত করে এটিকে 100 দ্বারা initialize করেছি,10.0
/home/abdullahmm/Shivam/subtask2_blindtest_wReadme/bengali/bengali_blind_wav/374292_Yqqann96SX9C083O_0077.wav,/home/abdullahmm/Shivam/subtask2_blindtest_wReadme/bengali/bengali_blind_wav/374292_Yqqann96SX9C083O_0077.wav,package first ঘোষণায় ধ্যান দিন,3.0
/home/abdullahmm/Shivam/subtask2_blindtest_wReadme/bengali/bengali_blind_wav/374292_Yqqann96SX9C083O_0078.wav,/home/abdullahmm/Shivam/subtask2_blindtest_wReadme/bengali/bengali_blind_wav/374292_Yqqann96SX9C083O_0078.wav,package has code সংকলন যার নিজের name space থাকে,6.0
/home/abdullahmm/Shivam/subtask2_blindtest_wReadme/bengali/bengali_blind_wav/374292_Yqqann96SX9C083O_0079.wav,/home/abdullahmm/Shivam/subtask2_blindtest_wReadme/bengali/bengali_blind_wav/374292_Yqqann96SX9C083O_0079.wav,namespace প্যাকেজের মাঝে variable name collision অর্থাৎ দুর্ঘটনায় বাঁচায়,5.0
/home/abdullahmm/Shivam/subtask2_blindtest_wReadme/bengali/bengali_blind_wav/374292_Yqqann96SX9C083O_0080.wav,/home/abdullahmm/Shivam/subtask2_blindtest_wReadme/bengali/bengali_blind_wav/374292_Yqqann96SX9C083O_0080.wav,package এবং namespace সম্পর্কে অধিক ভবিষ্যতে টিউটোরিয়ালে দেখবো,5.0
/home/abdullahmm/Shivam/subtask2_blindtest_wReadme/bengali/bengali_blind_wav/374292_Yqqann96SX9C083O_0081.wav,/home/abdullahmm/Shivam/subtask2_blindtest_wReadme/bengali/bengali_blind_wav/374292_Yqqann96SX9C083O_0081.wav,package first এ global variable i value 10 রাখে,6.0
/home/abdullahmm/Shivam/subtask2_blindtest_wReadme/bengali/bengali_blind_wav/374292_Yqqann96SX9C083O_0082.wav,/home/abdullahmm/Shivam/subtask2_blindtest_wReadme/bengali/bengali_blind_wav/374292_Yqqann96SX9C083O_0082.wav,package second এ global variable ik value 20 নির্ধারিত হয়,6.0
/home/abdullahmm/Shivam/subtask2_blindtest_wReadme/bengali/bengali_blind_wav/374292_Yqqann96SX9C083O_0083.wav,/home/abdullahmm/Shivam/subtask2_blindtest_wReadme/bengali/bengali_blind_wav/374292_Yqqann96SX9C083O_0083.wav,main package package first variable এবং package second variable উভয়ে প্রয়োগ করে,7.0
/home/abdullahmm/Shivam/subtask2_blindtest_wReadme/bengali/bengali_blind_wav/374292_Yqqann96SX9C083O_0084.wav,/home/abdullahmm/Shivam/subtask2_blindtest_wReadme/bengali/bengali_blind_wav/374292_Yqqann96SX9C083O_0084.wav,প্রোগ্রামে আমি সহজ প্যাকেজে একটি variable i ঘোষিত করেছি,6.0
/home/abdullahmm/Shivam/subtask2_blindtest_wReadme/bengali/bengali_blind_wav/374292_Yqqann96SX9C083O_0085.wav,/home/abdullahmm/Shivam/subtask2_blindtest_wReadme/bengali/bengali_blind_wav/374292_Yqqann96SX9C083O_0085.wav,package variable package name : : variable name দ্বারা উল্লিখিত হয়,8.0
/home/abdullahmm/Shivam/subtask2_blindtest_wReadme/bengali/bengali_blind_wav/374292_Yqqann96SX9C083O_0086.wav,/home/abdullahmm/Shivam/subtask2_blindtest_wReadme/bengali/bengali_blind_wav/374292_Yqqann96SX9C083O_0086.wav,আমাদের উদাহরণে এটি হল $ first : : i $ second : : i,10.0
/home/abdullahmm/Shivam/subtask2_blindtest_wReadme/bengali/bengali_blind_wav/374292_Yqqann96SX9C083O_0087.wav,/home/abdullahmm/Shivam/subtask2_blindtest_wReadme/bengali/bengali_blind_wav/374292_Yqqann96SX9C083O_0087.wav,এখানে ফাইলে একাধিক package রয়েছে এবং global variable সকল package দ্বারা access করা হবে,8.0
/home/abdullahmm/Shivam/subtask2_blindtest_wReadme/bengali/bengali_blind_wav/374292_Yqqann96SX9C083O_0088.wav,/home/abdullahmm/Shivam/subtask2_blindtest_wReadme/bengali/bengali_blind_wav/374292_Yqqann96SX9C083O_0088.wav,এখন file সংরক্ষণ এবং program execute করি,4.0
/home/abdullahmm/Shivam/subtask2_blindtest_wReadme/bengali/bengali_blind_wav/374292_Yqqann96SX9C083O_0089.wav,/home/abdullahmm/Shivam/subtask2_blindtest_wReadme/bengali/bengali_blind_wav/374292_Yqqann96SX9C083O_0089.wav,এখন terminal এ গিয়ে লিখুন perlscope - our . pl এবং enter টিপুন,8.0
/home/abdullahmm/Shivam/subtask2_blindtest_wReadme/bengali/bengali_blind_wav/374292_Yqqann96SX9C083O_0090.wav,/home/abdullahmm/Shivam/subtask2_blindtest_wReadme/bengali/bengali_blind_wav/374292_Yqqann96SX9C083O_0090.wav,terminal output প্রদর্শিত হয়,4.0
/home/abdullahmm/Shivam/subtask2_blindtest_wReadme/bengali/bengali_blind_wav/374292_Yqqann96SX9C083O_0091.wav,/home/abdullahmm/Shivam/subtask2_blindtest_wReadme/bengali/bengali_blind_wav/374292_Yqqann96SX9C083O_0091.wav,variable i এর অনুশীলনী কিভাবে করা হয়েছে এটি বুঝতে আপনি output নিজে বিশ্লেষণ করুন,8.0
/home/abdullahmm/Shivam/subtask2_blindtest_wReadme/bengali/bengali_blind_wav/374292_Yqqann96SX9C083O_0092.wav,/home/abdullahmm/Shivam/subtask2_blindtest_wReadme/bengali/bengali_blind_wav/374292_Yqqann96SX9C083O_0092.wav,এটি tutorial শেষে নিয়ে আসে সারাংশিত করি,5.0
/home/abdullahmm/Shivam/subtask2_blindtest_wReadme/bengali/bengali_blind_wav/374292_Yqqann96SX9C083O_0093.wav,/home/abdullahmm/Shivam/subtask2_blindtest_wReadme/bengali/bengali_blind_wav/374292_Yqqann96SX9C083O_0093.wav,এই টিউটোরিয়ালে আমরা উদাহরণ দ্বারা নিম্ন সম্পর্কে শিখেছি scope of variable private ভারিয়াবলের ঘোষণা dynamically scoped variables এবং global variables,13.0
/home/abdullahmm/Shivam/subtask2_blindtest_wReadme/bengali/bengali_blind_wav/374292_Yqqann96SX9C083O_0094.wav,/home/abdullahmm/Shivam/subtask2_blindtest_wReadme/bengali/bengali_blind_wav/374292_Yqqann96SX9C083O_0094.wav,compilation দ্রুত করতে local এর বদলে my ব্যবহার করার পরামর্শ দেওয়া হয়,6.0
/home/abdullahmm/Shivam/subtask2_blindtest_wReadme/bengali/bengali_blind_wav/374292_Yqqann96SX9C083O_0095.wav,/home/abdullahmm/Shivam/subtask2_blindtest_wReadme/bengali/bengali_blind_wav/374292_Yqqann96SX9C083O_0095.wav,এখানে একটি অনুশীলনী রয়েছে,2.0
/home/abdullahmm/Shivam/subtask2_blindtest_wReadme/bengali/bengali_blind_wav/374292_Yqqann96SX9C083O_0096.wav,/home/abdullahmm/Shivam/subtask2_blindtest_wReadme/bengali/bengali_blind_wav/374292_Yqqann96SX9C083O_0096.wav,নিম্নলিখিত অনুশীলনীর জন্য code লিখুন এবং এটি execute করুন,5.0
/home/abdullahmm/Shivam/subtask2_blindtest_wReadme/bengali/bengali_blind_wav/374292_Yqqann96SX9C083O_0097.wav,/home/abdullahmm/Shivam/subtask2_blindtest_wReadme/bengali/bengali_blind_wav/374292_Yqqann96SX9C083O_0097.wav,first module এর মত একটি package ঘোষিত করুন,4.0
/home/abdullahmm/Shivam/subtask2_blindtest_wReadme/bengali/bengali_blind_wav/374292_Yqqann96SX9C083O_0098.wav,/home/abdullahmm/Shivam/subtask2_blindtest_wReadme/bengali/bengali_blind_wav/374292_Yqqann96SX9C083O_0098.wav,একটি variable $ age কে our এর মত ঘোষিত করে value 42 নির্ধারণ করুন,6.0
/home/abdullahmm/Shivam/subtask2_blindtest_wReadme/bengali/bengali_blind_wav/374292_Yqqann96SX9C083O_0099.wav,/home/abdullahmm/Shivam/subtask2_blindtest_wReadme/bengali/bengali_blind_wav/374292_Yqqann96SX9C083O_0099.wav,second module এর মত অন্য package ঘোষিত করুন,4.0
/home/abdullahmm/Shivam/subtask2_blindtest_wReadme/bengali/bengali_blind_wav/374292_Yqqann96SX9C083O_0100.wav,/home/abdullahmm/Shivam/subtask2_blindtest_wReadme/bengali/bengali_blind_wav/374292_Yqqann96SX9C083O_0100.wav,একটি variable $ ageword কে our এর মত ঘোষিত করে double উদ্ধৃতিতে fortytwo value নির্ধারণ করুন,9.0
/home/abdullahmm/Shivam/subtask2_blindtest_wReadme/bengali/bengali_blind_wav/374292_Yqqann96SX9C083O_0101.wav,/home/abdullahmm/Shivam/subtask2_blindtest_wReadme/bengali/bengali_blind_wav/374292_Yqqann96SX9C083O_0101.wav,একটি subroutine first ঘোষিত করুন,3.0
/home/abdullahmm/Shivam/subtask2_blindtest_wReadme/bengali/bengali_blind_wav/374292_Yqqann96SX9C083O_0102.wav,/home/abdullahmm/Shivam/subtask2_blindtest_wReadme/bengali/bengali_blind_wav/374292_Yqqann96SX9C083O_0102.wav,subroutine নিম্নের মত local এবং my কীওয়ার্ডের সাথে দুটি variable ঘোষিত করুন,8.0
/home/abdullahmm/Shivam/subtask2_blindtest_wReadme/bengali/bengali_blind_wav/374292_Yqqann96SX9C083O_0103.wav,/home/abdullahmm/Shivam/subtask2_blindtest_wReadme/bengali/bengali_blind_wav/374292_Yqqann96SX9C083O_0103.wav,local $ age = 52 ;,4.0
/home/abdullahmm/Shivam/subtask2_blindtest_wReadme/bengali/bengali_blind_wav/374292_Yqqann96SX9C083O_0104.wav,/home/abdullahmm/Shivam/subtask2_blindtest_wReadme/bengali/bengali_blind_wav/374292_Yqqann96SX9C083O_0104.wav,my $ ageword = double উদ্ধৃতিতে fiftytwo ;,7.0
/home/abdullahmm/Shivam/subtask2_blindtest_wReadme/bengali/bengali_blind_wav/374292_Yqqann96SX9C083O_0105.wav,/home/abdullahmm/Shivam/subtask2_blindtest_wReadme/bengali/bengali_blind_wav/374292_Yqqann96SX9C083O_0105.wav,একটি অন্য subroutine result call করুন,4.0
/home/abdullahmm/Shivam/subtask2_blindtest_wReadme/bengali/bengali_blind_wav/374292_Yqqann96SX9C083O_0106.wav,/home/abdullahmm/Shivam/subtask2_blindtest_wReadme/bengali/bengali_blind_wav/374292_Yqqann96SX9C083O_0106.wav,age ফাংশনে $ age এবং $ ageword age value print করুন,6.0
/home/abdullahmm/Shivam/subtask2_blindtest_wReadme/bengali/bengali_blind_wav/374292_Yqqann96SX9C083O_0107.wav,/home/abdullahmm/Shivam/subtask2_blindtest_wReadme/bengali/bengali_blind_wav/374292_Yqqann96SX9C083O_0107.wav,subroutine শেষ করুন,2.0
/home/abdullahmm/Shivam/subtask2_blindtest_wReadme/bengali/bengali_blind_wav/374292_Yqqann96SX9C083O_0108.wav,/home/abdullahmm/Shivam/subtask2_blindtest_wReadme/bengali/bengali_blind_wav/374292_Yqqann96SX9C083O_0108.wav,sub routine result ঘোষিত করুন,3.0
/home/abdullahmm/Shivam/subtask2_blindtest_wReadme/bengali/bengali_blind_wav/374292_Yqqann96SX9C083O_0109.wav,/home/abdullahmm/Shivam/subtask2_blindtest_wReadme/bengali/bengali_blind_wav/374292_Yqqann96SX9C083O_0109.wav,$ age এবং $ ageword এর value আবার print করুন,5.0
/home/abdullahmm/Shivam/subtask2_blindtest_wReadme/bengali/bengali_blind_wav/374292_Yqqann96SX9C083O_0110.wav,/home/abdullahmm/Shivam/subtask2_blindtest_wReadme/bengali/bengali_blind_wav/374292_Yqqann96SX9C083O_0110.wav,subroutine শেষ করুন,2.0
/home/abdullahmm/Shivam/subtask2_blindtest_wReadme/bengali/bengali_blind_wav/374292_Yqqann96SX9C083O_0111.wav,/home/abdullahmm/Shivam/subtask2_blindtest_wReadme/bengali/bengali_blind_wav/374292_Yqqann96SX9C083O_0111.wav,first function call করুন,2.0
/home/abdullahmm/Shivam/subtask2_blindtest_wReadme/bengali/bengali_blind_wav/374292_Yqqann96SX9C083O_0112.wav,/home/abdullahmm/Shivam/subtask2_blindtest_wReadme/bengali/bengali_blind_wav/374292_Yqqann96SX9C083O_0112.wav,নীচের মত package first এবং package second print করুন,6.0
/home/abdullahmm/Shivam/subtask2_blindtest_wReadme/bengali/bengali_blind_wav/374292_Yqqann96SX9C083O_0113.wav,/home/abdullahmm/Shivam/subtask2_blindtest_wReadme/bengali/bengali_blind_wav/374292_Yqqann96SX9C083O_0113.wav,নিম্ন link উপলব্ধ video প্রকল্পকে সারাংশিত করে video download করে দেখুন,8.0
/home/abdullahmm/Shivam/subtask2_blindtest_wReadme/bengali/bengali_blind_wav/374292_Yqqann96SX9C083O_0114.wav,/home/abdullahmm/Shivam/subtask2_blindtest_wReadme/bengali/bengali_blind_wav/374292_Yqqann96SX9C083O_0114.wav,আমরা কর্মশালার আয়োজন করি এবং online পরীক্ষা pass করলে প্রশংসাপত্র দেয় বিস্তারিত তথ্যের জন্য আমাদের লিখুন,13.0
/home/abdullahmm/Shivam/subtask2_blindtest_wReadme/bengali/bengali_blind_wav/374292_Yqqann96SX9C083O_0115.wav,/home/abdullahmm/Shivam/subtask2_blindtest_wReadme/bengali/bengali_blind_wav/374292_Yqqann96SX9C083O_0115.wav,spoken tutorial project ভারত সরকারের mhrd এর nmeict দ্বারা সমর্থিত এই বিষয়ে বিস্তারিত তথ্য এই link প্রাপ্তিসাধ্য,13.0
/home/abdullahmm/Shivam/subtask2_blindtest_wReadme/bengali/bengali_blind_wav/374292_Yqqann96SX9C083O_0116.wav,/home/abdullahmm/Shivam/subtask2_blindtest_wReadme/bengali/bengali_blind_wav/374292_Yqqann96SX9C083O_0116.wav,বিস্তারিত তথ্য এই লিঙ্কে প্রাপ্তিসাধ্য iit bombay থেকে আমি বিদায় নিচ্ছি ধন্যবাদ,7.05
/home/abdullahmm/Shivam/subtask2_blindtest_wReadme/bengali/bengali_blind_wav/417666_JBJ9TbXX4nYCr0G5_0000.wav,/home/abdullahmm/Shivam/subtask2_blindtest_wReadme/bengali/bengali_blind_wav/417666_JBJ9TbXX4nYCr0G5_0000.wav,sequence data types এর spoken tutorial আপনাদের স্বাগত,5.0
/home/abdullahmm/Shivam/subtask2_blindtest_wReadme/bengali/bengali_blind_wav/417666_JBJ9TbXX4nYCr0G5_0001.wav,/home/abdullahmm/Shivam/subtask2_blindtest_wReadme/bengali/bengali_blind_wav/417666_JBJ9TbXX4nYCr0G5_0001.wav,এই টিউটোরিয়ালে আমরা শিখব sequence data types যেমন list string এবং tuple,10.0
/home/abdullahmm/Shivam/subtask2_blindtest_wReadme/bengali/bengali_blind_wav/417666_JBJ9TbXX4nYCr0G5_0002.wav,/home/abdullahmm/Shivam/subtask2_blindtest_wReadme/bengali/bengali_blind_wav/417666_JBJ9TbXX4nYCr0G5_0002.wav,index ব্যবহার করে উপরোক্ত data types access করা,4.0
/home/abdullahmm/Shivam/subtask2_blindtest_wReadme/bengali/bengali_blind_wav/417666_JBJ9TbXX4nYCr0G5_0003.wav,/home/abdullahmm/Shivam/subtask2_blindtest_wReadme/bengali/bengali_blind_wav/417666_JBJ9TbXX4nYCr0G5_0003.wav,list কে টিউপলে এবং বিপরীত ক্রমে বদলানো,4.0
/home/abdullahmm/Shivam/subtask2_blindtest_wReadme/bengali/bengali_blind_wav/417666_JBJ9TbXX4nYCr0G5_0004.wav,/home/abdullahmm/Shivam/subtask2_blindtest_wReadme/bengali/bengali_blind_wav/417666_JBJ9TbXX4nYCr0G5_0004.wav,এবং string কে list এবং বিপরীত ক্রমে বদলানো,4.0
/home/abdullahmm/Shivam/subtask2_blindtest_wReadme/bengali/bengali_blind_wav/417666_JBJ9TbXX4nYCr0G5_0005.wav,/home/abdullahmm/Shivam/subtask2_blindtest_wReadme/bengali/bengali_blind_wav/417666_JBJ9TbXX4nYCr0G5_0005.wav,tutorial record করতে ব্যবহার করছি ubuntu linux 16 . 04 operating system,7.0
/home/abdullahmm/Shivam/subtask2_blindtest_wReadme/bengali/bengali_blind_wav/417666_JBJ9TbXX4nYCr0G5_0006.wav,/home/abdullahmm/Shivam/subtask2_blindtest_wReadme/bengali/bengali_blind_wav/417666_JBJ9TbXX4nYCr0G5_0006.wav,python 3 . 4 . 3 এবং ipython 5 . 1 . 0,7.0
/home/abdullahmm/Shivam/subtask2_blindtest_wReadme/bengali/bengali_blind_wav/417666_JBJ9TbXX4nYCr0G5_0007.wav,/home/abdullahmm/Shivam/subtask2_blindtest_wReadme/bengali/bengali_blind_wav/417666_JBJ9TbXX4nYCr0G5_0007.wav,টিউটোরিয়ালটি অনুশীলন করতে আপনার ipython কোনোসলে বুনিয়াদী python command run করা সম্পর্কে জানা উচিত,8.0
/home/abdullahmm/Shivam/subtask2_blindtest_wReadme/bengali/bengali_blind_wav/417666_JBJ9TbXX4nYCr0G5_0008.wav,/home/abdullahmm/Shivam/subtask2_blindtest_wReadme/bengali/bengali_blind_wav/417666_JBJ9TbXX4nYCr0G5_0008.wav,না হলে এই website সম্পর্কিত python tutorials দেখুন,5.0
/home/abdullahmm/Shivam/subtask2_blindtest_wReadme/bengali/bengali_blind_wav/417666_JBJ9TbXX4nYCr0G5_0009.wav,/home/abdullahmm/Shivam/subtask2_blindtest_wReadme/bengali/bengali_blind_wav/417666_JBJ9TbXX4nYCr0G5_0009.wav,sequence data types হল যেখানে element অনুক্রমিক ক্রমে রাখা হয়,6.0
/home/abdullahmm/Shivam/subtask2_blindtest_wReadme/bengali/bengali_blind_wav/417666_JBJ9TbXX4nYCr0G5_0010.wav,/home/abdullahmm/Shivam/subtask2_blindtest_wReadme/bengali/bengali_blind_wav/417666_JBJ9TbXX4nYCr0G5_0010.wav,element index numbers ব্যবহার করে access করা যায়,4.0
/home/abdullahmm/Shivam/subtask2_blindtest_wReadme/bengali/bengali_blind_wav/417666_JBJ9TbXX4nYCr0G5_0011.wav,/home/abdullahmm/Shivam/subtask2_blindtest_wReadme/bengali/bengali_blind_wav/417666_JBJ9TbXX4nYCr0G5_0011.wav,python এ sequence data types হল list string এবং tuple,9.0
/home/abdullahmm/Shivam/subtask2_blindtest_wReadme/bengali/bengali_blind_wav/417666_JBJ9TbXX4nYCr0G5_0012.wav,/home/abdullahmm/Shivam/subtask2_blindtest_wReadme/bengali/bengali_blind_wav/417666_JBJ9TbXX4nYCr0G5_0012.wav,সবচেয়ে প্রথমে আমরা বুঝি যে list কি,4.0
/home/abdullahmm/Shivam/subtask2_blindtest_wReadme/bengali/bengali_blind_wav/417666_JBJ9TbXX4nYCr0G5_0013.wav,/home/abdullahmm/Shivam/subtask2_blindtest_wReadme/bengali/bengali_blind_wav/417666_JBJ9TbXX4nYCr0G5_0013.wav,list একটি ধারক যা প্রদত্ত ক্রমে বেশ কয়েকটি objects রাখে,6.0
/home/abdullahmm/Shivam/subtask2_blindtest_wReadme/bengali/bengali_blind_wav/417666_JBJ9TbXX4nYCr0G5_0014.wav,/home/abdullahmm/Shivam/subtask2_blindtest_wReadme/bengali/bengali_blind_wav/417666_JBJ9TbXX4nYCr0G5_0014.wav,"উদাহরণস্বরূপ num _ list is = to বর্গাকার বন্ধনীতে 1 , 2 , 3 , 4",8.0
/home/abdullahmm/Shivam/subtask2_blindtest_wReadme/bengali/bengali_blind_wav/417666_JBJ9TbXX4nYCr0G5_0015.wav,/home/abdullahmm/Shivam/subtask2_blindtest_wReadme/bengali/bengali_blind_wav/417666_JBJ9TbXX4nYCr0G5_0015.wav,list যে কোনো ধরণের ডেটা সংরক্ষণ করতে পারে,4.0
/home/abdullahmm/Shivam/subtask2_blindtest_wReadme/bengali/bengali_blind_wav/417666_JBJ9TbXX4nYCr0G5_0016.wav,/home/abdullahmm/Shivam/subtask2_blindtest_wReadme/bengali/bengali_blind_wav/417666_JBJ9TbXX4nYCr0G5_0016.wav,একই type এর data সংরক্ষণ করার সময় list সবচেয়ে কার্যকর উদাহরণ library তে বইয়ের নাম এবং একটি সাইটের জাতীয় যা,13.0
/home/abdullahmm/Shivam/subtask2_blindtest_wReadme/bengali/bengali_blind_wav/417666_JBJ9TbXX4nYCr0G5_0017.wav,/home/abdullahmm/Shivam/subtask2_blindtest_wReadme/bengali/bengali_blind_wav/417666_JBJ9TbXX4nYCr0G5_0017.wav,ipython 3 pylab শুরু করি terminal খুলুন,5.0
/home/abdullahmm/Shivam/subtask2_blindtest_wReadme/bengali/bengali_blind_wav/417666_JBJ9TbXX4nYCr0G5_0018.wav,/home/abdullahmm/Shivam/subtask2_blindtest_wReadme/bengali/bengali_blind_wav/417666_JBJ9TbXX4nYCr0G5_0018.wav,লিখুন ipython3 - - pylab এবং enter টিপুন,8.0
/home/abdullahmm/Shivam/subtask2_blindtest_wReadme/bengali/bengali_blind_wav/417666_JBJ9TbXX4nYCr0G5_0019.wav,/home/abdullahmm/Shivam/subtask2_blindtest_wReadme/bengali/bengali_blind_wav/417666_JBJ9TbXX4nYCr0G5_0019.wav,এখান থেকে terminal এ প্রতিটি command লেখার পর enter key টিপতে ভুলবেন না,7.0
/home/abdullahmm/Shivam/subtask2_blindtest_wReadme/bengali/bengali_blind_wav/417666_JBJ9TbXX4nYCr0G5_0020.wav,/home/abdullahmm/Shivam/subtask2_blindtest_wReadme/bengali/bengali_blind_wav/417666_JBJ9TbXX4nYCr0G5_0020.wav,"এখন আমরা আমাদের প্রথম list বানাবো লিখুন num _ list = বড় আকার বন্ধনীতে 1 , 2 , 3 , 4",11.0
/home/abdullahmm/Shivam/subtask2_blindtest_wReadme/bengali/bengali_blind_wav/417666_JBJ9TbXX4nYCr0G5_0021.wav,/home/abdullahmm/Shivam/subtask2_blindtest_wReadme/bengali/bengali_blind_wav/417666_JBJ9TbXX4nYCr0G5_0021.wav,লিখুন num _ list,4.0
/home/abdullahmm/Shivam/subtask2_blindtest_wReadme/bengali/bengali_blind_wav/417666_JBJ9TbXX4nYCr0G5_0022.wav,/home/abdullahmm/Shivam/subtask2_blindtest_wReadme/bengali/bengali_blind_wav/417666_JBJ9TbXX4nYCr0G5_0022.wav,"বর্গাকার বন্ধনীতে আবদ্ধ , থেকে আলাদা করা items একটি list নির্মান করে",6.0
/home/abdullahmm/Shivam/subtask2_blindtest_wReadme/bengali/bengali_blind_wav/417666_JBJ9TbXX4nYCr0G5_0023.wav,/home/abdullahmm/Shivam/subtask2_blindtest_wReadme/bengali/bengali_blind_wav/417666_JBJ9TbXX4nYCr0G5_0023.wav,আমাদের একটি list এরকম কিছু থাকতে পারে,4.0
/home/abdullahmm/Shivam/subtask2_blindtest_wReadme/bengali/bengali_blind_wav/417666_JBJ9TbXX4nYCr0G5_0024.wav,/home/abdullahmm/Shivam/subtask2_blindtest_wReadme/bengali/bengali_blind_wav/417666_JBJ9TbXX4nYCr0G5_0024.wav,"লিখুন var _ list = বর্গাকার বন্ধনীতে 1 , 2 , 1 , 2",11.0
/home/abdullahmm/Shivam/subtask2_blindtest_wReadme/bengali/bengali_blind_wav/417666_JBJ9TbXX4nYCr0G5_0025.wav,/home/abdullahmm/Shivam/subtask2_blindtest_wReadme/bengali/bengali_blind_wav/417666_JBJ9TbXX4nYCr0G5_0025.wav,লিখুন var _ list,3.0
/home/abdullahmm/Shivam/subtask2_blindtest_wReadme/bengali/bengali_blind_wav/417666_JBJ9TbXX4nYCr0G5_0026.wav,/home/abdullahmm/Shivam/subtask2_blindtest_wReadme/bengali/bengali_blind_wav/417666_JBJ9TbXX4nYCr0G5_0026.wav,এখন আমরা আরেকটি sequence data type strings দেখি,5.0
/home/abdullahmm/Shivam/subtask2_blindtest_wReadme/bengali/bengali_blind_wav/417666_JBJ9TbXX4nYCr0G5_0027.wav,/home/abdullahmm/Shivam/subtask2_blindtest_wReadme/bengali/bengali_blind_wav/417666_JBJ9TbXX4nYCr0G5_0027.wav,লিখুন greeting _ string = double উদ্ধৃতিতে hello,7.0
/home/abdullahmm/Shivam/subtask2_blindtest_wReadme/bengali/bengali_blind_wav/417666_JBJ9TbXX4nYCr0G5_0028.wav,/home/abdullahmm/Shivam/subtask2_blindtest_wReadme/bengali/bengali_blind_wav/417666_JBJ9TbXX4nYCr0G5_0028.wav,লিখুন greeting _ string,4.0
/home/abdullahmm/Shivam/subtask2_blindtest_wReadme/bengali/bengali_blind_wav/417666_JBJ9TbXX4nYCr0G5_0029.wav,/home/abdullahmm/Shivam/subtask2_blindtest_wReadme/bengali/bengali_blind_wav/417666_JBJ9TbXX4nYCr0G5_0029.wav,এটি এখন hello ভ্যালুর সাথে একটি string variable,4.0
/home/abdullahmm/Shivam/subtask2_blindtest_wReadme/bengali/bengali_blind_wav/417666_JBJ9TbXX4nYCr0G5_0030.wav,/home/abdullahmm/Shivam/subtask2_blindtest_wReadme/bengali/bengali_blind_wav/417666_JBJ9TbXX4nYCr0G5_0030.wav,python এর strings বাস্তবে নিম্নরূপে তিনটি ভিন্ন উপায়ে সংজ্ঞায়িত করা যায়,6.0
/home/abdullahmm/Shivam/subtask2_blindtest_wReadme/bengali/bengali_blind_wav/417666_JBJ9TbXX4nYCr0G5_0031.wav,/home/abdullahmm/Shivam/subtask2_blindtest_wReadme/bengali/bengali_blind_wav/417666_JBJ9TbXX4nYCr0G5_0031.wav,k = single ' single ' single ',5.0
/home/abdullahmm/Shivam/subtask2_blindtest_wReadme/bengali/bengali_blind_wav/417666_JBJ9TbXX4nYCr0G5_0032.wav,/home/abdullahmm/Shivam/subtask2_blindtest_wReadme/bengali/bengali_blind_wav/417666_JBJ9TbXX4nYCr0G5_0032.wav,l = lets see how to include a single ',7.0
/home/abdullahmm/Shivam/subtask2_blindtest_wReadme/bengali/bengali_blind_wav/417666_JBJ9TbXX4nYCr0G5_0033.wav,/home/abdullahmm/Shivam/subtask2_blindtest_wReadme/bengali/bengali_blind_wav/417666_JBJ9TbXX4nYCr0G5_0033.wav,m = this is another example for string,7.0
/home/abdullahmm/Shivam/subtask2_blindtest_wReadme/bengali/bengali_blind_wav/417666_JBJ9TbXX4nYCr0G5_0034.wav,/home/abdullahmm/Shivam/subtask2_blindtest_wReadme/bengali/bengali_blind_wav/417666_JBJ9TbXX4nYCr0G5_0034.wav,এখানে একক double এবং triple উদ্ধৃতি delimiters হিসাবে ব্যবহৃত হয়,7.0
/home/abdullahmm/Shivam/subtask2_blindtest_wReadme/bengali/bengali_blind_wav/417666_JBJ9TbXX4nYCr0G5_0035.wav,/home/abdullahmm/Shivam/subtask2_blindtest_wReadme/bengali/bengali_blind_wav/417666_JBJ9TbXX4nYCr0G5_0035.wav,sequence data types এর সূচীতে অন্তিম হল tuple,5.0
/home/abdullahmm/Shivam/subtask2_blindtest_wReadme/bengali/bengali_blind_wav/417666_JBJ9TbXX4nYCr0G5_0036.wav,/home/abdullahmm/Shivam/subtask2_blindtest_wReadme/bengali/bengali_blind_wav/417666_JBJ9TbXX4nYCr0G5_0036.wav,"লিখুন person _ tuple = বন্ধনীতে 17 , double উদ্ধৃতিতে ram , 56 . 8",11.0
/home/abdullahmm/Shivam/subtask2_blindtest_wReadme/bengali/bengali_blind_wav/417666_JBJ9TbXX4nYCr0G5_0037.wav,/home/abdullahmm/Shivam/subtask2_blindtest_wReadme/bengali/bengali_blind_wav/417666_JBJ9TbXX4nYCr0G5_0037.wav,এই টিউপলে একজন ব্যক্তির age name এবং weight রয়েছে,5.0
/home/abdullahmm/Shivam/subtask2_blindtest_wReadme/bengali/bengali_blind_wav/417666_JBJ9TbXX4nYCr0G5_0038.wav,/home/abdullahmm/Shivam/subtask2_blindtest_wReadme/bengali/bengali_blind_wav/417666_JBJ9TbXX4nYCr0G5_0038.wav,tuple বানাতে আমরা লিস্টের জন্য বর্গাকার বন্ধনীর বিপরীত normal ( ব্যবহার করি,6.0
/home/abdullahmm/Shivam/subtask2_blindtest_wReadme/bengali/bengali_blind_wav/417666_JBJ9TbXX4nYCr0G5_0039.wav,/home/abdullahmm/Shivam/subtask2_blindtest_wReadme/bengali/bengali_blind_wav/417666_JBJ9TbXX4nYCr0G5_0039.wav,এরপর দেখি যে index সংখ্যা ব্যবহার করে list কিভাবে access করা যায়,5.0
/home/abdullahmm/Shivam/subtask2_blindtest_wReadme/bengali/bengali_blind_wav/417666_JBJ9TbXX4nYCr0G5_0040.wav,/home/abdullahmm/Shivam/subtask2_blindtest_wReadme/bengali/bengali_blind_wav/417666_JBJ9TbXX4nYCr0G5_0040.wav,লিখুন num _ list বর্গাকার বন্ধনীতে 2,6.0
/home/abdullahmm/Shivam/subtask2_blindtest_wReadme/bengali/bengali_blind_wav/417666_JBJ9TbXX4nYCr0G5_0041.wav,/home/abdullahmm/Shivam/subtask2_blindtest_wReadme/bengali/bengali_blind_wav/417666_JBJ9TbXX4nYCr0G5_0041.wav,num _ list বর্গাকার বন্ধনীতে - 1,5.0
/home/abdullahmm/Shivam/subtask2_blindtest_wReadme/bengali/bengali_blind_wav/417666_JBJ9TbXX4nYCr0G5_0042.wav,/home/abdullahmm/Shivam/subtask2_blindtest_wReadme/bengali/bengali_blind_wav/417666_JBJ9TbXX4nYCr0G5_0042.wav,মনে রাখবেন যে elements এর index 1 এর বদলে 0 দিয়ে শুরু হয়,6.0
/home/abdullahmm/Shivam/subtask2_blindtest_wReadme/bengali/bengali_blind_wav/417666_JBJ9TbXX4nYCr0G5_0043.wav,/home/abdullahmm/Shivam/subtask2_blindtest_wReadme/bengali/bengali_blind_wav/417666_JBJ9TbXX4nYCr0G5_0043.wav,এখন string elements access করি,4.0
/home/abdullahmm/Shivam/subtask2_blindtest_wReadme/bengali/bengali_blind_wav/417666_JBJ9TbXX4nYCr0G5_0044.wav,/home/abdullahmm/Shivam/subtask2_blindtest_wReadme/bengali/bengali_blind_wav/417666_JBJ9TbXX4nYCr0G5_0044.wav,লিখুন greeting _ string বর্গাকার বন্ধনীতে 1,6.0
/home/abdullahmm/Shivam/subtask2_blindtest_wReadme/bengali/bengali_blind_wav/417666_JBJ9TbXX4nYCr0G5_0045.wav,/home/abdullahmm/Shivam/subtask2_blindtest_wReadme/bengali/bengali_blind_wav/417666_JBJ9TbXX4nYCr0G5_0045.wav,greeting _ string বর্গাকার বন্ধনীতে 3,5.0
/home/abdullahmm/Shivam/subtask2_blindtest_wReadme/bengali/bengali_blind_wav/417666_JBJ9TbXX4nYCr0G5_0046.wav,/home/abdullahmm/Shivam/subtask2_blindtest_wReadme/bengali/bengali_blind_wav/417666_JBJ9TbXX4nYCr0G5_0046.wav,greeting _ string বর্গাকার বন্ধনীতে - 2,5.0
/home/abdullahmm/Shivam/subtask2_blindtest_wReadme/bengali/bengali_blind_wav/417666_JBJ9TbXX4nYCr0G5_0047.wav,/home/abdullahmm/Shivam/subtask2_blindtest_wReadme/bengali/bengali_blind_wav/417666_JBJ9TbXX4nYCr0G5_0047.wav,আমরা দেখি যে output index value অনুযায়ী প্রদর্শিত হয়,5.0
/home/abdullahmm/Shivam/subtask2_blindtest_wReadme/bengali/bengali_blind_wav/417666_JBJ9TbXX4nYCr0G5_0048.wav,/home/abdullahmm/Shivam/subtask2_blindtest_wReadme/bengali/bengali_blind_wav/417666_JBJ9TbXX4nYCr0G5_0048.wav,এরপর tuple elements access করি,4.0
/home/abdullahmm/Shivam/subtask2_blindtest_wReadme/bengali/bengali_blind_wav/417666_JBJ9TbXX4nYCr0G5_0049.wav,/home/abdullahmm/Shivam/subtask2_blindtest_wReadme/bengali/bengali_blind_wav/417666_JBJ9TbXX4nYCr0G5_0049.wav,লিখুন person _ tuple বর্গাকার বন্ধনীতে 2,6.0
/home/abdullahmm/Shivam/subtask2_blindtest_wReadme/bengali/bengali_blind_wav/417666_JBJ9TbXX4nYCr0G5_0050.wav,/home/abdullahmm/Shivam/subtask2_blindtest_wReadme/bengali/bengali_blind_wav/417666_JBJ9TbXX4nYCr0G5_0050.wav,person _ tuple বর্গাকার বন্ধনীতে - 3,6.0
/home/abdullahmm/Shivam/subtask2_blindtest_wReadme/bengali/bengali_blind_wav/417666_JBJ9TbXX4nYCr0G5_0051.wav,/home/abdullahmm/Shivam/subtask2_blindtest_wReadme/bengali/bengali_blind_wav/417666_JBJ9TbXX4nYCr0G5_0051.wav,output index value অনুযায়ী ব্যক্তির ওজন এবং বয়স দেখায়,6.0
/home/abdullahmm/Shivam/subtask2_blindtest_wReadme/bengali/bengali_blind_wav/417666_JBJ9TbXX4nYCr0G5_0052.wav,/home/abdullahmm/Shivam/subtask2_blindtest_wReadme/bengali/bengali_blind_wav/417666_JBJ9TbXX4nYCr0G5_0052.wav,এরপর আমরা দেখবো যে sequences কিভাবে যুক্ত করে,5.0
/home/abdullahmm/Shivam/subtask2_blindtest_wReadme/bengali/bengali_blind_wav/417666_JBJ9TbXX4nYCr0G5_0053.wav,/home/abdullahmm/Shivam/subtask2_blindtest_wReadme/bengali/bengali_blind_wav/417666_JBJ9TbXX4nYCr0G5_0053.wav,লিখুন num _ list + var _ list,6.0
/home/abdullahmm/Shivam/subtask2_blindtest_wReadme/bengali/bengali_blind_wav/417666_JBJ9TbXX4nYCr0G5_0054.wav,/home/abdullahmm/Shivam/subtask2_blindtest_wReadme/bengali/bengali_blind_wav/417666_JBJ9TbXX4nYCr0G5_0054.wav,সংযোজন একটি নতুন sequence দেয় যাতে দুটি sequence থাকে,5.0
/home/abdullahmm/Shivam/subtask2_blindtest_wReadme/bengali/bengali_blind_wav/417666_JBJ9TbXX4nYCr0G5_0055.wav,/home/abdullahmm/Shivam/subtask2_blindtest_wReadme/bengali/bengali_blind_wav/417666_JBJ9TbXX4nYCr0G5_0055.wav,একইভাবে আমরা string data type এর জন্য করব,4.0
/home/abdullahmm/Shivam/subtask2_blindtest_wReadme/bengali/bengali_blind_wav/417666_JBJ9TbXX4nYCr0G5_0056.wav,/home/abdullahmm/Shivam/subtask2_blindtest_wReadme/bengali/bengali_blind_wav/417666_JBJ9TbXX4nYCr0G5_0056.wav,লিখুন a _ string = double উদ্ধৃতিতে space another string,8.0
/home/abdullahmm/Shivam/subtask2_blindtest_wReadme/bengali/bengali_blind_wav/417666_JBJ9TbXX4nYCr0G5_0057.wav,/home/abdullahmm/Shivam/subtask2_blindtest_wReadme/bengali/bengali_blind_wav/417666_JBJ9TbXX4nYCr0G5_0057.wav,greeting _ string + a _ string,5.0
/home/abdullahmm/Shivam/subtask2_blindtest_wReadme/bengali/bengali_blind_wav/417666_JBJ9TbXX4nYCr0G5_0058.wav,/home/abdullahmm/Shivam/subtask2_blindtest_wReadme/bengali/bengali_blind_wav/417666_JBJ9TbXX4nYCr0G5_0058.wav,আমরা দেখতে পারি যে উভয় strings এখন যুক্ত হয়েছে,4.0
/home/abdullahmm/Shivam/subtask2_blindtest_wReadme/bengali/bengali_blind_wav/417666_JBJ9TbXX4nYCr0G5_0059.wav,/home/abdullahmm/Shivam/subtask2_blindtest_wReadme/bengali/bengali_blind_wav/417666_JBJ9TbXX4nYCr0G5_0059.wav,এরপর আমরা টিউপলের জন্য দেখবো,3.0
/home/abdullahmm/Shivam/subtask2_blindtest_wReadme/bengali/bengali_blind_wav/417666_JBJ9TbXX4nYCr0G5_0060.wav,/home/abdullahmm/Shivam/subtask2_blindtest_wReadme/bengali/bengali_blind_wav/417666_JBJ9TbXX4nYCr0G5_0060.wav,"লিখুন t2 = বন্ধনীতে double উদ্ধৃতিতে student ,",8.0
/home/abdullahmm/Shivam/subtask2_blindtest_wReadme/bengali/bengali_blind_wav/417666_JBJ9TbXX4nYCr0G5_0061.wav,/home/abdullahmm/Shivam/subtask2_blindtest_wReadme/bengali/bengali_blind_wav/417666_JBJ9TbXX4nYCr0G5_0061.wav,"student এর পর , যুক্ত করা t 2 tuple বানাতে গুরুত্বপূর্ণ",6.0
/home/abdullahmm/Shivam/subtask2_blindtest_wReadme/bengali/bengali_blind_wav/417666_JBJ9TbXX4nYCr0G5_0062.wav,/home/abdullahmm/Shivam/subtask2_blindtest_wReadme/bengali/bengali_blind_wav/417666_JBJ9TbXX4nYCr0G5_0062.wav,লিখুন person _ tuple + t 2,5.0
/home/abdullahmm/Shivam/subtask2_blindtest_wReadme/bengali/bengali_blind_wav/417666_JBJ9TbXX4nYCr0G5_0063.wav,/home/abdullahmm/Shivam/subtask2_blindtest_wReadme/bengali/bengali_blind_wav/417666_JBJ9TbXX4nYCr0G5_0063.wav,এখন আমরা দেখি যে student কে টিউপলে জোড়া হয়েছে,5.0
/home/abdullahmm/Shivam/subtask2_blindtest_wReadme/bengali/bengali_blind_wav/417666_JBJ9TbXX4nYCr0G5_0064.wav,/home/abdullahmm/Shivam/subtask2_blindtest_wReadme/bengali/bengali_blind_wav/417666_JBJ9TbXX4nYCr0G5_0064.wav,এখন দেখি যে কিভাবে একটি ভ্যারিয়েবলের দৈর্ঘ্য নির্ণয় করা হয়,5.0
/home/abdullahmm/Shivam/subtask2_blindtest_wReadme/bengali/bengali_blind_wav/417666_JBJ9TbXX4nYCr0G5_0065.wav,/home/abdullahmm/Shivam/subtask2_blindtest_wReadme/bengali/bengali_blind_wav/417666_JBJ9TbXX4nYCr0G5_0065.wav,আমরা এর জন্য len function ব্যবহার করি লিখুন len বন্ধনীতে num _ list,9.0
/home/abdullahmm/Shivam/subtask2_blindtest_wReadme/bengali/bengali_blind_wav/417666_JBJ9TbXX4nYCr0G5_0066.wav,/home/abdullahmm/Shivam/subtask2_blindtest_wReadme/bengali/bengali_blind_wav/417666_JBJ9TbXX4nYCr0G5_0066.wav,output লিস্টের জন্য objects এর সংখ্যা দেখায়,4.0
/home/abdullahmm/Shivam/subtask2_blindtest_wReadme/bengali/bengali_blind_wav/417666_JBJ9TbXX4nYCr0G5_0067.wav,/home/abdullahmm/Shivam/subtask2_blindtest_wReadme/bengali/bengali_blind_wav/417666_JBJ9TbXX4nYCr0G5_0067.wav,লিখুন len বন্ধনীতে greeting _ string,6.0
/home/abdullahmm/Shivam/subtask2_blindtest_wReadme/bengali/bengali_blind_wav/417666_JBJ9TbXX4nYCr0G5_0068.wav,/home/abdullahmm/Shivam/subtask2_blindtest_wReadme/bengali/bengali_blind_wav/417666_JBJ9TbXX4nYCr0G5_0068.wav,len বন্ধনীতে person _ tuple,5.0
/home/abdullahmm/Shivam/subtask2_blindtest_wReadme/bengali/bengali_blind_wav/417666_JBJ9TbXX4nYCr0G5_0069.wav,/home/abdullahmm/Shivam/subtask2_blindtest_wReadme/bengali/bengali_blind_wav/417666_JBJ9TbXX4nYCr0G5_0069.wav,এরপর আমরা in keyword ব্যবহার করে elementএর উপস্থিতি যাচাই করব,6.0
/home/abdullahmm/Shivam/subtask2_blindtest_wReadme/bengali/bengali_blind_wav/417666_JBJ9TbXX4nYCr0G5_0070.wav,/home/abdullahmm/Shivam/subtask2_blindtest_wReadme/bengali/bengali_blind_wav/417666_JBJ9TbXX4nYCr0G5_0070.wav,লিখুন 3 in num _ list,4.0
/home/abdullahmm/Shivam/subtask2_blindtest_wReadme/bengali/bengali_blind_wav/417666_JBJ9TbXX4nYCr0G5_0071.wav,/home/abdullahmm/Shivam/subtask2_blindtest_wReadme/bengali/bengali_blind_wav/417666_JBJ9TbXX4nYCr0G5_0071.wav,h in greeting _ string,5.0
/home/abdullahmm/Shivam/subtask2_blindtest_wReadme/bengali/bengali_blind_wav/417666_JBJ9TbXX4nYCr0G5_0072.wav,/home/abdullahmm/Shivam/subtask2_blindtest_wReadme/bengali/bengali_blind_wav/417666_JBJ9TbXX4nYCr0G5_0072.wav,double উদ্ধৃতিতে sita in person _ tuple,5.0
/home/abdullahmm/Shivam/subtask2_blindtest_wReadme/bengali/bengali_blind_wav/417666_JBJ9TbXX4nYCr0G5_0073.wav,/home/abdullahmm/Shivam/subtask2_blindtest_wReadme/bengali/bengali_blind_wav/417666_JBJ9TbXX4nYCr0G5_0073.wav,output সেই অনুযায়ী true এবং false প্রদর্শন করে,5.0
/home/abdullahmm/Shivam/subtask2_blindtest_wReadme/bengali/bengali_blind_wav/417666_JBJ9TbXX4nYCr0G5_0074.wav,/home/abdullahmm/Shivam/subtask2_blindtest_wReadme/bengali/bengali_blind_wav/417666_JBJ9TbXX4nYCr0G5_0074.wav,এরপর আমরা সর্বাধিক এবং সর্বনিম্ন value নির্ণয় করব,5.0
/home/abdullahmm/Shivam/subtask2_blindtest_wReadme/bengali/bengali_blind_wav/417666_JBJ9TbXX4nYCr0G5_0075.wav,/home/abdullahmm/Shivam/subtask2_blindtest_wReadme/bengali/bengali_blind_wav/417666_JBJ9TbXX4nYCr0G5_0075.wav,আমরা সর্বাধিক মান নির্ণয় করতে max function ব্যবহার করি,4.0
/home/abdullahmm/Shivam/subtask2_blindtest_wReadme/bengali/bengali_blind_wav/417666_JBJ9TbXX4nYCr0G5_0076.wav,/home/abdullahmm/Shivam/subtask2_blindtest_wReadme/bengali/bengali_blind_wav/417666_JBJ9TbXX4nYCr0G5_0076.wav,লিখুন max বন্ধনীতে num _ list,5.0
/home/abdullahmm/Shivam/subtask2_blindtest_wReadme/bengali/bengali_blind_wav/417666_JBJ9TbXX4nYCr0G5_0077.wav,/home/abdullahmm/Shivam/subtask2_blindtest_wReadme/bengali/bengali_blind_wav/417666_JBJ9TbXX4nYCr0G5_0077.wav,সর্বনিম্ন value নির্ণয় করতে min function ব্যবহৃত হয়,5.0
/home/abdullahmm/Shivam/subtask2_blindtest_wReadme/bengali/bengali_blind_wav/417666_JBJ9TbXX4nYCr0G5_0078.wav,/home/abdullahmm/Shivam/subtask2_blindtest_wReadme/bengali/bengali_blind_wav/417666_JBJ9TbXX4nYCr0G5_0078.wav,লিখুন min বন্ধনীতে greeting _ string,5.0
/home/abdullahmm/Shivam/subtask2_blindtest_wReadme/bengali/bengali_blind_wav/417666_JBJ9TbXX4nYCr0G5_0079.wav,/home/abdullahmm/Shivam/subtask2_blindtest_wReadme/bengali/bengali_blind_wav/417666_JBJ9TbXX4nYCr0G5_0079.wav,string data type এর জন্য সর্বাধিক এবং সর্বনিম্ন value পেতে ascii value ব্যবহৃত হয়,7.0
/home/abdullahmm/Shivam/subtask2_blindtest_wReadme/bengali/bengali_blind_wav/417666_JBJ9TbXX4nYCr0G5_0080.wav,/home/abdullahmm/Shivam/subtask2_blindtest_wReadme/bengali/bengali_blind_wav/417666_JBJ9TbXX4nYCr0G5_0080.wav,এরপর আমরা list এর যোগফল নির্ণয় করব লিখুন sum বন্ধনীতে num _ list,9.0
/home/abdullahmm/Shivam/subtask2_blindtest_wReadme/bengali/bengali_blind_wav/417666_JBJ9TbXX4nYCr0G5_0081.wav,/home/abdullahmm/Shivam/subtask2_blindtest_wReadme/bengali/bengali_blind_wav/417666_JBJ9TbXX4nYCr0G5_0081.wav,এখন পর্যন্ত আমরা list string এবং টিউপলের অনেকগুলি অনুরূপ বৈশিষ্ট্য সম্পর্কে বলেছি,7.0
/home/abdullahmm/Shivam/subtask2_blindtest_wReadme/bengali/bengali_blind_wav/417666_JBJ9TbXX4nYCr0G5_0082.wav,/home/abdullahmm/Shivam/subtask2_blindtest_wReadme/bengali/bengali_blind_wav/417666_JBJ9TbXX4nYCr0G5_0082.wav,কিন্তু list এ অনেকগুলি গুরুত্বপূর্ণ বৈশিষ্ট্য রয়েছে যা string এবং টিউপলের থেকে পৃথক,7.0
/home/abdullahmm/Shivam/subtask2_blindtest_wReadme/bengali/bengali_blind_wav/417666_JBJ9TbXX4nYCr0G5_0083.wav,/home/abdullahmm/Shivam/subtask2_blindtest_wReadme/bengali/bengali_blind_wav/417666_JBJ9TbXX4nYCr0G5_0083.wav,আমরা তাদের কয়েকটি উদাহরণ ব্যবহার করে দেখি,4.0
/home/abdullahmm/Shivam/subtask2_blindtest_wReadme/bengali/bengali_blind_wav/417666_JBJ9TbXX4nYCr0G5_0084.wav,/home/abdullahmm/Shivam/subtask2_blindtest_wReadme/bengali/bengali_blind_wav/417666_JBJ9TbXX4nYCr0G5_0084.wav,লিখুন num _ list বর্গাকার বন্ধনীতে 1 = 9,8.0
/home/abdullahmm/Shivam/subtask2_blindtest_wReadme/bengali/bengali_blind_wav/417666_JBJ9TbXX4nYCr0G5_0085.wav,/home/abdullahmm/Shivam/subtask2_blindtest_wReadme/bengali/bengali_blind_wav/417666_JBJ9TbXX4nYCr0G5_0085.wav,num _ list এখানে index 1 এ value 9 দেওয়া হয়েছে,8.0
/home/abdullahmm/Shivam/subtask2_blindtest_wReadme/bengali/bengali_blind_wav/417666_JBJ9TbXX4nYCr0G5_0086.wav,/home/abdullahmm/Shivam/subtask2_blindtest_wReadme/bengali/bengali_blind_wav/417666_JBJ9TbXX4nYCr0G5_0086.wav,লিখুন greeting _ string বর্গাকার বন্ধনীতে 1 = একক উদ্ধৃতিতে k,9.0
/home/abdullahmm/Shivam/subtask2_blindtest_wReadme/bengali/bengali_blind_wav/417666_JBJ9TbXX4nYCr0G5_0087.wav,/home/abdullahmm/Shivam/subtask2_blindtest_wReadme/bengali/bengali_blind_wav/417666_JBJ9TbXX4nYCr0G5_0087.wav,প্রথম command কোনও সমস্যা ছাড়াই কার্যকর হয় তবে দ্বিতীয়তে একটি error রয়েছে,8.0
/home/abdullahmm/Shivam/subtask2_blindtest_wReadme/bengali/bengali_blind_wav/417666_JBJ9TbXX4nYCr0G5_0088.wav,/home/abdullahmm/Shivam/subtask2_blindtest_wReadme/bengali/bengali_blind_wav/417666_JBJ9TbXX4nYCr0G5_0088.wav,এখন এটি টিউপলে করি লিখুন person _ tuple বড় আকার বন্ধনীতে 0 = 23,11.0
/home/abdullahmm/Shivam/subtask2_blindtest_wReadme/bengali/bengali_blind_wav/417666_JBJ9TbXX4nYCr0G5_0089.wav,/home/abdullahmm/Shivam/subtask2_blindtest_wReadme/bengali/bengali_blind_wav/417666_JBJ9TbXX4nYCr0G5_0089.wav,আমরা আবার একই error দেখতে পারি এর কারণ হল strings এবং tuples কোনও নির্দিষ্ট ইনডেক্সে value বদলাতে পারে না,9.0
/home/abdullahmm/Shivam/subtask2_blindtest_wReadme/bengali/bengali_blind_wav/417666_JBJ9TbXX4nYCr0G5_0090.wav,/home/abdullahmm/Shivam/subtask2_blindtest_wReadme/bengali/bengali_blind_wav/417666_JBJ9TbXX4nYCr0G5_0090.wav,কিন্তু আমরা list কে টিউপলে এবং tuple কে list বদলাতে পারি,5.0
/home/abdullahmm/Shivam/subtask2_blindtest_wReadme/bengali/bengali_blind_wav/417666_JBJ9TbXX4nYCr0G5_0091.wav,/home/abdullahmm/Shivam/subtask2_blindtest_wReadme/bengali/bengali_blind_wav/417666_JBJ9TbXX4nYCr0G5_0091.wav,প্রথমে লিস্টকে টিউপলে বদলানো শিখি দেখানো অনুযায়ী লিখুন,9.0
/home/abdullahmm/Shivam/subtask2_blindtest_wReadme/bengali/bengali_blind_wav/417666_JBJ9TbXX4nYCr0G5_0092.wav,/home/abdullahmm/Shivam/subtask2_blindtest_wReadme/bengali/bengali_blind_wav/417666_JBJ9TbXX4nYCr0G5_0092.wav,t is = to tuple বন্ধনীতে list _ tuple tuple function লিস্টে টিউপলে বদলায়,10.0
/home/abdullahmm/Shivam/subtask2_blindtest_wReadme/bengali/bengali_blind_wav/417666_JBJ9TbXX4nYCr0G5_0093.wav,/home/abdullahmm/Shivam/subtask2_blindtest_wReadme/bengali/bengali_blind_wav/417666_JBJ9TbXX4nYCr0G5_0093.wav,লিখুন t এখন list সফল ভাবে টিউপলে বদলে গেছে,7.0
/home/abdullahmm/Shivam/subtask2_blindtest_wReadme/bengali/bengali_blind_wav/417666_JBJ9TbXX4nYCr0G5_0094.wav,/home/abdullahmm/Shivam/subtask2_blindtest_wReadme/bengali/bengali_blind_wav/417666_JBJ9TbXX4nYCr0G5_0094.wav,এখন টিউপলকে list এ বদলানো শিখি দেখানো অনুযায়ী লিখুন,8.0
/home/abdullahmm/Shivam/subtask2_blindtest_wReadme/bengali/bengali_blind_wav/417666_JBJ9TbXX4nYCr0G5_0095.wav,/home/abdullahmm/Shivam/subtask2_blindtest_wReadme/bengali/bengali_blind_wav/417666_JBJ9TbXX4nYCr0G5_0095.wav,লিখুন l = list বন্ধনীতে tuple _ list,7.0
/home/abdullahmm/Shivam/subtask2_blindtest_wReadme/bengali/bengali_blind_wav/417666_JBJ9TbXX4nYCr0G5_0096.wav,/home/abdullahmm/Shivam/subtask2_blindtest_wReadme/bengali/bengali_blind_wav/417666_JBJ9TbXX4nYCr0G5_0096.wav,list function tuple কে list এ বদলায়,4.0
/home/abdullahmm/Shivam/subtask2_blindtest_wReadme/bengali/bengali_blind_wav/417666_JBJ9TbXX4nYCr0G5_0097.wav,/home/abdullahmm/Shivam/subtask2_blindtest_wReadme/bengali/bengali_blind_wav/417666_JBJ9TbXX4nYCr0G5_0097.wav,লিখুন l,3.0
/home/abdullahmm/Shivam/subtask2_blindtest_wReadme/bengali/bengali_blind_wav/417666_JBJ9TbXX4nYCr0G5_0098.wav,/home/abdullahmm/Shivam/subtask2_blindtest_wReadme/bengali/bengali_blind_wav/417666_JBJ9TbXX4nYCr0G5_0098.wav,এখন tuple সফলভাবে list এ বদলে গেছে,4.0
/home/abdullahmm/Shivam/subtask2_blindtest_wReadme/bengali/bengali_blind_wav/417666_JBJ9TbXX4nYCr0G5_0099.wav,/home/abdullahmm/Shivam/subtask2_blindtest_wReadme/bengali/bengali_blind_wav/417666_JBJ9TbXX4nYCr0G5_0099.wav,এরপর string কে list এ এবং list কে string এ বদলানো শিখি আমাদের কাছে নিম্ন string রয়েছে,10.0
/home/abdullahmm/Shivam/subtask2_blindtest_wReadme/bengali/bengali_blind_wav/417666_JBJ9TbXX4nYCr0G5_0100.wav,/home/abdullahmm/Shivam/subtask2_blindtest_wReadme/bengali/bengali_blind_wav/417666_JBJ9TbXX4nYCr0G5_0100.wav,"লিখুন other string . split বন্ধনীতে একক উদ্ধৃতিতে ,",7.0
/home/abdullahmm/Shivam/subtask2_blindtest_wReadme/bengali/bengali_blind_wav/417666_JBJ9TbXX4nYCr0G5_0101.wav,/home/abdullahmm/Shivam/subtask2_blindtest_wReadme/bengali/bengali_blind_wav/417666_JBJ9TbXX4nYCr0G5_0101.wav,"এটি , তে বিভাজিত string সহ list বানায়",4.0
/home/abdullahmm/Shivam/subtask2_blindtest_wReadme/bengali/bengali_blind_wav/417666_JBJ9TbXX4nYCr0G5_0102.wav,/home/abdullahmm/Shivam/subtask2_blindtest_wReadme/bengali/bengali_blind_wav/417666_JBJ9TbXX4nYCr0G5_0102.wav,join function বিপরীতে কাজ করে এটি string বানাতে একটি list যোগ করে,6.0
/home/abdullahmm/Shivam/subtask2_blindtest_wReadme/bengali/bengali_blind_wav/417666_JBJ9TbXX4nYCr0G5_0103.wav,/home/abdullahmm/Shivam/subtask2_blindtest_wReadme/bengali/bengali_blind_wav/417666_JBJ9TbXX4nYCr0G5_0103.wav,আমাদের নিম্ন list রয়েছে,4.0
/home/abdullahmm/Shivam/subtask2_blindtest_wReadme/bengali/bengali_blind_wav/417666_JBJ9TbXX4nYCr0G5_0104.wav,/home/abdullahmm/Shivam/subtask2_blindtest_wReadme/bengali/bengali_blind_wav/417666_JBJ9TbXX4nYCr0G5_0104.wav,"লিখুন একক উদ্ধৃতিতে , . join বন্ধনীতে other list",8.0
/home/abdullahmm/Shivam/subtask2_blindtest_wReadme/bengali/bengali_blind_wav/417666_JBJ9TbXX4nYCr0G5_0105.wav,/home/abdullahmm/Shivam/subtask2_blindtest_wReadme/bengali/bengali_blind_wav/417666_JBJ9TbXX4nYCr0G5_0105.wav,একইভাবে আমরা commas যুক্ত list পেয়েছি,4.0
/home/abdullahmm/Shivam/subtask2_blindtest_wReadme/bengali/bengali_blind_wav/417666_JBJ9TbXX4nYCr0G5_0106.wav,/home/abdullahmm/Shivam/subtask2_blindtest_wReadme/bengali/bengali_blind_wav/417666_JBJ9TbXX4nYCr0G5_0106.wav,একইভাবে আমরা spaces এ করতে পারি,4.0
/home/abdullahmm/Shivam/subtask2_blindtest_wReadme/bengali/bengali_blind_wav/417666_JBJ9TbXX4nYCr0G5_0107.wav,/home/abdullahmm/Shivam/subtask2_blindtest_wReadme/bengali/bengali_blind_wav/417666_JBJ9TbXX4nYCr0G5_0107.wav,দেখানো অনুযায়ী লিখুন,3.0
/home/abdullahmm/Shivam/subtask2_blindtest_wReadme/bengali/bengali_blind_wav/417666_JBJ9TbXX4nYCr0G5_0108.wav,/home/abdullahmm/Shivam/subtask2_blindtest_wReadme/bengali/bengali_blind_wav/417666_JBJ9TbXX4nYCr0G5_0108.wav,note করুন join operation প্রয়োগ করতে list কে strings এর list হতে হবে,6.0
/home/abdullahmm/Shivam/subtask2_blindtest_wReadme/bengali/bengali_blind_wav/417666_JBJ9TbXX4nYCr0G5_0109.wav,/home/abdullahmm/Shivam/subtask2_blindtest_wReadme/bengali/bengali_blind_wav/417666_JBJ9TbXX4nYCr0G5_0109.wav,লিখুন ' space ' বন্ধনীতে space string,8.0
/home/abdullahmm/Shivam/subtask2_blindtest_wReadme/bengali/bengali_blind_wav/417666_JBJ9TbXX4nYCr0G5_0110.wav,/home/abdullahmm/Shivam/subtask2_blindtest_wReadme/bengali/bengali_blind_wav/417666_JBJ9TbXX4nYCr0G5_0110.wav,আমরা দেখি যে list spaces এ যুক্ত হয়েছে,4.0
/home/abdullahmm/Shivam/subtask2_blindtest_wReadme/bengali/bengali_blind_wav/417666_JBJ9TbXX4nYCr0G5_0111.wav,/home/abdullahmm/Shivam/subtask2_blindtest_wReadme/bengali/bengali_blind_wav/417666_JBJ9TbXX4nYCr0G5_0111.wav,video থামান এই অনুশীলনী চেষ্টা করুন এবং তারপর video আবার শুরু করুন,6.0
/home/abdullahmm/Shivam/subtask2_blindtest_wReadme/bengali/bengali_blind_wav/417666_JBJ9TbXX4nYCr0G5_0112.wav,/home/abdullahmm/Shivam/subtask2_blindtest_wReadme/bengali/bengali_blind_wav/417666_JBJ9TbXX4nYCr0G5_0112.wav,যাচাই করুন যে 3 নিম্ন list এর একটি element কিনা,5.0
/home/abdullahmm/Shivam/subtask2_blindtest_wReadme/bengali/bengali_blind_wav/417666_JBJ9TbXX4nYCr0G5_0113.wav,/home/abdullahmm/Shivam/subtask2_blindtest_wReadme/bengali/bengali_blind_wav/417666_JBJ9TbXX4nYCr0G5_0113.wav,list এর তৃতীয় element 21 এ বদলান,4.0
/home/abdullahmm/Shivam/subtask2_blindtest_wReadme/bengali/bengali_blind_wav/417666_JBJ9TbXX4nYCr0G5_0114.wav,/home/abdullahmm/Shivam/subtask2_blindtest_wReadme/bengali/bengali_blind_wav/417666_JBJ9TbXX4nYCr0G5_0114.wav,সমাধানের জন্য terminal যান,4.0
/home/abdullahmm/Shivam/subtask2_blindtest_wReadme/bengali/bengali_blind_wav/417666_JBJ9TbXX4nYCr0G5_0115.wav,/home/abdullahmm/Shivam/subtask2_blindtest_wReadme/bengali/bengali_blind_wav/417666_JBJ9TbXX4nYCr0G5_0115.wav,"লিখুন l = বর্গাকার বন্ধনীতে 1 , 7 , 5 , 3 , 4",8.0
/home/abdullahmm/Shivam/subtask2_blindtest_wReadme/bengali/bengali_blind_wav/417666_JBJ9TbXX4nYCr0G5_0116.wav,/home/abdullahmm/Shivam/subtask2_blindtest_wReadme/bengali/bengali_blind_wav/417666_JBJ9TbXX4nYCr0G5_0116.wav,3 in l output হল true অর্থাৎ element 3 সূচীতে রয়েছে,8.0
/home/abdullahmm/Shivam/subtask2_blindtest_wReadme/bengali/bengali_blind_wav/417666_JBJ9TbXX4nYCr0G5_0117.wav,/home/abdullahmm/Shivam/subtask2_blindtest_wReadme/bengali/bengali_blind_wav/417666_JBJ9TbXX4nYCr0G5_0117.wav,লিখুন l বর্গাকার বন্ধনীতে 3 = 21,6.0
/home/abdullahmm/Shivam/subtask2_blindtest_wReadme/bengali/bengali_blind_wav/417666_JBJ9TbXX4nYCr0G5_0118.wav,/home/abdullahmm/Shivam/subtask2_blindtest_wReadme/bengali/bengali_blind_wav/417666_JBJ9TbXX4nYCr0G5_0118.wav,লিখুন l আমরা দেখি যে elements g এখন 21 এ বদলে গেছে।,7.0
/home/abdullahmm/Shivam/subtask2_blindtest_wReadme/bengali/bengali_blind_wav/417666_JBJ9TbXX4nYCr0G5_0119.wav,/home/abdullahmm/Shivam/subtask2_blindtest_wReadme/bengali/bengali_blind_wav/417666_JBJ9TbXX4nYCr0G5_0119.wav,video থামান এই অনুশীলনী চেষ্টা করুন এবং তারপর video আবার শুরু করুন,6.0
/home/abdullahmm/Shivam/subtask2_blindtest_wReadme/bengali/bengali_blind_wav/417666_JBJ9TbXX4nYCr0G5_0120.wav,/home/abdullahmm/Shivam/subtask2_blindtest_wReadme/bengali/bengali_blind_wav/417666_JBJ9TbXX4nYCr0G5_0120.wav,string elizabeth is queen of england কে elizabeth is queen এ বদলান,6.0
/home/abdullahmm/Shivam/subtask2_blindtest_wReadme/bengali/bengali_blind_wav/417666_JBJ9TbXX4nYCr0G5_0121.wav,/home/abdullahmm/Shivam/subtask2_blindtest_wReadme/bengali/bengali_blind_wav/417666_JBJ9TbXX4nYCr0G5_0121.wav,সমাধানের জন্য terminal যান,4.0
/home/abdullahmm/Shivam/subtask2_blindtest_wReadme/bengali/bengali_blind_wav/417666_JBJ9TbXX4nYCr0G5_0122.wav,/home/abdullahmm/Shivam/subtask2_blindtest_wReadme/bengali/bengali_blind_wav/417666_JBJ9TbXX4nYCr0G5_0122.wav,লিখুন s = double উদ্ধৃতিতে elizabeth is queen of england,7.0
/home/abdullahmm/Shivam/subtask2_blindtest_wReadme/bengali/bengali_blind_wav/417666_JBJ9TbXX4nYCr0G5_0123.wav,/home/abdullahmm/Shivam/subtask2_blindtest_wReadme/bengali/bengali_blind_wav/417666_JBJ9TbXX4nYCr0G5_0123.wav,stemp = s . split open and close (,7.0
/home/abdullahmm/Shivam/subtask2_blindtest_wReadme/bengali/bengali_blind_wav/417666_JBJ9TbXX4nYCr0G5_0124.wav,/home/abdullahmm/Shivam/subtask2_blindtest_wReadme/bengali/bengali_blind_wav/417666_JBJ9TbXX4nYCr0G5_0124.wav,s = একক উদ্ধৃতিতে space . join বন্ধনীতে stemp বর্গাকার বন্ধনীতে : 3,12.0
/home/abdullahmm/Shivam/subtask2_blindtest_wReadme/bengali/bengali_blind_wav/417666_JBJ9TbXX4nYCr0G5_0125.wav,/home/abdullahmm/Shivam/subtask2_blindtest_wReadme/bengali/bengali_blind_wav/417666_JBJ9TbXX4nYCr0G5_0125.wav,লিখুন s আমরা প্রত্যাশিত output পেয়েছি,6.0
/home/abdullahmm/Shivam/subtask2_blindtest_wReadme/bengali/bengali_blind_wav/417666_JBJ9TbXX4nYCr0G5_0126.wav,/home/abdullahmm/Shivam/subtask2_blindtest_wReadme/bengali/bengali_blind_wav/417666_JBJ9TbXX4nYCr0G5_0126.wav,এটি আমাদের tutorial শেষে নিয়ে আসে,4.0
/home/abdullahmm/Shivam/subtask2_blindtest_wReadme/bengali/bengali_blind_wav/417666_JBJ9TbXX4nYCr0G5_0127.wav,/home/abdullahmm/Shivam/subtask2_blindtest_wReadme/bengali/bengali_blind_wav/417666_JBJ9TbXX4nYCr0G5_0127.wav,এখানে আমরা শিখেছি sequence data types যেমন list string এবং tuple ব্যবহার করা,9.0
/home/abdullahmm/Shivam/subtask2_blindtest_wReadme/bengali/bengali_blind_wav/417666_JBJ9TbXX4nYCr0G5_0128.wav,/home/abdullahmm/Shivam/subtask2_blindtest_wReadme/bengali/bengali_blind_wav/417666_JBJ9TbXX4nYCr0G5_0128.wav,split এবং join function দ্বারা যথাক্রমে list কে বিভাজিত এবং যুক্ত করা,6.0
/home/abdullahmm/Shivam/subtask2_blindtest_wReadme/bengali/bengali_blind_wav/417666_JBJ9TbXX4nYCr0G5_0129.wav,/home/abdullahmm/Shivam/subtask2_blindtest_wReadme/bengali/bengali_blind_wav/417666_JBJ9TbXX4nYCr0G5_0129.wav,list কে tuple এবং বিপরীত ক্রমে বদলানো,4.0
/home/abdullahmm/Shivam/subtask2_blindtest_wReadme/bengali/bengali_blind_wav/417666_JBJ9TbXX4nYCr0G5_0130.wav,/home/abdullahmm/Shivam/subtask2_blindtest_wReadme/bengali/bengali_blind_wav/417666_JBJ9TbXX4nYCr0G5_0130.wav,এবং string কে tuple এবং বিপরীত ক্রমে বদলানো,4.0
/home/abdullahmm/Shivam/subtask2_blindtest_wReadme/bengali/bengali_blind_wav/417666_JBJ9TbXX4nYCr0G5_0131.wav,/home/abdullahmm/Shivam/subtask2_blindtest_wReadme/bengali/bengali_blind_wav/417666_JBJ9TbXX4nYCr0G5_0131.wav,আপনার সমাধানের জন্য এখানে কিছু স্বমূল্যায়ন প্রশ্ন রয়েছে,4.0
/home/abdullahmm/Shivam/subtask2_blindtest_wReadme/bengali/bengali_blind_wav/417666_JBJ9TbXX4nYCr0G5_0132.wav,/home/abdullahmm/Shivam/subtask2_blindtest_wReadme/bengali/bengali_blind_wav/417666_JBJ9TbXX4nYCr0G5_0132.wav,প্রথম tuple এবং list এর মধ্যে মূল পার্থক্য কি,5.0
/home/abdullahmm/Shivam/subtask2_blindtest_wReadme/bengali/bengali_blind_wav/417666_JBJ9TbXX4nYCr0G5_0133.wav,/home/abdullahmm/Shivam/subtask2_blindtest_wReadme/bengali/bengali_blind_wav/417666_JBJ9TbXX4nYCr0G5_0133.wav,দ্বিতীয় নিম্নে দেওয়া string কে whitespaces এ বিভক্ত করা,5.0
/home/abdullahmm/Shivam/subtask2_blindtest_wReadme/bengali/bengali_blind_wav/417666_JBJ9TbXX4nYCr0G5_0134.wav,/home/abdullahmm/Shivam/subtask2_blindtest_wReadme/bengali/bengali_blind_wav/417666_JBJ9TbXX4nYCr0G5_0134.wav,এবং উত্তর হল প্রথম tuple এবং list এর মধ্যে মূল পার্থক্য হল,7.0
/home/abdullahmm/Shivam/subtask2_blindtest_wReadme/bengali/bengali_blind_wav/417666_JBJ9TbXX4nYCr0G5_0135.wav,/home/abdullahmm/Shivam/subtask2_blindtest_wReadme/bengali/bengali_blind_wav/417666_JBJ9TbXX4nYCr0G5_0135.wav,tuple একটি নির্দিষ্ট সূচীতে value বদলাতে পারে না,4.0
/home/abdullahmm/Shivam/subtask2_blindtest_wReadme/bengali/bengali_blind_wav/417666_JBJ9TbXX4nYCr0G5_0136.wav,/home/abdullahmm/Shivam/subtask2_blindtest_wReadme/bengali/bengali_blind_wav/417666_JBJ9TbXX4nYCr0G5_0136.wav,কিন্তু list value বদলাতে পারে,3.0
/home/abdullahmm/Shivam/subtask2_blindtest_wReadme/bengali/bengali_blind_wav/417666_JBJ9TbXX4nYCr0G5_0137.wav,/home/abdullahmm/Shivam/subtask2_blindtest_wReadme/bengali/bengali_blind_wav/417666_JBJ9TbXX4nYCr0G5_0137.wav,টিউপলের ব্যবহার কোনও বস্তু সম্পর্কিত data সংরক্ষণ করতে করা হয়,5.0
/home/abdullahmm/Shivam/subtask2_blindtest_wReadme/bengali/bengali_blind_wav/417666_JBJ9TbXX4nYCr0G5_0138.wav,/home/abdullahmm/Shivam/subtask2_blindtest_wReadme/bengali/bengali_blind_wav/417666_JBJ9TbXX4nYCr0G5_0138.wav,কিন্তু list এর ব্যবহার সাধারণত অভিন্ন type এর বস্তু সঞ্চয় করতে হয়,5.0
/home/abdullahmm/Shivam/subtask2_blindtest_wReadme/bengali/bengali_blind_wav/417666_JBJ9TbXX4nYCr0G5_0139.wav,/home/abdullahmm/Shivam/subtask2_blindtest_wReadme/bengali/bengali_blind_wav/417666_JBJ9TbXX4nYCr0G5_0139.wav,দ্বিতীয় string কে whitespace এ বিভক্ত করতে আমরা কোনো argument ছাড়াই split function ব্যবহার করি,7.0
/home/abdullahmm/Shivam/subtask2_blindtest_wReadme/bengali/bengali_blind_wav/417666_JBJ9TbXX4nYCr0G5_0140.wav,/home/abdullahmm/Shivam/subtask2_blindtest_wReadme/bengali/bengali_blind_wav/417666_JBJ9TbXX4nYCr0G5_0140.wav,সময়ের সাথে আপনার প্রশ্ন এই forum post করুন,4.0
/home/abdullahmm/Shivam/subtask2_blindtest_wReadme/bengali/bengali_blind_wav/417666_JBJ9TbXX4nYCr0G5_0141.wav,/home/abdullahmm/Shivam/subtask2_blindtest_wReadme/bengali/bengali_blind_wav/417666_JBJ9TbXX4nYCr0G5_0141.wav,এই forum python সম্পর্কিত আপনার সাধারণ প্রশ্ন post করুন,5.0
/home/abdullahmm/Shivam/subtask2_blindtest_wReadme/bengali/bengali_blind_wav/417666_JBJ9TbXX4nYCr0G5_0142.wav,/home/abdullahmm/Shivam/subtask2_blindtest_wReadme/bengali/bengali_blind_wav/417666_JBJ9TbXX4nYCr0G5_0142.wav,fossee the tbc প্রকল্প সমন্বয় করে,4.0
/home/abdullahmm/Shivam/subtask2_blindtest_wReadme/bengali/bengali_blind_wav/417666_JBJ9TbXX4nYCr0G5_0143.wav,/home/abdullahmm/Shivam/subtask2_blindtest_wReadme/bengali/bengali_blind_wav/417666_JBJ9TbXX4nYCr0G5_0143.wav,spoken tutorial প্রকল্প ভারত সরকারের nmeict mhrd দ্বারা সমর্থিত আরো জানতে এই লিঙ্কে যান,8.0
/home/abdullahmm/Shivam/subtask2_blindtest_wReadme/bengali/bengali_blind_wav/417666_JBJ9TbXX4nYCr0G5_0144.wav,/home/abdullahmm/Shivam/subtask2_blindtest_wReadme/bengali/bengali_blind_wav/417666_JBJ9TbXX4nYCr0G5_0144.wav,iit bombay থেকে আমি কৌশিক দত্ত বিদায় নিচ্ছি অংশগ্রহনের জন্য ধন্যবাদ,7.01
/home/abdullahmm/Shivam/subtask2_blindtest_wReadme/bengali/bengali_blind_wav/427153_FufDXe7DFI8PaWGd_0000.wav,/home/abdullahmm/Shivam/subtask2_blindtest_wReadme/bengali/bengali_blind_wav/427153_FufDXe7DFI8PaWGd_0000.wav,নমস্কার বন্ধুগণ,2.0
/home/abdullahmm/Shivam/subtask2_blindtest_wReadme/bengali/bengali_blind_wav/427153_FufDXe7DFI8PaWGd_0001.wav,/home/abdullahmm/Shivam/subtask2_blindtest_wReadme/bengali/bengali_blind_wav/427153_FufDXe7DFI8PaWGd_0001.wav,kturtle এ programming concepts এর টিউটোরিয়ালে আপনাদের স্বাগত,5.0
/home/abdullahmm/Shivam/subtask2_blindtest_wReadme/bengali/bengali_blind_wav/427153_FufDXe7DFI8PaWGd_0002.wav,/home/abdullahmm/Shivam/subtask2_blindtest_wReadme/bengali/bengali_blind_wav/427153_FufDXe7DFI8PaWGd_0002.wav,এই টিউটোরিয়ালে আমরা শিখব যে,4.0
/home/abdullahmm/Shivam/subtask2_blindtest_wReadme/bengali/bengali_blind_wav/427153_FufDXe7DFI8PaWGd_0003.wav,/home/abdullahmm/Shivam/subtask2_blindtest_wReadme/bengali/bengali_blind_wav/427153_FufDXe7DFI8PaWGd_0003.wav,kturtle a program লেখা,3.0
/home/abdullahmm/Shivam/subtask2_blindtest_wReadme/bengali/bengali_blind_wav/427153_FufDXe7DFI8PaWGd_0004.wav,/home/abdullahmm/Shivam/subtask2_blindtest_wReadme/bengali/bengali_blind_wav/427153_FufDXe7DFI8PaWGd_0004.wav,user input সংরক্ষণ করতে variable এর ব্যবহার,3.0
/home/abdullahmm/Shivam/subtask2_blindtest_wReadme/bengali/bengali_blind_wav/427153_FufDXe7DFI8PaWGd_0005.wav,/home/abdullahmm/Shivam/subtask2_blindtest_wReadme/bengali/bengali_blind_wav/427153_FufDXe7DFI8PaWGd_0005.wav,ক্যানভাসে print করতে print কমান্ডের ব্যবহার,4.0
/home/abdullahmm/Shivam/subtask2_blindtest_wReadme/bengali/bengali_blind_wav/427153_FufDXe7DFI8PaWGd_0006.wav,/home/abdullahmm/Shivam/subtask2_blindtest_wReadme/bengali/bengali_blind_wav/427153_FufDXe7DFI8PaWGd_0006.wav,line comment করা,2.0
/home/abdullahmm/Shivam/subtask2_blindtest_wReadme/bengali/bengali_blind_wav/427153_FufDXe7DFI8PaWGd_0007.wav,/home/abdullahmm/Shivam/subtask2_blindtest_wReadme/bengali/bengali_blind_wav/427153_FufDXe7DFI8PaWGd_0007.wav,টিউটোরিয়ালটি record করতে ubuntu linux os সংস্করণ 11 . 10 এবং kturtle সংস্করণ 0 . 8 . 1 beta ব্যবহার করছি,13.0
/home/abdullahmm/Shivam/subtask2_blindtest_wReadme/bengali/bengali_blind_wav/427153_FufDXe7DFI8PaWGd_0008.wav,/home/abdullahmm/Shivam/subtask2_blindtest_wReadme/bengali/bengali_blind_wav/427153_FufDXe7DFI8PaWGd_0008.wav,আমরা ধরে নিই যে আপনার kturtle সম্পর্কে মৌলিক জ্ঞান রয়েছে,6.0
/home/abdullahmm/Shivam/subtask2_blindtest_wReadme/bengali/bengali_blind_wav/427153_FufDXe7DFI8PaWGd_0009.wav,/home/abdullahmm/Shivam/subtask2_blindtest_wReadme/bengali/bengali_blind_wav/427153_FufDXe7DFI8PaWGd_0009.wav,না হলে প্রাসঙ্গিক টিউটোরিয়ালের জন্য আমাদের website পরিদর্শন করুন,6.0
/home/abdullahmm/Shivam/subtask2_blindtest_wReadme/bengali/bengali_blind_wav/427153_FufDXe7DFI8PaWGd_0010.wav,/home/abdullahmm/Shivam/subtask2_blindtest_wReadme/bengali/bengali_blind_wav/427153_FufDXe7DFI8PaWGd_0010.wav,এগোনোর আগে আমি kturtle সম্পর্কে কিছু সাধারণ তথ্য আলোচনা করব,6.0
/home/abdullahmm/Shivam/subtask2_blindtest_wReadme/bengali/bengali_blind_wav/427153_FufDXe7DFI8PaWGd_0011.wav,/home/abdullahmm/Shivam/subtask2_blindtest_wReadme/bengali/bengali_blind_wav/427153_FufDXe7DFI8PaWGd_0011.wav,canvas প্রদর্শিত turtle কে sprite বলা হয়,5.0
/home/abdullahmm/Shivam/subtask2_blindtest_wReadme/bengali/bengali_blind_wav/427153_FufDXe7DFI8PaWGd_0012.wav,/home/abdullahmm/Shivam/subtask2_blindtest_wReadme/bengali/bengali_blind_wav/427153_FufDXe7DFI8PaWGd_0012.wav,sprite একটি ছোট image যা পর্দার চারপাশে ঘোরে উদাহরণস্বরূপ cursor হল একটি sprite,10.0
/home/abdullahmm/Shivam/subtask2_blindtest_wReadme/bengali/bengali_blind_wav/427153_FufDXe7DFI8PaWGd_0013.wav,/home/abdullahmm/Shivam/subtask2_blindtest_wReadme/bengali/bengali_blind_wav/427153_FufDXe7DFI8PaWGd_0013.wav,sprite hide command turtle কে canvas থেকে লুকিয়ে রাখে,5.0
/home/abdullahmm/Shivam/subtask2_blindtest_wReadme/bengali/bengali_blind_wav/427153_FufDXe7DFI8PaWGd_0014.wav,/home/abdullahmm/Shivam/subtask2_blindtest_wReadme/bengali/bengali_blind_wav/427153_FufDXe7DFI8PaWGd_0014.wav,এটি লুকোনো থাকলে sprite show command turtle কে প্রদর্শন করে,6.0
/home/abdullahmm/Shivam/subtask2_blindtest_wReadme/bengali/bengali_blind_wav/427153_FufDXe7DFI8PaWGd_0015.wav,/home/abdullahmm/Shivam/subtask2_blindtest_wReadme/bengali/bengali_blind_wav/427153_FufDXe7DFI8PaWGd_0015.wav,clear command canvas থেকে সকল আঁকা মুছে ফেলে,6.0
/home/abdullahmm/Shivam/subtask2_blindtest_wReadme/bengali/bengali_blind_wav/427153_FufDXe7DFI8PaWGd_0016.wav,/home/abdullahmm/Shivam/subtask2_blindtest_wReadme/bengali/bengali_blind_wav/427153_FufDXe7DFI8PaWGd_0016.wav,কেটার্টলে,2.0
/home/abdullahmm/Shivam/subtask2_blindtest_wReadme/bengali/bengali_blind_wav/427153_FufDXe7DFI8PaWGd_0017.wav,/home/abdullahmm/Shivam/subtask2_blindtest_wReadme/bengali/bengali_blind_wav/427153_FufDXe7DFI8PaWGd_0017.wav,$ চিহ্ন হল ভ্যারিয়েবলের container,5.0
/home/abdullahmm/Shivam/subtask2_blindtest_wReadme/bengali/bengali_blind_wav/427153_FufDXe7DFI8PaWGd_0018.wav,/home/abdullahmm/Shivam/subtask2_blindtest_wReadme/bengali/bengali_blind_wav/427153_FufDXe7DFI8PaWGd_0018.wav,* দুটি সংখ্যার গুণনের জন্য ব্যবহৃত হয়,7.0
/home/abdullahmm/Shivam/subtask2_blindtest_wReadme/bengali/bengali_blind_wav/427153_FufDXe7DFI8PaWGd_0019.wav,/home/abdullahmm/Shivam/subtask2_blindtest_wReadme/bengali/bengali_blind_wav/427153_FufDXe7DFI8PaWGd_0019.wav,caret সংখ্যার power বৃদ্ধি করে,4.0
/home/abdullahmm/Shivam/subtask2_blindtest_wReadme/bengali/bengali_blind_wav/427153_FufDXe7DFI8PaWGd_0020.wav,/home/abdullahmm/Shivam/subtask2_blindtest_wReadme/bengali/bengali_blind_wav/427153_FufDXe7DFI8PaWGd_0020.wav,# চিহ্ন এর পর লিখিত line comment করে,5.0
/home/abdullahmm/Shivam/subtask2_blindtest_wReadme/bengali/bengali_blind_wav/427153_FufDXe7DFI8PaWGd_0021.wav,/home/abdullahmm/Shivam/subtask2_blindtest_wReadme/bengali/bengali_blind_wav/427153_FufDXe7DFI8PaWGd_0021.wav,sqrt হল সংখ্যার বর্গমূল বের করতে একটি inbuilt function,8.0
/home/abdullahmm/Shivam/subtask2_blindtest_wReadme/bengali/bengali_blind_wav/427153_FufDXe7DFI8PaWGd_0022.wav,/home/abdullahmm/Shivam/subtask2_blindtest_wReadme/bengali/bengali_blind_wav/427153_FufDXe7DFI8PaWGd_0022.wav,একটি নতুন kturtle application খুলুন,4.0
/home/abdullahmm/Shivam/subtask2_blindtest_wReadme/bengali/bengali_blind_wav/427153_FufDXe7DFI8PaWGd_0023.wav,/home/abdullahmm/Shivam/subtask2_blindtest_wReadme/bengali/bengali_blind_wav/427153_FufDXe7DFI8PaWGd_0023.wav,dash home তারপর media apps এ টিপুন,5.0
/home/abdullahmm/Shivam/subtask2_blindtest_wReadme/bengali/bengali_blind_wav/427153_FufDXe7DFI8PaWGd_0024.wav,/home/abdullahmm/Shivam/subtask2_blindtest_wReadme/bengali/bengali_blind_wav/427153_FufDXe7DFI8PaWGd_0024.wav,type এ education এবং kturtle চয়ন করুন,6.0
/home/abdullahmm/Shivam/subtask2_blindtest_wReadme/bengali/bengali_blind_wav/427153_FufDXe7DFI8PaWGd_0025.wav,/home/abdullahmm/Shivam/subtask2_blindtest_wReadme/bengali/bengali_blind_wav/427153_FufDXe7DFI8PaWGd_0025.wav,kturtle application প্রর্দশিত হয়,7.0
/home/abdullahmm/Shivam/subtask2_blindtest_wReadme/bengali/bengali_blind_wav/427153_FufDXe7DFI8PaWGd_0026.wav,/home/abdullahmm/Shivam/subtask2_blindtest_wReadme/bengali/bengali_blind_wav/427153_FufDXe7DFI8PaWGd_0026.wav,terminal ব্যবহার করেও kturtle খুলতে পারি,4.0
/home/abdullahmm/Shivam/subtask2_blindtest_wReadme/bengali/bengali_blind_wav/427153_FufDXe7DFI8PaWGd_0027.wav,/home/abdullahmm/Shivam/subtask2_blindtest_wReadme/bengali/bengali_blind_wav/427153_FufDXe7DFI8PaWGd_0027.wav,terminal খুলতে ctrl alt এবং t key একসাথে টিপুন,6.0
/home/abdullahmm/Shivam/subtask2_blindtest_wReadme/bengali/bengali_blind_wav/427153_FufDXe7DFI8PaWGd_0028.wav,/home/abdullahmm/Shivam/subtask2_blindtest_wReadme/bengali/bengali_blind_wav/427153_FufDXe7DFI8PaWGd_0028.wav,kturtle লিখুন এবং enter টিপুন kturtle অ্যাপ্লিকেশন প্রর্দশিত হয়,11.0
/home/abdullahmm/Shivam/subtask2_blindtest_wReadme/bengali/bengali_blind_wav/427153_FufDXe7DFI8PaWGd_0029.wav,/home/abdullahmm/Shivam/subtask2_blindtest_wReadme/bengali/bengali_blind_wav/427153_FufDXe7DFI8PaWGd_0029.wav,এখন আমি program code লিখে তা ব্যাখ্যা করি,5.0
/home/abdullahmm/Shivam/subtask2_blindtest_wReadme/bengali/bengali_blind_wav/427153_FufDXe7DFI8PaWGd_0030.wav,/home/abdullahmm/Shivam/subtask2_blindtest_wReadme/bengali/bengali_blind_wav/427153_FufDXe7DFI8PaWGd_0030.wav,আমি program টেক্সটে zoom করি এটি সম্ভবত একটু ঝাপসা হতে পারে,9.0
/home/abdullahmm/Shivam/subtask2_blindtest_wReadme/bengali/bengali_blind_wav/427153_FufDXe7DFI8PaWGd_0031.wav,/home/abdullahmm/Shivam/subtask2_blindtest_wReadme/bengali/bengali_blind_wav/427153_FufDXe7DFI8PaWGd_0031.wav,# program to find square of a number enter টিপুন,20.0
/home/abdullahmm/Shivam/subtask2_blindtest_wReadme/bengali/bengali_blind_wav/427153_FufDXe7DFI8PaWGd_0032.wav,/home/abdullahmm/Shivam/subtask2_blindtest_wReadme/bengali/bengali_blind_wav/427153_FufDXe7DFI8PaWGd_0032.wav,# চিহ্ন চিহ্নের পর লিখিত line comment করে,4.0
/home/abdullahmm/Shivam/subtask2_blindtest_wReadme/bengali/bengali_blind_wav/427153_FufDXe7DFI8PaWGd_0033.wav,/home/abdullahmm/Shivam/subtask2_blindtest_wReadme/bengali/bengali_blind_wav/427153_FufDXe7DFI8PaWGd_0033.wav,এর মানে হল যখন program run করে এই line নিষ্পাদিত হবে না enter টিপুন,10.0
/home/abdullahmm/Shivam/subtask2_blindtest_wReadme/bengali/bengali_blind_wav/427153_FufDXe7DFI8PaWGd_0034.wav,/home/abdullahmm/Shivam/subtask2_blindtest_wReadme/bengali/bengali_blind_wav/427153_FufDXe7DFI8PaWGd_0034.wav,reset,1.0
/home/abdullahmm/Shivam/subtask2_blindtest_wReadme/bengali/bengali_blind_wav/427153_FufDXe7DFI8PaWGd_0035.wav,/home/abdullahmm/Shivam/subtask2_blindtest_wReadme/bengali/bengali_blind_wav/427153_FufDXe7DFI8PaWGd_0035.wav,$ i = ask enter a number for i and click ok,20.0
/home/abdullahmm/Shivam/subtask2_blindtest_wReadme/bengali/bengali_blind_wav/427153_FufDXe7DFI8PaWGd_0036.wav,/home/abdullahmm/Shivam/subtask2_blindtest_wReadme/bengali/bengali_blind_wav/427153_FufDXe7DFI8PaWGd_0036.wav,$ i হল user input সংরক্ষণ করতে একটি variable,5.0
/home/abdullahmm/Shivam/subtask2_blindtest_wReadme/bengali/bengali_blind_wav/427153_FufDXe7DFI8PaWGd_0037.wav,/home/abdullahmm/Shivam/subtask2_blindtest_wReadme/bengali/bengali_blind_wav/427153_FufDXe7DFI8PaWGd_0037.wav,ask command user ইনপুটকে ভেরিয়েবলে সংরক্ষণ করতে জিজ্ঞাসা করে enter টিপুন,8.0
/home/abdullahmm/Shivam/subtask2_blindtest_wReadme/bengali/bengali_blind_wav/427153_FufDXe7DFI8PaWGd_0038.wav,/home/abdullahmm/Shivam/subtask2_blindtest_wReadme/bengali/bengali_blind_wav/427153_FufDXe7DFI8PaWGd_0038.wav,fontsize space 28,6.0
/home/abdullahmm/Shivam/subtask2_blindtest_wReadme/bengali/bengali_blind_wav/427153_FufDXe7DFI8PaWGd_0039.wav,/home/abdullahmm/Shivam/subtask2_blindtest_wReadme/bengali/bengali_blind_wav/427153_FufDXe7DFI8PaWGd_0039.wav,এটি ফন্টের আকার নির্ধারিত করে,3.0
/home/abdullahmm/Shivam/subtask2_blindtest_wReadme/bengali/bengali_blind_wav/427153_FufDXe7DFI8PaWGd_0040.wav,/home/abdullahmm/Shivam/subtask2_blindtest_wReadme/bengali/bengali_blind_wav/427153_FufDXe7DFI8PaWGd_0040.wav,font size input হিসাবে সংখ্যা নেয় এবং pixel এ set করে,7.0
/home/abdullahmm/Shivam/subtask2_blindtest_wReadme/bengali/bengali_blind_wav/427153_FufDXe7DFI8PaWGd_0041.wav,/home/abdullahmm/Shivam/subtask2_blindtest_wReadme/bengali/bengali_blind_wav/427153_FufDXe7DFI8PaWGd_0041.wav,print $ i * $ i,9.0
/home/abdullahmm/Shivam/subtask2_blindtest_wReadme/bengali/bengali_blind_wav/427153_FufDXe7DFI8PaWGd_0042.wav,/home/abdullahmm/Shivam/subtask2_blindtest_wReadme/bengali/bengali_blind_wav/427153_FufDXe7DFI8PaWGd_0042.wav,print $ i * $ i সংখ্যার বর্গ গনণা এবং print করে enter টিপুন,9.0
/home/abdullahmm/Shivam/subtask2_blindtest_wReadme/bengali/bengali_blind_wav/427153_FufDXe7DFI8PaWGd_0043.wav,/home/abdullahmm/Shivam/subtask2_blindtest_wReadme/bengali/bengali_blind_wav/427153_FufDXe7DFI8PaWGd_0043.wav,sprite hide,3.0
/home/abdullahmm/Shivam/subtask2_blindtest_wReadme/bengali/bengali_blind_wav/427153_FufDXe7DFI8PaWGd_0044.wav,/home/abdullahmm/Shivam/subtask2_blindtest_wReadme/bengali/bengali_blind_wav/427153_FufDXe7DFI8PaWGd_0044.wav,the last word is not understandable,5.0
/home/abdullahmm/Shivam/subtask2_blindtest_wReadme/bengali/bengali_blind_wav/427153_FufDXe7DFI8PaWGd_0045.wav,/home/abdullahmm/Shivam/subtask2_blindtest_wReadme/bengali/bengali_blind_wav/427153_FufDXe7DFI8PaWGd_0045.wav,এখন program run করি,3.0
/home/abdullahmm/Shivam/subtask2_blindtest_wReadme/bengali/bengali_blind_wav/427153_FufDXe7DFI8PaWGd_0046.wav,/home/abdullahmm/Shivam/subtask2_blindtest_wReadme/bengali/bengali_blind_wav/427153_FufDXe7DFI8PaWGd_0046.wav,এডিটরে কোডের নিষ্পাদন শুরু করতে টুলবারে run বোতামে টিপুন,7.0
/home/abdullahmm/Shivam/subtask2_blindtest_wReadme/bengali/bengali_blind_wav/427153_FufDXe7DFI8PaWGd_0047.wav,/home/abdullahmm/Shivam/subtask2_blindtest_wReadme/bengali/bengali_blind_wav/427153_FufDXe7DFI8PaWGd_0047.wav,এটি নিষ্পাদন গতির সূচী প্রদর্শন করে,4.0
/home/abdullahmm/Shivam/subtask2_blindtest_wReadme/bengali/bengali_blind_wav/427153_FufDXe7DFI8PaWGd_0048.wav,/home/abdullahmm/Shivam/subtask2_blindtest_wReadme/bengali/bengali_blind_wav/427153_FufDXe7DFI8PaWGd_0048.wav,full speed no highlighting and inspector,3.0
/home/abdullahmm/Shivam/subtask2_blindtest_wReadme/bengali/bengali_blind_wav/427153_FufDXe7DFI8PaWGd_0049.wav,/home/abdullahmm/Shivam/subtask2_blindtest_wReadme/bengali/bengali_blind_wav/427153_FufDXe7DFI8PaWGd_0049.wav,full speed slow slower slowest এবং step by step,7.0
/home/abdullahmm/Shivam/subtask2_blindtest_wReadme/bengali/bengali_blind_wav/427153_FufDXe7DFI8PaWGd_0050.wav,/home/abdullahmm/Shivam/subtask2_blindtest_wReadme/bengali/bengali_blind_wav/427153_FufDXe7DFI8PaWGd_0050.wav,আমি slow গতিতে code run করব,4.0
/home/abdullahmm/Shivam/subtask2_blindtest_wReadme/bengali/bengali_blind_wav/427153_FufDXe7DFI8PaWGd_0051.wav,/home/abdullahmm/Shivam/subtask2_blindtest_wReadme/bengali/bengali_blind_wav/427153_FufDXe7DFI8PaWGd_0051.wav,input bar প্রদর্শিত হয়,2.0
/home/abdullahmm/Shivam/subtask2_blindtest_wReadme/bengali/bengali_blind_wav/427153_FufDXe7DFI8PaWGd_0052.wav,/home/abdullahmm/Shivam/subtask2_blindtest_wReadme/bengali/bengali_blind_wav/427153_FufDXe7DFI8PaWGd_0052.wav,i এর জন্য 15 লিখুন এবং ok টিপুন,6.0
/home/abdullahmm/Shivam/subtask2_blindtest_wReadme/bengali/bengali_blind_wav/427153_FufDXe7DFI8PaWGd_0053.wav,/home/abdullahmm/Shivam/subtask2_blindtest_wReadme/bengali/bengali_blind_wav/427153_FufDXe7DFI8PaWGd_0053.wav,15 এর বর্গ = 225 ক্যানভাসে প্রদর্শিত হয়,6.0
/home/abdullahmm/Shivam/subtask2_blindtest_wReadme/bengali/bengali_blind_wav/427153_FufDXe7DFI8PaWGd_0054.wav,/home/abdullahmm/Shivam/subtask2_blindtest_wReadme/bengali/bengali_blind_wav/427153_FufDXe7DFI8PaWGd_0054.wav,এখন program দ্বারা সংখ্যার nth ঘাত নিরূপন করা শিখি,7.0
/home/abdullahmm/Shivam/subtask2_blindtest_wReadme/bengali/bengali_blind_wav/427153_FufDXe7DFI8PaWGd_0055.wav,/home/abdullahmm/Shivam/subtask2_blindtest_wReadme/bengali/bengali_blind_wav/427153_FufDXe7DFI8PaWGd_0055.wav,এখানে ইতিমধ্যে text editor program রয়েছে,4.0
/home/abdullahmm/Shivam/subtask2_blindtest_wReadme/bengali/bengali_blind_wav/427153_FufDXe7DFI8PaWGd_0056.wav,/home/abdullahmm/Shivam/subtask2_blindtest_wReadme/bengali/bengali_blind_wav/427153_FufDXe7DFI8PaWGd_0056.wav,আমি text editor থেকে program copy করব এবং kturtle এডিটরে paste করব,10.0
/home/abdullahmm/Shivam/subtask2_blindtest_wReadme/bengali/bengali_blind_wav/427153_FufDXe7DFI8PaWGd_0057.wav,/home/abdullahmm/Shivam/subtask2_blindtest_wReadme/bengali/bengali_blind_wav/427153_FufDXe7DFI8PaWGd_0057.wav,এখানে tutorial থামান এবং kturtle এডিটরে program copy করুন,7.0
/home/abdullahmm/Shivam/subtask2_blindtest_wReadme/bengali/bengali_blind_wav/427153_FufDXe7DFI8PaWGd_0058.wav,/home/abdullahmm/Shivam/subtask2_blindtest_wReadme/bengali/bengali_blind_wav/427153_FufDXe7DFI8PaWGd_0058.wav,program টেক্সটে zoom করি,4.0
/home/abdullahmm/Shivam/subtask2_blindtest_wReadme/bengali/bengali_blind_wav/427153_FufDXe7DFI8PaWGd_0059.wav,/home/abdullahmm/Shivam/subtask2_blindtest_wReadme/bengali/bengali_blind_wav/427153_FufDXe7DFI8PaWGd_0059.wav,code ব্যাখ্যা করি,2.0
/home/abdullahmm/Shivam/subtask2_blindtest_wReadme/bengali/bengali_blind_wav/427153_FufDXe7DFI8PaWGd_0060.wav,/home/abdullahmm/Shivam/subtask2_blindtest_wReadme/bengali/bengali_blind_wav/427153_FufDXe7DFI8PaWGd_0060.wav,# চিহ্ন এর পর লিখিত line comment করে,4.0
/home/abdullahmm/Shivam/subtask2_blindtest_wReadme/bengali/bengali_blind_wav/427153_FufDXe7DFI8PaWGd_0061.wav,/home/abdullahmm/Shivam/subtask2_blindtest_wReadme/bengali/bengali_blind_wav/427153_FufDXe7DFI8PaWGd_0061.wav,reset command turtle কে default স্থানে set করে,5.0
/home/abdullahmm/Shivam/subtask2_blindtest_wReadme/bengali/bengali_blind_wav/427153_FufDXe7DFI8PaWGd_0062.wav,/home/abdullahmm/Shivam/subtask2_blindtest_wReadme/bengali/bengali_blind_wav/427153_FufDXe7DFI8PaWGd_0062.wav,$ i এবং $ n হল user input সংরক্ষণ করতে একটি variable,7.0
/home/abdullahmm/Shivam/subtask2_blindtest_wReadme/bengali/bengali_blind_wav/427153_FufDXe7DFI8PaWGd_0063.wav,/home/abdullahmm/Shivam/subtask2_blindtest_wReadme/bengali/bengali_blind_wav/427153_FufDXe7DFI8PaWGd_0063.wav,ask command user input কে ভেরিয়েবলে সংরক্ষণ করতে জিজ্ঞাসা করে,6.0
/home/abdullahmm/Shivam/subtask2_blindtest_wReadme/bengali/bengali_blind_wav/427153_FufDXe7DFI8PaWGd_0064.wav,/home/abdullahmm/Shivam/subtask2_blindtest_wReadme/bengali/bengali_blind_wav/427153_FufDXe7DFI8PaWGd_0064.wav,fontsize 28 print দ্বারা ব্যবহৃত font এর আকার নির্ধারিত করে,6.0
/home/abdullahmm/Shivam/subtask2_blindtest_wReadme/bengali/bengali_blind_wav/427153_FufDXe7DFI8PaWGd_0065.wav,/home/abdullahmm/Shivam/subtask2_blindtest_wReadme/bengali/bengali_blind_wav/427153_FufDXe7DFI8PaWGd_0065.wav,font size input হিসাবে সংখ্যা নেয় এবং pixel এ set করে,6.0
/home/abdullahmm/Shivam/subtask2_blindtest_wReadme/bengali/bengali_blind_wav/427153_FufDXe7DFI8PaWGd_0066.wav,/home/abdullahmm/Shivam/subtask2_blindtest_wReadme/bengali/bengali_blind_wav/427153_FufDXe7DFI8PaWGd_0066.wav,print $ i ^ $ n সংখ্যার nth ঘাত নিরূপণ এবং print করে,9.0
/home/abdullahmm/Shivam/subtask2_blindtest_wReadme/bengali/bengali_blind_wav/427153_FufDXe7DFI8PaWGd_0067.wav,/home/abdullahmm/Shivam/subtask2_blindtest_wReadme/bengali/bengali_blind_wav/427153_FufDXe7DFI8PaWGd_0067.wav,sprite hide canvas থেকে turtle লুকোয়,5.0
/home/abdullahmm/Shivam/subtask2_blindtest_wReadme/bengali/bengali_blind_wav/427153_FufDXe7DFI8PaWGd_0068.wav,/home/abdullahmm/Shivam/subtask2_blindtest_wReadme/bengali/bengali_blind_wav/427153_FufDXe7DFI8PaWGd_0068.wav,program run করি,3.0
/home/abdullahmm/Shivam/subtask2_blindtest_wReadme/bengali/bengali_blind_wav/427153_FufDXe7DFI8PaWGd_0069.wav,/home/abdullahmm/Shivam/subtask2_blindtest_wReadme/bengali/bengali_blind_wav/427153_FufDXe7DFI8PaWGd_0069.wav,i এর জন্য 5 লিখে ok টিপুন,5.0
/home/abdullahmm/Shivam/subtask2_blindtest_wReadme/bengali/bengali_blind_wav/427153_FufDXe7DFI8PaWGd_0070.wav,/home/abdullahmm/Shivam/subtask2_blindtest_wReadme/bengali/bengali_blind_wav/427153_FufDXe7DFI8PaWGd_0070.wav,n এর জন্য 4 লিখুন এবং ok টিপুন 5 ^ 4 = 625 ক্যানভাসে প্রদর্শিত হয়,13.0
/home/abdullahmm/Shivam/subtask2_blindtest_wReadme/bengali/bengali_blind_wav/427153_FufDXe7DFI8PaWGd_0071.wav,/home/abdullahmm/Shivam/subtask2_blindtest_wReadme/bengali/bengali_blind_wav/427153_FufDXe7DFI8PaWGd_0071.wav,এরপর সংখ্যার বর্গমূল নিরূপন করতে প্রোগ্রামে inbuilt function sqrt ব্যবহার করুন,9.0
/home/abdullahmm/Shivam/subtask2_blindtest_wReadme/bengali/bengali_blind_wav/427153_FufDXe7DFI8PaWGd_0072.wav,/home/abdullahmm/Shivam/subtask2_blindtest_wReadme/bengali/bengali_blind_wav/427153_FufDXe7DFI8PaWGd_0072.wav,আমি text editor থেকে program copy করব এবং kturtle editor paste করব,8.0
/home/abdullahmm/Shivam/subtask2_blindtest_wReadme/bengali/bengali_blind_wav/427153_FufDXe7DFI8PaWGd_0073.wav,/home/abdullahmm/Shivam/subtask2_blindtest_wReadme/bengali/bengali_blind_wav/427153_FufDXe7DFI8PaWGd_0073.wav,এখানে tutorial থামান এবং kturtle এডিটরে program copy করুন,8.0
/home/abdullahmm/Shivam/subtask2_blindtest_wReadme/bengali/bengali_blind_wav/427153_FufDXe7DFI8PaWGd_0074.wav,/home/abdullahmm/Shivam/subtask2_blindtest_wReadme/bengali/bengali_blind_wav/427153_FufDXe7DFI8PaWGd_0074.wav,আমি program টেক্সটে zoom করি এটি সম্ভবত একটু ঝাপসা হতে পারে,6.0
/home/abdullahmm/Shivam/subtask2_blindtest_wReadme/bengali/bengali_blind_wav/427153_FufDXe7DFI8PaWGd_0075.wav,/home/abdullahmm/Shivam/subtask2_blindtest_wReadme/bengali/bengali_blind_wav/427153_FufDXe7DFI8PaWGd_0075.wav,code ব্যাখ্যা করি,3.0
/home/abdullahmm/Shivam/subtask2_blindtest_wReadme/bengali/bengali_blind_wav/427153_FufDXe7DFI8PaWGd_0076.wav,/home/abdullahmm/Shivam/subtask2_blindtest_wReadme/bengali/bengali_blind_wav/427153_FufDXe7DFI8PaWGd_0076.wav,# চিহ্ন এর পর লিখিত line comment করে,5.0
/home/abdullahmm/Shivam/subtask2_blindtest_wReadme/bengali/bengali_blind_wav/427153_FufDXe7DFI8PaWGd_0077.wav,/home/abdullahmm/Shivam/subtask2_blindtest_wReadme/bengali/bengali_blind_wav/427153_FufDXe7DFI8PaWGd_0077.wav,reset command turtle কে default স্থানে set করে,5.0
/home/abdullahmm/Shivam/subtask2_blindtest_wReadme/bengali/bengali_blind_wav/427153_FufDXe7DFI8PaWGd_0078.wav,/home/abdullahmm/Shivam/subtask2_blindtest_wReadme/bengali/bengali_blind_wav/427153_FufDXe7DFI8PaWGd_0078.wav,$ i হল user input সংরক্ষণ করতে একটি variable,5.0
/home/abdullahmm/Shivam/subtask2_blindtest_wReadme/bengali/bengali_blind_wav/427153_FufDXe7DFI8PaWGd_0079.wav,/home/abdullahmm/Shivam/subtask2_blindtest_wReadme/bengali/bengali_blind_wav/427153_FufDXe7DFI8PaWGd_0079.wav,fontsize 28 print দ্বারা ব্যবহৃত font এর আকার নির্ধারিত করে,5.0
/home/abdullahmm/Shivam/subtask2_blindtest_wReadme/bengali/bengali_blind_wav/427153_FufDXe7DFI8PaWGd_0080.wav,/home/abdullahmm/Shivam/subtask2_blindtest_wReadme/bengali/bengali_blind_wav/427153_FufDXe7DFI8PaWGd_0080.wav,print sqrt $ i সংখ্যার বর্গমূল print করে,7.0
/home/abdullahmm/Shivam/subtask2_blindtest_wReadme/bengali/bengali_blind_wav/427153_FufDXe7DFI8PaWGd_0081.wav,/home/abdullahmm/Shivam/subtask2_blindtest_wReadme/bengali/bengali_blind_wav/427153_FufDXe7DFI8PaWGd_0081.wav,sprite hide canvas থেকে turtle লুকোয়,5.0
/home/abdullahmm/Shivam/subtask2_blindtest_wReadme/bengali/bengali_blind_wav/427153_FufDXe7DFI8PaWGd_0082.wav,/home/abdullahmm/Shivam/subtask2_blindtest_wReadme/bengali/bengali_blind_wav/427153_FufDXe7DFI8PaWGd_0082.wav,program run করি,4.0
/home/abdullahmm/Shivam/subtask2_blindtest_wReadme/bengali/bengali_blind_wav/427153_FufDXe7DFI8PaWGd_0083.wav,/home/abdullahmm/Shivam/subtask2_blindtest_wReadme/bengali/bengali_blind_wav/427153_FufDXe7DFI8PaWGd_0083.wav,i এর জন্য 169 লিখুন ok টিপুন,6.0
/home/abdullahmm/Shivam/subtask2_blindtest_wReadme/bengali/bengali_blind_wav/427153_FufDXe7DFI8PaWGd_0084.wav,/home/abdullahmm/Shivam/subtask2_blindtest_wReadme/bengali/bengali_blind_wav/427153_FufDXe7DFI8PaWGd_0084.wav,169 এর বর্গমূল 13 ক্যানভাসে প্রদর্শিত হয়,5.0
/home/abdullahmm/Shivam/subtask2_blindtest_wReadme/bengali/bengali_blind_wav/427153_FufDXe7DFI8PaWGd_0085.wav,/home/abdullahmm/Shivam/subtask2_blindtest_wReadme/bengali/bengali_blind_wav/427153_FufDXe7DFI8PaWGd_0085.wav,আবার run করি,3.0
/home/abdullahmm/Shivam/subtask2_blindtest_wReadme/bengali/bengali_blind_wav/427153_FufDXe7DFI8PaWGd_0086.wav,/home/abdullahmm/Shivam/subtask2_blindtest_wReadme/bengali/bengali_blind_wav/427153_FufDXe7DFI8PaWGd_0086.wav,i এর জন্য - 169 লিখে ok টিপুন,7.0
/home/abdullahmm/Shivam/subtask2_blindtest_wReadme/bengali/bengali_blind_wav/427153_FufDXe7DFI8PaWGd_0087.wav,/home/abdullahmm/Shivam/subtask2_blindtest_wReadme/bengali/bengali_blind_wav/427153_FufDXe7DFI8PaWGd_0087.wav,যদি আমরা ঋণাত্মক মান লিখি output হল nan অর্থাৎ not a number,7.0
/home/abdullahmm/Shivam/subtask2_blindtest_wReadme/bengali/bengali_blind_wav/427153_FufDXe7DFI8PaWGd_0088.wav,/home/abdullahmm/Shivam/subtask2_blindtest_wReadme/bengali/bengali_blind_wav/427153_FufDXe7DFI8PaWGd_0088.wav,কারণ ঋণাত্মক সংখ্যার বর্গমূল একটি বাস্তব সংখ্যা নয়,6.0
/home/abdullahmm/Shivam/subtask2_blindtest_wReadme/bengali/bengali_blind_wav/427153_FufDXe7DFI8PaWGd_0089.wav,/home/abdullahmm/Shivam/subtask2_blindtest_wReadme/bengali/bengali_blind_wav/427153_FufDXe7DFI8PaWGd_0089.wav,এরপর একটি প্রোগ্রামের মাধ্যমে ধনাত্মক সংখ্যার ঘনমূল নির্ণয় করি,6.0
/home/abdullahmm/Shivam/subtask2_blindtest_wReadme/bengali/bengali_blind_wav/427153_FufDXe7DFI8PaWGd_0090.wav,/home/abdullahmm/Shivam/subtask2_blindtest_wReadme/bengali/bengali_blind_wav/427153_FufDXe7DFI8PaWGd_0090.wav,আমি text editor থেকে program copy করব এবং kturtle এডিটরে paste করব,11.0
/home/abdullahmm/Shivam/subtask2_blindtest_wReadme/bengali/bengali_blind_wav/427153_FufDXe7DFI8PaWGd_0091.wav,/home/abdullahmm/Shivam/subtask2_blindtest_wReadme/bengali/bengali_blind_wav/427153_FufDXe7DFI8PaWGd_0091.wav,এখানে tutorial থামান এবং kturtle এডিটরে program copy করুন,6.0
/home/abdullahmm/Shivam/subtask2_blindtest_wReadme/bengali/bengali_blind_wav/427153_FufDXe7DFI8PaWGd_0092.wav,/home/abdullahmm/Shivam/subtask2_blindtest_wReadme/bengali/bengali_blind_wav/427153_FufDXe7DFI8PaWGd_0092.wav,আমি program টেক্সটে zoom করি এটি সম্ভবত একটু ঝাপসা হতে পারে,6.0
/home/abdullahmm/Shivam/subtask2_blindtest_wReadme/bengali/bengali_blind_wav/427153_FufDXe7DFI8PaWGd_0093.wav,/home/abdullahmm/Shivam/subtask2_blindtest_wReadme/bengali/bengali_blind_wav/427153_FufDXe7DFI8PaWGd_0093.wav,code ব্যাখ্যা করি #,4.0
/home/abdullahmm/Shivam/subtask2_blindtest_wReadme/bengali/bengali_blind_wav/427153_FufDXe7DFI8PaWGd_0094.wav,/home/abdullahmm/Shivam/subtask2_blindtest_wReadme/bengali/bengali_blind_wav/427153_FufDXe7DFI8PaWGd_0094.wav,এর পর লিখিত line comment করে,3.0
/home/abdullahmm/Shivam/subtask2_blindtest_wReadme/bengali/bengali_blind_wav/427153_FufDXe7DFI8PaWGd_0095.wav,/home/abdullahmm/Shivam/subtask2_blindtest_wReadme/bengali/bengali_blind_wav/427153_FufDXe7DFI8PaWGd_0095.wav,এটি একটি single line comment,4.0
/home/abdullahmm/Shivam/subtask2_blindtest_wReadme/bengali/bengali_blind_wav/427153_FufDXe7DFI8PaWGd_0096.wav,/home/abdullahmm/Shivam/subtask2_blindtest_wReadme/bengali/bengali_blind_wav/427153_FufDXe7DFI8PaWGd_0096.wav,প্রতিটি comment # চিহ্ন এর পূর্বে আসা আবশ্যক,6.0
/home/abdullahmm/Shivam/subtask2_blindtest_wReadme/bengali/bengali_blind_wav/427153_FufDXe7DFI8PaWGd_0097.wav,/home/abdullahmm/Shivam/subtask2_blindtest_wReadme/bengali/bengali_blind_wav/427153_FufDXe7DFI8PaWGd_0097.wav,reset command turtle কে default স্থানে set করে,5.0
/home/abdullahmm/Shivam/subtask2_blindtest_wReadme/bengali/bengali_blind_wav/427153_FufDXe7DFI8PaWGd_0098.wav,/home/abdullahmm/Shivam/subtask2_blindtest_wReadme/bengali/bengali_blind_wav/427153_FufDXe7DFI8PaWGd_0098.wav,$ i এবং $ c হল user input সংরক্ষণ করতে একটি variable,6.0
/home/abdullahmm/Shivam/subtask2_blindtest_wReadme/bengali/bengali_blind_wav/427153_FufDXe7DFI8PaWGd_0099.wav,/home/abdullahmm/Shivam/subtask2_blindtest_wReadme/bengali/bengali_blind_wav/427153_FufDXe7DFI8PaWGd_0099.wav,$ c = $ i ^ 1 / 3 সংখ্যার ঘনমূল নির্ণয় করে,8.0
/home/abdullahmm/Shivam/subtask2_blindtest_wReadme/bengali/bengali_blind_wav/427153_FufDXe7DFI8PaWGd_0100.wav,/home/abdullahmm/Shivam/subtask2_blindtest_wReadme/bengali/bengali_blind_wav/427153_FufDXe7DFI8PaWGd_0100.wav,font size 28 print দ্বারা ব্যবহৃত font এর আকার নির্ধারিত করে,6.0
/home/abdullahmm/Shivam/subtask2_blindtest_wReadme/bengali/bengali_blind_wav/427153_FufDXe7DFI8PaWGd_0101.wav,/home/abdullahmm/Shivam/subtask2_blindtest_wReadme/bengali/bengali_blind_wav/427153_FufDXe7DFI8PaWGd_0101.wav,print $ c সংখ্যার ঘনমূল print করে,6.0
/home/abdullahmm/Shivam/subtask2_blindtest_wReadme/bengali/bengali_blind_wav/427153_FufDXe7DFI8PaWGd_0102.wav,/home/abdullahmm/Shivam/subtask2_blindtest_wReadme/bengali/bengali_blind_wav/427153_FufDXe7DFI8PaWGd_0102.wav,sprite hide canvas থেকে turtle লুকোয়,4.0
/home/abdullahmm/Shivam/subtask2_blindtest_wReadme/bengali/bengali_blind_wav/427153_FufDXe7DFI8PaWGd_0103.wav,/home/abdullahmm/Shivam/subtask2_blindtest_wReadme/bengali/bengali_blind_wav/427153_FufDXe7DFI8PaWGd_0103.wav,এখন program run করি,4.0
/home/abdullahmm/Shivam/subtask2_blindtest_wReadme/bengali/bengali_blind_wav/427153_FufDXe7DFI8PaWGd_0104.wav,/home/abdullahmm/Shivam/subtask2_blindtest_wReadme/bengali/bengali_blind_wav/427153_FufDXe7DFI8PaWGd_0104.wav,এখন i এর জন্য 343 লিখে ok টিপুন,7.0
/home/abdullahmm/Shivam/subtask2_blindtest_wReadme/bengali/bengali_blind_wav/427153_FufDXe7DFI8PaWGd_0105.wav,/home/abdullahmm/Shivam/subtask2_blindtest_wReadme/bengali/bengali_blind_wav/427153_FufDXe7DFI8PaWGd_0105.wav,343 এর ঘনমূল canvas প্রদর্শিত হয়,6.0
/home/abdullahmm/Shivam/subtask2_blindtest_wReadme/bengali/bengali_blind_wav/427153_FufDXe7DFI8PaWGd_0106.wav,/home/abdullahmm/Shivam/subtask2_blindtest_wReadme/bengali/bengali_blind_wav/427153_FufDXe7DFI8PaWGd_0106.wav,আমরা tutorial শেষে চলে এসেছি,3.0
/home/abdullahmm/Shivam/subtask2_blindtest_wReadme/bengali/bengali_blind_wav/427153_FufDXe7DFI8PaWGd_0107.wav,/home/abdullahmm/Shivam/subtask2_blindtest_wReadme/bengali/bengali_blind_wav/427153_FufDXe7DFI8PaWGd_0107.wav,সংক্ষিপ্তকরণ করি,3.0
/home/abdullahmm/Shivam/subtask2_blindtest_wReadme/bengali/bengali_blind_wav/427153_FufDXe7DFI8PaWGd_0108.wav,/home/abdullahmm/Shivam/subtask2_blindtest_wReadme/bengali/bengali_blind_wav/427153_FufDXe7DFI8PaWGd_0108.wav,in tutorial আমরা শিখেছি,3.0
/home/abdullahmm/Shivam/subtask2_blindtest_wReadme/bengali/bengali_blind_wav/427153_FufDXe7DFI8PaWGd_0109.wav,/home/abdullahmm/Shivam/subtask2_blindtest_wReadme/bengali/bengali_blind_wav/427153_FufDXe7DFI8PaWGd_0109.wav,programming concepts,3.0
/home/abdullahmm/Shivam/subtask2_blindtest_wReadme/bengali/bengali_blind_wav/427153_FufDXe7DFI8PaWGd_0110.wav,/home/abdullahmm/Shivam/subtask2_blindtest_wReadme/bengali/bengali_blind_wav/427153_FufDXe7DFI8PaWGd_0110.wav,sqrt ফাংশনের ব্যবহার,3.0
/home/abdullahmm/Shivam/subtask2_blindtest_wReadme/bengali/bengali_blind_wav/427153_FufDXe7DFI8PaWGd_0111.wav,/home/abdullahmm/Shivam/subtask2_blindtest_wReadme/bengali/bengali_blind_wav/427153_FufDXe7DFI8PaWGd_0111.wav,print command ব্যবহার,2.0
/home/abdullahmm/Shivam/subtask2_blindtest_wReadme/bengali/bengali_blind_wav/427153_FufDXe7DFI8PaWGd_0112.wav,/home/abdullahmm/Shivam/subtask2_blindtest_wReadme/bengali/bengali_blind_wav/427153_FufDXe7DFI8PaWGd_0112.wav,kturtle editor এবং ক্যানভাসের ব্যবহার,5.0
/home/abdullahmm/Shivam/subtask2_blindtest_wReadme/bengali/bengali_blind_wav/427153_FufDXe7DFI8PaWGd_0113.wav,/home/abdullahmm/Shivam/subtask2_blindtest_wReadme/bengali/bengali_blind_wav/427153_FufDXe7DFI8PaWGd_0113.wav,নির্দেশিত কাজ হিসাবে মৌলিক programming commands ব্যবহার করে,6.0
/home/abdullahmm/Shivam/subtask2_blindtest_wReadme/bengali/bengali_blind_wav/427153_FufDXe7DFI8PaWGd_0114.wav,/home/abdullahmm/Shivam/subtask2_blindtest_wReadme/bengali/bengali_blind_wav/427153_FufDXe7DFI8PaWGd_0114.wav,সংখ্যার ঘন এবং সংখ্যার,3.0
/home/abdullahmm/Shivam/subtask2_blindtest_wReadme/bengali/bengali_blind_wav/427153_FufDXe7DFI8PaWGd_0115.wav,/home/abdullahmm/Shivam/subtask2_blindtest_wReadme/bengali/bengali_blind_wav/427153_FufDXe7DFI8PaWGd_0115.wav,nth root নির্ণয় করুন,4.0
/home/abdullahmm/Shivam/subtask2_blindtest_wReadme/bengali/bengali_blind_wav/427153_FufDXe7DFI8PaWGd_0116.wav,/home/abdullahmm/Shivam/subtask2_blindtest_wReadme/bengali/bengali_blind_wav/427153_FufDXe7DFI8PaWGd_0116.wav,এই লিঙ্কে উপলব্ধ video টি দেখুন,4.0
/home/abdullahmm/Shivam/subtask2_blindtest_wReadme/bengali/bengali_blind_wav/427153_FufDXe7DFI8PaWGd_0117.wav,/home/abdullahmm/Shivam/subtask2_blindtest_wReadme/bengali/bengali_blind_wav/427153_FufDXe7DFI8PaWGd_0117.wav,এটি প্রকল্পকে সারসংক্ষেপে বোঝায়,3.0
/home/abdullahmm/Shivam/subtask2_blindtest_wReadme/bengali/bengali_blind_wav/427153_FufDXe7DFI8PaWGd_0118.wav,/home/abdullahmm/Shivam/subtask2_blindtest_wReadme/bengali/bengali_blind_wav/427153_FufDXe7DFI8PaWGd_0118.wav,ভাল bandwidth না থাকলে ভিডিওটি download করে দেখুন,5.0
/home/abdullahmm/Shivam/subtask2_blindtest_wReadme/bengali/bengali_blind_wav/427153_FufDXe7DFI8PaWGd_0119.wav,/home/abdullahmm/Shivam/subtask2_blindtest_wReadme/bengali/bengali_blind_wav/427153_FufDXe7DFI8PaWGd_0119.wav,spoken tutorial প্রকল্প the,2.0
/home/abdullahmm/Shivam/subtask2_blindtest_wReadme/bengali/bengali_blind_wav/427153_FufDXe7DFI8PaWGd_0120.wav,/home/abdullahmm/Shivam/subtask2_blindtest_wReadme/bengali/bengali_blind_wav/427153_FufDXe7DFI8PaWGd_0120.wav,কথ্য tutorials ব্যবহার করে কর্মশালার আয়োজন করে,3.0
/home/abdullahmm/Shivam/subtask2_blindtest_wReadme/bengali/bengali_blind_wav/427153_FufDXe7DFI8PaWGd_0121.wav,/home/abdullahmm/Shivam/subtask2_blindtest_wReadme/bengali/bengali_blind_wav/427153_FufDXe7DFI8PaWGd_0121.wav,online পরীক্ষা pass করলে প্রশংসাপত্র দেয়,3.0
/home/abdullahmm/Shivam/subtask2_blindtest_wReadme/bengali/bengali_blind_wav/427153_FufDXe7DFI8PaWGd_0123.wav,/home/abdullahmm/Shivam/subtask2_blindtest_wReadme/bengali/bengali_blind_wav/427153_FufDXe7DFI8PaWGd_0123.wav,spoken tutorial talk to a teacher প্রকল্পের অংশবিশেষ,4.0
/home/abdullahmm/Shivam/subtask2_blindtest_wReadme/bengali/bengali_blind_wav/427153_FufDXe7DFI8PaWGd_0124.wav,/home/abdullahmm/Shivam/subtask2_blindtest_wReadme/bengali/bengali_blind_wav/427153_FufDXe7DFI8PaWGd_0124.wav,এটি ভারত সরকারের ict mhrd এর জাতীয় শিক্ষা mission দ্বারা সমর্থিত,7.0
/home/abdullahmm/Shivam/subtask2_blindtest_wReadme/bengali/bengali_blind_wav/427153_FufDXe7DFI8PaWGd_0125.wav,/home/abdullahmm/Shivam/subtask2_blindtest_wReadme/bengali/bengali_blind_wav/427153_FufDXe7DFI8PaWGd_0125.wav,এই বিষয়ে বিস্তারিত তথ্য এই লিঙ্কে প্রাপ্তিসাধ্য,4.0
/home/abdullahmm/Shivam/subtask2_blindtest_wReadme/bengali/bengali_blind_wav/427153_FufDXe7DFI8PaWGd_0126.wav,/home/abdullahmm/Shivam/subtask2_blindtest_wReadme/bengali/bengali_blind_wav/427153_FufDXe7DFI8PaWGd_0126.wav,আমি কৌশিক দত্ত এই টিউটোরিয়ালটি অনুবাদ করেছি,6.05
/home/abdullahmm/Shivam/subtask2_blindtest_wReadme/bengali/bengali_blind_wav/428376_jqPD7lK1HlIvLGsz_0000.wav,/home/abdullahmm/Shivam/subtask2_blindtest_wReadme/bengali/bengali_blind_wav/428376_jqPD7lK1HlIvLGsz_0000.wav,নমস্কার বন্ধুগণ c deep iit বোম্বের পক্ষ থেকে আমি এই কথ্য টিউটোরিয়ালে আপনাদের স্বাগত জানাই,7.0
/home/abdullahmm/Shivam/subtask2_blindtest_wReadme/bengali/bengali_blind_wav/428376_jqPD7lK1HlIvLGsz_0001.wav,/home/abdullahmm/Shivam/subtask2_blindtest_wReadme/bengali/bengali_blind_wav/428376_jqPD7lK1HlIvLGsz_0001.wav,এই টিউটোরিয়ালটি আপনাকে একটি কথ্য টিউটোরিয়ালকে অথবা একটি movie ক্লিপকে এক ভাষা থেকে অন্য ভাষায় ধাপে ধাপে অনুবাদ করা শেখাবে,9.0
/home/abdullahmm/Shivam/subtask2_blindtest_wReadme/bengali/bengali_blind_wav/428376_jqPD7lK1HlIvLGsz_0002.wav,/home/abdullahmm/Shivam/subtask2_blindtest_wReadme/bengali/bengali_blind_wav/428376_jqPD7lK1HlIvLGsz_0002.wav,আপনার যা প্রয়োজন তা হলো একটি headset অথবা একটি mic এবং speaker যা আপনার কম্পিউটারের সাহায্যে সংযুক্ত করা যাবে,10.0
/home/abdullahmm/Shivam/subtask2_blindtest_wReadme/bengali/bengali_blind_wav/428376_jqPD7lK1HlIvLGsz_0003.wav,/home/abdullahmm/Shivam/subtask2_blindtest_wReadme/bengali/bengali_blind_wav/428376_jqPD7lK1HlIvLGsz_0003.wav,windows movie maker microsoft windows একটি উপাদান এটি একটি সম্পাদনা software যা সকল আধুনিক windows সংস্করণ me xp অথবা ভিস্তার জন্য উপলব্ধ,13.0
/home/abdullahmm/Shivam/subtask2_blindtest_wReadme/bengali/bengali_blind_wav/428376_jqPD7lK1HlIvLGsz_0005.wav,/home/abdullahmm/Shivam/subtask2_blindtest_wReadme/bengali/bengali_blind_wav/428376_jqPD7lK1HlIvLGsz_0005.wav,windows movie maker এর প্রতিমূর্তির উপর double click করে এটি চালান এটি আপনার পর্দায় একটি খালি movie প্রকল্প খুলবে ডান দিকে movie task panel দেখেন,15.0
/home/abdullahmm/Shivam/subtask2_blindtest_wReadme/bengali/bengali_blind_wav/428376_jqPD7lK1HlIvLGsz_0006.wav,/home/abdullahmm/Shivam/subtask2_blindtest_wReadme/bengali/bengali_blind_wav/428376_jqPD7lK1HlIvLGsz_0006.wav,এই panel বিভিন্ন বিকল্প রয়েছে প্রথম বিকল্পটি হল capture video এই বিকল্পের অধীনে আপনি import video up বিকল্প দেখতে পারেন এটিতে টিপুন,13.0
/home/abdullahmm/Shivam/subtask2_blindtest_wReadme/bengali/bengali_blind_wav/428376_jqPD7lK1HlIvLGsz_0007.wav,/home/abdullahmm/Shivam/subtask2_blindtest_wReadme/bengali/bengali_blind_wav/428376_jqPD7lK1HlIvLGsz_0007.wav,এটি import video dialog box খুলবে dubbed . wmv ফাইলের অবস্থানে যান আমি ফাইলটি নির্বাচন করে ইম্পোর্টে টিপব,14.0
/home/abdullahmm/Shivam/subtask2_blindtest_wReadme/bengali/bengali_blind_wav/428376_jqPD7lK1HlIvLGsz_0008.wav,/home/abdullahmm/Shivam/subtask2_blindtest_wReadme/bengali/bengali_blind_wav/428376_jqPD7lK1HlIvLGsz_0008.wav,video এখন উইন্ডোজ movie মেকারের মধ্যে imported করা হচ্ছে ভিডিওটি এখন কালেকশন প্যানেলে প্রদর্শিত হবে যদি ভিডিওটি বড় হয় তাহলে windows movie maker স্বয়ংই ভিডিওটি ক্লিপে বিভক্ত করে দেবে,16.0
/home/abdullahmm/Shivam/subtask2_blindtest_wReadme/bengali/bengali_blind_wav/428376_jqPD7lK1HlIvLGsz_0009.wav,/home/abdullahmm/Shivam/subtask2_blindtest_wReadme/bengali/bengali_blind_wav/428376_jqPD7lK1HlIvLGsz_0009.wav,ctrl + a টিপে সব ক্লিপকে নির্বাচন করুন এখন ক্লিপের উপর right click করুন এবং add to timeline বিকল্প নির্বাচন করুন video clip এখানে টাইমলাইনের উপর যুক্ত হয়ে যাবে,13.0
/home/abdullahmm/Shivam/subtask2_blindtest_wReadme/bengali/bengali_blind_wav/428376_jqPD7lK1HlIvLGsz_0010.wav,/home/abdullahmm/Shivam/subtask2_blindtest_wReadme/bengali/bengali_blind_wav/428376_jqPD7lK1HlIvLGsz_0010.wav,ভিডিওর পাশের + button টিপুন এখন আপনি audio timeline দেখতে পাবেন কোনও একটি ক্লপে টিপে এটি নির্বাচন করুন এখন rght click করে select all বিকল্পটি নির্বাচন করুন,15.0
/home/abdullahmm/Shivam/subtask2_blindtest_wReadme/bengali/bengali_blind_wav/428376_jqPD7lK1HlIvLGsz_0011.wav,/home/abdullahmm/Shivam/subtask2_blindtest_wReadme/bengali/bengali_blind_wav/428376_jqPD7lK1HlIvLGsz_0011.wav,সমস্ত audio clip নির্বাচিত করা হবে এখন মুখ্য তালিকায় যান clip audio এবং mute চয়ন করুন,19.0
/home/abdullahmm/Shivam/subtask2_blindtest_wReadme/bengali/bengali_blind_wav/428376_jqPD7lK1HlIvLGsz_0012.wav,/home/abdullahmm/Shivam/subtask2_blindtest_wReadme/bengali/bengali_blind_wav/428376_jqPD7lK1HlIvLGsz_0012.wav,frame head এ লক্ষ্য করুন যা টাইমলাইনের উপর বর্তমান সময়কে নির্দেশ করে defaultরূপে frame head টাইমলাইনের শুরুতে হয়,10.0
/home/abdullahmm/Shivam/subtask2_blindtest_wReadme/bengali/bengali_blind_wav/428376_jqPD7lK1HlIvLGsz_0013.wav,/home/abdullahmm/Shivam/subtask2_blindtest_wReadme/bengali/bengali_blind_wav/428376_jqPD7lK1HlIvLGsz_0013.wav,এখন মুখ্য তালিকায় tools বিকল্পতে টিপুন এবং narrate timeline up বিকল্পতে টিপুন এটি আপনাকে narrate timline পর্দায় নিয়ে আসবে সবার প্রথমে আপনাকে বর্ণনা করা জন্য input স্তর নির্বাচন করতে হবে,19.0
/home/abdullahmm/Shivam/subtask2_blindtest_wReadme/bengali/bengali_blind_wav/428376_jqPD7lK1HlIvLGsz_0014.wav,/home/abdullahmm/Shivam/subtask2_blindtest_wReadme/bengali/bengali_blind_wav/428376_jqPD7lK1HlIvLGsz_0014.wav,input স্তর নির্বাচন করার সময় লাল রঙের এলাকায় প্রবেশ না করে meter এর উপরের অংশের দিকের স্তর নির্বাচন করুন যা উপর থেকে দ্বিতীয় line দ্বারা চিহ্নিত করা হয়েছে,13.0
/home/abdullahmm/Shivam/subtask2_blindtest_wReadme/bengali/bengali_blind_wav/428376_jqPD7lK1HlIvLGsz_0015.wav,/home/abdullahmm/Shivam/subtask2_blindtest_wReadme/bengali/bengali_blind_wav/428376_jqPD7lK1HlIvLGsz_0015.wav,যদি capturing স্তর খুব com হয় তাহলে captured audio নাও শোনা যেতে পারে বিপরীত ভাবে যদি capturing স্তর অনেক বেশি হয় তাহলে captured audio খুব জোরে এবং বিকৃত হতে পারে,15.0
/home/abdullahmm/Shivam/subtask2_blindtest_wReadme/bengali/bengali_blind_wav/428376_jqPD7lK1HlIvLGsz_0016.wav,/home/abdullahmm/Shivam/subtask2_blindtest_wReadme/bengali/bengali_blind_wav/428376_jqPD7lK1HlIvLGsz_0016.wav,এখন audio narration capture করার জন্য start ন্যারেশনে টিপুন মাইকে স্বাভাবিক ভাবে কথা বলুন আমি আপনার জন্য এটি প্রদর্শন করছি,13.0
/home/abdullahmm/Shivam/subtask2_blindtest_wReadme/bengali/bengali_blind_wav/428376_jqPD7lK1HlIvLGsz_0017.wav,/home/abdullahmm/Shivam/subtask2_blindtest_wReadme/bengali/bengali_blind_wav/428376_jqPD7lK1HlIvLGsz_0017.wav,আমি input স্তরকে এই চিহ্ন দ্বারা নিশ্চিত করছি এবং frame head কে এই অবস্থানে সরাব কারণ এটি সেই জায়গা যেখান থেকে বাস্তবিক video তে বর্ণন শুরু হয় এখন আমি start naration এ টিপব,15.0
/home/abdullahmm/Shivam/subtask2_blindtest_wReadme/bengali/bengali_blind_wav/428376_jqPD7lK1HlIvLGsz_0018.wav,/home/abdullahmm/Shivam/subtask2_blindtest_wReadme/bengali/bengali_blind_wav/428376_jqPD7lK1HlIvLGsz_0018.wav,বন্ধুগণ cdeep iit বোম্বের পক্ষ থেকে আমি এই টিউটোরিয়া্লে আপনাদের স্বাগত জানাই এই tutorial camstudio অভ্যাস করতে আপনাকে সাহায্য করবে,12.0
/home/abdullahmm/Shivam/subtask2_blindtest_wReadme/bengali/bengali_blind_wav/428376_jqPD7lK1HlIvLGsz_0019.wav,/home/abdullahmm/Shivam/subtask2_blindtest_wReadme/bengali/bengali_blind_wav/428376_jqPD7lK1HlIvLGsz_0019.wav,আমি stop ন্যারেশনে টিপে বর্ণন থামিয়ে দেবো দয়া করে লক্ষ্য করুন যে আপনি যেকোনও সময় বর্ণন থামাতে পারেন,10.0
/home/abdullahmm/Shivam/subtask2_blindtest_wReadme/bengali/bengali_blind_wav/428376_jqPD7lK1HlIvLGsz_0020.wav,/home/abdullahmm/Shivam/subtask2_blindtest_wReadme/bengali/bengali_blind_wav/428376_jqPD7lK1HlIvLGsz_0020.wav,movie maker বর্ণনকে একটি audio file হিসাবে সংরক্ষণের জন্য আপনাকে জিজ্ঞাসা করবে একটি dialogue box খুলবে যা আপনাকে ফাইলের নাম তা ছাড়া সংরক্ষণ করার জায়গা জিজ্ঞাসা করবে,16.0
/home/abdullahmm/Shivam/subtask2_blindtest_wReadme/bengali/bengali_blind_wav/428376_jqPD7lK1HlIvLGsz_0021.wav,/home/abdullahmm/Shivam/subtask2_blindtest_wReadme/bengali/bengali_blind_wav/428376_jqPD7lK1HlIvLGsz_0021.wav,আমি এই folder নির্বাচন করব এবং এই name দেবো save এ টিপব,9.0
/home/abdullahmm/Shivam/subtask2_blindtest_wReadme/bengali/bengali_blind_wav/428376_jqPD7lK1HlIvLGsz_0022.wav,/home/abdullahmm/Shivam/subtask2_blindtest_wReadme/bengali/bengali_blind_wav/428376_jqPD7lK1HlIvLGsz_0022.wav,audio file সংরক্ষিত করার পর ঐ audio audio টাইমলাইনে দেখা যাবে আপনি audio ক্লিপে টিপে এটিকে টাইমলাইনের উপর যে কোনও জায়গায় নিয়ে যেতে পারেন।,16.0
/home/abdullahmm/Shivam/subtask2_blindtest_wReadme/bengali/bengali_blind_wav/428376_jqPD7lK1HlIvLGsz_0023.wav,/home/abdullahmm/Shivam/subtask2_blindtest_wReadme/bengali/bengali_blind_wav/428376_jqPD7lK1HlIvLGsz_0023.wav,সম্পূর্ণ কাজটি প্রকল্পের সাথে সংরক্ষণ করার সম্পর্কে কথা বলি সংরক্ষিত প্রুকল্প আবার আপনাকে ছাড়ার স্থান থেকে dubbing শুরু করার অনুমতি দেয় ctrl + s টিপুন,12.0
/home/abdullahmm/Shivam/subtask2_blindtest_wReadme/bengali/bengali_blind_wav/428376_jqPD7lK1HlIvLGsz_0024.wav,/home/abdullahmm/Shivam/subtask2_blindtest_wReadme/bengali/bengali_blind_wav/428376_jqPD7lK1HlIvLGsz_0024.wav,যখন আপনি এটি প্রথমবার করেন আপনাকে একটি ফাইলনেমের জন্য জিজ্ঞাসা করা হয় আমি এই প্রকল্পকে এই file nameএ সংরক্ষণ করছি,11.0
/home/abdullahmm/Shivam/subtask2_blindtest_wReadme/bengali/bengali_blind_wav/428376_jqPD7lK1HlIvLGsz_0025.wav,/home/abdullahmm/Shivam/subtask2_blindtest_wReadme/bengali/bengali_blind_wav/428376_jqPD7lK1HlIvLGsz_0025.wav,save এ টিপুন তারপর ctrl + s করলে এই প্রকল্পতে স্বয়ং সব কিছু সংরক্ষণ হয়ে যায়,8.0
/home/abdullahmm/Shivam/subtask2_blindtest_wReadme/bengali/bengali_blind_wav/428376_jqPD7lK1HlIvLGsz_0026.wav,/home/abdullahmm/Shivam/subtask2_blindtest_wReadme/bengali/bengali_blind_wav/428376_jqPD7lK1HlIvLGsz_0026.wav,আপনি প্রকল্প ফাইলকে সংরক্ষণ করার পর movie maker কে বন্ধ করতে পারেন তাছাড়া কোনো সুবিধাজনক সময়ে আবার dubbing শুরু করতে পারেন,8.0
/home/abdullahmm/Shivam/subtask2_blindtest_wReadme/bengali/bengali_blind_wav/428376_jqPD7lK1HlIvLGsz_0027.wav,/home/abdullahmm/Shivam/subtask2_blindtest_wReadme/bengali/bengali_blind_wav/428376_jqPD7lK1HlIvLGsz_0027.wav,আপনি শুধুমাত্র ফাইলে open প্রোজেক্টে টিপুন এবং সেই project নির্বাচন করুন যা আপনি খুলতে চান,7.0
/home/abdullahmm/Shivam/subtask2_blindtest_wReadme/bengali/bengali_blind_wav/428376_jqPD7lK1HlIvLGsz_0028.wav,/home/abdullahmm/Shivam/subtask2_blindtest_wReadme/bengali/bengali_blind_wav/428376_jqPD7lK1HlIvLGsz_0028.wav,নিশ্চিত করুন যে frame head সেখানেই হোক যেখান থেকে আপনি ডাবিং শুরু করতে চান এবং আবার একইভাবে ডাবিং করা শুরু করে দিন,8.0
/home/abdullahmm/Shivam/subtask2_blindtest_wReadme/bengali/bengali_blind_wav/428376_jqPD7lK1HlIvLGsz_0029.wav,/home/abdullahmm/Shivam/subtask2_blindtest_wReadme/bengali/bengali_blind_wav/428376_jqPD7lK1HlIvLGsz_0029.wav,মনে করে dubbing এর সময় প্রকল্পটি সংরক্ষণ করে রাখুন,5.0
/home/abdullahmm/Shivam/subtask2_blindtest_wReadme/bengali/bengali_blind_wav/428376_jqPD7lK1HlIvLGsz_0030.wav,/home/abdullahmm/Shivam/subtask2_blindtest_wReadme/bengali/bengali_blind_wav/428376_jqPD7lK1HlIvLGsz_0030.wav,যখন সমগ্র টিউটোরিয়ালের বর্ণন সম্পূর্ণ হয়ে যাবে তখন আপনাকে এর একটি movie তৈরি করে ফেলা উচিত এটি করার জন্য movie task প্যানেলে যান,10.0
/home/abdullahmm/Shivam/subtask2_blindtest_wReadme/bengali/bengali_blind_wav/428376_jqPD7lK1HlIvLGsz_0031.wav,/home/abdullahmm/Shivam/subtask2_blindtest_wReadme/bengali/bengali_blind_wav/428376_jqPD7lK1HlIvLGsz_0031.wav,finish মুভিতে যান প্রথম বিকল্প save to my computer নির্বাচন করুন এটি save movie wizard dialogue box খুলবে,11.0
/home/abdullahmm/Shivam/subtask2_blindtest_wReadme/bengali/bengali_blind_wav/428376_jqPD7lK1HlIvLGsz_0032.wav,/home/abdullahmm/Shivam/subtask2_blindtest_wReadme/bengali/bengali_blind_wav/428376_jqPD7lK1HlIvLGsz_0032.wav,আপনার dubb করা move এর জন্য ফাইলের নাম এবং path চয়ন করুন,7.0
/home/abdullahmm/Shivam/subtask2_blindtest_wReadme/bengali/bengali_blind_wav/428376_jqPD7lK1HlIvLGsz_0033.wav,/home/abdullahmm/Shivam/subtask2_blindtest_wReadme/bengali/bengali_blind_wav/428376_jqPD7lK1HlIvLGsz_0033.wav,এবং এই path নির্বাচন করব next এ টিপুন এখানে আপনি output ফাইলের গুণমান চয়ন করতে পারেন,10.0
/home/abdullahmm/Shivam/subtask2_blindtest_wReadme/bengali/bengali_blind_wav/428376_jqPD7lK1HlIvLGsz_0034.wav,/home/abdullahmm/Shivam/subtask2_blindtest_wReadme/bengali/bengali_blind_wav/428376_jqPD7lK1HlIvLGsz_0034.wav,আমি এটিকে বিস্তারিতভাবে ব্যাখ্যা করছি best quality for playback on my computer নির্বাচন করলে এটি একটি উচ্চ মানের video দেবে কিন্তু ফাইলের আকার বড় হবে,9.0
/home/abdullahmm/Shivam/subtask2_blindtest_wReadme/bengali/bengali_blind_wav/428376_jqPD7lK1HlIvLGsz_0035.wav,/home/abdullahmm/Shivam/subtask2_blindtest_wReadme/bengali/bengali_blind_wav/428376_jqPD7lK1HlIvLGsz_0035.wav,best fit to file size নির্বাচন করলে এটি একটি নিম্নমানের এবং ছোট আকারের video দেবে,9.0
/home/abdullahmm/Shivam/subtask2_blindtest_wReadme/bengali/bengali_blind_wav/428376_jqPD7lK1HlIvLGsz_0036.wav,/home/abdullahmm/Shivam/subtask2_blindtest_wReadme/bengali/bengali_blind_wav/428376_jqPD7lK1HlIvLGsz_0036.wav,other settings নির্বাচন করলে এটি ভিডিওকে সংরক্ষণ করার সকল বিকল্প প্রদর্শন করবে,8.0
/home/abdullahmm/Shivam/subtask2_blindtest_wReadme/bengali/bengali_blind_wav/428376_jqPD7lK1HlIvLGsz_0037.wav,/home/abdullahmm/Shivam/subtask2_blindtest_wReadme/bengali/bengali_blind_wav/428376_jqPD7lK1HlIvLGsz_0037.wav,তাই video কে কীভাবে প্রদর্শন করতে যাচ্ছেন অথবা কোথায় upload করছেন তার উপর নির্ভর করে উপযুক্ত বিকল্পটি চয়ন করতে হবে,8.0
/home/abdullahmm/Shivam/subtask2_blindtest_wReadme/bengali/bengali_blind_wav/428376_jqPD7lK1HlIvLGsz_0038.wav,/home/abdullahmm/Shivam/subtask2_blindtest_wReadme/bengali/bengali_blind_wav/428376_jqPD7lK1HlIvLGsz_0038.wav,আমি best fit to file সাইজ এবং 30 mb চয়ন করব প্রদর্শন মাত্রা 640 × 480 pixels এবং frame rate 30 fps হবে,15.0
/home/abdullahmm/Shivam/subtask2_blindtest_wReadme/bengali/bengali_blind_wav/428376_jqPD7lK1HlIvLGsz_0039.wav,/home/abdullahmm/Shivam/subtask2_blindtest_wReadme/bengali/bengali_blind_wav/428376_jqPD7lK1HlIvLGsz_0039.wav,যেহেতু ডাবিং করার file মাত্রা of একই এবং আমিও ঐ মাত্রার movie চাই আমি এই বিকল্পটি চয়ন করব,10.0
/home/abdullahmm/Shivam/subtask2_blindtest_wReadme/bengali/bengali_blind_wav/428376_jqPD7lK1HlIvLGsz_0040.wav,/home/abdullahmm/Shivam/subtask2_blindtest_wReadme/bengali/bengali_blind_wav/428376_jqPD7lK1HlIvLGsz_0040.wav,যদি এটি প্রয়োজন না হয় তাহলে আপনি 30 mbর থেকে ছোট উদাহরণস্বরূপ 25 mb চয়ন করতে পারেন প্রদর্শন মাত্রা এখন ছোট হয়ে গেছে,13.0
/home/abdullahmm/Shivam/subtask2_blindtest_wReadme/bengali/bengali_blind_wav/428376_jqPD7lK1HlIvLGsz_0041.wav,/home/abdullahmm/Shivam/subtask2_blindtest_wReadme/bengali/bengali_blind_wav/428376_jqPD7lK1HlIvLGsz_0041.wav,আমি ফিরে যাবো এবং আবার একে 30 mb করব তাছাড়া next এ টিপব movie কম্পিউটারে সংরক্ষণ হয়ে যাবে,18.0
/home/abdullahmm/Shivam/subtask2_blindtest_wReadme/bengali/bengali_blind_wav/428376_jqPD7lK1HlIvLGsz_0042.wav,/home/abdullahmm/Shivam/subtask2_blindtest_wReadme/bengali/bengali_blind_wav/428376_jqPD7lK1HlIvLGsz_0042.wav,ফিনিশে টিপুন এবং windows movie maker থেকে প্রস্থান করুন,8.0
/home/abdullahmm/Shivam/subtask2_blindtest_wReadme/bengali/bengali_blind_wav/428376_jqPD7lK1HlIvLGsz_0043.wav,/home/abdullahmm/Shivam/subtask2_blindtest_wReadme/bengali/bengali_blind_wav/428376_jqPD7lK1HlIvLGsz_0043.wav,তাহলে আপনি দেখলেন যে এই পদ্ধতি অনুসরণ করে আপনি যে কোনো কথ্য tutorial বা movie ক্লিপের dubbed সংস্করণ কয়েকটি সহজ ধাপে করতে পারেন,12.0
/home/abdullahmm/Shivam/subtask2_blindtest_wReadme/bengali/bengali_blind_wav/428376_jqPD7lK1HlIvLGsz_0044.wav,/home/abdullahmm/Shivam/subtask2_blindtest_wReadme/bengali/bengali_blind_wav/428376_jqPD7lK1HlIvLGsz_0044.wav,আশা করি যে এই তথ্য আপনার জন্য সহায়ক রয়েছে,3.0
/home/abdullahmm/Shivam/subtask2_blindtest_wReadme/bengali/bengali_blind_wav/428376_jqPD7lK1HlIvLGsz_0045.wav,/home/abdullahmm/Shivam/subtask2_blindtest_wReadme/bengali/bengali_blind_wav/428376_jqPD7lK1HlIvLGsz_0045.wav,iit bombay থেকে আমি কৌশিক দত্ত বিদায় নিচ্ছি,5.04
/home/abdullahmm/Shivam/subtask2_blindtest_wReadme/bengali/bengali_blind_wav/449551_zLd9gW592KXpcSkG_0000.wav,/home/abdullahmm/Shivam/subtask2_blindtest_wReadme/bengali/bengali_blind_wav/449551_zLd9gW592KXpcSkG_0000.wav,loops এর spoken টিউটোরিয়ালে আপনাদের স্বাগত,4.0
/home/abdullahmm/Shivam/subtask2_blindtest_wReadme/bengali/bengali_blind_wav/449551_zLd9gW592KXpcSkG_0001.wav,/home/abdullahmm/Shivam/subtask2_blindtest_wReadme/bengali/bengali_blind_wav/449551_zLd9gW592KXpcSkG_0001.wav,এই টিউটোরিয়ালে আমরা for loop while loop loop set break continue এবং past statements ব্যবহার করা শিখব,13.0
/home/abdullahmm/Shivam/subtask2_blindtest_wReadme/bengali/bengali_blind_wav/449551_zLd9gW592KXpcSkG_0002.wav,/home/abdullahmm/Shivam/subtask2_blindtest_wReadme/bengali/bengali_blind_wav/449551_zLd9gW592KXpcSkG_0002.wav,টিউটোরিয়ালটি record করতে ব্যবহার করছি ubuntu linux 16 . 04 operating system python 3 . 4 . 3 এবং ipython 5 . 1 . 0,16.0
/home/abdullahmm/Shivam/subtask2_blindtest_wReadme/bengali/bengali_blind_wav/449551_zLd9gW592KXpcSkG_0003.wav,/home/abdullahmm/Shivam/subtask2_blindtest_wReadme/bengali/bengali_blind_wav/449551_zLd9gW592KXpcSkG_0003.wav,টিউটোরিয়ালটি অনুশীলন করতে আপনার জানা উচিত যে conditional statements কি ভাবে ব্যবহার করে নাহলে এই webসাইটে সম্পর্কিত python tutorial দেখুন,11.0
/home/abdullahmm/Shivam/subtask2_blindtest_wReadme/bengali/bengali_blind_wav/449551_zLd9gW592KXpcSkG_0004.wav,/home/abdullahmm/Shivam/subtask2_blindtest_wReadme/bengali/bengali_blind_wav/449551_zLd9gW592KXpcSkG_0004.wav,while loop দিয়ে tutorial শুরু করি,4.0
/home/abdullahmm/Shivam/subtask2_blindtest_wReadme/bengali/bengali_blind_wav/449551_zLd9gW592KXpcSkG_0005.wav,/home/abdullahmm/Shivam/subtask2_blindtest_wReadme/bengali/bengali_blind_wav/449551_zLd9gW592KXpcSkG_0005.wav,while লুপের ব্যবহার statementর set নির্বাহ করতে করা হয় যতক্ষণ condition true হয়,7.0
/home/abdullahmm/Shivam/subtask2_blindtest_wReadme/bengali/bengali_blind_wav/449551_zLd9gW592KXpcSkG_0006.wav,/home/abdullahmm/Shivam/subtask2_blindtest_wReadme/bengali/bengali_blind_wav/449551_zLd9gW592KXpcSkG_0006.wav,condition false হলে program লুপের ঠিক পরে line pass করা নিয়ন্ত্রণ করে,7.0
/home/abdullahmm/Shivam/subtask2_blindtest_wReadme/bengali/bengali_blind_wav/449551_zLd9gW592KXpcSkG_0007.wav,/home/abdullahmm/Shivam/subtask2_blindtest_wReadme/bengali/bengali_blind_wav/449551_zLd9gW592KXpcSkG_0007.wav,while loop এ ভিতরের code এ ডানদিকে চারটি space থাকা উচিত,6.0
/home/abdullahmm/Shivam/subtask2_blindtest_wReadme/bengali/bengali_blind_wav/449551_zLd9gW592KXpcSkG_0008.wav,/home/abdullahmm/Shivam/subtask2_blindtest_wReadme/bengali/bengali_blind_wav/449551_zLd9gW592KXpcSkG_0008.wav,ipython শুরু করি terminal খুলুন,5.0
/home/abdullahmm/Shivam/subtask2_blindtest_wReadme/bengali/bengali_blind_wav/449551_zLd9gW592KXpcSkG_0009.wav,/home/abdullahmm/Shivam/subtask2_blindtest_wReadme/bengali/bengali_blind_wav/449551_zLd9gW592KXpcSkG_0009.wav,ipython 3 লিখুন এবং enter টিপুন এখান থেকে terminate প্রতিটি command লেখার পর enter key টিপতে ভুলবেন না,12.0
/home/abdullahmm/Shivam/subtask2_blindtest_wReadme/bengali/bengali_blind_wav/449551_zLd9gW592KXpcSkG_0010.wav,/home/abdullahmm/Shivam/subtask2_blindtest_wReadme/bengali/bengali_blind_wav/449551_zLd9gW592KXpcSkG_0010.wav,এখন while loop ব্যবহার করে 10 এর com সকল বিজোড় সংখ্যার বর্গ print করি,6.0
/home/abdullahmm/Shivam/subtask2_blindtest_wReadme/bengali/bengali_blind_wav/449551_zLd9gW592KXpcSkG_0011.wav,/home/abdullahmm/Shivam/subtask2_blindtest_wReadme/bengali/bengali_blind_wav/449551_zLd9gW592KXpcSkG_0011.wav,লিখুন i = 1 while i < than 10 : print বন্ধনীতে i * i i + = 2,18.0
/home/abdullahmm/Shivam/subtask2_blindtest_wReadme/bengali/bengali_blind_wav/449551_zLd9gW592KXpcSkG_0012.wav,/home/abdullahmm/Shivam/subtask2_blindtest_wReadme/bengali/bengali_blind_wav/449551_zLd9gW592KXpcSkG_0012.wav,এখানে while loop বারবার condition যাচাই করে,4.0
/home/abdullahmm/Shivam/subtask2_blindtest_wReadme/bengali/bengali_blind_wav/449551_zLd9gW592KXpcSkG_0013.wav,/home/abdullahmm/Shivam/subtask2_blindtest_wReadme/bengali/bengali_blind_wav/449551_zLd9gW592KXpcSkG_0013.wav,এটি true হলে এটি লুপের ভিতরে কোডের block কার্যকর করে,5.0
/home/abdullahmm/Shivam/subtask2_blindtest_wReadme/bengali/bengali_blind_wav/449551_zLd9gW592KXpcSkG_0014.wav,/home/abdullahmm/Shivam/subtask2_blindtest_wReadme/bengali/bengali_blind_wav/449551_zLd9gW592KXpcSkG_0014.wav,তারপর output পেতে দুইবার enter key টিপুন,5.0
/home/abdullahmm/Shivam/subtask2_blindtest_wReadme/bengali/bengali_blind_wav/449551_zLd9gW592KXpcSkG_0015.wav,/home/abdullahmm/Shivam/subtask2_blindtest_wReadme/bengali/bengali_blind_wav/449551_zLd9gW592KXpcSkG_0015.wav,এরপর for loop ব্যবহার করে একই সমস্যাটি সমাধান করুন,5.0
/home/abdullahmm/Shivam/subtask2_blindtest_wReadme/bengali/bengali_blind_wav/449551_zLd9gW592KXpcSkG_0016.wav,/home/abdullahmm/Shivam/subtask2_blindtest_wReadme/bengali/bengali_blind_wav/449551_zLd9gW592KXpcSkG_0016.wav,"লিখুন for n in range বন্ধনীতে 1 , 10 , 2 : print বন্ধনীতে n * n",15.0
/home/abdullahmm/Shivam/subtask2_blindtest_wReadme/bengali/bengali_blind_wav/449551_zLd9gW592KXpcSkG_0017.wav,/home/abdullahmm/Shivam/subtask2_blindtest_wReadme/bengali/bengali_blind_wav/449551_zLd9gW592KXpcSkG_0017.wav,যেমনটি আমরা জানি for loop list বা অন্য কোনো sequential data type এ পুনরাবৃত্তি করে,6.0
/home/abdullahmm/Shivam/subtask2_blindtest_wReadme/bengali/bengali_blind_wav/449551_zLd9gW592KXpcSkG_0018.wav,/home/abdullahmm/Shivam/subtask2_blindtest_wReadme/bengali/bengali_blind_wav/449551_zLd9gW592KXpcSkG_0018.wav,তাই আমরা 10 এর নীচের বিজোড় সংখ্যার সূচী পেতে এবং এটি পুনরাবৃত্তি করতে range function ব্যবহার করি তারপর আমরা n এর বর্গ print করি,10.0
/home/abdullahmm/Shivam/subtask2_blindtest_wReadme/bengali/bengali_blind_wav/449551_zLd9gW592KXpcSkG_0019.wav,/home/abdullahmm/Shivam/subtask2_blindtest_wReadme/bengali/bengali_blind_wav/449551_zLd9gW592KXpcSkG_0019.wav,দুইবার enter টিপুন আমরা দেখতে পারি যে আমরা আগের মত একই output পেয়েছি লক্ষ্য করুন এখন কোডের lines com রয়েছে,12.0
/home/abdullahmm/Shivam/subtask2_blindtest_wReadme/bengali/bengali_blind_wav/449551_zLd9gW592KXpcSkG_0020.wav,/home/abdullahmm/Shivam/subtask2_blindtest_wReadme/bengali/bengali_blind_wav/449551_zLd9gW592KXpcSkG_0020.wav,এখানে video থামান এই অনুশীলনী চেষ্টা করুন এবং তারপর video আবার শুরু করুন,6.0
/home/abdullahmm/Shivam/subtask2_blindtest_wReadme/bengali/bengali_blind_wav/449551_zLd9gW592KXpcSkG_0021.wav,/home/abdullahmm/Shivam/subtask2_blindtest_wReadme/bengali/bengali_blind_wav/449551_zLd9gW592KXpcSkG_0021.wav,10 এর নীচের সকল সমান সংখ্যার বর্গ print করতে একটি while loop লিখুন,6.0
/home/abdullahmm/Shivam/subtask2_blindtest_wReadme/bengali/bengali_blind_wav/449551_zLd9gW592KXpcSkG_0022.wav,/home/abdullahmm/Shivam/subtask2_blindtest_wReadme/bengali/bengali_blind_wav/449551_zLd9gW592KXpcSkG_0022.wav,সমাধানের জন্য terminal ফিরে যান,4.0
/home/abdullahmm/Shivam/subtask2_blindtest_wReadme/bengali/bengali_blind_wav/449551_zLd9gW592KXpcSkG_0023.wav,/home/abdullahmm/Shivam/subtask2_blindtest_wReadme/bengali/bengali_blind_wav/449551_zLd9gW592KXpcSkG_0023.wav,লিখুন i = 2,4.0
/home/abdullahmm/Shivam/subtask2_blindtest_wReadme/bengali/bengali_blind_wav/449551_zLd9gW592KXpcSkG_0024.wav,/home/abdullahmm/Shivam/subtask2_blindtest_wReadme/bengali/bengali_blind_wav/449551_zLd9gW592KXpcSkG_0024.wav,while i < than 10 : print বন্ধনীতে i * i + 2,14.0
/home/abdullahmm/Shivam/subtask2_blindtest_wReadme/bengali/bengali_blind_wav/449551_zLd9gW592KXpcSkG_0025.wav,/home/abdullahmm/Shivam/subtask2_blindtest_wReadme/bengali/bengali_blind_wav/449551_zLd9gW592KXpcSkG_0025.wav,দুইবার enter key টিপুন আমরা প্রয়োজনীয় output পেয়েছি,6.0
/home/abdullahmm/Shivam/subtask2_blindtest_wReadme/bengali/bengali_blind_wav/449551_zLd9gW592KXpcSkG_0026.wav,/home/abdullahmm/Shivam/subtask2_blindtest_wReadme/bengali/bengali_blind_wav/449551_zLd9gW592KXpcSkG_0026.wav,এখানে video থামান এই অনুশীলনী চেষ্টা করুন এবং তারপর video আবার শুরু করুন,7.0
/home/abdullahmm/Shivam/subtask2_blindtest_wReadme/bengali/bengali_blind_wav/449551_zLd9gW592KXpcSkG_0027.wav,/home/abdullahmm/Shivam/subtask2_blindtest_wReadme/bengali/bengali_blind_wav/449551_zLd9gW592KXpcSkG_0027.wav,10 এর নীচের সকল সমান সংখ্যার বর্গ print করতে for loop লিখুন,6.0
/home/abdullahmm/Shivam/subtask2_blindtest_wReadme/bengali/bengali_blind_wav/449551_zLd9gW592KXpcSkG_0028.wav,/home/abdullahmm/Shivam/subtask2_blindtest_wReadme/bengali/bengali_blind_wav/449551_zLd9gW592KXpcSkG_0028.wav,সমাধানের জন্য terminal ফিরে যান,4.0
/home/abdullahmm/Shivam/subtask2_blindtest_wReadme/bengali/bengali_blind_wav/449551_zLd9gW592KXpcSkG_0029.wav,/home/abdullahmm/Shivam/subtask2_blindtest_wReadme/bengali/bengali_blind_wav/449551_zLd9gW592KXpcSkG_0029.wav,"লিখুন for n in range বন্ধনীতে 2 , 10 , 2 : print বন্ধনীতে n * n দুইবার enter key টিপুন আমরা প্রয়োজনীয় output পেয়েছি",20.0
/home/abdullahmm/Shivam/subtask2_blindtest_wReadme/bengali/bengali_blind_wav/449551_zLd9gW592KXpcSkG_0030.wav,/home/abdullahmm/Shivam/subtask2_blindtest_wReadme/bengali/bengali_blind_wav/449551_zLd9gW592KXpcSkG_0030.wav,এরপর আমরা দেখি যে break pass এবং continue keyword কিভাবে ব্যবহার করে,6.0
/home/abdullahmm/Shivam/subtask2_blindtest_wReadme/bengali/bengali_blind_wav/449551_zLd9gW592KXpcSkG_0031.wav,/home/abdullahmm/Shivam/subtask2_blindtest_wReadme/bengali/bengali_blind_wav/449551_zLd9gW592KXpcSkG_0031.wav,pass statement বুঝতে এই code টি লিখুন,5.0
/home/abdullahmm/Shivam/subtask2_blindtest_wReadme/bengali/bengali_blind_wav/449551_zLd9gW592KXpcSkG_0032.wav,/home/abdullahmm/Shivam/subtask2_blindtest_wReadme/bengali/bengali_blind_wav/449551_zLd9gW592KXpcSkG_0032.wav,যেমনটি আমরা ইতিমধ্যে জানি pass শুধুমাত্র placeholder,4.0
/home/abdullahmm/Shivam/subtask2_blindtest_wReadme/bengali/bengali_blind_wav/449551_zLd9gW592KXpcSkG_0033.wav,/home/abdullahmm/Shivam/subtask2_blindtest_wReadme/bengali/bengali_blind_wav/449551_zLd9gW592KXpcSkG_0033.wav,এর ব্যবহার blocks সম্পূর্ণ করতে করা হয় যার মধ্যে কোনো code নেই,7.0
/home/abdullahmm/Shivam/subtask2_blindtest_wReadme/bengali/bengali_blind_wav/449551_zLd9gW592KXpcSkG_0034.wav,/home/abdullahmm/Shivam/subtask2_blindtest_wReadme/bengali/bengali_blind_wav/449551_zLd9gW592KXpcSkG_0034.wav,আমরা এই code কার্যকর করলে কিছুই print হয় না দুইবার enter টিপুন যেমনটি আমরা আশা করি তেমন কিছুই print হয় না,11.0
/home/abdullahmm/Shivam/subtask2_blindtest_wReadme/bengali/bengali_blind_wav/449551_zLd9gW592KXpcSkG_0035.wav,/home/abdullahmm/Shivam/subtask2_blindtest_wReadme/bengali/bengali_blind_wav/449551_zLd9gW592KXpcSkG_0035.wav,এরপর break statement সম্পর্কে বুঝি,4.0
/home/abdullahmm/Shivam/subtask2_blindtest_wReadme/bengali/bengali_blind_wav/449551_zLd9gW592KXpcSkG_0036.wav,/home/abdullahmm/Shivam/subtask2_blindtest_wReadme/bengali/bengali_blind_wav/449551_zLd9gW592KXpcSkG_0036.wav,break এর ব্যবহার সবচেয়ে ভিতরের loop break করতে করা হয় দেখানো অনুযায়ী code লিখুন,7.0
/home/abdullahmm/Shivam/subtask2_blindtest_wReadme/bengali/bengali_blind_wav/449551_zLd9gW592KXpcSkG_0037.wav,/home/abdullahmm/Shivam/subtask2_blindtest_wReadme/bengali/bengali_blind_wav/449551_zLd9gW592KXpcSkG_0037.wav,এখানে এটি python শব্দের প্রতিটি অক্ষর পুনরাবৃত্তি করবে,5.0
/home/abdullahmm/Shivam/subtask2_blindtest_wReadme/bengali/bengali_blind_wav/449551_zLd9gW592KXpcSkG_0038.wav,/home/abdullahmm/Shivam/subtask2_blindtest_wReadme/bengali/bengali_blind_wav/449551_zLd9gW592KXpcSkG_0038.wav,এটি loop break করে যখন h পুনরাবৃত্তির value হয় output দেখতে দুইবার enter টিপুন,9.0
/home/abdullahmm/Shivam/subtask2_blindtest_wReadme/bengali/bengali_blind_wav/449551_zLd9gW592KXpcSkG_0039.wav,/home/abdullahmm/Shivam/subtask2_blindtest_wReadme/bengali/bengali_blind_wav/449551_zLd9gW592KXpcSkG_0039.wav,এরপর continue statement সম্পর্কে বুঝি,5.0
/home/abdullahmm/Shivam/subtask2_blindtest_wReadme/bengali/bengali_blind_wav/449551_zLd9gW592KXpcSkG_0040.wav,/home/abdullahmm/Shivam/subtask2_blindtest_wReadme/bengali/bengali_blind_wav/449551_zLd9gW592KXpcSkG_0040.wav,দেখানো অনুযায়ী code লিখুন continue statement লুপের বর্তমান পুনরাবৃত্তিতে becky সকল statement অস্বীকার করে এবং এটি পুনরায় লুপের উপর নিয়ন্ত্রণ করে,15.0
/home/abdullahmm/Shivam/subtask2_blindtest_wReadme/bengali/bengali_blind_wav/449551_zLd9gW592KXpcSkG_0041.wav,/home/abdullahmm/Shivam/subtask2_blindtest_wReadme/bengali/bengali_blind_wav/449551_zLd9gW592KXpcSkG_0041.wav,এটি 10 এর নীচের সকল বিজোড় সংখ্যাগুলির বর্গ print করবে যা 3 এর গুণক নয়,8.0
/home/abdullahmm/Shivam/subtask2_blindtest_wReadme/bengali/bengali_blind_wav/449551_zLd9gW592KXpcSkG_0042.wav,/home/abdullahmm/Shivam/subtask2_blindtest_wReadme/bengali/bengali_blind_wav/449551_zLd9gW592KXpcSkG_0042.wav,দুইবার enter টিপুন আমরা প্রয়োজনীয় output পেয়েছি,6.0
/home/abdullahmm/Shivam/subtask2_blindtest_wReadme/bengali/bengali_blind_wav/449551_zLd9gW592KXpcSkG_0043.wav,/home/abdullahmm/Shivam/subtask2_blindtest_wReadme/bengali/bengali_blind_wav/449551_zLd9gW592KXpcSkG_0043.wav,এটি আমাদের টিউটোরিয়ালের শেষে নিয়ে আসে সংক্ষেপে,6.0
/home/abdullahmm/Shivam/subtask2_blindtest_wReadme/bengali/bengali_blind_wav/449551_zLd9gW592KXpcSkG_0044.wav,/home/abdullahmm/Shivam/subtask2_blindtest_wReadme/bengali/bengali_blind_wav/449551_zLd9gW592KXpcSkG_0044.wav,এখানে আমরা শিখেছি for এবং while loops ব্যবহার করে sequence পুনরাবৃত্তি করা break statement ব্যবহার করে loops break করা continue statement ব্যবহার করে পুনরাবৃত্তি বাদ দেওয়া লুপে pass statement ব্যবহার করা,18.0
/home/abdullahmm/Shivam/subtask2_blindtest_wReadme/bengali/bengali_blind_wav/449551_zLd9gW592KXpcSkG_0045.wav,/home/abdullahmm/Shivam/subtask2_blindtest_wReadme/bengali/bengali_blind_wav/449551_zLd9gW592KXpcSkG_0045.wav,"আপনার সমাধানের জন্য এখানে কিছু স্বমূল্যায়ন প্রশ্ন রয়েছে প্রদত্ত range 1 , 4 সহ কেবল সংখ্যা 1 print করতে একটি code লিখুন পুনরাবৃত্তি যাতে আপনি কোন statement ব্যবহার করেন",19.0
/home/abdullahmm/Shivam/subtask2_blindtest_wReadme/bengali/bengali_blind_wav/449551_zLd9gW592KXpcSkG_0046.wav,/home/abdullahmm/Shivam/subtask2_blindtest_wReadme/bengali/bengali_blind_wav/449551_zLd9gW592KXpcSkG_0046.wav,এবং উত্তর হল যেমন কি এখানে দেখানো হয়েছে আমরা for লুপে break statement ব্যবহার করতে পারি পুনরাবৃত্তিগুলি এড়াতে আমরা continue statement ব্যবহার করতে পারি,13.0
/home/abdullahmm/Shivam/subtask2_blindtest_wReadme/bengali/bengali_blind_wav/449551_zLd9gW592KXpcSkG_0047.wav,/home/abdullahmm/Shivam/subtask2_blindtest_wReadme/bengali/bengali_blind_wav/449551_zLd9gW592KXpcSkG_0047.wav,সময়ের সাথে আপনার প্রশ্ন এই forum post করুন,4.0
/home/abdullahmm/Shivam/subtask2_blindtest_wReadme/bengali/bengali_blind_wav/449551_zLd9gW592KXpcSkG_0048.wav,/home/abdullahmm/Shivam/subtask2_blindtest_wReadme/bengali/bengali_blind_wav/449551_zLd9gW592KXpcSkG_0048.wav,এই forum python সম্পর্কিত আপনার সাধারণ প্রশ্ন post করুন,5.0
/home/abdullahmm/Shivam/subtask2_blindtest_wReadme/bengali/bengali_blind_wav/449551_zLd9gW592KXpcSkG_0049.wav,/home/abdullahmm/Shivam/subtask2_blindtest_wReadme/bengali/bengali_blind_wav/449551_zLd9gW592KXpcSkG_0049.wav,fossee the tbc প্রকল্প সমন্বয় করে,4.0
/home/abdullahmm/Shivam/subtask2_blindtest_wReadme/bengali/bengali_blind_wav/449551_zLd9gW592KXpcSkG_0050.wav,/home/abdullahmm/Shivam/subtask2_blindtest_wReadme/bengali/bengali_blind_wav/449551_zLd9gW592KXpcSkG_0050.wav,spoken tutorial প্রকল্প ভারত সরকারের nmeict mhrd দ্বারা সমর্থিত আরো জানতে এই লিঙ্কে যান,10.0
/home/abdullahmm/Shivam/subtask2_blindtest_wReadme/bengali/bengali_blind_wav/449551_zLd9gW592KXpcSkG_0051.wav,/home/abdullahmm/Shivam/subtask2_blindtest_wReadme/bengali/bengali_blind_wav/449551_zLd9gW592KXpcSkG_0051.wav,iit bombay থেকে আমি কৌশিক দত্ত বিদায় নিচ্ছি অংশগ্রহনের জন্য ধন্যবাদ,6.01
/home/abdullahmm/Shivam/subtask2_blindtest_wReadme/bengali/bengali_blind_wav/476907_QSgvCoEnJEG6yfO5_0000.wav,/home/abdullahmm/Shivam/subtask2_blindtest_wReadme/bengali/bengali_blind_wav/476907_QSgvCoEnJEG6yfO5_0000.wav,কথ্য টিউটোরিয়ালে আপনাদের স্বাগত,4.0
/home/abdullahmm/Shivam/subtask2_blindtest_wReadme/bengali/bengali_blind_wav/476907_QSgvCoEnJEG6yfO5_0001.wav,/home/abdullahmm/Shivam/subtask2_blindtest_wReadme/bengali/bengali_blind_wav/476907_QSgvCoEnJEG6yfO5_0001.wav,এই টিউটোরিয়ালে আমরা শিখব,3.0
/home/abdullahmm/Shivam/subtask2_blindtest_wReadme/bengali/bengali_blind_wav/476907_QSgvCoEnJEG6yfO5_0002.wav,/home/abdullahmm/Shivam/subtask2_blindtest_wReadme/bengali/bengali_blind_wav/476907_QSgvCoEnJEG6yfO5_0002.wav,একটি ফর্মে তথ্য ঢোকানো এবং পরিবর্তন করা,3.0
/home/abdullahmm/Shivam/subtask2_blindtest_wReadme/bengali/bengali_blind_wav/476907_QSgvCoEnJEG6yfO5_0003.wav,/home/abdullahmm/Shivam/subtask2_blindtest_wReadme/bengali/bengali_blind_wav/476907_QSgvCoEnJEG6yfO5_0003.wav,শেষ টিউটোরিয়ালে আমরা শিখেছি কিভাবে একটি ফর্মে form নিয়ন্ত্রক যোগ করা যায়,7.0
/home/abdullahmm/Shivam/subtask2_blindtest_wReadme/bengali/bengali_blind_wav/476907_QSgvCoEnJEG6yfO5_0004.wav,/home/abdullahmm/Shivam/subtask2_blindtest_wReadme/bengali/bengali_blind_wav/476907_QSgvCoEnJEG6yfO5_0004.wav,এবার in টিউটোরিয়ালে শেখা যাক কিভাবে একটি form ব্যবহার করে তথ্য ঢোকানো এবং সেটি পরিবর্তন করা যায়,8.0
/home/abdullahmm/Shivam/subtask2_blindtest_wReadme/bengali/bengali_blind_wav/476907_QSgvCoEnJEG6yfO5_0005.wav,/home/abdullahmm/Shivam/subtask2_blindtest_wReadme/bengali/bengali_blind_wav/476907_QSgvCoEnJEG6yfO5_0005.wav,এটি করার আগে আমাদের ফর্মের সজ্জাতে আরো তিনটি পরিবর্তন করা যাক,9.0
/home/abdullahmm/Shivam/subtask2_blindtest_wReadme/bengali/bengali_blind_wav/476907_QSgvCoEnJEG6yfO5_0006.wav,/home/abdullahmm/Shivam/subtask2_blindtest_wReadme/bengali/bengali_blind_wav/476907_QSgvCoEnJEG6yfO5_0006.wav,libre office base program খোলা না থাকলে প্রথমে সেটিকে খুলুন,15.0
/home/abdullahmm/Shivam/subtask2_blindtest_wReadme/bengali/bengali_blind_wav/476907_QSgvCoEnJEG6yfO5_0007.wav,/home/abdullahmm/Shivam/subtask2_blindtest_wReadme/bengali/bengali_blind_wav/476907_QSgvCoEnJEG6yfO5_0007.wav,file মেনুর অন্তর্গত ওপেনে click করে library database খুলুন,7.0
/home/abdullahmm/Shivam/subtask2_blindtest_wReadme/bengali/bengali_blind_wav/476907_QSgvCoEnJEG6yfO5_0008.wav,/home/abdullahmm/Shivam/subtask2_blindtest_wReadme/bengali/bengali_blind_wav/476907_QSgvCoEnJEG6yfO5_0008.wav,এখন আমরা library ডাটাবেসে এসে গেছি,4.0
/home/abdullahmm/Shivam/subtask2_blindtest_wReadme/bengali/bengali_blind_wav/476907_QSgvCoEnJEG6yfO5_0009.wav,/home/abdullahmm/Shivam/subtask2_blindtest_wReadme/bengali/bengali_blind_wav/476907_QSgvCoEnJEG6yfO5_0009.wav,books issued to members এই ফর্মটি খোলা যাক,5.0
/home/abdullahmm/Shivam/subtask2_blindtest_wReadme/bengali/bengali_blind_wav/476907_QSgvCoEnJEG6yfO5_0010.wav,/home/abdullahmm/Shivam/subtask2_blindtest_wReadme/bengali/bengali_blind_wav/476907_QSgvCoEnJEG6yfO5_0010.wav,এটি করতে বাম প্যানেলের forms icon এ click করুন এবং তারপর ডান প্যানেলের books issued to members ফর্মে ডান click করুন,13.0
/home/abdullahmm/Shivam/subtask2_blindtest_wReadme/bengali/bengali_blind_wav/476907_QSgvCoEnJEG6yfO5_0011.wav,/home/abdullahmm/Shivam/subtask2_blindtest_wReadme/bengali/bengali_blind_wav/476907_QSgvCoEnJEG6yfO5_0011.wav,তারপর click করুন edit,4.0
/home/abdullahmm/Shivam/subtask2_blindtest_wReadme/bengali/bengali_blind_wav/476907_QSgvCoEnJEG6yfO5_0012.wav,/home/abdullahmm/Shivam/subtask2_blindtest_wReadme/bengali/bengali_blind_wav/476907_QSgvCoEnJEG6yfO5_0012.wav,এখন আমরা form সাজানোর উইণ্ডোতে এসে গেছি,4.0
/home/abdullahmm/Shivam/subtask2_blindtest_wReadme/bengali/bengali_blind_wav/476907_QSgvCoEnJEG6yfO5_0013.wav,/home/abdullahmm/Shivam/subtask2_blindtest_wReadme/bengali/bengali_blind_wav/476907_QSgvCoEnJEG6yfO5_0013.wav,এখন প্রথমে ফর্মের আকারে একটু পরিবর্তন করা যাক যাতে এটি আরও ঘনবিন্যস্ত দেখতে লাগে,8.0
/home/abdullahmm/Shivam/subtask2_blindtest_wReadme/bengali/bengali_blind_wav/476907_QSgvCoEnJEG6yfO5_0014.wav,/home/abdullahmm/Shivam/subtask2_blindtest_wReadme/bengali/bengali_blind_wav/476907_QSgvCoEnJEG6yfO5_0014.wav,এটি করতে form উইণ্ডোর দৈর্ঘ্য এবং প্রস্থ কমাতে হবে,7.0
/home/abdullahmm/Shivam/subtask2_blindtest_wReadme/bengali/bengali_blind_wav/476907_QSgvCoEnJEG6yfO5_0015.wav,/home/abdullahmm/Shivam/subtask2_blindtest_wReadme/bengali/bengali_blind_wav/476907_QSgvCoEnJEG6yfO5_0015.wav,তার জন্য ফর্মের উপরে এবং ধারগুলিতে click করে ধরে প্রয়োজনমত tainer আনুন,8.0
/home/abdullahmm/Shivam/subtask2_blindtest_wReadme/bengali/bengali_blind_wav/476907_QSgvCoEnJEG6yfO5_0016.wav,/home/abdullahmm/Shivam/subtask2_blindtest_wReadme/bengali/bengali_blind_wav/476907_QSgvCoEnJEG6yfO5_0016.wav,এরপর আমাদের ফর্মটির শিরনামের font পরিবর্তন করতে হবে,6.0
/home/abdullahmm/Shivam/subtask2_blindtest_wReadme/bengali/bengali_blind_wav/476907_QSgvCoEnJEG6yfO5_0017.wav,/home/abdullahmm/Shivam/subtask2_blindtest_wReadme/bengali/bengali_blind_wav/476907_QSgvCoEnJEG6yfO5_0017.wav,উপরের formatting toolbar থেকে font পরিবর্তন করে arial black এবং আকার 12 করুন,15.0
/home/abdullahmm/Shivam/subtask2_blindtest_wReadme/bengali/bengali_blind_wav/476907_QSgvCoEnJEG6yfO5_0018.wav,/home/abdullahmm/Shivam/subtask2_blindtest_wReadme/bengali/bengali_blind_wav/476907_QSgvCoEnJEG6yfO5_0018.wav,এবার form নিয়ন্ত্রকগুলির tab ক্রম লক্ষ্য করুন,7.0
/home/abdullahmm/Shivam/subtask2_blindtest_wReadme/bengali/bengali_blind_wav/476907_QSgvCoEnJEG6yfO5_0019.wav,/home/abdullahmm/Shivam/subtask2_blindtest_wReadme/bengali/bengali_blind_wav/476907_QSgvCoEnJEG6yfO5_0019.wav,এটি আমাদের form নিয়ন্ত্রকগুলিতে একটি নির্দিষ্ট ক্রমে যাবার জন্য keyboard এর tab key গুলিকে ব্যবহার করতে সাহায্য করে,10.0
/home/abdullahmm/Shivam/subtask2_blindtest_wReadme/bengali/bengali_blind_wav/476907_QSgvCoEnJEG6yfO5_0020.wav,/home/abdullahmm/Shivam/subtask2_blindtest_wReadme/bengali/bengali_blind_wav/476907_QSgvCoEnJEG6yfO5_0020.wav,উদাহরণ স্বরূপ উপর থেকে নীচে যেতে,4.0
/home/abdullahmm/Shivam/subtask2_blindtest_wReadme/bengali/bengali_blind_wav/476907_QSgvCoEnJEG6yfO5_0021.wav,/home/abdullahmm/Shivam/subtask2_blindtest_wReadme/bengali/bengali_blind_wav/476907_QSgvCoEnJEG6yfO5_0021.wav,এটিকে tab order বা tab ক্রম বলা হয়ে থাকে,4.0
/home/abdullahmm/Shivam/subtask2_blindtest_wReadme/bengali/bengali_blind_wav/476907_QSgvCoEnJEG6yfO5_0022.wav,/home/abdullahmm/Shivam/subtask2_blindtest_wReadme/bengali/bengali_blind_wav/476907_QSgvCoEnJEG6yfO5_0022.wav,base স্বয়ংক্রিয়ভাবে form নিয়ন্ত্রকগুলির tab ক্রম ফর্মের উপর থেকে নিচে নিদিষ্ট করে দেয়,10.0
/home/abdullahmm/Shivam/subtask2_blindtest_wReadme/bengali/bengali_blind_wav/476907_QSgvCoEnJEG6yfO5_0023.wav,/home/abdullahmm/Shivam/subtask2_blindtest_wReadme/bengali/bengali_blind_wav/476907_QSgvCoEnJEG6yfO5_0023.wav,কিন্তু যেহেতু আমরা ফর্মে কয়েকটি text box মুছে দিয়েছি এবং দুটি তালিকা box ও চারটি বোতাম যোগ করেছি তাই tab ক্রম পরিবর্তিত হয়ে যেতে পারে,13.0
/home/abdullahmm/Shivam/subtask2_blindtest_wReadme/bengali/bengali_blind_wav/476907_QSgvCoEnJEG6yfO5_0024.wav,/home/abdullahmm/Shivam/subtask2_blindtest_wReadme/bengali/bengali_blind_wav/476907_QSgvCoEnJEG6yfO5_0024.wav,তাহলে এখন এটি আবার নতুন করে ধার্য করা যাক,5.0
/home/abdullahmm/Shivam/subtask2_blindtest_wReadme/bengali/bengali_blind_wav/476907_QSgvCoEnJEG6yfO5_0025.wav,/home/abdullahmm/Shivam/subtask2_blindtest_wReadme/bengali/bengali_blind_wav/476907_QSgvCoEnJEG6yfO5_0025.wav,form design টুলবারে অর্থাৎ যেটি সাধারণত উইণ্ডোর নিচের দিকে থাকে সেখানকার আইকনগুলি দেখে নিন,11.0
/home/abdullahmm/Shivam/subtask2_blindtest_wReadme/bengali/bengali_blind_wav/476907_QSgvCoEnJEG6yfO5_0026.wav,/home/abdullahmm/Shivam/subtask2_blindtest_wReadme/bengali/bengali_blind_wav/476907_QSgvCoEnJEG6yfO5_0026.wav,এবং সেই iconটি খুঁজে নিন যেটির tooltip এ লেখা আছে activation order,9.0
/home/abdullahmm/Shivam/subtask2_blindtest_wReadme/bengali/bengali_blind_wav/476907_QSgvCoEnJEG6yfO5_0027.wav,/home/abdullahmm/Shivam/subtask2_blindtest_wReadme/bengali/bengali_blind_wav/476907_QSgvCoEnJEG6yfO5_0027.wav,এই icon টির উপর click করুন,4.0
/home/abdullahmm/Shivam/subtask2_blindtest_wReadme/bengali/bengali_blind_wav/476907_QSgvCoEnJEG6yfO5_0028.wav,/home/abdullahmm/Shivam/subtask2_blindtest_wReadme/bengali/bengali_blind_wav/476907_QSgvCoEnJEG6yfO5_0028.wav,এখন একটি ছোট popup window দেখা যাচ্ছে যার শিরোনাম tab order,9.0
/home/abdullahmm/Shivam/subtask2_blindtest_wReadme/bengali/bengali_blind_wav/476907_QSgvCoEnJEG6yfO5_0029.wav,/home/abdullahmm/Shivam/subtask2_blindtest_wReadme/bengali/bengali_blind_wav/476907_QSgvCoEnJEG6yfO5_0029.wav,নির্দিষ্ট ক্রমে সাজাতে আমরা হয় এগুলির উপর click করে tainer এনে সঠিক স্থানে এনে বসাব,8.0
/home/abdullahmm/Shivam/subtask2_blindtest_wReadme/bengali/bengali_blind_wav/476907_QSgvCoEnJEG6yfO5_0030.wav,/home/abdullahmm/Shivam/subtask2_blindtest_wReadme/bengali/bengali_blind_wav/476907_QSgvCoEnJEG6yfO5_0030.wav,অথবা আমরা move up বা move down বোতামগুলি,6.0
/home/abdullahmm/Shivam/subtask2_blindtest_wReadme/bengali/bengali_blind_wav/476907_QSgvCoEnJEG6yfO5_0031.wav,/home/abdullahmm/Shivam/subtask2_blindtest_wReadme/bengali/bengali_blind_wav/476907_QSgvCoEnJEG6yfO5_0031.wav,ব্যবহার করব তাহলে ছবির মতো করে এই tabগুলি সাজিয়ে নেওয়া যাক এটি হয়ে গেছে,12.0
/home/abdullahmm/Shivam/subtask2_blindtest_wReadme/bengali/bengali_blind_wav/476907_QSgvCoEnJEG6yfO5_0032.wav,/home/abdullahmm/Shivam/subtask2_blindtest_wReadme/bengali/bengali_blind_wav/476907_QSgvCoEnJEG6yfO5_0032.wav,তাহলে এবার এই পরিবর্তনগুলি সংরক্ষণ করতে ok button টিপুন ঠিক আছে,8.0
/home/abdullahmm/Shivam/subtask2_blindtest_wReadme/bengali/bengali_blind_wav/476907_QSgvCoEnJEG6yfO5_0033.wav,/home/abdullahmm/Shivam/subtask2_blindtest_wReadme/bengali/bengali_blind_wav/476907_QSgvCoEnJEG6yfO5_0033.wav,এখন এই ফর্মটি সংরক্ষণ করতে control এবং s একসাথে টিপুন,7.0
/home/abdullahmm/Shivam/subtask2_blindtest_wReadme/bengali/bengali_blind_wav/476907_QSgvCoEnJEG6yfO5_0034.wav,/home/abdullahmm/Shivam/subtask2_blindtest_wReadme/bengali/bengali_blind_wav/476907_QSgvCoEnJEG6yfO5_0034.wav,তারপর form উইণ্ডোটি বন্ধ করে দিন,5.0
/home/abdullahmm/Shivam/subtask2_blindtest_wReadme/bengali/bengali_blind_wav/476907_QSgvCoEnJEG6yfO5_0035.wav,/home/abdullahmm/Shivam/subtask2_blindtest_wReadme/bengali/bengali_blind_wav/476907_QSgvCoEnJEG6yfO5_0035.wav,form সাজানো সম্পূর্ণ হয়ে গেছে এবার এই formটি,5.0
/home/abdullahmm/Shivam/subtask2_blindtest_wReadme/bengali/bengali_blind_wav/476907_QSgvCoEnJEG6yfO5_0036.wav,/home/abdullahmm/Shivam/subtask2_blindtest_wReadme/bengali/bengali_blind_wav/476907_QSgvCoEnJEG6yfO5_0036.wav,একবার পরীক্ষা করে দেখা যাক প্রথম base উইণ্ডোকে,4.0
/home/abdullahmm/Shivam/subtask2_blindtest_wReadme/bengali/bengali_blind_wav/476907_QSgvCoEnJEG6yfO5_0037.wav,/home/abdullahmm/Shivam/subtask2_blindtest_wReadme/bengali/bengali_blind_wav/476907_QSgvCoEnJEG6yfO5_0037.wav,প্রধান base উইন্ডোতে books issued to members ফর্মের উপর double click করে ওটিকে খুলুন,9.0
/home/abdullahmm/Shivam/subtask2_blindtest_wReadme/bengali/bengali_blind_wav/476907_QSgvCoEnJEG6yfO5_0038.wav,/home/abdullahmm/Shivam/subtask2_blindtest_wReadme/bengali/bengali_blind_wav/476907_QSgvCoEnJEG6yfO5_0038.wav,ঢোকানোর মোডে খুলে গেছে লক্ষ্য করুন শিরোনাম হিসাব,5.0
/home/abdullahmm/Shivam/subtask2_blindtest_wReadme/bengali/bengali_blind_wav/476907_QSgvCoEnJEG6yfO5_0039.wav,/home/abdullahmm/Shivam/subtask2_blindtest_wReadme/bengali/bengali_blind_wav/476907_QSgvCoEnJEG6yfO5_0039.wav,দেখাচ্ছে form to track books issued to members,7.0
/home/abdullahmm/Shivam/subtask2_blindtest_wReadme/bengali/bengali_blind_wav/476907_QSgvCoEnJEG6yfO5_0040.wav,/home/abdullahmm/Shivam/subtask2_blindtest_wReadme/bengali/bengali_blind_wav/476907_QSgvCoEnJEG6yfO5_0040.wav,এবং এখানে আমরা book id ও memberid এর পরিবর্তে বইএর শিরোনাম এবং সদস্যদের নাম দেখতে পাচ্ছি,9.0
/home/abdullahmm/Shivam/subtask2_blindtest_wReadme/bengali/bengali_blind_wav/476907_QSgvCoEnJEG6yfO5_0041.wav,/home/abdullahmm/Shivam/subtask2_blindtest_wReadme/bengali/bengali_blind_wav/476907_QSgvCoEnJEG6yfO5_0041.wav,এছাড়াও এটি হল books issueর টেবিলের প্রথম record বইয়ের শিরোনাম হিসাবে an autobiography উজ্জ্বল হয়ে আছে এবং সদস্য,12.0
/home/abdullahmm/Shivam/subtask2_blindtest_wReadme/bengali/bengali_blind_wav/476907_QSgvCoEnJEG6yfO5_0042.wav,/home/abdullahmm/Shivam/subtask2_blindtest_wReadme/bengali/bengali_blind_wav/476907_QSgvCoEnJEG6yfO5_0042.wav,হিসাবে nisha sharma উজ্জ্বল হয়ে আছে becky ক্ষেত্রগুলিও,6.0
/home/abdullahmm/Shivam/subtask2_blindtest_wReadme/bengali/bengali_blind_wav/476907_QSgvCoEnJEG6yfO5_0043.wav,/home/abdullahmm/Shivam/subtask2_blindtest_wReadme/bengali/bengali_blind_wav/476907_QSgvCoEnJEG6yfO5_0043.wav,এখানে দেখতে পারছি এখন নীচে navigation,4.0
/home/abdullahmm/Shivam/subtask2_blindtest_wReadme/bengali/bengali_blind_wav/476907_QSgvCoEnJEG6yfO5_0044.wav,/home/abdullahmm/Shivam/subtask2_blindtest_wReadme/bengali/bengali_blind_wav/476907_QSgvCoEnJEG6yfO5_0044.wav,toolbar icon ব্যবহার করে আমরা record গুলির মধ্যে যাতায়াত করতে পারি,20.0
/home/abdullahmm/Shivam/subtask2_blindtest_wReadme/bengali/bengali_blind_wav/476907_QSgvCoEnJEG6yfO5_0045.wav,/home/abdullahmm/Shivam/subtask2_blindtest_wReadme/bengali/bengali_blind_wav/476907_QSgvCoEnJEG6yfO5_0045.wav,,4.0
/home/abdullahmm/Shivam/subtask2_blindtest_wReadme/bengali/bengali_blind_wav/476907_QSgvCoEnJEG6yfO5_0046.wav,/home/abdullahmm/Shivam/subtask2_blindtest_wReadme/bengali/bengali_blind_wav/476907_QSgvCoEnJEG6yfO5_0046.wav,ধরা যাক সদস্য jacob robin macbeth বইটি নিয়েছেন এবং ধরা যাক তিনি এখন বইটি ফেরত দিচ্ছেন তাহলে,12.0
/home/abdullahmm/Shivam/subtask2_blindtest_wReadme/bengali/bengali_blind_wav/476907_QSgvCoEnJEG6yfO5_0047.wav,/home/abdullahmm/Shivam/subtask2_blindtest_wReadme/bengali/bengali_blind_wav/476907_QSgvCoEnJEG6yfO5_0047.wav,এই তথ্যটি আমাদের record এ পরিবর্তন করা যাক,6.0
/home/abdullahmm/Shivam/subtask2_blindtest_wReadme/bengali/bengali_blind_wav/476907_QSgvCoEnJEG6yfO5_0048.wav,/home/abdullahmm/Shivam/subtask2_blindtest_wReadme/bengali/bengali_blind_wav/476907_QSgvCoEnJEG6yfO5_0048.wav,এর জন্য উদাহরণস্বরূপ ফেরতের আসল তারিখ হিসাবে লেখা যাক 7 / 7 / 11,10.0
/home/abdullahmm/Shivam/subtask2_blindtest_wReadme/bengali/bengali_blind_wav/476907_QSgvCoEnJEG6yfO5_0049.wav,/home/abdullahmm/Shivam/subtask2_blindtest_wReadme/bengali/bengali_blind_wav/476907_QSgvCoEnJEG6yfO5_0049.wav,এবং checked in ক্ষেত্রটি নির্বাচন করুন,4.0
/home/abdullahmm/Shivam/subtask2_blindtest_wReadme/bengali/bengali_blind_wav/476907_QSgvCoEnJEG6yfO5_0050.wav,/home/abdullahmm/Shivam/subtask2_blindtest_wReadme/bengali/bengali_blind_wav/476907_QSgvCoEnJEG6yfO5_0050.wav,এই তথ্যটি সংরক্ষণ করতে এখানের save record বোতামে click করুন দেখুন বোতামটি এখন ধূসর,9.0
/home/abdullahmm/Shivam/subtask2_blindtest_wReadme/bengali/bengali_blind_wav/476907_QSgvCoEnJEG6yfO5_0051.wav,/home/abdullahmm/Shivam/subtask2_blindtest_wReadme/bengali/bengali_blind_wav/476907_QSgvCoEnJEG6yfO5_0051.wav,অর্থাৎ ওটি এখন নিষ্ক্রিয় হয়ে গেছে কিন্তু আমরা যদি আবার রেকর্ডটি পরিবর্তন,8.0
/home/abdullahmm/Shivam/subtask2_blindtest_wReadme/bengali/bengali_blind_wav/476907_QSgvCoEnJEG6yfO5_0052.wav,/home/abdullahmm/Shivam/subtask2_blindtest_wReadme/bengali/bengali_blind_wav/476907_QSgvCoEnJEG6yfO5_0052.wav,পরিবর্তন করি তাহলে ওটি আবার সক্রিয় হয়ে উঠবে,7.0
/home/abdullahmm/Shivam/subtask2_blindtest_wReadme/bengali/bengali_blind_wav/476907_QSgvCoEnJEG6yfO5_0053.wav,/home/abdullahmm/Shivam/subtask2_blindtest_wReadme/bengali/bengali_blind_wav/476907_QSgvCoEnJEG6yfO5_0053.wav,এখন undo changes বোতাম the পরীক্ষা করা,5.0
/home/abdullahmm/Shivam/subtask2_blindtest_wReadme/bengali/bengali_blind_wav/476907_QSgvCoEnJEG6yfO5_0054.wav,/home/abdullahmm/Shivam/subtask2_blindtest_wReadme/bengali/bengali_blind_wav/476907_QSgvCoEnJEG6yfO5_0054.wav,এর জন্য conquest of self বইয়ের শিরোনামে click করে এই রেকর্ডটি পরিবর্তন করা যাক actual return date ক্ষেত্রে 5 / 7 / 11 লিখুন,16.0
/home/abdullahmm/Shivam/subtask2_blindtest_wReadme/bengali/bengali_blind_wav/476907_QSgvCoEnJEG6yfO5_0055.wav,/home/abdullahmm/Shivam/subtask2_blindtest_wReadme/bengali/bengali_blind_wav/476907_QSgvCoEnJEG6yfO5_0055.wav,লক্ষ্য করুন save record বোতাম এবং undo changes বোতাম দুটিই এখন ব্যবহারের জন্য সক্রিয় হয়ে গেছে এবার,9.0
/home/abdullahmm/Shivam/subtask2_blindtest_wReadme/bengali/bengali_blind_wav/476907_QSgvCoEnJEG6yfO5_0056.wav,/home/abdullahmm/Shivam/subtask2_blindtest_wReadme/bengali/bengali_blind_wav/476907_QSgvCoEnJEG6yfO5_0056.wav,do changes বোতামে click করুন এবং দেখুন কি হয় সর্বশেষ কলা পরি ব,7.0
/home/abdullahmm/Shivam/subtask2_blindtest_wReadme/bengali/bengali_blind_wav/476907_QSgvCoEnJEG6yfO5_0057.wav,/home/abdullahmm/Shivam/subtask2_blindtest_wReadme/bengali/bengali_blind_wav/476907_QSgvCoEnJEG6yfO5_0057.wav,এখন আর নেই লক্ষ্য করুন conquest of self এর পরিবর্তে macbeth আবার উজ্জ্বল হয়ে আছে এবং ফেরতের আসল তারিখ 7 / 7 / 11 দেখাচ্ছে,15.0
/home/abdullahmm/Shivam/subtask2_blindtest_wReadme/bengali/bengali_blind_wav/476907_QSgvCoEnJEG6yfO5_0058.wav,/home/abdullahmm/Shivam/subtask2_blindtest_wReadme/bengali/bengali_blind_wav/476907_QSgvCoEnJEG6yfO5_0058.wav,ঠিক আছে এবার delete record বোতামে click করা যাক অর্থাৎ এখন আমরা দ্বিতীয় record মুছে ফেলতে চাইছি,10.0
/home/abdullahmm/Shivam/subtask2_blindtest_wReadme/bengali/bengali_blind_wav/476907_QSgvCoEnJEG6yfO5_0059.wav,/home/abdullahmm/Shivam/subtask2_blindtest_wReadme/bengali/bengali_blind_wav/476907_QSgvCoEnJEG6yfO5_0059.wav,মুছে ফেলার বিষয়ে খুবই সতর্ক তাই এটি আমাদের আবার সতর্কতাবাণী দেখায় এবং নিশ্চিত করার জন্য বলে,8.0
/home/abdullahmm/Shivam/subtask2_blindtest_wReadme/bengali/bengali_blind_wav/476907_QSgvCoEnJEG6yfO5_0060.wav,/home/abdullahmm/Shivam/subtask2_blindtest_wReadme/bengali/bengali_blind_wav/476907_QSgvCoEnJEG6yfO5_0060.wav,তাহলে এবার নিশ্চিত করতে yes বোতামে click করুন আমরা দেখতে পারছি রেকর্ডটি screen থেকে মুছে,7.0
/home/abdullahmm/Shivam/subtask2_blindtest_wReadme/bengali/bengali_blind_wav/476907_QSgvCoEnJEG6yfO5_0061.wav,/home/abdullahmm/Shivam/subtask2_blindtest_wReadme/bengali/bengali_blind_wav/476907_QSgvCoEnJEG6yfO5_0061.wav,গেছে এবং সেটির স্থানে আমরা এখন পরবর্তী রেকর্ডটিকে দেখতে পাচ্ছি এবার একটি নতুন record যোগ করতে,11.0
/home/abdullahmm/Shivam/subtask2_blindtest_wReadme/bengali/bengali_blind_wav/476907_QSgvCoEnJEG6yfO5_0062.wav,/home/abdullahmm/Shivam/subtask2_blindtest_wReadme/bengali/bengali_blind_wav/476907_QSgvCoEnJEG6yfO5_0062.wav,এই ফর্মের সর্বশেষ বোতাম অর্থাৎ new record click করুন কিছু,9.0
/home/abdullahmm/Shivam/subtask2_blindtest_wReadme/bengali/bengali_blind_wav/476907_QSgvCoEnJEG6yfO5_0063.wav,/home/abdullahmm/Shivam/subtask2_blindtest_wReadme/bengali/bengali_blind_wav/476907_QSgvCoEnJEG6yfO5_0063.wav,কিছু মান লেখা যাক যেহেতু issue id ক্ষেত্রটির মান স্বয়ং,4.0
/home/abdullahmm/Shivam/subtask2_blindtest_wReadme/bengali/bengali_blind_wav/476907_QSgvCoEnJEG6yfO5_0064.wav,/home/abdullahmm/Shivam/subtask2_blindtest_wReadme/bengali/bengali_blind_wav/476907_QSgvCoEnJEG6yfO5_0064.wav,উৎপন্ন হয় তাই এতে আমরা কিছু লিখব না,7.0
/home/abdullahmm/Shivam/subtask2_blindtest_wReadme/bengali/bengali_blind_wav/476907_QSgvCoEnJEG6yfO5_0065.wav,/home/abdullahmm/Shivam/subtask2_blindtest_wReadme/bengali/bengali_blind_wav/476907_QSgvCoEnJEG6yfO5_0065.wav,দেখা যাচ্ছে সেই অনুযায়ী তথ্য লিখুন আপনি যা লিখেছেন সেটি সংরক্ষণ করার জন্য save record বোতামে click করুন,9.0
/home/abdullahmm/Shivam/subtask2_blindtest_wReadme/bengali/bengali_blind_wav/476907_QSgvCoEnJEG6yfO5_0066.wav,/home/abdullahmm/Shivam/subtask2_blindtest_wReadme/bengali/bengali_blind_wav/476907_QSgvCoEnJEG6yfO5_0066.wav,তাহলে আমাদের কাজটি এখন হয়ে গেছে,5.0
/home/abdullahmm/Shivam/subtask2_blindtest_wReadme/bengali/bengali_blind_wav/476907_QSgvCoEnJEG6yfO5_0067.wav,/home/abdullahmm/Shivam/subtask2_blindtest_wReadme/bengali/bengali_blind_wav/476907_QSgvCoEnJEG6yfO5_0067.wav,আমরা এই form তথ্য ঢুকিয়ে এবং পরিবর্তন করে সেটিকে পরীক্ষা করে দেখে নিয়েছি,7.0
/home/abdullahmm/Shivam/subtask2_blindtest_wReadme/bengali/bengali_blind_wav/476907_QSgvCoEnJEG6yfO5_0068.wav,/home/abdullahmm/Shivam/subtask2_blindtest_wReadme/bengali/bengali_blind_wav/476907_QSgvCoEnJEG6yfO5_0068.wav,জন্য একটি অনুশীলনী রয়েছে সদস্যদের তথ্য দেখানোর জন্য একটি form তৈরী করুন,6.0
/home/abdullahmm/Shivam/subtask2_blindtest_wReadme/bengali/bengali_blind_wav/476907_QSgvCoEnJEG6yfO5_0069.wav,/home/abdullahmm/Shivam/subtask2_blindtest_wReadme/bengali/bengali_blind_wav/476907_QSgvCoEnJEG6yfO5_0069.wav,formটি দেখতে ঘনবিন্যস্ত করুন,3.0
/home/abdullahmm/Shivam/subtask2_blindtest_wReadme/bengali/bengali_blind_wav/476907_QSgvCoEnJEG6yfO5_0070.wav,/home/abdullahmm/Shivam/subtask2_blindtest_wReadme/bengali/bengali_blind_wav/476907_QSgvCoEnJEG6yfO5_0070.wav,font গাঢ় করুন,4.0
/home/abdullahmm/Shivam/subtask2_blindtest_wReadme/bengali/bengali_blind_wav/476907_QSgvCoEnJEG6yfO5_0071.wav,/home/abdullahmm/Shivam/subtask2_blindtest_wReadme/bengali/bengali_blind_wav/476907_QSgvCoEnJEG6yfO5_0071.wav,save এবং new record বোতাম দুটি যোগ করুন,3.0
/home/abdullahmm/Shivam/subtask2_blindtest_wReadme/bengali/bengali_blind_wav/476907_QSgvCoEnJEG6yfO5_0072.wav,/home/abdullahmm/Shivam/subtask2_blindtest_wReadme/bengali/bengali_blind_wav/476907_QSgvCoEnJEG6yfO5_0072.wav,এখানেই libre office বেসে ফর্মের তথ্য সংক্রান্ত এই টিউটোরিয়ালটি সমাপ্ত হল,7.0
/home/abdullahmm/Shivam/subtask2_blindtest_wReadme/bengali/bengali_blind_wav/476907_QSgvCoEnJEG6yfO5_0073.wav,/home/abdullahmm/Shivam/subtask2_blindtest_wReadme/bengali/bengali_blind_wav/476907_QSgvCoEnJEG6yfO5_0073.wav,সারসংক্ষেপে এখানে আমরা শিখেছি একটি ফর্মের,3.0
/home/abdullahmm/Shivam/subtask2_blindtest_wReadme/bengali/bengali_blind_wav/476907_QSgvCoEnJEG6yfO5_0074.wav,/home/abdullahmm/Shivam/subtask2_blindtest_wReadme/bengali/bengali_blind_wav/476907_QSgvCoEnJEG6yfO5_0074.wav,তথ্য ঢোকানো এবং পরিবর্তন করা,3.0
/home/abdullahmm/Shivam/subtask2_blindtest_wReadme/bengali/bengali_blind_wav/476907_QSgvCoEnJEG6yfO5_0075.wav,/home/abdullahmm/Shivam/subtask2_blindtest_wReadme/bengali/bengali_blind_wav/476907_QSgvCoEnJEG6yfO5_0075.wav,spoken tutorial talk to a teacher প্রকল্পের অংশবিশেষ যা ভারত সরকারের ict mhrd এর national mission on education দ্বারা সমর্থিত,11.0
/home/abdullahmm/Shivam/subtask2_blindtest_wReadme/bengali/bengali_blind_wav/476907_QSgvCoEnJEG6yfO5_0076.wav,/home/abdullahmm/Shivam/subtask2_blindtest_wReadme/bengali/bengali_blind_wav/476907_QSgvCoEnJEG6yfO5_0076.wav,এই প্রকল্পটি http : spoken - tutorial . org দ্বারা পরিচালিত এই বিষয়ে বিস্তারিত তথ্য এই লিঙ্কে প্রাপ্তিসাধ্য,10.0
/home/abdullahmm/Shivam/subtask2_blindtest_wReadme/bengali/bengali_blind_wav/476907_QSgvCoEnJEG6yfO5_0077.wav,/home/abdullahmm/Shivam/subtask2_blindtest_wReadme/bengali/bengali_blind_wav/476907_QSgvCoEnJEG6yfO5_0077.wav,আমি অন্তরা এই টিউটোরিয়ালটি অনুবাদ এবং record করেছি এই টিউটোরিয়ালে অংশগ্রহণ করার জন্য ধন্যবাদ শুভ বিদায়,13.39
/home/abdullahmm/Shivam/subtask2_blindtest_wReadme/bengali/bengali_blind_wav/483021_ccA4fnmIxxrKZaz0_0000.wav,/home/abdullahmm/Shivam/subtask2_blindtest_wReadme/bengali/bengali_blind_wav/483021_ccA4fnmIxxrKZaz0_0000.wav,টিউটোরিয়া্লটি blender 2 . 59,3.0
/home/abdullahmm/Shivam/subtask2_blindtest_wReadme/bengali/bengali_blind_wav/483021_ccA4fnmIxxrKZaz0_0001.wav,/home/abdullahmm/Shivam/subtask2_blindtest_wReadme/bengali/bengali_blind_wav/483021_ccA4fnmIxxrKZaz0_0001.wav,properties window সম্পর্কে আমি,8.0
/home/abdullahmm/Shivam/subtask2_blindtest_wReadme/bengali/bengali_blind_wav/483021_ccA4fnmIxxrKZaz0_0002.wav,/home/abdullahmm/Shivam/subtask2_blindtest_wReadme/bengali/bengali_blind_wav/483021_ccA4fnmIxxrKZaz0_0002.wav,কৌশিক দত্ত এই টিউটোরিয়ালটি অনুবাদ করেছি এই টিউটোরিয়ালটি দেখার পর আমরা properties window সম্পর্কে,13.0
/home/abdullahmm/Shivam/subtask2_blindtest_wReadme/bengali/bengali_blind_wav/483021_ccA4fnmIxxrKZaz0_0003.wav,/home/abdullahmm/Shivam/subtask2_blindtest_wReadme/bengali/bengali_blind_wav/483021_ccA4fnmIxxrKZaz0_0003.wav,শিখব properties উইন্ডোতে material panel key,5.0
/home/abdullahmm/Shivam/subtask2_blindtest_wReadme/bengali/bengali_blind_wav/483021_ccA4fnmIxxrKZaz0_0004.wav,/home/abdullahmm/Shivam/subtask2_blindtest_wReadme/bengali/bengali_blind_wav/483021_ccA4fnmIxxrKZaz0_0004.wav,properties উইন্ডোর material প্যানেলের,4.0
/home/abdullahmm/Shivam/subtask2_blindtest_wReadme/bengali/bengali_blind_wav/483021_ccA4fnmIxxrKZaz0_0005.wav,/home/abdullahmm/Shivam/subtask2_blindtest_wReadme/bengali/bengali_blind_wav/483021_ccA4fnmIxxrKZaz0_0005.wav,বিভিন্ন সেটিংস্কে আমি ধরে নিয়েছি আপনি blender ইন্টারফেসে মৌলিক উপাদান সম্পর্কে,7.0
/home/abdullahmm/Shivam/subtask2_blindtest_wReadme/bengali/bengali_blind_wav/483021_ccA4fnmIxxrKZaz0_0006.wav,/home/abdullahmm/Shivam/subtask2_blindtest_wReadme/bengali/bengali_blind_wav/483021_ccA4fnmIxxrKZaz0_0006.wav,নাহলে আমাদের আগের tutorial basic des,5.0
/home/abdullahmm/Shivam/subtask2_blindtest_wReadme/bengali/bengali_blind_wav/483021_ccA4fnmIxxrKZaz0_0007.wav,/home/abdullahmm/Shivam/subtask2_blindtest_wReadme/bengali/bengali_blind_wav/483021_ccA4fnmIxxrKZaz0_0007.wav,cription of the blender interface পড়ুন properties window আমাদের screen l,8.0
/home/abdullahmm/Shivam/subtask2_blindtest_wReadme/bengali/bengali_blind_wav/483021_ccA4fnmIxxrKZaz0_0008.wav,/home/abdullahmm/Shivam/subtask2_blindtest_wReadme/bengali/bengali_blind_wav/483021_ccA4fnmIxxrKZaz0_0008.wav,ডানদিকে অবস্থিত আমরা properties উইণ্ডোর প্রথম panel এবং settings,6.0
/home/abdullahmm/Shivam/subtask2_blindtest_wReadme/bengali/bengali_blind_wav/483021_ccA4fnmIxxrKZaz0_0009.wav,/home/abdullahmm/Shivam/subtask2_blindtest_wReadme/bengali/bengali_blind_wav/483021_ccA4fnmIxxrKZaz0_0009.wav,পূর্ববর্তী টিউটোরিয়া্লে দেখে ফেলেছি properties উইণ্ডোর পরবর্তী panel দেখি,7.0
/home/abdullahmm/Shivam/subtask2_blindtest_wReadme/bengali/bengali_blind_wav/483021_ccA4fnmIxxrKZaz0_0010.wav,/home/abdullahmm/Shivam/subtask2_blindtest_wReadme/bengali/bengali_blind_wav/483021_ccA4fnmIxxrKZaz0_0010.wav,ভালো দেখার এবং বোঝার জন্য আমাদের properties উইণ্ডোর,4.0
/home/abdullahmm/Shivam/subtask2_blindtest_wReadme/bengali/bengali_blind_wav/483021_ccA4fnmIxxrKZaz0_0011.wav,/home/abdullahmm/Shivam/subtask2_blindtest_wReadme/bengali/bengali_blind_wav/483021_ccA4fnmIxxrKZaz0_0011.wav,আবার বদলাতে হবে properties উইণ্ডোর বাম প্রান্তে বাম click করুন,6.0
/home/abdullahmm/Shivam/subtask2_blindtest_wReadme/bengali/bengali_blind_wav/483021_ccA4fnmIxxrKZaz0_0012.wav,/home/abdullahmm/Shivam/subtask2_blindtest_wReadme/bengali/bengali_blind_wav/483021_ccA4fnmIxxrKZaz0_0012.wav,ধরে থাকুন এবং বামদিকে drag করুন এখন আমরা বিকল্পগুলি properties উইণ্ডোতে আরও স্পষ্ট রূপে দেখব,8.0
/home/abdullahmm/Shivam/subtask2_blindtest_wReadme/bengali/bengali_blind_wav/483021_ccA4fnmIxxrKZaz0_0013.wav,/home/abdullahmm/Shivam/subtask2_blindtest_wReadme/bengali/bengali_blind_wav/483021_ccA4fnmIxxrKZaz0_0013.wav,দেখতে পারি blender উইণ্ডোর আকার কিভাবে পরিবর্তন করে তা শিখতে,5.0
/home/abdullahmm/Shivam/subtask2_blindtest_wReadme/bengali/bengali_blind_wav/483021_ccA4fnmIxxrKZaz0_0014.wav,/home/abdullahmm/Shivam/subtask2_blindtest_wReadme/bengali/bengali_blind_wav/483021_ccA4fnmIxxrKZaz0_0014.wav,আমাদের how to change window types in blender টিউটোরিয়ালটি দেখুন,10.0
/home/abdullahmm/Shivam/subtask2_blindtest_wReadme/bengali/bengali_blind_wav/483021_ccA4fnmIxxrKZaz0_0015.wav,/home/abdullahmm/Shivam/subtask2_blindtest_wReadme/bengali/bengali_blind_wav/483021_ccA4fnmIxxrKZaz0_0015.wav,উপরের সারিতে যান properties উইন্ডোর উপরের সারির,8.0
/home/abdullahmm/Shivam/subtask2_blindtest_wReadme/bengali/bengali_blind_wav/483021_ccA4fnmIxxrKZaz0_0016.wav,/home/abdullahmm/Shivam/subtask2_blindtest_wReadme/bengali/bengali_blind_wav/483021_ccA4fnmIxxrKZaz0_0016.wav,এ বাম click করুন এটি হল material panel এখানে আমরা সক্রিয় object,7.0
/home/abdullahmm/Shivam/subtask2_blindtest_wReadme/bengali/bengali_blind_wav/483021_ccA4fnmIxxrKZaz0_0017.wav,/home/abdullahmm/Shivam/subtask2_blindtest_wReadme/bengali/bengali_blind_wav/483021_ccA4fnmIxxrKZaz0_0017.wav,তে একটি material যোগ করতে পারি default রূপে cub এ একটি standard material জুড়ে গেছে,7.0
/home/abdullahmm/Shivam/subtask2_blindtest_wReadme/bengali/bengali_blind_wav/483021_ccA4fnmIxxrKZaz0_0018.wav,/home/abdullahmm/Shivam/subtask2_blindtest_wReadme/bengali/bengali_blind_wav/483021_ccA4fnmIxxrKZaz0_0018.wav,এই material blue দ্বারা চিহ্নাঙ্কিত material স্লটে,5.0
/home/abdullahmm/Shivam/subtask2_blindtest_wReadme/bengali/bengali_blind_wav/483021_ccA4fnmIxxrKZaz0_0019.wav,/home/abdullahmm/Shivam/subtask2_blindtest_wReadme/bengali/bengali_blind_wav/483021_ccA4fnmIxxrKZaz0_0019.wav,র ons একটি নতুন material slot যোগ করতে material panel,5.0
/home/abdullahmm/Shivam/subtask2_blindtest_wReadme/bengali/bengali_blind_wav/483021_ccA4fnmIxxrKZaz0_0020.wav,/home/abdullahmm/Shivam/subtask2_blindtest_wReadme/bengali/bengali_blind_wav/483021_ccA4fnmIxxrKZaz0_0020.wav,উপরের ডান কোণায় + সাইনে বাম click করুন একটি নতুন material জুড়তে নিউয়ে বাম click করুন,9.0
/home/abdullahmm/Shivam/subtask2_blindtest_wReadme/bengali/bengali_blind_wav/483021_ccA4fnmIxxrKZaz0_0021.wav,/home/abdullahmm/Shivam/subtask2_blindtest_wReadme/bengali/bengali_blind_wav/483021_ccA4fnmIxxrKZaz0_0021.wav,defaultরূপে সমস্ত নতুন material মৌলিক settingsএর সাথে জুড়ে গেছে। নতুন materials slot মুছতে + সাইনের নীচে,10.0
/home/abdullahmm/Shivam/subtask2_blindtest_wReadme/bengali/bengali_blind_wav/483021_ccA4fnmIxxrKZaz0_0022.wav,/home/abdullahmm/Shivam/subtask2_blindtest_wReadme/bengali/bengali_blind_wav/483021_ccA4fnmIxxrKZaz0_0022.wav,সাইনে বাম click করুন আমরা আমাদের মূল মেটিরিয়ালে ফিরে এসেছি একে নতুন নাম white,7.0
/home/abdullahmm/Shivam/subtask2_blindtest_wReadme/bengali/bengali_blind_wav/483021_ccA4fnmIxxrKZaz0_0023.wav,/home/abdullahmm/Shivam/subtask2_blindtest_wReadme/bengali/bengali_blind_wav/483021_ccA4fnmIxxrKZaz0_0023.wav,white দিন materials slot box এবং preview উইণ্ডোর মাঝে,5.0
/home/abdullahmm/Shivam/subtask2_blindtest_wReadme/bengali/bengali_blind_wav/483021_ccA4fnmIxxrKZaz0_0024.wav,/home/abdullahmm/Shivam/subtask2_blindtest_wReadme/bengali/bengali_blind_wav/483021_ccA4fnmIxxrKZaz0_0024.wav,id name bar মেটিরিয়ালে বাম click করুন আপনার keyboard white লিখুন এবং,9.0
/home/abdullahmm/Shivam/subtask2_blindtest_wReadme/bengali/bengali_blind_wav/483021_ccA4fnmIxxrKZaz0_0025.wav,/home/abdullahmm/Shivam/subtask2_blindtest_wReadme/bengali/bengali_blind_wav/483021_ccA4fnmIxxrKZaz0_0025.wav,enter key টিপুন material এবং material slot উভয়ই সাদাতে বদলে,6.0
/home/abdullahmm/Shivam/subtask2_blindtest_wReadme/bengali/bengali_blind_wav/483021_ccA4fnmIxxrKZaz0_0026.wav,/home/abdullahmm/Shivam/subtask2_blindtest_wReadme/bengali/bengali_blind_wav/483021_ccA4fnmIxxrKZaz0_0026.wav,গেছে আমরা নতুন material slot না জুড়েই একটি নতুন,5.0
/home/abdullahmm/Shivam/subtask2_blindtest_wReadme/bengali/bengali_blind_wav/483021_ccA4fnmIxxrKZaz0_0027.wav,/home/abdullahmm/Shivam/subtask2_blindtest_wReadme/bengali/bengali_blind_wav/483021_ccA4fnmIxxrKZaz0_0027.wav,material জুড়তে পারি material id name বারের ডান দিকে + সাইনে,6.0
/home/abdullahmm/Shivam/subtask2_blindtest_wReadme/bengali/bengali_blind_wav/483021_ccA4fnmIxxrKZaz0_0028.wav,/home/abdullahmm/Shivam/subtask2_blindtest_wReadme/bengali/bengali_blind_wav/483021_ccA4fnmIxxrKZaz0_0028.wav,বাম click করুন materials স্লটে একটি নতুন material,6.0
/home/abdullahmm/Shivam/subtask2_blindtest_wReadme/bengali/bengali_blind_wav/483021_ccA4fnmIxxrKZaz0_0029.wav,/home/abdullahmm/Shivam/subtask2_blindtest_wReadme/bengali/bengali_blind_wav/483021_ccA4fnmIxxrKZaz0_0029.wav,জুড়ে গেছে একে নতুন নাম white দিন আমরা এই মেটিরিয়ালের রঙ লাল থেকে সাদাতে বদলাতে যাচ্ছি,9.0
/home/abdullahmm/Shivam/subtask2_blindtest_wReadme/bengali/bengali_blind_wav/483021_ccA4fnmIxxrKZaz0_0030.wav,/home/abdullahmm/Shivam/subtask2_blindtest_wReadme/bengali/bengali_blind_wav/483021_ccA4fnmIxxrKZaz0_0030.wav,কিন্তু প্রথমে material id name bar নীচে বাটনের,4.0
/home/abdullahmm/Shivam/subtask2_blindtest_wReadme/bengali/bengali_blind_wav/483021_ccA4fnmIxxrKZaz0_0031.wav,/home/abdullahmm/Shivam/subtask2_blindtest_wReadme/bengali/bengali_blind_wav/483021_ccA4fnmIxxrKZaz0_0031.wav,সারিতে একনজর দেখুন surface সক্রিয় বস্তুর মেটিরিয়ালকে তার,6.0
/home/abdullahmm/Shivam/subtask2_blindtest_wReadme/bengali/bengali_blind_wav/483021_ccA4fnmIxxrKZaz0_0032.wav,/home/abdullahmm/Shivam/subtask2_blindtest_wReadme/bengali/bengali_blind_wav/483021_ccA4fnmIxxrKZaz0_0032.wav,পৃষ্ঠ রূপে render করে ব্লেণ্ডারে এটি default render material,7.0
/home/abdullahmm/Shivam/subtask2_blindtest_wReadme/bengali/bengali_blind_wav/483021_ccA4fnmIxxrKZaz0_0033.wav,/home/abdullahmm/Shivam/subtask2_blindtest_wReadme/bengali/bengali_blind_wav/483021_ccA4fnmIxxrKZaz0_0033.wav,wire মেটিরিয়ালকে একটি তারযুক্ত জাল হিসেবে render করে যা বস্তুর,4.0
/home/abdullahmm/Shivam/subtask2_blindtest_wReadme/bengali/bengali_blind_wav/483021_ccA4fnmIxxrKZaz0_0034.wav,/home/abdullahmm/Shivam/subtask2_blindtest_wReadme/bengali/bengali_blind_wav/483021_ccA4fnmIxxrKZaz0_0034.wav,বহুভুজের শুধুমাত্র প্রান্ত প্রদর্শন করে এটি একটি দরকারি tool যেমন modelling এবং রেণ্ডেরিঙের সময়,7.0
/home/abdullahmm/Shivam/subtask2_blindtest_wReadme/bengali/bengali_blind_wav/483021_ccA4fnmIxxrKZaz0_0035.wav,/home/abdullahmm/Shivam/subtask2_blindtest_wReadme/bengali/bengali_blind_wav/483021_ccA4fnmIxxrKZaz0_0035.wav,আমরা ব্লেণ্ডারে modelling সম্পর্কে আরও উন্নত টিউটোরিয়ালে,5.0
/home/abdullahmm/Shivam/subtask2_blindtest_wReadme/bengali/bengali_blind_wav/483021_ccA4fnmIxxrKZaz0_0036.wav,/home/abdullahmm/Shivam/subtask2_blindtest_wReadme/bengali/bengali_blind_wav/483021_ccA4fnmIxxrKZaz0_0036.wav,তার যুক্ত জাল প্রান্ত এবং বহুভুজ সম্পর্কে বিশদভাবে শিখব volume মেটিরিয়ালকে সক্রিয় বস্তুর সম্পূর্ণ,9.0
/home/abdullahmm/Shivam/subtask2_blindtest_wReadme/bengali/bengali_blind_wav/483021_ccA4fnmIxxrKZaz0_0037.wav,/home/abdullahmm/Shivam/subtask2_blindtest_wReadme/bengali/bengali_blind_wav/483021_ccA4fnmIxxrKZaz0_0037.wav,volume হিসেবে render করে surface এবং ওয়্যারের জন্য material settings sub,6.0
/home/abdullahmm/Shivam/subtask2_blindtest_wReadme/bengali/bengali_blind_wav/483021_ccA4fnmIxxrKZaz0_0038.wav,/home/abdullahmm/Shivam/subtask2_blindtest_wReadme/bengali/bengali_blind_wav/483021_ccA4fnmIxxrKZaz0_0038.wav,আলাদা পরের টিউটোরিয়ালে volume material ব্যবহার করার সময় আমরা,5.0
/home/abdullahmm/Shivam/subtask2_blindtest_wReadme/bengali/bengali_blind_wav/483021_ccA4fnmIxxrKZaz0_0039.wav,/home/abdullahmm/Shivam/subtask2_blindtest_wReadme/bengali/bengali_blind_wav/483021_ccA4fnmIxxrKZaz0_0039.wav,সেটিঙে বিশদভাবে দেখব halo মেটিরিয়ালকে সক্রিয় বস্তুর চারপাশে halo কণায়,6.0
/home/abdullahmm/Shivam/subtask2_blindtest_wReadme/bengali/bengali_blind_wav/483021_ccA4fnmIxxrKZaz0_0040.wav,/home/abdullahmm/Shivam/subtask2_blindtest_wReadme/bengali/bengali_blind_wav/483021_ccA4fnmIxxrKZaz0_0040.wav,হিসেবে render করে আবার material settings বদলে গেছে,6.0
/home/abdullahmm/Shivam/subtask2_blindtest_wReadme/bengali/bengali_blind_wav/483021_ccA4fnmIxxrKZaz0_0041.wav,/home/abdullahmm/Shivam/subtask2_blindtest_wReadme/bengali/bengali_blind_wav/483021_ccA4fnmIxxrKZaz0_0041.wav,পরের টিউটোরিয়ালে hello material ব্যবহার করার সময় আমরা,4.0
/home/abdullahmm/Shivam/subtask2_blindtest_wReadme/bengali/bengali_blind_wav/483021_ccA4fnmIxxrKZaz0_0042.wav,/home/abdullahmm/Shivam/subtask2_blindtest_wReadme/bengali/bengali_blind_wav/483021_ccA4fnmIxxrKZaz0_0042.wav,settings বিশদ ভাবে দেখব লক্ষ্য করুন যে এর মধ্যে কোনও বিকল্প 3d ভিউতে,6.0
/home/abdullahmm/Shivam/subtask2_blindtest_wReadme/bengali/bengali_blind_wav/483021_ccA4fnmIxxrKZaz0_0043.wav,/home/abdullahmm/Shivam/subtask2_blindtest_wReadme/bengali/bengali_blind_wav/483021_ccA4fnmIxxrKZaz0_0043.wav,সমান নয় এর কারণ এই যে এটি শুধুমাত্র rendered ডিসপ্লেতে,5.0
/home/abdullahmm/Shivam/subtask2_blindtest_wReadme/bengali/bengali_blind_wav/483021_ccA4fnmIxxrKZaz0_0044.wav,/home/abdullahmm/Shivam/subtask2_blindtest_wReadme/bengali/bengali_blind_wav/483021_ccA4fnmIxxrKZaz0_0044.wav,দেখা যায় render display সম্পর্কে জানতে,5.0
/home/abdullahmm/Shivam/subtask2_blindtest_wReadme/bengali/bengali_blind_wav/483021_ccA4fnmIxxrKZaz0_0045.wav,/home/abdullahmm/Shivam/subtask2_blindtest_wReadme/bengali/bengali_blind_wav/483021_ccA4fnmIxxrKZaz0_0045.wav,types of windows properties part 1 টিউটোরিয়ালটি দেখুন surface এ ফিরে যান আমরা surface materials এর settings দেখব,10.0
/home/abdullahmm/Shivam/subtask2_blindtest_wReadme/bengali/bengali_blind_wav/483021_ccA4fnmIxxrKZaz0_0046.wav,/home/abdullahmm/Shivam/subtask2_blindtest_wReadme/bengali/bengali_blind_wav/483021_ccA4fnmIxxrKZaz0_0046.wav,নীচে preview,3.0
/home/abdullahmm/Shivam/subtask2_blindtest_wReadme/bengali/bengali_blind_wav/483021_ccA4fnmIxxrKZaz0_0047.wav,/home/abdullahmm/Shivam/subtask2_blindtest_wReadme/bengali/bengali_blind_wav/483021_ccA4fnmIxxrKZaz0_0047.wav,window আছে যা rendered মেটিরিয়ালের preview প্রদর্শন করে ডানদিকে বিভিন্ন preview বিকল্পের জন্য column ও but,12.0
/home/abdullahmm/Shivam/subtask2_blindtest_wReadme/bengali/bengali_blind_wav/483021_ccA4fnmIxxrKZaz0_0048.wav,/home/abdullahmm/Shivam/subtask2_blindtest_wReadme/bengali/bengali_blind_wav/483021_ccA4fnmIxxrKZaz0_0048.wav,items রয়েছে plane sphere,5.0
/home/abdullahmm/Shivam/subtask2_blindtest_wReadme/bengali/bengali_blind_wav/483021_ccA4fnmIxxrKZaz0_0049.wav,/home/abdullahmm/Shivam/subtask2_blindtest_wReadme/bengali/bengali_blind_wav/483021_ccA4fnmIxxrKZaz0_0049.wav,cube,2.0
/home/abdullahmm/Shivam/subtask2_blindtest_wReadme/bengali/bengali_blind_wav/483021_ccA4fnmIxxrKZaz0_0050.wav,/home/abdullahmm/Shivam/subtask2_blindtest_wReadme/bengali/bengali_blind_wav/483021_ccA4fnmIxxrKZaz0_0050.wav,,2.0
/home/abdullahmm/Shivam/subtask2_blindtest_wReadme/bengali/bengali_blind_wav/483021_ccA4fnmIxxrKZaz0_0051.wav,/home/abdullahmm/Shivam/subtask2_blindtest_wReadme/bengali/bengali_blind_wav/483021_ccA4fnmIxxrKZaz0_0051.wav,monkey hair,3.0
/home/abdullahmm/Shivam/subtask2_blindtest_wReadme/bengali/bengali_blind_wav/483021_ccA4fnmIxxrKZaz0_0052.wav,/home/abdullahmm/Shivam/subtask2_blindtest_wReadme/bengali/bengali_blind_wav/483021_ccA4fnmIxxrKZaz0_0052.wav,এবং sky,3.0
/home/abdullahmm/Shivam/subtask2_blindtest_wReadme/bengali/bengali_blind_wav/483021_ccA4fnmIxxrKZaz0_0053.wav,/home/abdullahmm/Shivam/subtask2_blindtest_wReadme/bengali/bengali_blind_wav/483021_ccA4fnmIxxrKZaz0_0053.wav,এখন আমাদের মেটিরিয়ালের,2.0
/home/abdullahmm/Shivam/subtask2_blindtest_wReadme/bengali/bengali_blind_wav/483021_ccA4fnmIxxrKZaz0_0054.wav,/home/abdullahmm/Shivam/subtask2_blindtest_wReadme/bengali/bengali_blind_wav/483021_ccA4fnmIxxrKZaz0_0054.wav,রঙ সাদা থেকে লালে পরিবর্তন করি ডিফিউসে যান ডিফিউসের নীচে white,8.0
/home/abdullahmm/Shivam/subtask2_blindtest_wReadme/bengali/bengali_blind_wav/483021_ccA4fnmIxxrKZaz0_0055.wav,/home/abdullahmm/Shivam/subtask2_blindtest_wReadme/bengali/bengali_blind_wav/483021_ccA4fnmIxxrKZaz0_0055.wav,বারে বাম click করুন একটি color menu প্রদর্শিত হয় আমরা এই menu থেকে,7.0
/home/abdullahmm/Shivam/subtask2_blindtest_wReadme/bengali/bengali_blind_wav/483021_ccA4fnmIxxrKZaz0_0056.wav,/home/abdullahmm/Shivam/subtask2_blindtest_wReadme/bengali/bengali_blind_wav/483021_ccA4fnmIxxrKZaz0_0056.wav,নিজের ইচ্ছে মতো যে কোনও রঙ বাছতে পারি আমি লাল নির্বাচন করছি বাম click করুন এবং সাদা . color ভিত্তিক,10.0
/home/abdullahmm/Shivam/subtask2_blindtest_wReadme/bengali/bengali_blind_wav/483021_ccA4fnmIxxrKZaz0_0057.wav,/home/abdullahmm/Shivam/subtask2_blindtest_wReadme/bengali/bengali_blind_wav/483021_ccA4fnmIxxrKZaz0_0057.wav,কেন্দ্রে ধরে থাকুন আপনার mouse বৃত্তের লাল ক্ষেত্রের দিকে,6.0
/home/abdullahmm/Shivam/subtask2_blindtest_wReadme/bengali/bengali_blind_wav/483021_ccA4fnmIxxrKZaz0_0058.wav,/home/abdullahmm/Shivam/subtask2_blindtest_wReadme/bengali/bengali_blind_wav/483021_ccA4fnmIxxrKZaz0_0058.wav,drag করুন material প্যানেলে 3d view এবং,6.0
/home/abdullahmm/Shivam/subtask2_blindtest_wReadme/bengali/bengali_blind_wav/483021_ccA4fnmIxxrKZaz0_0059.wav,/home/abdullahmm/Shivam/subtask2_blindtest_wReadme/bengali/bengali_blind_wav/483021_ccA4fnmIxxrKZaz0_0059.wav,এবং preview উইণ্ডোতে কিউবের রঙ সাদা থেকে লালে বদলায় আরেকটি পদ্ধতি হল ডিফিউজের নীচে red বারে,11.0
/home/abdullahmm/Shivam/subtask2_blindtest_wReadme/bengali/bengali_blind_wav/483021_ccA4fnmIxxrKZaz0_0060.wav,/home/abdullahmm/Shivam/subtask2_blindtest_wReadme/bengali/bengali_blind_wav/483021_ccA4fnmIxxrKZaz0_0060.wav,আবার বাম click করুন আপনি কি color উইদের নীচে r g এবং,6.0
/home/abdullahmm/Shivam/subtask2_blindtest_wReadme/bengali/bengali_blind_wav/483021_ccA4fnmIxxrKZaz0_0061.wav,/home/abdullahmm/Shivam/subtask2_blindtest_wReadme/bengali/bengali_blind_wav/483021_ccA4fnmIxxrKZaz0_0061.wav,b নামক তিনটি bar দেখছেন r এ বাম click করুন আপনার keyboardএ,7.0
/home/abdullahmm/Shivam/subtask2_blindtest_wReadme/bengali/bengali_blind_wav/483021_ccA4fnmIxxrKZaz0_0062.wav,/home/abdullahmm/Shivam/subtask2_blindtest_wReadme/bengali/bengali_blind_wav/483021_ccA4fnmIxxrKZaz0_0062.wav,1 লিখুন এবং enter key টিপুন g বাম click করুন আপনার keyboard,8.0
/home/abdullahmm/Shivam/subtask2_blindtest_wReadme/bengali/bengali_blind_wav/483021_ccA4fnmIxxrKZaz0_0063.wav,/home/abdullahmm/Shivam/subtask2_blindtest_wReadme/bengali/bengali_blind_wav/483021_ccA4fnmIxxrKZaz0_0063.wav,0 লিখুন এবং enter key টিপুন ba বাম click করুন আপনার keyboard,9.0
/home/abdullahmm/Shivam/subtask2_blindtest_wReadme/bengali/bengali_blind_wav/483021_ccA4fnmIxxrKZaz0_0064.wav,/home/abdullahmm/Shivam/subtask2_blindtest_wReadme/bengali/bengali_blind_wav/483021_ccA4fnmIxxrKZaz0_0064.wav,0 লিখুন এবং enter key টিপুন এখন কিউবের রঙ সম্পূর্ণ লাল একই ভাবে স্পেকটাকুলারের নীচে সাদা বারে বাম click,13.0
/home/abdullahmm/Shivam/subtask2_blindtest_wReadme/bengali/bengali_blind_wav/483021_ccA4fnmIxxrKZaz0_0065.wav,/home/abdullahmm/Shivam/subtask2_blindtest_wReadme/bengali/bengali_blind_wav/483021_ccA4fnmIxxrKZaz0_0065.wav,করুন color মেনুতে যে কোনও রঙ নির্বাচন করুন আমি সবুজ নির্বাচন করছি সুতরাং দেখুন,9.0
/home/abdullahmm/Shivam/subtask2_blindtest_wReadme/bengali/bengali_blind_wav/483021_ccA4fnmIxxrKZaz0_0066.wav,/home/abdullahmm/Shivam/subtask2_blindtest_wReadme/bengali/bengali_blind_wav/483021_ccA4fnmIxxrKZaz0_0066.wav,cube এ থাকে হাল্কা সবুজে পরি,3.0
/home/abdullahmm/Shivam/subtask2_blindtest_wReadme/bengali/bengali_blind_wav/483021_ccA4fnmIxxrKZaz0_0067.wav,/home/abdullahmm/Shivam/subtask2_blindtest_wReadme/bengali/bengali_blind_wav/483021_ccA4fnmIxxrKZaz0_0067.wav,পরিবর্তিত হয়েছে এখন কি যদি আমি সাদা material ব্যবহার করতে চাই,5.0
/home/abdullahmm/Shivam/subtask2_blindtest_wReadme/bengali/bengali_blind_wav/483021_ccA4fnmIxxrKZaz0_0068.wav,/home/abdullahmm/Shivam/subtask2_blindtest_wReadme/bengali/bengali_blind_wav/483021_ccA4fnmIxxrKZaz0_0068.wav,আমি এটি কিভাবে ফেরত পাবো material id মেম্বারে যান এখানে,7.0
/home/abdullahmm/Shivam/subtask2_blindtest_wReadme/bengali/bengali_blind_wav/483021_ccA4fnmIxxrKZaz0_0069.wav,/home/abdullahmm/Shivam/subtask2_blindtest_wReadme/bengali/bengali_blind_wav/483021_ccA4fnmIxxrKZaz0_0069.wav,name বারের বাঁদিকে আরেকটি গোলক icon আছে sphere আইকনে বাম click করুন,8.0
/home/abdullahmm/Shivam/subtask2_blindtest_wReadme/bengali/bengali_blind_wav/483021_ccA4fnmIxxrKZaz0_0070.wav,/home/abdullahmm/Shivam/subtask2_blindtest_wReadme/bengali/bengali_blind_wav/483021_ccA4fnmIxxrKZaz0_0070.wav,material menu দৃশ্যে ব্যবহৃত সকল material এখানে সূচীবদ্ধ আছে,6.0
/home/abdullahmm/Shivam/subtask2_blindtest_wReadme/bengali/bengali_blind_wav/483021_ccA4fnmIxxrKZaz0_0071.wav,/home/abdullahmm/Shivam/subtask2_blindtest_wReadme/bengali/bengali_blind_wav/483021_ccA4fnmIxxrKZaz0_0071.wav,এখন এখানে শুধুমাত্র দুটি material প্রদর্শিত আছে red এবং white হোয়াইটে বাম click করুন আবার,10.0
/home/abdullahmm/Shivam/subtask2_blindtest_wReadme/bengali/bengali_blind_wav/483021_ccA4fnmIxxrKZaz0_0072.wav,/home/abdullahmm/Shivam/subtask2_blindtest_wReadme/bengali/bengali_blind_wav/483021_ccA4fnmIxxrKZaz0_0072.wav,cube লাল থেকে সাদায় বদলে যায় diffuse এবং specular উভয়ের নীচে intensity bar,7.0
/home/abdullahmm/Shivam/subtask2_blindtest_wReadme/bengali/bengali_blind_wav/483021_ccA4fnmIxxrKZaz0_0073.wav,/home/abdullahmm/Shivam/subtask2_blindtest_wReadme/bengali/bengali_blind_wav/483021_ccA4fnmIxxrKZaz0_0073.wav,আছে default রূপে ডিফিউসের জন্য intensity,5.0
/home/abdullahmm/Shivam/subtask2_blindtest_wReadme/bengali/bengali_blind_wav/483021_ccA4fnmIxxrKZaz0_0074.wav,/home/abdullahmm/Shivam/subtask2_blindtest_wReadme/bengali/bengali_blind_wav/483021_ccA4fnmIxxrKZaz0_0074.wav,0 . 8 এবং স্পেকুলারের জন্য 0 . 5 হয় এটি finished মেটিরিয়ালের ধরণের প্রয়োজন অনুযায়ী,10.0
/home/abdullahmm/Shivam/subtask2_blindtest_wReadme/bengali/bengali_blind_wav/483021_ccA4fnmIxxrKZaz0_0075.wav,/home/abdullahmm/Shivam/subtask2_blindtest_wReadme/bengali/bengali_blind_wav/483021_ccA4fnmIxxrKZaz0_0075.wav,পরিবর্তন করা যেতে পারে matt ফিনিশের অর্থ diffuse এবং specular,6.0
/home/abdullahmm/Shivam/subtask2_blindtest_wReadme/bengali/bengali_blind_wav/483021_ccA4fnmIxxrKZaz0_0076.wav,/home/abdullahmm/Shivam/subtask2_blindtest_wReadme/bengali/bengali_blind_wav/483021_ccA4fnmIxxrKZaz0_0076.wav,উভয়ের com intensity উদাহরণস্বরূপ প্রাকৃতিক কাঠের মেটিরিয়ালে,6.0
/home/abdullahmm/Shivam/subtask2_blindtest_wReadme/bengali/bengali_blind_wav/483021_ccA4fnmIxxrKZaz0_0077.wav,/home/abdullahmm/Shivam/subtask2_blindtest_wReadme/bengali/bengali_blind_wav/483021_ccA4fnmIxxrKZaz0_0077.wav,matt finish থাকবে glossy ফিনিশের অর্থ diffuse এবং specular,6.0
/home/abdullahmm/Shivam/subtask2_blindtest_wReadme/bengali/bengali_blind_wav/483021_ccA4fnmIxxrKZaz0_0078.wav,/home/abdullahmm/Shivam/subtask2_blindtest_wReadme/bengali/bengali_blind_wav/483021_ccA4fnmIxxrKZaz0_0078.wav,উভয়ের বেশি intensity উদাহরণস্বরূপ গাড়ি paint মেটিরিয়ালে,6.0
/home/abdullahmm/Shivam/subtask2_blindtest_wReadme/bengali/bengali_blind_wav/483021_ccA4fnmIxxrKZaz0_0079.wav,/home/abdullahmm/Shivam/subtask2_blindtest_wReadme/bengali/bengali_blind_wav/483021_ccA4fnmIxxrKZaz0_0079.wav,glossy finish হবে ব্লেণ্ডারে ডিফিউসের জন্য lambert হল,7.0
/home/abdullahmm/Shivam/subtask2_blindtest_wReadme/bengali/bengali_blind_wav/483021_ccA4fnmIxxrKZaz0_0080.wav,/home/abdullahmm/Shivam/subtask2_blindtest_wReadme/bengali/bengali_blind_wav/483021_ccA4fnmIxxrKZaz0_0080.wav,হল default shader ল্যাম্বার্টে বাম click করুন এটি হল diffuse,6.0
/home/abdullahmm/Shivam/subtask2_blindtest_wReadme/bengali/bengali_blind_wav/483021_ccA4fnmIxxrKZaz0_0081.wav,/home/abdullahmm/Shivam/subtask2_blindtest_wReadme/bengali/bengali_blind_wav/483021_ccA4fnmIxxrKZaz0_0081.wav,shader menu এখানে আমরা আমাদের প্রয়োজনীয় shader fresnel,5.0
/home/abdullahmm/Shivam/subtask2_blindtest_wReadme/bengali/bengali_blind_wav/483021_ccA4fnmIxxrKZaz0_0082.wav,/home/abdullahmm/Shivam/subtask2_blindtest_wReadme/bengali/bengali_blind_wav/483021_ccA4fnmIxxrKZaz0_0082.wav,minnaert toon orennayar এবং lambert চয়ন করতে পারি ইনটেনসিটির মতো বিভিন্ন মেটিরিয়ালের জন্য,11.0
/home/abdullahmm/Shivam/subtask2_blindtest_wReadme/bengali/bengali_blind_wav/483021_ccA4fnmIxxrKZaz0_0083.wav,/home/abdullahmm/Shivam/subtask2_blindtest_wReadme/bengali/bengali_blind_wav/483021_ccA4fnmIxxrKZaz0_0083.wav,shaderও ভিন্ন হয় উদাহরণস্বরূপ একটি glass material fresnel shader ব্যবহার করবে একই ভাবে ব্লেন্ডারের স্পেকটাকুলারের জন্য,11.0
/home/abdullahmm/Shivam/subtask2_blindtest_wReadme/bengali/bengali_blind_wav/483021_ccA4fnmIxxrKZaz0_0084.wav,/home/abdullahmm/Shivam/subtask2_blindtest_wReadme/bengali/bengali_blind_wav/483021_ccA4fnmIxxrKZaz0_0084.wav,হল default shader কুকটরে বাম click করুন এটি হল,6.0
/home/abdullahmm/Shivam/subtask2_blindtest_wReadme/bengali/bengali_blind_wav/483021_ccA4fnmIxxrKZaz0_0085.wav,/home/abdullahmm/Shivam/subtask2_blindtest_wReadme/bengali/bengali_blind_wav/483021_ccA4fnmIxxrKZaz0_0085.wav,হল specular shader menu bling এবং shong হল সবচেয়ে সাধারণ secular shaders,7.0
/home/abdullahmm/Shivam/subtask2_blindtest_wReadme/bengali/bengali_blind_wav/483021_ccA4fnmIxxrKZaz0_0086.wav,/home/abdullahmm/Shivam/subtask2_blindtest_wReadme/bengali/bengali_blind_wav/483021_ccA4fnmIxxrKZaz0_0086.wav,যা 90 % material এর জন্য ব্যবহৃত হয় hardness বস্তুর specularity বা,8.0
/home/abdullahmm/Shivam/subtask2_blindtest_wReadme/bengali/bengali_blind_wav/483021_ccA4fnmIxxrKZaz0_0087.wav,/home/abdullahmm/Shivam/subtask2_blindtest_wReadme/bengali/bengali_blind_wav/483021_ccA4fnmIxxrKZaz0_0087.wav,চমকের তীব্রতা নির্ধারিত করে hardness ship কীতে বাম click করুন আপনার key,8.0
/home/abdullahmm/Shivam/subtask2_blindtest_wReadme/bengali/bengali_blind_wav/483021_ccA4fnmIxxrKZaz0_0088.wav,/home/abdullahmm/Shivam/subtask2_blindtest_wReadme/bengali/bengali_blind_wav/483021_ccA4fnmIxxrKZaz0_0088.wav,keyboard 100 লিখুন এবং enter key টিপুন প্রিভিউগুলোকে specular ক্ষেত্র একটি,9.0
/home/abdullahmm/Shivam/subtask2_blindtest_wReadme/bengali/bengali_blind_wav/483021_ccA4fnmIxxrKZaz0_0089.wav,/home/abdullahmm/Shivam/subtask2_blindtest_wReadme/bengali/bengali_blind_wav/483021_ccA4fnmIxxrKZaz0_0089.wav,দুটো বৃত্তে rush হয়েছে আবার hardness 100 এ বাম click করুন,7.0
/home/abdullahmm/Shivam/subtask2_blindtest_wReadme/bengali/bengali_blind_wav/483021_ccA4fnmIxxrKZaz0_0090.wav,/home/abdullahmm/Shivam/subtask2_blindtest_wReadme/bengali/bengali_blind_wav/483021_ccA4fnmIxxrKZaz0_0090.wav,আপনার কিবোর্ডের 10 লিখুন এবং enter key টিপুন এখন specular ক্ষেত্র বড় হয়ে গেছে এবং,9.0
/home/abdullahmm/Shivam/subtask2_blindtest_wReadme/bengali/bengali_blind_wav/483021_ccA4fnmIxxrKZaz0_0091.wav,/home/abdullahmm/Shivam/subtask2_blindtest_wReadme/bengali/bengali_blind_wav/483021_ccA4fnmIxxrKZaz0_0091.wav,preview গোলকের উপর ছড়িয়ে গেছে সুতরাং এটি হল material panel মৌলিক,7.0
/home/abdullahmm/Shivam/subtask2_blindtest_wReadme/bengali/bengali_blind_wav/483021_ccA4fnmIxxrKZaz0_0092.wav,/home/abdullahmm/Shivam/subtask2_blindtest_wReadme/bengali/bengali_blind_wav/483021_ccA4fnmIxxrKZaz0_0092.wav,settings becky settings আমরা পরবর্তী টিউটোরিয়ালে দেখব,5.0
/home/abdullahmm/Shivam/subtask2_blindtest_wReadme/bengali/bengali_blind_wav/483021_ccA4fnmIxxrKZaz0_0093.wav,/home/abdullahmm/Shivam/subtask2_blindtest_wReadme/bengali/bengali_blind_wav/483021_ccA4fnmIxxrKZaz0_0093.wav,এখন আপনি এগোতে পারেন এবং একটি নতুন file বানাতে পারেন,4.0
/home/abdullahmm/Shivam/subtask2_blindtest_wReadme/bengali/bengali_blind_wav/483021_ccA4fnmIxxrKZaz0_0094.wav,/home/abdullahmm/Shivam/subtask2_blindtest_wReadme/bengali/bengali_blind_wav/483021_ccA4fnmIxxrKZaz0_0094.wav,কিউবে নতুন material জুড়ে এর রঙ বদলাতে পারেন এবং,4.0
/home/abdullahmm/Shivam/subtask2_blindtest_wReadme/bengali/bengali_blind_wav/483021_ccA4fnmIxxrKZaz0_0095.wav,/home/abdullahmm/Shivam/subtask2_blindtest_wReadme/bengali/bengali_blind_wav/483021_ccA4fnmIxxrKZaz0_0095.wav,এবং blue নাম দিতে পারেন এই প্রকল্পটি আইসিটির মাধ্যমে,6.0
/home/abdullahmm/Shivam/subtask2_blindtest_wReadme/bengali/bengali_blind_wav/483021_ccA4fnmIxxrKZaz0_0096.wav,/home/abdullahmm/Shivam/subtask2_blindtest_wReadme/bengali/bengali_blind_wav/483021_ccA4fnmIxxrKZaz0_0096.wav,জাতীয় শিক্ষা mission দ্বারা সমর্থিত এর উপর অধিক তথ্য নিম্ন লিঙ্কে উপলভ্য,9.0
/home/abdullahmm/Shivam/subtask2_blindtest_wReadme/bengali/bengali_blind_wav/483021_ccA4fnmIxxrKZaz0_0098.wav,/home/abdullahmm/Shivam/subtask2_blindtest_wReadme/bengali/bengali_blind_wav/483021_ccA4fnmIxxrKZaz0_0098.wav,কর্মশালার আয়োজন করে যারা online,3.0
/home/abdullahmm/Shivam/subtask2_blindtest_wReadme/bengali/bengali_blind_wav/483021_ccA4fnmIxxrKZaz0_0099.wav,/home/abdullahmm/Shivam/subtask2_blindtest_wReadme/bengali/bengali_blind_wav/483021_ccA4fnmIxxrKZaz0_0099.wav,পরীক্ষা pass করে তাদের প্রশংসাপত্র ও,3.0
/home/abdullahmm/Shivam/subtask2_blindtest_wReadme/bengali/bengali_blind_wav/483021_ccA4fnmIxxrKZaz0_0100.wav,/home/abdullahmm/Shivam/subtask2_blindtest_wReadme/bengali/bengali_blind_wav/483021_ccA4fnmIxxrKZaz0_0100.wav,দেওয়া হয় আরও বিস্তারিত জানার জন্য contact @ spoken - tutorial .,5.0
/home/abdullahmm/Shivam/subtask2_blindtest_wReadme/bengali/bengali_blind_wav/483021_ccA4fnmIxxrKZaz0_0102.wav,/home/abdullahmm/Shivam/subtask2_blindtest_wReadme/bengali/bengali_blind_wav/483021_ccA4fnmIxxrKZaz0_0102.wav,এনেছি,2.0
/home/abdullahmm/Shivam/subtask2_blindtest_wReadme/bengali/bengali_blind_wav/483021_ccA4fnmIxxrKZaz0_0103.wav,/home/abdullahmm/Shivam/subtask2_blindtest_wReadme/bengali/bengali_blind_wav/483021_ccA4fnmIxxrKZaz0_0103.wav,,1.0
/home/abdullahmm/Shivam/subtask2_blindtest_wReadme/bengali/bengali_blind_wav/488226_S8xS8ifpg8W4EWbu_0000.wav,/home/abdullahmm/Shivam/subtask2_blindtest_wReadme/bengali/bengali_blind_wav/488226_S8xS8ifpg8W4EWbu_0000.wav,mozilla ফায়ারফক্সের interface এবং টুলবারের উপর এই কথ্য tutorial,5.0
/home/abdullahmm/Shivam/subtask2_blindtest_wReadme/bengali/bengali_blind_wav/488226_S8xS8ifpg8W4EWbu_0001.wav,/home/abdullahmm/Shivam/subtask2_blindtest_wReadme/bengali/bengali_blind_wav/488226_S8xS8ifpg8W4EWbu_0001.wav,টিউটোরিয়ালে আপনাদের স্বাগত এই টিউটোরিয়ালে আমরা firefox interface এবং toolbar,6.0
/home/abdullahmm/Shivam/subtask2_blindtest_wReadme/bengali/bengali_blind_wav/488226_S8xS8ifpg8W4EWbu_0002.wav,/home/abdullahmm/Shivam/subtask2_blindtest_wReadme/bengali/bengali_blind_wav/488226_S8xS8ifpg8W4EWbu_0002.wav,সম্পর্কে শিখব এখানে আমরা ubuntu 10 . 04 firefox সংস্করণ সাত ব্যবহার করছি,8.0
/home/abdullahmm/Shivam/subtask2_blindtest_wReadme/bengali/bengali_blind_wav/488226_S8xS8ifpg8W4EWbu_0003.wav,/home/abdullahmm/Shivam/subtask2_blindtest_wReadme/bengali/bengali_blind_wav/488226_S8xS8ifpg8W4EWbu_0003.wav,এখন আসুন firefox interface সম্পর্কে কিছু জানা যাক,4.0
/home/abdullahmm/Shivam/subtask2_blindtest_wReadme/bengali/bengali_blind_wav/488226_S8xS8ifpg8W4EWbu_0004.wav,/home/abdullahmm/Shivam/subtask2_blindtest_wReadme/bengali/bengali_blind_wav/488226_S8xS8ifpg8W4EWbu_0004.wav,ফায়ারফক্সে সমস্ত সেই বৈশিষ্ট্যগুলি আছে যেগুলি একটি আধুনিক ব্রাউজারের,5.0
/home/abdullahmm/Shivam/subtask2_blindtest_wReadme/bengali/bengali_blind_wav/488226_S8xS8ifpg8W4EWbu_0005.wav,/home/abdullahmm/Shivam/subtask2_blindtest_wReadme/bengali/bengali_blind_wav/488226_S8xS8ifpg8W4EWbu_0005.wav,প্রয়োজন mozilla firefox সঠিকভাবে ব্যবহার করা শিখতে এর প্রতিটি বৈশিষ্ট্য সঙ্গে,6.0
/home/abdullahmm/Shivam/subtask2_blindtest_wReadme/bengali/bengali_blind_wav/488226_S8xS8ifpg8W4EWbu_0006.wav,/home/abdullahmm/Shivam/subtask2_blindtest_wReadme/bengali/bengali_blind_wav/488226_S8xS8ifpg8W4EWbu_0006.wav,আমাদের পরিচিত হতে হবে mozilla firefox interface কে 6টি পৃথক ভাগে ভাগ করা যেতে পারে,7.0
/home/abdullahmm/Shivam/subtask2_blindtest_wReadme/bengali/bengali_blind_wav/488226_S8xS8ifpg8W4EWbu_0007.wav,/home/abdullahmm/Shivam/subtask2_blindtest_wReadme/bengali/bengali_blind_wav/488226_S8xS8ifpg8W4EWbu_0007.wav,menu bar navigation toolbar bookmarks bar side bar status bar এবং content area,12.0
/home/abdullahmm/Shivam/subtask2_blindtest_wReadme/bengali/bengali_blind_wav/488226_S8xS8ifpg8W4EWbu_0008.wav,/home/abdullahmm/Shivam/subtask2_blindtest_wReadme/bengali/bengali_blind_wav/488226_S8xS8ifpg8W4EWbu_0008.wav,আসুন এগুলির প্রত্যেকটির সম্পর্কে শেখা যাক,4.0
/home/abdullahmm/Shivam/subtask2_blindtest_wReadme/bengali/bengali_blind_wav/488226_S8xS8ifpg8W4EWbu_0009.wav,/home/abdullahmm/Shivam/subtask2_blindtest_wReadme/bengali/bengali_blind_wav/488226_S8xS8ifpg8W4EWbu_0009.wav,file মেনুতে এবং তারপর new window click করুন,4.0
/home/abdullahmm/Shivam/subtask2_blindtest_wReadme/bengali/bengali_blind_wav/488226_S8xS8ifpg8W4EWbu_0010.wav,/home/abdullahmm/Shivam/subtask2_blindtest_wReadme/bengali/bengali_blind_wav/488226_S8xS8ifpg8W4EWbu_0010.wav,একটি নতুন window খুলে গেছে কারো কারো,4.0
/home/abdullahmm/Shivam/subtask2_blindtest_wReadme/bengali/bengali_blind_wav/488226_S8xS8ifpg8W4EWbu_0011.wav,/home/abdullahmm/Shivam/subtask2_blindtest_wReadme/bengali/bengali_blind_wav/488226_S8xS8ifpg8W4EWbu_0011.wav,ছোট script দেখতে কষ্ট হয় তাহলে পৃষ্ঠ,3.0
/home/abdullahmm/Shivam/subtask2_blindtest_wReadme/bengali/bengali_blind_wav/488226_S8xS8ifpg8W4EWbu_0012.wav,/home/abdullahmm/Shivam/subtask2_blindtest_wReadme/bengali/bengali_blind_wav/488226_S8xS8ifpg8W4EWbu_0012.wav,পৃষ্ঠাটি বড় করে দেখার জন্য click করুন view তারপর zoom এবং zoom in,6.0
/home/abdullahmm/Shivam/subtask2_blindtest_wReadme/bengali/bengali_blind_wav/488226_S8xS8ifpg8W4EWbu_0013.wav,/home/abdullahmm/Shivam/subtask2_blindtest_wReadme/bengali/bengali_blind_wav/488226_S8xS8ifpg8W4EWbu_0013.wav,অথবা আপনি ctrl + + টিপতে পারেন,4.0
/home/abdullahmm/Shivam/subtask2_blindtest_wReadme/bengali/bengali_blind_wav/488226_S8xS8ifpg8W4EWbu_0014.wav,/home/abdullahmm/Shivam/subtask2_blindtest_wReadme/bengali/bengali_blind_wav/488226_S8xS8ifpg8W4EWbu_0014.wav,এটি লেখা কে বড় করবে mozilla fire,3.0
/home/abdullahmm/Shivam/subtask2_blindtest_wReadme/bengali/bengali_blind_wav/488226_S8xS8ifpg8W4EWbu_0015.wav,/home/abdullahmm/Shivam/subtask2_blindtest_wReadme/bengali/bengali_blind_wav/488226_S8xS8ifpg8W4EWbu_0015.wav,ফায়ারফক্সের কোন সংস্করণ আপনি ব্যবহার করছেন তা জানতে click করুন help about firefox,6.0
/home/abdullahmm/Shivam/subtask2_blindtest_wReadme/bengali/bengali_blind_wav/488226_S8xS8ifpg8W4EWbu_0016.wav,/home/abdullahmm/Shivam/subtask2_blindtest_wReadme/bengali/bengali_blind_wav/488226_S8xS8ifpg8W4EWbu_0016.wav,স্বাভাবিকভাবে firefox একটি home page প্রদর্শন করে,5.0
/home/abdullahmm/Shivam/subtask2_blindtest_wReadme/bengali/bengali_blind_wav/488226_S8xS8ifpg8W4EWbu_0017.wav,/home/abdullahmm/Shivam/subtask2_blindtest_wReadme/bengali/bengali_blind_wav/488226_S8xS8ifpg8W4EWbu_0017.wav,নিজের পছন্দসই কোনও ওয়েবপেজকে home page হিসাবে নির্ধারিত করতে edit এবং প্রেফারেন্সেসের উপর,7.0
/home/abdullahmm/Shivam/subtask2_blindtest_wReadme/bengali/bengali_blind_wav/488226_S8xS8ifpg8W4EWbu_0018.wav,/home/abdullahmm/Shivam/subtask2_blindtest_wReadme/bengali/bengali_blind_wav/488226_S8xS8ifpg8W4EWbu_0018.wav,click করুন windows ব্যবহারকারীরা tools,3.0
/home/abdullahmm/Shivam/subtask2_blindtest_wReadme/bengali/bengali_blind_wav/488226_S8xS8ifpg8W4EWbu_0020.wav,/home/abdullahmm/Shivam/subtask2_blindtest_wReadme/bengali/bengali_blind_wav/488226_S8xS8ifpg8W4EWbu_0020.wav,বা আপনার পছন্দের অন্য যে কোনও website এখন ফায়ারফক্সের preferences window বন্ধ করতে close বাটনে click করতে হবে,8.0
/home/abdullahmm/Shivam/subtask2_blindtest_wReadme/bengali/bengali_blind_wav/488226_S8xS8ifpg8W4EWbu_0021.wav,/home/abdullahmm/Shivam/subtask2_blindtest_wReadme/bengali/bengali_blind_wav/488226_S8xS8ifpg8W4EWbu_0021.wav,আপনি ওয়েবপেজের মধ্যে একটি নির্দিষ্ট শব্দ খুঁজতে edit menu ব্যবহার করতে পারেন,5.0
/home/abdullahmm/Shivam/subtask2_blindtest_wReadme/bengali/bengali_blind_wav/488226_S8xS8ifpg8W4EWbu_0023.wav,/home/abdullahmm/Shivam/subtask2_blindtest_wReadme/bengali/bengali_blind_wav/488226_S8xS8ifpg8W4EWbu_0023.wav,,2.0
/home/abdullahmm/Shivam/subtask2_blindtest_wReadme/bengali/bengali_blind_wav/488226_S8xS8ifpg8W4EWbu_0024.wav,/home/abdullahmm/Shivam/subtask2_blindtest_wReadme/bengali/bengali_blind_wav/488226_S8xS8ifpg8W4EWbu_0024.wav,edit এবং ফাইণ্ডের উপর click করুন browser window নীচের অংশে একটি ছোট,5.0
/home/abdullahmm/Shivam/subtask2_blindtest_wReadme/bengali/bengali_blind_wav/488226_S8xS8ifpg8W4EWbu_0025.wav,/home/abdullahmm/Shivam/subtask2_blindtest_wReadme/bengali/bengali_blind_wav/488226_S8xS8ifpg8W4EWbu_0025.wav,toolbar প্রদর্শিত হচ্ছে টেক্সটবক্সে লিখুন gujarat,4.0
/home/abdullahmm/Shivam/subtask2_blindtest_wReadme/bengali/bengali_blind_wav/488226_S8xS8ifpg8W4EWbu_0026.wav,/home/abdullahmm/Shivam/subtask2_blindtest_wReadme/bengali/bengali_blind_wav/488226_S8xS8ifpg8W4EWbu_0026.wav,দেখুন gujarati শব্দটি উজ্বল হয়ে গেছে,5.0
/home/abdullahmm/Shivam/subtask2_blindtest_wReadme/bengali/bengali_blind_wav/488226_S8xS8ifpg8W4EWbu_0027.wav,/home/abdullahmm/Shivam/subtask2_blindtest_wReadme/bengali/bengali_blind_wav/488226_S8xS8ifpg8W4EWbu_0027.wav,একটি ওয়েবপেজে কোনো বড় লেখা অনুসন্ধান করার জন্য এই বৈশিষ্ট্যটি খুবই দরকারী,5.0
/home/abdullahmm/Shivam/subtask2_blindtest_wReadme/bengali/bengali_blind_wav/488226_S8xS8ifpg8W4EWbu_0028.wav,/home/abdullahmm/Shivam/subtask2_blindtest_wReadme/bengali/bengali_blind_wav/488226_S8xS8ifpg8W4EWbu_0028.wav,এটিকে বন্ধ করুন,2.0
/home/abdullahmm/Shivam/subtask2_blindtest_wReadme/bengali/bengali_blind_wav/488226_S8xS8ifpg8W4EWbu_0029.wav,/home/abdullahmm/Shivam/subtask2_blindtest_wReadme/bengali/bengali_blind_wav/488226_S8xS8ifpg8W4EWbu_0029.wav,নাম থেকেই বোঝা যাচ্ছে navigation toolbar আপনাকে internet এর মাধ্যমে চলাচল করতে সাহায্য করে,6.0
/home/abdullahmm/Shivam/subtask2_blindtest_wReadme/bengali/bengali_blind_wav/488226_S8xS8ifpg8W4EWbu_0030.wav,/home/abdullahmm/Shivam/subtask2_blindtest_wReadme/bengali/bengali_blind_wav/488226_S8xS8ifpg8W4EWbu_0030.wav,ধার্য করে navigation bar হল একটি বৃহৎ text box যেখানে আপনি যে ওয়েবপেজে যেতে ইচ্ছুক সে,7.0
/home/abdullahmm/Shivam/subtask2_blindtest_wReadme/bengali/bengali_blind_wav/488226_S8xS8ifpg8W4EWbu_0031.wav,/home/abdullahmm/Shivam/subtask2_blindtest_wReadme/bengali/bengali_blind_wav/488226_S8xS8ifpg8W4EWbu_0031.wav,ঠিকানা লিখতে হবে এটিকে url bar বা address bar,4.0
/home/abdullahmm/Shivam/subtask2_blindtest_wReadme/bengali/bengali_blind_wav/488226_S8xS8ifpg8W4EWbu_0032.wav,/home/abdullahmm/Shivam/subtask2_blindtest_wReadme/bengali/bengali_blind_wav/488226_S8xS8ifpg8W4EWbu_0032.wav,বলা হয় url এ click করুন এবং আগে থেকে যে ঠিকানাটি ছিল সেটিকে,5.0
/home/abdullahmm/Shivam/subtask2_blindtest_wReadme/bengali/bengali_blind_wav/488226_S8xS8ifpg8W4EWbu_0034.wav,/home/abdullahmm/Shivam/subtask2_blindtest_wReadme/bengali/bengali_blind_wav/488226_S8xS8ifpg8W4EWbu_0034.wav,enter key টিপুন,1.0
/home/abdullahmm/Shivam/subtask2_blindtest_wReadme/bengali/bengali_blind_wav/488226_S8xS8ifpg8W4EWbu_0035.wav,/home/abdullahmm/Shivam/subtask2_blindtest_wReadme/bengali/bengali_blind_wav/488226_S8xS8ifpg8W4EWbu_0035.wav,আপনি এখন google হোমপেজে আছেন,3.0
/home/abdullahmm/Shivam/subtask2_blindtest_wReadme/bengali/bengali_blind_wav/488226_S8xS8ifpg8W4EWbu_0036.wav,/home/abdullahmm/Shivam/subtask2_blindtest_wReadme/bengali/bengali_blind_wav/488226_S8xS8ifpg8W4EWbu_0036.wav,পশ্চাতমুখী তির আইকনের উপর click করলে এইটা আপনাকে সেই ফিরে নিয়ে আগের পৃষ্ঠায় নিয়ে যাবে যেখানে আপনি আগে ছিলেন,6.0
/home/abdullahmm/Shivam/subtask2_blindtest_wReadme/bengali/bengali_blind_wav/488226_S8xS8ifpg8W4EWbu_0037.wav,/home/abdullahmm/Shivam/subtask2_blindtest_wReadme/bengali/bengali_blind_wav/488226_S8xS8ifpg8W4EWbu_0037.wav,google হোমপেজে ফিরে যাবার জন্য সামনের দিকের তীরের উপর click করুন,5.0
/home/abdullahmm/Shivam/subtask2_blindtest_wReadme/bengali/bengali_blind_wav/488226_S8xS8ifpg8W4EWbu_0038.wav,/home/abdullahmm/Shivam/subtask2_blindtest_wReadme/bengali/bengali_blind_wav/488226_S8xS8ifpg8W4EWbu_0038.wav,url বারের ডানদিকে ঘরের আকৃতির একটি icon আছে এই iconএ click,5.0
/home/abdullahmm/Shivam/subtask2_blindtest_wReadme/bengali/bengali_blind_wav/488226_S8xS8ifpg8W4EWbu_0039.wav,/home/abdullahmm/Shivam/subtask2_blindtest_wReadme/bengali/bengali_blind_wav/488226_S8xS8ifpg8W4EWbu_0039.wav,করলে আপনি যেই web পেজেই থাকুন না কেন এটি আপনাকে আপনার default হোমপেজে ফিরিয়ে আনবে,6.0
/home/abdullahmm/Shivam/subtask2_blindtest_wReadme/bengali/bengali_blind_wav/488226_S8xS8ifpg8W4EWbu_0040.wav,/home/abdullahmm/Shivam/subtask2_blindtest_wReadme/bengali/bengali_blind_wav/488226_S8xS8ifpg8W4EWbu_0040.wav,যখন আপনি একটি নির্দিষ্ট site থেকে অথবা একটি search engine থেকে browse করছেন,6.0
/home/abdullahmm/Shivam/subtask2_blindtest_wReadme/bengali/bengali_blind_wav/488226_S8xS8ifpg8W4EWbu_0041.wav,/home/abdullahmm/Shivam/subtask2_blindtest_wReadme/bengali/bengali_blind_wav/488226_S8xS8ifpg8W4EWbu_0041.wav,তখন এটি খুবই প্রয়োজনীয়,2.0
/home/abdullahmm/Shivam/subtask2_blindtest_wReadme/bengali/bengali_blind_wav/488226_S8xS8ifpg8W4EWbu_0043.wav,/home/abdullahmm/Shivam/subtask2_blindtest_wReadme/bengali/bengali_blind_wav/488226_S8xS8ifpg8W4EWbu_0043.wav,www . yahoo . com করেছি এর ফলে home page বাটনে click করলে আমরা yahoo হোমপেজে যাই,7.0
/home/abdullahmm/Shivam/subtask2_blindtest_wReadme/bengali/bengali_blind_wav/488226_S8xS8ifpg8W4EWbu_0044.wav,/home/abdullahmm/Shivam/subtask2_blindtest_wReadme/bengali/bengali_blind_wav/488226_S8xS8ifpg8W4EWbu_0044.wav,এখন bookmarks bar,2.0
/home/abdullahmm/Shivam/subtask2_blindtest_wReadme/bengali/bengali_blind_wav/488226_S8xS8ifpg8W4EWbu_0045.wav,/home/abdullahmm/Shivam/subtask2_blindtest_wReadme/bengali/bengali_blind_wav/488226_S8xS8ifpg8W4EWbu_0045.wav,নিয়ে আলোচনা করা যাক যেই পৃষ্ঠাগুলিতে আপনি প্রায়ই যান বা দেখেন bookmarks সেই,6.0
/home/abdullahmm/Shivam/subtask2_blindtest_wReadme/bengali/bengali_blind_wav/488226_S8xS8ifpg8W4EWbu_0047.wav,/home/abdullahmm/Shivam/subtask2_blindtest_wReadme/bengali/bengali_blind_wav/488226_S8xS8ifpg8W4EWbu_0047.wav,পৃষ্ঠাটি খোলার পর url বারের ডান দিকের তারকা চিহ্নর উপর click করুন দেখুন তারাটি হলুদ,7.0
/home/abdullahmm/Shivam/subtask2_blindtest_wReadme/bengali/bengali_blind_wav/488226_S8xS8ifpg8W4EWbu_0048.wav,/home/abdullahmm/Shivam/subtask2_blindtest_wReadme/bengali/bengali_blind_wav/488226_S8xS8ifpg8W4EWbu_0048.wav,হয়ে গেছে তারার উপরে পুনরায় click করুন,3.0
/home/abdullahmm/Shivam/subtask2_blindtest_wReadme/bengali/bengali_blind_wav/488226_S8xS8ifpg8W4EWbu_0049.wav,/home/abdullahmm/Shivam/subtask2_blindtest_wReadme/bengali/bengali_blind_wav/488226_S8xS8ifpg8W4EWbu_0049.wav,একটি dialog,1.0
/home/abdullahmm/Shivam/subtask2_blindtest_wReadme/bengali/bengali_blind_wav/488226_S8xS8ifpg8W4EWbu_0050.wav,/home/abdullahmm/Shivam/subtask2_blindtest_wReadme/bengali/bengali_blind_wav/488226_S8xS8ifpg8W4EWbu_0050.wav,box খুলে গেছে pulled,3.0
/home/abdullahmm/Shivam/subtask2_blindtest_wReadme/bengali/bengali_blind_wav/488226_S8xS8ifpg8W4EWbu_0051.wav,/home/abdullahmm/Shivam/subtask2_blindtest_wReadme/bengali/bengali_blind_wav/488226_S8xS8ifpg8W4EWbu_0051.wav,drop down menu থেকে bookmark toolbar নির্বাচন করুন লক্ষ্য করুন gmail book,6.0
/home/abdullahmm/Shivam/subtask2_blindtest_wReadme/bengali/bengali_blind_wav/488226_S8xS8ifpg8W4EWbu_0052.wav,/home/abdullahmm/Shivam/subtask2_blindtest_wReadme/bengali/bengali_blind_wav/488226_S8xS8ifpg8W4EWbu_0052.wav,বর্তমানে bookmark toolbar যোগ হয়েছে yahoo হোমপেজে যাবার জন্য,5.0
/home/abdullahmm/Shivam/subtask2_blindtest_wReadme/bengali/bengali_blind_wav/488226_S8xS8ifpg8W4EWbu_0053.wav,/home/abdullahmm/Shivam/subtask2_blindtest_wReadme/bengali/bengali_blind_wav/488226_S8xS8ifpg8W4EWbu_0053.wav,জন্য home page icon এর উপর click করুন gmail,5.0
/home/abdullahmm/Shivam/subtask2_blindtest_wReadme/bengali/bengali_blind_wav/488226_S8xS8ifpg8W4EWbu_0054.wav,/home/abdullahmm/Shivam/subtask2_blindtest_wReadme/bengali/bengali_blind_wav/488226_S8xS8ifpg8W4EWbu_0054.wav,বুকমার্কের উপর click করুন এটি আপনাকে gmail login পৃষ্ঠাতে নিয়ে যাবে যে সাইটগুলি,6.0
/home/abdullahmm/Shivam/subtask2_blindtest_wReadme/bengali/bengali_blind_wav/488226_S8xS8ifpg8W4EWbu_0055.wav,/home/abdullahmm/Shivam/subtask2_blindtest_wReadme/bengali/bengali_blind_wav/488226_S8xS8ifpg8W4EWbu_0055.wav,যে ওয়েবসাইটগুলিতে আপনি প্রায়ই যান কিন্তু আপনার home page হিসেনে নির্ধারিত করতে চান না সেগুলির জন্য আপনি bookmark ব্যবহার করতে পারেন,7.0
/home/abdullahmm/Shivam/subtask2_blindtest_wReadme/bengali/bengali_blind_wav/488226_S8xS8ifpg8W4EWbu_0056.wav,/home/abdullahmm/Shivam/subtask2_blindtest_wReadme/bengali/bengali_blind_wav/488226_S8xS8ifpg8W4EWbu_0056.wav,এরপর আমরা side bar নিয়ে আলোচনা করব,3.0
/home/abdullahmm/Shivam/subtask2_blindtest_wReadme/bengali/bengali_blind_wav/488226_S8xS8ifpg8W4EWbu_0057.wav,/home/abdullahmm/Shivam/subtask2_blindtest_wReadme/bengali/bengali_blind_wav/488226_S8xS8ifpg8W4EWbu_0057.wav,bookmarks side বারে করা পরিবর্তনসমূহ bookmarks মেনুতে প্রতিফলিত হয়,5.0
/home/abdullahmm/Shivam/subtask2_blindtest_wReadme/bengali/bengali_blind_wav/488226_S8xS8ifpg8W4EWbu_0058.wav,/home/abdullahmm/Shivam/subtask2_blindtest_wReadme/bengali/bengali_blind_wav/488226_S8xS8ifpg8W4EWbu_0058.wav,পর historyর উপর click করুন দেখুন বামদিকের বারে 3টি বিকল্প উপস্থিত রয়েছে আজ গতকাল,8.0
/home/abdullahmm/Shivam/subtask2_blindtest_wReadme/bengali/bengali_blind_wav/488226_S8xS8ifpg8W4EWbu_0059.wav,/home/abdullahmm/Shivam/subtask2_blindtest_wReadme/bengali/bengali_blind_wav/488226_S8xS8ifpg8W4EWbu_0059.wav,এবং 6 মাস পুরনো প্রদর্শিত বিকল্পগুলি নির্ভর করে আপনি কম্পিউটারে কত দিনের ব্যবধানে firefox,7.0
/home/abdullahmm/Shivam/subtask2_blindtest_wReadme/bengali/bengali_blind_wav/488226_S8xS8ifpg8W4EWbu_0060.wav,/home/abdullahmm/Shivam/subtask2_blindtest_wReadme/bengali/bengali_blind_wav/488226_S8xS8ifpg8W4EWbu_0060.wav,ব্যবহার করেন menu প্রসারিত করার জন্য today icon এর উপর পাশের যোগ চিহ্নতে click করুন,6.0
/home/abdullahmm/Shivam/subtask2_blindtest_wReadme/bengali/bengali_blind_wav/488226_S8xS8ifpg8W4EWbu_0061.wav,/home/abdullahmm/Shivam/subtask2_blindtest_wReadme/bengali/bengali_blind_wav/488226_S8xS8ifpg8W4EWbu_0061.wav,google হোমপেজে ফিরে আসতে google শব্দটি নির্বাচন করুন,4.0
/home/abdullahmm/Shivam/subtask2_blindtest_wReadme/bengali/bengali_blind_wav/488226_S8xS8ifpg8W4EWbu_0062.wav,/home/abdullahmm/Shivam/subtask2_blindtest_wReadme/bengali/bengali_blind_wav/488226_S8xS8ifpg8W4EWbu_0062.wav,দেখুন যেই সাইডে আপনি আগে পরিদর্শন করেছেন সেই সাইটে ফিরে আসা কতটা সহজ,6.0
/home/abdullahmm/Shivam/subtask2_blindtest_wReadme/bengali/bengali_blind_wav/488226_S8xS8ifpg8W4EWbu_0063.wav,/home/abdullahmm/Shivam/subtask2_blindtest_wReadme/bengali/bengali_blind_wav/488226_S8xS8ifpg8W4EWbu_0063.wav,সাইডবারের একটি নির্দিষ্ট search ফাংশনও আছে আপনি যে site,4.0
/home/abdullahmm/Shivam/subtask2_blindtest_wReadme/bengali/bengali_blind_wav/488226_S8xS8ifpg8W4EWbu_0064.wav,/home/abdullahmm/Shivam/subtask2_blindtest_wReadme/bengali/bengali_blind_wav/488226_S8xS8ifpg8W4EWbu_0064.wav,অনুসন্ধান করতে চান সেটির নাম অনুসন্ধান বাক্সে লিখতে পারেন তখন এটি আপনার,5.0
/home/abdullahmm/Shivam/subtask2_blindtest_wReadme/bengali/bengali_blind_wav/488226_S8xS8ifpg8W4EWbu_0065.wav,/home/abdullahmm/Shivam/subtask2_blindtest_wReadme/bengali/bengali_blind_wav/488226_S8xS8ifpg8W4EWbu_0065.wav,historyর মাধ্যমে তা খুঁজে পেতে চেষ্টা করবে,3.0
/home/abdullahmm/Shivam/subtask2_blindtest_wReadme/bengali/bengali_blind_wav/488226_S8xS8ifpg8W4EWbu_0066.wav,/home/abdullahmm/Shivam/subtask2_blindtest_wReadme/bengali/bengali_blind_wav/488226_S8xS8ifpg8W4EWbu_0066.wav,অনুসন্ধান বাক্সে লিখুন google,2.0
/home/abdullahmm/Shivam/subtask2_blindtest_wReadme/bengali/bengali_blind_wav/488226_S8xS8ifpg8W4EWbu_0067.wav,/home/abdullahmm/Shivam/subtask2_blindtest_wReadme/bengali/bengali_blind_wav/488226_S8xS8ifpg8W4EWbu_0067.wav,ফলাফল হিসাবে google home page এসেছে আপনার সাইডবারের উপরের,4.0
/home/abdullahmm/Shivam/subtask2_blindtest_wReadme/bengali/bengali_blind_wav/488226_S8xS8ifpg8W4EWbu_0068.wav,/home/abdullahmm/Shivam/subtask2_blindtest_wReadme/bengali/bengali_blind_wav/488226_S8xS8ifpg8W4EWbu_0068.wav,ডান কোণায় অবস্থিত ছোট x এ click করে সেটিকে সরিয়ে দিতে পারেন এর পর দেখা যাক status bar কি করে,8.0
/home/abdullahmm/Shivam/subtask2_blindtest_wReadme/bengali/bengali_blind_wav/488226_S8xS8ifpg8W4EWbu_0069.wav,/home/abdullahmm/Shivam/subtask2_blindtest_wReadme/bengali/bengali_blind_wav/488226_S8xS8ifpg8W4EWbu_0069.wav,status bar হল আপনার browser উইণ্ডোর নীচের অংশের একটি এলাকা,4.0
/home/abdullahmm/Shivam/subtask2_blindtest_wReadme/bengali/bengali_blind_wav/488226_S8xS8ifpg8W4EWbu_0070.wav,/home/abdullahmm/Shivam/subtask2_blindtest_wReadme/bengali/bengali_blind_wav/488226_S8xS8ifpg8W4EWbu_0070.wav,চা আপনি যেই site খুলছেন তার অবস্থা প্রদর্শন করে url বারে যান,7.0
/home/abdullahmm/Shivam/subtask2_blindtest_wReadme/bengali/bengali_blind_wav/488226_S8xS8ifpg8W4EWbu_0072.wav,/home/abdullahmm/Shivam/subtask2_blindtest_wReadme/bengali/bengali_blind_wav/488226_S8xS8ifpg8W4EWbu_0072.wav,status bar টি দ্রুত দেখুন এটি আপনি যে web page খুলছেন তার অবস্থা দেখায়,6.0
/home/abdullahmm/Shivam/subtask2_blindtest_wReadme/bengali/bengali_blind_wav/488226_S8xS8ifpg8W4EWbu_0073.wav,/home/abdullahmm/Shivam/subtask2_blindtest_wReadme/bengali/bengali_blind_wav/488226_S8xS8ifpg8W4EWbu_0073.wav,status bar আপনাকে বুঝতে সাহায্য করে কেন একটি বিশেষ website খুলছেনা বা সেটি খোলার জন্য কতটা সময় লাগতে পারে,9.0
/home/abdullahmm/Shivam/subtask2_blindtest_wReadme/bengali/bengali_blind_wav/488226_S8xS8ifpg8W4EWbu_0074.wav,/home/abdullahmm/Shivam/subtask2_blindtest_wReadme/bengali/bengali_blind_wav/488226_S8xS8ifpg8W4EWbu_0074.wav,পরিশেষে content এলাকা নিয়ে আলোচনা,3.0
/home/abdullahmm/Shivam/subtask2_blindtest_wReadme/bengali/bengali_blind_wav/488226_S8xS8ifpg8W4EWbu_0075.wav,/home/abdullahmm/Shivam/subtask2_blindtest_wReadme/bengali/bengali_blind_wav/488226_S8xS8ifpg8W4EWbu_0075.wav,এইখানে আপনি ওয়েবপেজের বিষয়বস্তু দেখতে পান,5.0
/home/abdullahmm/Shivam/subtask2_blindtest_wReadme/bengali/bengali_blind_wav/488226_S8xS8ifpg8W4EWbu_0076.wav,/home/abdullahmm/Shivam/subtask2_blindtest_wReadme/bengali/bengali_blind_wav/488226_S8xS8ifpg8W4EWbu_0076.wav,এখানেই এই টিউটোরিয়ালটি সমাপ্ত,2.0
/home/abdullahmm/Shivam/subtask2_blindtest_wReadme/bengali/bengali_blind_wav/488226_S8xS8ifpg8W4EWbu_0077.wav,/home/abdullahmm/Shivam/subtask2_blindtest_wReadme/bengali/bengali_blind_wav/488226_S8xS8ifpg8W4EWbu_0077.wav,এই টিউটোরিয়ালে আমরা শিখেছি firefox interface এবং toolbars,8.0
/home/abdullahmm/Shivam/subtask2_blindtest_wReadme/bengali/bengali_blind_wav/488226_S8xS8ifpg8W4EWbu_0078.wav,/home/abdullahmm/Shivam/subtask2_blindtest_wReadme/bengali/bengali_blind_wav/488226_S8xS8ifpg8W4EWbu_0078.wav,এই অনুশীলনীটি নিজে চেষ্টা করুন,3.0
/home/abdullahmm/Shivam/subtask2_blindtest_wReadme/bengali/bengali_blind_wav/488226_S8xS8ifpg8W4EWbu_0079.wav,/home/abdullahmm/Shivam/subtask2_blindtest_wReadme/bengali/bengali_blind_wav/488226_S8xS8ifpg8W4EWbu_0079.wav,আপনার home page পরিবর্তন করে www . spoken - tutorial org করুন এবং সেটিতে,8.0
/home/abdullahmm/Shivam/subtask2_blindtest_wReadme/bengali/bengali_blind_wav/488226_S8xS8ifpg8W4EWbu_0080.wav,/home/abdullahmm/Shivam/subtask2_blindtest_wReadme/bengali/bengali_blind_wav/488226_S8xS8ifpg8W4EWbu_0080.wav,তারপর browser এর history function ব্যবহার করে yahoo ওয়েবসাইটে যান,6.0
/home/abdullahmm/Shivam/subtask2_blindtest_wReadme/bengali/bengali_blind_wav/488226_S8xS8ifpg8W4EWbu_0081.wav,/home/abdullahmm/Shivam/subtask2_blindtest_wReadme/bengali/bengali_blind_wav/488226_S8xS8ifpg8W4EWbu_0081.wav,এই লিঙ্কে উপলব্ধ video spoken tutorial প্রকল্পকে সারসংক্ষেপে বোঝায় যদি,7.0
/home/abdullahmm/Shivam/subtask2_blindtest_wReadme/bengali/bengali_blind_wav/488226_S8xS8ifpg8W4EWbu_0082.wav,/home/abdullahmm/Shivam/subtask2_blindtest_wReadme/bengali/bengali_blind_wav/488226_S8xS8ifpg8W4EWbu_0082.wav,যদি ভাল bandwidth না থাকে তাহলে আপনি ভিডিওটি download করে দেখতে পারেন,5.0
/home/abdullahmm/Shivam/subtask2_blindtest_wReadme/bengali/bengali_blind_wav/488226_S8xS8ifpg8W4EWbu_0083.wav,/home/abdullahmm/Shivam/subtask2_blindtest_wReadme/bengali/bengali_blind_wav/488226_S8xS8ifpg8W4EWbu_0083.wav,spoken tutorial প্রকল্পর দল কথ্য টিউটোরিয়ালগুলি ব্যবহার করে শিক্ষাশিবির স,5.0
/home/abdullahmm/Shivam/subtask2_blindtest_wReadme/bengali/bengali_blind_wav/488226_S8xS8ifpg8W4EWbu_0084.wav,/home/abdullahmm/Shivam/subtask2_blindtest_wReadme/bengali/bengali_blind_wav/488226_S8xS8ifpg8W4EWbu_0084.wav,যারা online পরীক্ষা pass করে তাদের প্রশংসাপত্র দেয়,4.0
/home/abdullahmm/Shivam/subtask2_blindtest_wReadme/bengali/bengali_blind_wav/488226_S8xS8ifpg8W4EWbu_0086.wav,/home/abdullahmm/Shivam/subtask2_blindtest_wReadme/bengali/bengali_blind_wav/488226_S8xS8ifpg8W4EWbu_0086.wav,email করুন spoken tutorial talk to a teacher,4.0
/home/abdullahmm/Shivam/subtask2_blindtest_wReadme/bengali/bengali_blind_wav/488226_S8xS8ifpg8W4EWbu_0087.wav,/home/abdullahmm/Shivam/subtask2_blindtest_wReadme/bengali/bengali_blind_wav/488226_S8xS8ifpg8W4EWbu_0087.wav,এর অংশবিশেষ যা ভারত সরকারের ict mhrd এর national mission on education দ্বারা সমর্থিত,8.0
/home/abdullahmm/Shivam/subtask2_blindtest_wReadme/bengali/bengali_blind_wav/488226_S8xS8ifpg8W4EWbu_0088.wav,/home/abdullahmm/Shivam/subtask2_blindtest_wReadme/bengali/bengali_blind_wav/488226_S8xS8ifpg8W4EWbu_0088.wav,বিষয়ে বিস্তারিত তথ্য এই লিঙ্কে প্রাপ্তিসাধ্য http : double / spoken - tutorial . org / nmeict,11.0
/home/abdullahmm/Shivam/subtask2_blindtest_wReadme/bengali/bengali_blind_wav/488226_S8xS8ifpg8W4EWbu_0089.wav,/home/abdullahmm/Shivam/subtask2_blindtest_wReadme/bengali/bengali_blind_wav/488226_S8xS8ifpg8W4EWbu_0089.wav,দেবেন intro এই টিউটোরিয়ালে অংশগ্রহণ করার জন্য ধন্যবাদ শুভ বিদায়,6.75
/home/abdullahmm/Shivam/subtask2_blindtest_wReadme/bengali/bengali_blind_wav/550546_M2qLJHH7zRNUBxBH_0000.wav,/home/abdullahmm/Shivam/subtask2_blindtest_wReadme/bengali/bengali_blind_wav/550546_M2qLJHH7zRNUBxBH_0000.wav,unstructured mesh generation using জিমেশের টিউটোরিয়ালে আপনাদের স্বাগত,5.0
/home/abdullahmm/Shivam/subtask2_blindtest_wReadme/bengali/bengali_blind_wav/550546_M2qLJHH7zRNUBxBH_0001.wav,/home/abdullahmm/Shivam/subtask2_blindtest_wReadme/bengali/bengali_blind_wav/550546_M2qLJHH7zRNUBxBH_0001.wav,এখানে আমরা শিখব জিমেশে unstructured mesh বানানো plane surface বানানো . geo extention সহ file দ্বারা মৌলিক manipulation করা,12.0
/home/abdullahmm/Shivam/subtask2_blindtest_wReadme/bengali/bengali_blind_wav/550546_M2qLJHH7zRNUBxBH_0002.wav,/home/abdullahmm/Shivam/subtask2_blindtest_wReadme/bengali/bengali_blind_wav/550546_M2qLJHH7zRNUBxBH_0002.wav,টিউটোরিয়ালটি record করতে ব্যবহার করছি ubuntu linux operating system 14 . 04 gmsh সংস্করণ 2 . 8 . 5 open foam সংস্করণ 2 . 40,12.0
/home/abdullahmm/Shivam/subtask2_blindtest_wReadme/bengali/bengali_blind_wav/550546_M2qLJHH7zRNUBxBH_0003.wav,/home/abdullahmm/Shivam/subtask2_blindtest_wReadme/bengali/bengali_blind_wav/550546_M2qLJHH7zRNUBxBH_0003.wav,3 . 0 এই টিউটোরিয়ালটি creation of sphere using জিমেশের,5.0
/home/abdullahmm/Shivam/subtask2_blindtest_wReadme/bengali/bengali_blind_wav/550546_M2qLJHH7zRNUBxBH_0004.wav,/home/abdullahmm/Shivam/subtask2_blindtest_wReadme/bengali/bengali_blind_wav/550546_M2qLJHH7zRNUBxBH_0004.wav,পরবর্তী ভাগ আমরা আগেই gmesh ব্যবহার করে গোলক বানানো,5.0
/home/abdullahmm/Shivam/subtask2_blindtest_wReadme/bengali/bengali_blind_wav/550546_M2qLJHH7zRNUBxBH_0005.wav,/home/abdullahmm/Shivam/subtask2_blindtest_wReadme/bengali/bengali_blind_wav/550546_M2qLJHH7zRNUBxBH_0005.wav,আপনি এটি করতে না জানলে এই ওয়েবসাইটে open foam শৃঙ্খলায় gmesh spoken tutorials,8.0
/home/abdullahmm/Shivam/subtask2_blindtest_wReadme/bengali/bengali_blind_wav/550546_M2qLJHH7zRNUBxBH_0006.wav,/home/abdullahmm/Shivam/subtask2_blindtest_wReadme/bengali/bengali_blind_wav/550546_M2qLJHH7zRNUBxBH_0006.wav,এটি হল problem statement এই চিত্র flow এর দিক এবং boundary faces দেখায় এখন আমরা gmsh দ্বারা unstructured mesh বানানো শিখব,13.0
/home/abdullahmm/Shivam/subtask2_blindtest_wReadme/bengali/bengali_blind_wav/550546_M2qLJHH7zRNUBxBH_0007.wav,/home/abdullahmm/Shivam/subtask2_blindtest_wReadme/bengali/bengali_blind_wav/550546_M2qLJHH7zRNUBxBH_0007.wav,লক্ষ্য করুন ডোমেনের আকার 45 x 30 x 30 এবং গোলকের ব্যাসার্ধ হল 1 তবে এটি ভিন্ন ক্ষেত্রে ভিন্ন হতে পারে ডোমেনের জন্য . এখানে রয়েছে,17.0
/home/abdullahmm/Shivam/subtask2_blindtest_wReadme/bengali/bengali_blind_wav/550546_M2qLJHH7zRNUBxBH_0008.wav,/home/abdullahmm/Shivam/subtask2_blindtest_wReadme/bengali/bengali_blind_wav/550546_M2qLJHH7zRNUBxBH_0008.wav,এখন জিমেশে যান এখানে আমাদের আগে নির্মিত গোলক রয়েছে,6.0
/home/abdullahmm/Shivam/subtask2_blindtest_wReadme/bengali/bengali_blind_wav/550546_M2qLJHH7zRNUBxBH_0009.wav,/home/abdullahmm/Shivam/subtask2_blindtest_wReadme/bengali/bengali_blind_wav/550546_M2qLJHH7zRNUBxBH_0009.wav,আমি ডোমেইনের সকল . এবং line বানিয়েছি ডোমেইনের . বানাতে পূর্বের tutorial দেখুন,12.0
/home/abdullahmm/Shivam/subtask2_blindtest_wReadme/bengali/bengali_blind_wav/550546_M2qLJHH7zRNUBxBH_0010.wav,/home/abdullahmm/Shivam/subtask2_blindtest_wReadme/bengali/bengali_blind_wav/550546_M2qLJHH7zRNUBxBH_0010.wav,এখন plane surface বিকল্প চয়ন করুন তারপর surface এর জন্য সম্পর্কিত edges চয়ন করুন চয়ন লাল রঙে দেখাবে,12.0
/home/abdullahmm/Shivam/subtask2_blindtest_wReadme/bengali/bengali_blind_wav/550546_M2qLJHH7zRNUBxBH_0011.wav,/home/abdullahmm/Shivam/subtask2_blindtest_wReadme/bengali/bengali_blind_wav/550546_M2qLJHH7zRNUBxBH_0011.wav,চয়ন নিষ্পাদিত করতে keyboard এ e টিপুন এটি করলে আমরা . ted line দেখতে পারি,9.0
/home/abdullahmm/Shivam/subtask2_blindtest_wReadme/bengali/bengali_blind_wav/550546_M2qLJHH7zRNUBxBH_0012.wav,/home/abdullahmm/Shivam/subtask2_blindtest_wReadme/bengali/bengali_blind_wav/550546_M2qLJHH7zRNUBxBH_0012.wav,সকল surface তৈরী না হওয়া পর্যন্ত প্রক্রিয়াটি পুনরাবৃত্তি করুন,5.0
/home/abdullahmm/Shivam/subtask2_blindtest_wReadme/bengali/bengali_blind_wav/550546_M2qLJHH7zRNUBxBH_0013.wav,/home/abdullahmm/Shivam/subtask2_blindtest_wReadme/bengali/bengali_blind_wav/550546_M2qLJHH7zRNUBxBH_0013.wav,এখন physical groups বিকল্প তারপর add এবং তারপর surface চয়ন করুন,8.0
/home/abdullahmm/Shivam/subtask2_blindtest_wReadme/bengali/bengali_blind_wav/550546_M2qLJHH7zRNUBxBH_0014.wav,/home/abdullahmm/Shivam/subtask2_blindtest_wReadme/bengali/bengali_blind_wav/550546_M2qLJHH7zRNUBxBH_0014.wav,এখন ওয়ালের জন্য এই চারটি face চয়ন করুন এবং কিবোর্ডে e টিপুন,7.0
/home/abdullahmm/Shivam/subtask2_blindtest_wReadme/bengali/bengali_blind_wav/550546_M2qLJHH7zRNUBxBH_0015.wav,/home/abdullahmm/Shivam/subtask2_blindtest_wReadme/bengali/bengali_blind_wav/550546_M2qLJHH7zRNUBxBH_0015.wav,ইনলেটের জন্য front face চয়ন করুন এবং e টিপুন,4.0
/home/abdullahmm/Shivam/subtask2_blindtest_wReadme/bengali/bengali_blind_wav/550546_M2qLJHH7zRNUBxBH_0016.wav,/home/abdullahmm/Shivam/subtask2_blindtest_wReadme/bengali/bengali_blind_wav/550546_M2qLJHH7zRNUBxBH_0016.wav,আউটলেটের জন্য backspace চয়ন করুন এবং e টিপুন,5.0
/home/abdullahmm/Shivam/subtask2_blindtest_wReadme/bengali/bengali_blind_wav/550546_M2qLJHH7zRNUBxBH_0017.wav,/home/abdullahmm/Shivam/subtask2_blindtest_wReadme/bengali/bengali_blind_wav/550546_M2qLJHH7zRNUBxBH_0017.wav,এখন gmsh বন্ধ করুন,3.0
/home/abdullahmm/Shivam/subtask2_blindtest_wReadme/bengali/bengali_blind_wav/550546_M2qLJHH7zRNUBxBH_0018.wav,/home/abdullahmm/Shivam/subtask2_blindtest_wReadme/bengali/bengali_blind_wav/550546_M2qLJHH7zRNUBxBH_0018.wav,এখন gedit text এডিটরে sphere 1 . geo file খুলুন উল্লেখ্য এই ফাইলের additions রয়েছে এছাড়াও এনটিটিসের জন্য identification number আগের শৃঙ্খলার ধারাবাহিকতায় রয়েছে,18.0
/home/abdullahmm/Shivam/subtask2_blindtest_wReadme/bengali/bengali_blind_wav/550546_M2qLJHH7zRNUBxBH_0019.wav,/home/abdullahmm/Shivam/subtask2_blindtest_wReadme/bengali/bengali_blind_wav/550546_M2qLJHH7zRNUBxBH_0019.wav,আগের মতই সংখ্যাসূচক value বদলান domain mesh ভ্যারিয়েবলের জন্য d অক্ষর ব্যবহার করুন,9.0
/home/abdullahmm/Shivam/subtask2_blindtest_wReadme/bengali/bengali_blind_wav/550546_M2qLJHH7zRNUBxBH_0020.wav,/home/abdullahmm/Shivam/subtask2_blindtest_wReadme/bengali/bengali_blind_wav/550546_M2qLJHH7zRNUBxBH_0020.wav,তারপর ফাইলের শুরুতে লিখুন d = 0 . 5,6.0
/home/abdullahmm/Shivam/subtask2_blindtest_wReadme/bengali/bengali_blind_wav/550546_M2qLJHH7zRNUBxBH_0021.wav,/home/abdullahmm/Shivam/subtask2_blindtest_wReadme/bengali/bengali_blind_wav/550546_M2qLJHH7zRNUBxBH_0021.wav,বাউন্ডারীর নাম দিতে পছন্দসই নামের সাথে সংখ্যাসূচক value বদলান যেমনকি দেখানো,7.0
/home/abdullahmm/Shivam/subtask2_blindtest_wReadme/bengali/bengali_blind_wav/550546_M2qLJHH7zRNUBxBH_0022.wav,/home/abdullahmm/Shivam/subtask2_blindtest_wReadme/bengali/bengali_blind_wav/550546_M2qLJHH7zRNUBxBH_0022.wav,প্রথম physical surface আমরা ইন্টারফেসে wall বানিয়েছিলাম তাই এখানে এটি wall এ বদলাবো,9.0
/home/abdullahmm/Shivam/subtask2_blindtest_wReadme/bengali/bengali_blind_wav/550546_M2qLJHH7zRNUBxBH_0023.wav,/home/abdullahmm/Shivam/subtask2_blindtest_wReadme/bengali/bengali_blind_wav/550546_M2qLJHH7zRNUBxBH_0023.wav,দ্বিতীয় physical surface আমরা ইন্টারফেসে inlet বানিয়েছিলাম তাই এখানে এটি inlet এ বদলাবো,9.0
/home/abdullahmm/Shivam/subtask2_blindtest_wReadme/bengali/bengali_blind_wav/550546_M2qLJHH7zRNUBxBH_0024.wav,/home/abdullahmm/Shivam/subtask2_blindtest_wReadme/bengali/bengali_blind_wav/550546_M2qLJHH7zRNUBxBH_0024.wav,তৃতীয় physical surface আমি ইন্টারফেসে outlet বানিয়েছিলাম তাই এখানে এটি outletএ বদলাবো,9.0
/home/abdullahmm/Shivam/subtask2_blindtest_wReadme/bengali/bengali_blind_wav/550546_M2qLJHH7zRNUBxBH_0025.wav,/home/abdullahmm/Shivam/subtask2_blindtest_wReadme/bengali/bengali_blind_wav/550546_M2qLJHH7zRNUBxBH_0025.wav,এখন লিখুন surface loop id যা বৃত্তাকার বন্ধনীতে পরবর্তী integer যা বন্ধনীতে ডোমেইনের সকল surface idর সমান যা হল 4345474951 এবং 53,23.0
/home/abdullahmm/Shivam/subtask2_blindtest_wReadme/bengali/bengali_blind_wav/550546_M2qLJHH7zRNUBxBH_0026.wav,/home/abdullahmm/Shivam/subtask2_blindtest_wReadme/bengali/bengali_blind_wav/550546_M2qLJHH7zRNUBxBH_0026.wav,volume সংজ্ঞায়িত করতে volume id ব্যবহার করুন যা বৃত্তাকার বন্ধনীতে পরবর্তী integer যা বন্ধনীতে দুটি surface idর সমান যা হল 29 এবং 57,21.0
/home/abdullahmm/Shivam/subtask2_blindtest_wReadme/bengali/bengali_blind_wav/550546_M2qLJHH7zRNUBxBH_0027.wav,/home/abdullahmm/Shivam/subtask2_blindtest_wReadme/bengali/bengali_blind_wav/550546_M2qLJHH7zRNUBxBH_0027.wav,physical volumeএর জন্য physical volume id ব্যবহার করুন যা বৃত্তাকার বন্ধনীতে পরবর্তী integer যা বন্ধনীতে volumeএর idর সমান যা হল 58,15.0
/home/abdullahmm/Shivam/subtask2_blindtest_wReadme/bengali/bengali_blind_wav/550546_M2qLJHH7zRNUBxBH_0028.wav,/home/abdullahmm/Shivam/subtask2_blindtest_wReadme/bengali/bengali_blind_wav/550546_M2qLJHH7zRNUBxBH_0028.wav,ফাইলটি সংরক্ষণ করে বন্ধ করুন এখন terminal ব্যবহার করে gmsh sphere 1 . geo লিখে আবার gmsh খুলুন এবং enter টিপুন,13.0
/home/abdullahmm/Shivam/subtask2_blindtest_wReadme/bengali/bengali_blind_wav/550546_M2qLJHH7zRNUBxBH_0029.wav,/home/abdullahmm/Shivam/subtask2_blindtest_wReadme/bengali/bengali_blind_wav/550546_M2qLJHH7zRNUBxBH_0029.wav,জিমেশে নীচ থেকে উপরের যাওয়ার পদ্ধতি অনুসরণ করা হয় অর্থাৎ প্রথমে 1 d mesh বানানো হয়েছে 1 d mesh দ্বারা 2 d mesh বানানো হয়েছে 2 d mesh দ্বারা 3 d mesh বানানো হয়েছে,14.0
/home/abdullahmm/Shivam/subtask2_blindtest_wReadme/bengali/bengali_blind_wav/550546_M2qLJHH7zRNUBxBH_0030.wav,/home/abdullahmm/Shivam/subtask2_blindtest_wReadme/bengali/bengali_blind_wav/550546_M2qLJHH7zRNUBxBH_0030.wav,1d mesh বানাতে f1 key টিপুন,4.0
/home/abdullahmm/Shivam/subtask2_blindtest_wReadme/bengali/bengali_blind_wav/550546_M2qLJHH7zRNUBxBH_0031.wav,/home/abdullahmm/Shivam/subtask2_blindtest_wReadme/bengali/bengali_blind_wav/550546_M2qLJHH7zRNUBxBH_0031.wav,2 d mesh বানাতে f2 key টিপুন,4.0
/home/abdullahmm/Shivam/subtask2_blindtest_wReadme/bengali/bengali_blind_wav/550546_M2qLJHH7zRNUBxBH_0032.wav,/home/abdullahmm/Shivam/subtask2_blindtest_wReadme/bengali/bengali_blind_wav/550546_M2qLJHH7zRNUBxBH_0032.wav,3 d mesh বানাতে f 3 key টিপুন,4.0
/home/abdullahmm/Shivam/subtask2_blindtest_wReadme/bengali/bengali_blind_wav/550546_M2qLJHH7zRNUBxBH_0033.wav,/home/abdullahmm/Shivam/subtask2_blindtest_wReadme/bengali/bengali_blind_wav/550546_M2qLJHH7zRNUBxBH_0033.wav,এটি কিছু সময় নিতে পারে status বারে progress দেখুন এটি এখন done দেখায়,8.0
/home/abdullahmm/Shivam/subtask2_blindtest_wReadme/bengali/bengali_blind_wav/550546_M2qLJHH7zRNUBxBH_0034.wav,/home/abdullahmm/Shivam/subtask2_blindtest_wReadme/bengali/bengali_blind_wav/550546_M2qLJHH7zRNUBxBH_0034.wav,একবার mesh তৈরী হলে faulty cells সরাতে এটি অপ্টিমাইজ করা,5.0
/home/abdullahmm/Shivam/subtask2_blindtest_wReadme/bengali/bengali_blind_wav/550546_M2qLJHH7zRNUBxBH_0035.wav,/home/abdullahmm/Shivam/subtask2_blindtest_wReadme/bengali/bengali_blind_wav/550546_M2qLJHH7zRNUBxBH_0035.wav,optimize করতে modules তারপর mesh এবং তারপর optimize 3d netgen বিকল্পে click করুন,9.0
/home/abdullahmm/Shivam/subtask2_blindtest_wReadme/bengali/bengali_blind_wav/550546_M2qLJHH7zRNUBxBH_0036.wav,/home/abdullahmm/Shivam/subtask2_blindtest_wReadme/bengali/bengali_blind_wav/550546_M2qLJHH7zRNUBxBH_0036.wav,এটিও কিছু সময় নিতে পারে আবার status বারে progress দেখুন,7.0
/home/abdullahmm/Shivam/subtask2_blindtest_wReadme/bengali/bengali_blind_wav/550546_M2qLJHH7zRNUBxBH_0037.wav,/home/abdullahmm/Shivam/subtask2_blindtest_wReadme/bengali/bengali_blind_wav/550546_M2qLJHH7zRNUBxBH_0037.wav,mesh সংরক্ষণ করতে file এবং save মেশে যান terminal বন্ধ করুন,8.0
/home/abdullahmm/Shivam/subtask2_blindtest_wReadme/bengali/bengali_blind_wav/550546_M2qLJHH7zRNUBxBH_0038.wav,/home/abdullahmm/Shivam/subtask2_blindtest_wReadme/bengali/bengali_blind_wav/550546_M2qLJHH7zRNUBxBH_0038.wav,constant folder ছাড়া open foam case directory বানান case directoryতে নতুন sphere 1 . msh cop,10.0
/home/abdullahmm/Shivam/subtask2_blindtest_wReadme/bengali/bengali_blind_wav/550546_M2qLJHH7zRNUBxBH_0039.wav,/home/abdullahmm/Shivam/subtask2_blindtest_wReadme/bengali/bengali_blind_wav/550546_M2qLJHH7zRNUBxBH_0039.wav,terminal window ছাড়া এই সমস্যার case ডিরেক্টরি্তে যান,5.0
/home/abdullahmm/Shivam/subtask2_blindtest_wReadme/bengali/bengali_blind_wav/550546_M2qLJHH7zRNUBxBH_0040.wav,/home/abdullahmm/Shivam/subtask2_blindtest_wReadme/bengali/bengali_blind_wav/550546_M2qLJHH7zRNUBxBH_0040.wav,একবার আপনি case directory থাকলে mesh বদলাতে লিখুন gmsh to foam sphere 1 . msh,10.0
/home/abdullahmm/Shivam/subtask2_blindtest_wReadme/bengali/bengali_blind_wav/550546_M2qLJHH7zRNUBxBH_0041.wav,/home/abdullahmm/Shivam/subtask2_blindtest_wReadme/bengali/bengali_blind_wav/550546_M2qLJHH7zRNUBxBH_0041.wav,এগোনোর আগে নিশ্চিত করুন যে একই boundary নাম 0 ফোল্ডারের ফাইলে রয়েছে,8.0
/home/abdullahmm/Shivam/subtask2_blindtest_wReadme/bengali/bengali_blind_wav/550546_M2qLJHH7zRNUBxBH_0042.wav,/home/abdullahmm/Shivam/subtask2_blindtest_wReadme/bengali/bengali_blind_wav/550546_M2qLJHH7zRNUBxBH_0042.wav,সংক্ষেপে এখানে আমরা শিখেছি জিমেশে unstructured mesh বানানো plain surface বানানো . geo extension সহ file data মৌলিক manipulation করা।,14.0
/home/abdullahmm/Shivam/subtask2_blindtest_wReadme/bengali/bengali_blind_wav/550546_M2qLJHH7zRNUBxBH_0043.wav,/home/abdullahmm/Shivam/subtask2_blindtest_wReadme/bengali/bengali_blind_wav/550546_M2qLJHH7zRNUBxBH_0043.wav,অনুশীলনী হিসাবে s d এবং mesh . characteristic length from curvature এর value বদলে mesh এ পরিমার্জিত করুন,11.0
/home/abdullahmm/Shivam/subtask2_blindtest_wReadme/bengali/bengali_blind_wav/550546_M2qLJHH7zRNUBxBH_0044.wav,/home/abdullahmm/Shivam/subtask2_blindtest_wReadme/bengali/bengali_blind_wav/550546_M2qLJHH7zRNUBxBH_0044.wav,open foam শৃঙ্খলা fossee প্রকল্প iit bombay দ্বারা নির্মিত fossee অর্থাৎ free and open source software for,9.0
/home/abdullahmm/Shivam/subtask2_blindtest_wReadme/bengali/bengali_blind_wav/550546_M2qLJHH7zRNUBxBH_0045.wav,/home/abdullahmm/Shivam/subtask2_blindtest_wReadme/bengali/bengali_blind_wav/550546_M2qLJHH7zRNUBxBH_0045.wav,এই প্রকল্প বিনামূল্য এবং open source software টুলের ব্যবহার প্রচার করে আরো বিস্তারিত জানতে দেখুন,9.0
/home/abdullahmm/Shivam/subtask2_blindtest_wReadme/bengali/bengali_blind_wav/550546_M2qLJHH7zRNUBxBH_0046.wav,/home/abdullahmm/Shivam/subtask2_blindtest_wReadme/bengali/bengali_blind_wav/550546_M2qLJHH7zRNUBxBH_0046.wav,লিঙ্কে উপলব্ধ video টি প্রকল্পকে সারসংক্ষেপে বোঝায় এটি download করে দেখুন,6.0
/home/abdullahmm/Shivam/subtask2_blindtest_wReadme/bengali/bengali_blind_wav/550546_M2qLJHH7zRNUBxBH_0048.wav,/home/abdullahmm/Shivam/subtask2_blindtest_wReadme/bengali/bengali_blind_wav/550546_M2qLJHH7zRNUBxBH_0048.wav,spoken tutorial প্রকল্প ভারত সরকারের ict mhrd এর জাতীয় শিক্ষা mission দ্বারা সমর্থিত এই mission সম্পর্কে অধিক তথ্য এই লিঙ্কে প্রাপ্তিসাধ্য iit bombay থেকে আমি বিদায় নিচ্ছি অংশগ্রহণের জন্য ধন্যবাদ,17.13
/home/abdullahmm/Shivam/subtask2_blindtest_wReadme/bengali/bengali_blind_wav/572669_Q8uSoeEYk9eI25Wn_0000.wav,/home/abdullahmm/Shivam/subtask2_blindtest_wReadme/bengali/bengali_blind_wav/572669_Q8uSoeEYk9eI25Wn_0000.wav,array functions এবং operations এর টিউটোরিয়ালে আপনাদের স্বাগত,6.0
/home/abdullahmm/Shivam/subtask2_blindtest_wReadme/bengali/bengali_blind_wav/572669_Q8uSoeEYk9eI25Wn_0001.wav,/home/abdullahmm/Shivam/subtask2_blindtest_wReadme/bengali/bengali_blind_wav/572669_Q8uSoeEYk9eI25Wn_0001.wav,এখানে আমরা শিখব omshell এর ব্যবহার array construction ফাংশনসের ব্যবহার,10.0
/home/abdullahmm/Shivam/subtask2_blindtest_wReadme/bengali/bengali_blind_wav/572669_Q8uSoeEYk9eI25Wn_0002.wav,/home/abdullahmm/Shivam/subtask2_blindtest_wReadme/bengali/bengali_blind_wav/572669_Q8uSoeEYk9eI25Wn_0002.wav,vectors এবং matrices এ arithmetic operations কিভাবে করে,6.0
/home/abdullahmm/Shivam/subtask2_blindtest_wReadme/bengali/bengali_blind_wav/572669_Q8uSoeEYk9eI25Wn_0003.wav,/home/abdullahmm/Shivam/subtask2_blindtest_wReadme/bengali/bengali_blind_wav/572669_Q8uSoeEYk9eI25Wn_0003.wav,array conversion ফাংশনসের ব্যবহার,4.0
/home/abdullahmm/Shivam/subtask2_blindtest_wReadme/bengali/bengali_blind_wav/572669_Q8uSoeEYk9eI25Wn_0004.wav,/home/abdullahmm/Shivam/subtask2_blindtest_wReadme/bengali/bengali_blind_wav/572669_Q8uSoeEYk9eI25Wn_0004.wav,টিউটোরিয়ালটি record করতে ব্যবহার করছি openmodelica 1 . 9 . 2 ubuntu operating system সংস্করণ 14 . 04 এবং gedit,13.0
/home/abdullahmm/Shivam/subtask2_blindtest_wReadme/bengali/bengali_blind_wav/572669_Q8uSoeEYk9eI25Wn_0005.wav,/home/abdullahmm/Shivam/subtask2_blindtest_wReadme/bengali/bengali_blind_wav/572669_Q8uSoeEYk9eI25Wn_0005.wav,windows user জিএডিটের বদলে নোটপ্যাডের মত text editor ব্যবহার করতে পারে,7.0
/home/abdullahmm/Shivam/subtask2_blindtest_wReadme/bengali/bengali_blind_wav/572669_Q8uSoeEYk9eI25Wn_0006.wav,/home/abdullahmm/Shivam/subtask2_blindtest_wReadme/bengali/bengali_blind_wav/572669_Q8uSoeEYk9eI25Wn_0006.wav,টিউটোরিয়ালটি বুঝতে এবং অনুশীলন করতে modelica তে function এবং array declaration এর জ্ঞান থাকা প্রয়োজন,9.0
/home/abdullahmm/Shivam/subtask2_blindtest_wReadme/bengali/bengali_blind_wav/572669_Q8uSoeEYk9eI25Wn_0007.wav,/home/abdullahmm/Shivam/subtask2_blindtest_wReadme/bengali/bengali_blind_wav/572669_Q8uSoeEYk9eI25Wn_0007.wav,আবশ্যক শর্ত আমাদের ওয়েবসাইটে উল্লিখিত তাদের দেখুন,6.0
/home/abdullahmm/Shivam/subtask2_blindtest_wReadme/bengali/bengali_blind_wav/572669_Q8uSoeEYk9eI25Wn_0008.wav,/home/abdullahmm/Shivam/subtask2_blindtest_wReadme/bengali/bengali_blind_wav/572669_Q8uSoeEYk9eI25Wn_0008.wav,এখন omshell সম্পর্কে শিখি,4.0
/home/abdullahmm/Shivam/subtask2_blindtest_wReadme/bengali/bengali_blind_wav/572669_Q8uSoeEYk9eI25Wn_0009.wav,/home/abdullahmm/Shivam/subtask2_blindtest_wReadme/bengali/bengali_blind_wav/572669_Q8uSoeEYk9eI25Wn_0009.wav,omshell একটি interactive command line tool,4.0
/home/abdullahmm/Shivam/subtask2_blindtest_wReadme/bengali/bengali_blind_wav/572669_Q8uSoeEYk9eI25Wn_0010.wav,/home/abdullahmm/Shivam/subtask2_blindtest_wReadme/bengali/bengali_blind_wav/572669_Q8uSoeEYk9eI25Wn_0010.wav,এটি openmodelica একটি ons,3.0
/home/abdullahmm/Shivam/subtask2_blindtest_wReadme/bengali/bengali_blind_wav/572669_Q8uSoeEYk9eI25Wn_0011.wav,/home/abdullahmm/Shivam/subtask2_blindtest_wReadme/bengali/bengali_blind_wav/572669_Q8uSoeEYk9eI25Wn_0011.wav,open modelica compile এর omshell এ লেখা commands দ্বারা ব্যবহার করা যেতে পারে,7.0
/home/abdullahmm/Shivam/subtask2_blindtest_wReadme/bengali/bengali_blind_wav/572669_Q8uSoeEYk9eI25Wn_0012.wav,/home/abdullahmm/Shivam/subtask2_blindtest_wReadme/bengali/bengali_blind_wav/572669_Q8uSoeEYk9eI25Wn_0012.wav,এটি classes load করতে এবং তাদের simulate করতে ব্যবহার করা হয়,5.0
/home/abdullahmm/Shivam/subtask2_blindtest_wReadme/bengali/bengali_blind_wav/572669_Q8uSoeEYk9eI25Wn_0013.wav,/home/abdullahmm/Shivam/subtask2_blindtest_wReadme/bengali/bengali_blind_wav/572669_Q8uSoeEYk9eI25Wn_0013.wav,ফাংশনসকে omshell এও কল করা যেতে পারে,4.0
/home/abdullahmm/Shivam/subtask2_blindtest_wReadme/bengali/bengali_blind_wav/572669_Q8uSoeEYk9eI25Wn_0014.wav,/home/abdullahmm/Shivam/subtask2_blindtest_wReadme/bengali/bengali_blind_wav/572669_Q8uSoeEYk9eI25Wn_0014.wav,এখন omshell দেখাতে polynomial evaluator using vectors এবং function tester নামের class ব্যবহার করব,9.0
/home/abdullahmm/Shivam/subtask2_blindtest_wReadme/bengali/bengali_blind_wav/572669_Q8uSoeEYk9eI25Wn_0015.wav,/home/abdullahmm/Shivam/subtask2_blindtest_wReadme/bengali/bengali_blind_wav/572669_Q8uSoeEYk9eI25Wn_0015.wav,পূর্বের টিউটোরিয়ালে এই classes নিয়ে আলোচনা হয়েছিল,4.0
/home/abdullahmm/Shivam/subtask2_blindtest_wReadme/bengali/bengali_blind_wav/572669_Q8uSoeEYk9eI25Wn_0016.wav,/home/abdullahmm/Shivam/subtask2_blindtest_wReadme/bengali/bengali_blind_wav/572669_Q8uSoeEYk9eI25Wn_0016.wav,এই classes এ আরো তথ্যের জন্য পূর্বের tutorials দেখুন,6.0
/home/abdullahmm/Shivam/subtask2_blindtest_wReadme/bengali/bengali_blind_wav/572669_Q8uSoeEYk9eI25Wn_0017.wav,/home/abdullahmm/Shivam/subtask2_blindtest_wReadme/bengali/bengali_blind_wav/572669_Q8uSoeEYk9eI25Wn_0017.wav,এই টিউটোরিয়ালে ব্যবহার করা সকল command omshell - commands . txt নামে file উপলব্ধ,9.0
/home/abdullahmm/Shivam/subtask2_blindtest_wReadme/bengali/bengali_blind_wav/572669_Q8uSoeEYk9eI25Wn_0018.wav,/home/abdullahmm/Shivam/subtask2_blindtest_wReadme/bengali/bengali_blind_wav/572669_Q8uSoeEYk9eI25Wn_0018.wav,আপনি আমাদের ওয়েবসাইটে সকল code files সনাক্ত এবং download করতে পারেন,6.0
/home/abdullahmm/Shivam/subtask2_blindtest_wReadme/bengali/bengali_blind_wav/572669_Q8uSoeEYk9eI25Wn_0019.wav,/home/abdullahmm/Shivam/subtask2_blindtest_wReadme/bengali/bengali_blind_wav/572669_Q8uSoeEYk9eI25Wn_0019.wav,সহজ access এর জন্য সকল files একটি ডাইরেক্টরীতে সংরক্ষণ করুন,6.0
/home/abdullahmm/Shivam/subtask2_blindtest_wReadme/bengali/bengali_blind_wav/572669_Q8uSoeEYk9eI25Wn_0020.wav,/home/abdullahmm/Shivam/subtask2_blindtest_wReadme/bengali/bengali_blind_wav/572669_Q8uSoeEYk9eI25Wn_0020.wav,এখন omshell আরম্ভ করি,3.0
/home/abdullahmm/Shivam/subtask2_blindtest_wReadme/bengali/bengali_blind_wav/572669_Q8uSoeEYk9eI25Wn_0021.wav,/home/abdullahmm/Shivam/subtask2_blindtest_wReadme/bengali/bengali_blind_wav/572669_Q8uSoeEYk9eI25Wn_0021.wav,ubuntu operating system এ omshell খুলতে launcher এর উপরে বামদিকে dash home এ click করুন,9.0
/home/abdullahmm/Shivam/subtask2_blindtest_wReadme/bengali/bengali_blind_wav/572669_Q8uSoeEYk9eI25Wn_0022.wav,/home/abdullahmm/Shivam/subtask2_blindtest_wReadme/bengali/bengali_blind_wav/572669_Q8uSoeEYk9eI25Wn_0022.wav,search bar omshell লিখুন,4.0
/home/abdullahmm/Shivam/subtask2_blindtest_wReadme/bengali/bengali_blind_wav/572669_Q8uSoeEYk9eI25Wn_0023.wav,/home/abdullahmm/Shivam/subtask2_blindtest_wReadme/bengali/bengali_blind_wav/572669_Q8uSoeEYk9eI25Wn_0023.wav,omshell icon এ click করুন,3.0
/home/abdullahmm/Shivam/subtask2_blindtest_wReadme/bengali/bengali_blind_wav/572669_Q8uSoeEYk9eI25Wn_0024.wav,/home/abdullahmm/Shivam/subtask2_blindtest_wReadme/bengali/bengali_blind_wav/572669_Q8uSoeEYk9eI25Wn_0024.wav,উইন্ডো্জে আপনি start মেনুতে icon খুঁজে পেতে পারেন,5.0
/home/abdullahmm/Shivam/subtask2_blindtest_wReadme/bengali/bengali_blind_wav/572669_Q8uSoeEYk9eI25Wn_0025.wav,/home/abdullahmm/Shivam/subtask2_blindtest_wReadme/bengali/bengali_blind_wav/572669_Q8uSoeEYk9eI25Wn_0025.wav,এখন কিছু দরকারী commands সম্পর্কে শিখি,4.0
/home/abdullahmm/Shivam/subtask2_blindtest_wReadme/bengali/bengali_blind_wav/572669_Q8uSoeEYk9eI25Wn_0026.wav,/home/abdullahmm/Shivam/subtask2_blindtest_wReadme/bengali/bengali_blind_wav/572669_Q8uSoeEYk9eI25Wn_0026.wav,প্রথমে সেই স্থানে যান যেখানে shell - commands . txt নামে file সংরক্ষিত করেছেন এবং এটি খুলুন,10.0
/home/abdullahmm/Shivam/subtask2_blindtest_wReadme/bengali/bengali_blind_wav/572669_Q8uSoeEYk9eI25Wn_0027.wav,/home/abdullahmm/Shivam/subtask2_blindtest_wReadme/bengali/bengali_blind_wav/572669_Q8uSoeEYk9eI25Wn_0027.wav,এই file tutorial সম্পর্কিত সকল commands রয়েছে,5.0
/home/abdullahmm/Shivam/subtask2_blindtest_wReadme/bengali/bengali_blind_wav/572669_Q8uSoeEYk9eI25Wn_0028.wav,/home/abdullahmm/Shivam/subtask2_blindtest_wReadme/bengali/bengali_blind_wav/572669_Q8uSoeEYk9eI25Wn_0028.wav,তাই আপনার কোনো সন্দেহ থাকলে এই ফাইলটি দেখতে পারেন,5.0
/home/abdullahmm/Shivam/subtask2_blindtest_wReadme/bengali/bengali_blind_wav/572669_Q8uSoeEYk9eI25Wn_0029.wav,/home/abdullahmm/Shivam/subtask2_blindtest_wReadme/bengali/bengali_blind_wav/572669_Q8uSoeEYk9eI25Wn_0029.wav,এখন omshell এ যাই,3.0
/home/abdullahmm/Shivam/subtask2_blindtest_wReadme/bengali/bengali_blind_wav/572669_Q8uSoeEYk9eI25Wn_0030.wav,/home/abdullahmm/Shivam/subtask2_blindtest_wReadme/bengali/bengali_blind_wav/572669_Q8uSoeEYk9eI25Wn_0030.wav,লিখুন cd open এবং close প্রথম (,5.0
/home/abdullahmm/Shivam/subtask2_blindtest_wReadme/bengali/bengali_blind_wav/572669_Q8uSoeEYk9eI25Wn_0031.wav,/home/abdullahmm/Shivam/subtask2_blindtest_wReadme/bengali/bengali_blind_wav/572669_Q8uSoeEYk9eI25Wn_0031.wav,কমান্ডের নিষ্পাদনের ফলস্বরূপ প্রদর্শিত ফলাফল দেখতে enter টিপুন,6.0
/home/abdullahmm/Shivam/subtask2_blindtest_wReadme/bengali/bengali_blind_wav/572669_Q8uSoeEYk9eI25Wn_0032.wav,/home/abdullahmm/Shivam/subtask2_blindtest_wReadme/bengali/bengali_blind_wav/572669_Q8uSoeEYk9eI25Wn_0032.wav,এটি উপস্থিত ডিরেক্টরির path print করে,4.0
/home/abdullahmm/Shivam/subtask2_blindtest_wReadme/bengali/bengali_blind_wav/572669_Q8uSoeEYk9eI25Wn_0033.wav,/home/abdullahmm/Shivam/subtask2_blindtest_wReadme/bengali/bengali_blind_wav/572669_Q8uSoeEYk9eI25Wn_0033.wav,এখন উপস্থিত ডিরেক্টরির স্থান বদলান যেখানে আপনি code files সংরক্ষণ করেছেন,7.0
/home/abdullahmm/Shivam/subtask2_blindtest_wReadme/bengali/bengali_blind_wav/572669_Q8uSoeEYk9eI25Wn_0034.wav,/home/abdullahmm/Shivam/subtask2_blindtest_wReadme/bengali/bengali_blind_wav/572669_Q8uSoeEYk9eI25Wn_0034.wav,আমি আমার systemএ directory বদলাই,3.0
/home/abdullahmm/Shivam/subtask2_blindtest_wReadme/bengali/bengali_blind_wav/572669_Q8uSoeEYk9eI25Wn_0035.wav,/home/abdullahmm/Shivam/subtask2_blindtest_wReadme/bengali/bengali_blind_wav/572669_Q8uSoeEYk9eI25Wn_0035.wav,লিখুন cd open এবং close প্রথম ( double উদ্ধৃতিতে path নির্দিষ্ট করুন enter টিপুন,13.0
/home/abdullahmm/Shivam/subtask2_blindtest_wReadme/bengali/bengali_blind_wav/572669_Q8uSoeEYk9eI25Wn_0036.wav,/home/abdullahmm/Shivam/subtask2_blindtest_wReadme/bengali/bengali_blind_wav/572669_Q8uSoeEYk9eI25Wn_0036.wav,লক্ষ্য করুন উইন্ডোজে forward / এবং উবুন্টুতে backward / ব্যাবহৃত হয়,8.0
/home/abdullahmm/Shivam/subtask2_blindtest_wReadme/bengali/bengali_blind_wav/572669_Q8uSoeEYk9eI25Wn_0037.wav,/home/abdullahmm/Shivam/subtask2_blindtest_wReadme/bengali/bengali_blind_wav/572669_Q8uSoeEYk9eI25Wn_0037.wav,windows ইউসারকে এই তথ্যে ধ্যান দিতে হবে,5.0
/home/abdullahmm/Shivam/subtask2_blindtest_wReadme/bengali/bengali_blind_wav/572669_Q8uSoeEYk9eI25Wn_0038.wav,/home/abdullahmm/Shivam/subtask2_blindtest_wReadme/bengali/bengali_blind_wav/572669_Q8uSoeEYk9eI25Wn_0038.wav,এখন polynomial evaluator using vectors function load করি,6.0
/home/abdullahmm/Shivam/subtask2_blindtest_wReadme/bengali/bengali_blind_wav/572669_Q8uSoeEYk9eI25Wn_0039.wav,/home/abdullahmm/Shivam/subtask2_blindtest_wReadme/bengali/bengali_blind_wav/572669_Q8uSoeEYk9eI25Wn_0039.wav,লিখুন load file প্রথম ( double উদ্ধৃতিতে polynomial evaluator using vectors,14.0
/home/abdullahmm/Shivam/subtask2_blindtest_wReadme/bengali/bengali_blind_wav/572669_Q8uSoeEYk9eI25Wn_0040.wav,/home/abdullahmm/Shivam/subtask2_blindtest_wReadme/bengali/bengali_blind_wav/572669_Q8uSoeEYk9eI25Wn_0040.wav,উল্লেখ্য load file কমান্ডে f বড়হাতে রয়েছে,5.0
/home/abdullahmm/Shivam/subtask2_blindtest_wReadme/bengali/bengali_blind_wav/572669_Q8uSoeEYk9eI25Wn_0041.wav,/home/abdullahmm/Shivam/subtask2_blindtest_wReadme/bengali/bengali_blind_wav/572669_Q8uSoeEYk9eI25Wn_0041.wav,এই কমান্ডের ব্যবহার . mo file extension সহ class বা model file load করতে করা যেতে পারে,9.0
/home/abdullahmm/Shivam/subtask2_blindtest_wReadme/bengali/bengali_blind_wav/572669_Q8uSoeEYk9eI25Wn_0042.wav,/home/abdullahmm/Shivam/subtask2_blindtest_wReadme/bengali/bengali_blind_wav/572669_Q8uSoeEYk9eI25Wn_0042.wav,এখন enter টিপুন,3.0
/home/abdullahmm/Shivam/subtask2_blindtest_wReadme/bengali/bengali_blind_wav/572669_Q8uSoeEYk9eI25Wn_0043.wav,/home/abdullahmm/Shivam/subtask2_blindtest_wReadme/bengali/bengali_blind_wav/572669_Q8uSoeEYk9eI25Wn_0043.wav,ফাইলটি পাওয়া গেলে omshell true return করে,5.0
/home/abdullahmm/Shivam/subtask2_blindtest_wReadme/bengali/bengali_blind_wav/572669_Q8uSoeEYk9eI25Wn_0044.wav,/home/abdullahmm/Shivam/subtask2_blindtest_wReadme/bengali/bengali_blind_wav/572669_Q8uSoeEYk9eI25Wn_0044.wav,এখন এই function interactive উপায়ে call করি,4.0
/home/abdullahmm/Shivam/subtask2_blindtest_wReadme/bengali/bengali_blind_wav/572669_Q8uSoeEYk9eI25Wn_0045.wav,/home/abdullahmm/Shivam/subtask2_blindtest_wReadme/bengali/bengali_blind_wav/572669_Q8uSoeEYk9eI25Wn_0045.wav,লিখুন polynomial evaluator using vectors 10 argument সহ enter টিপুন,10.0
/home/abdullahmm/Shivam/subtask2_blindtest_wReadme/bengali/bengali_blind_wav/572669_Q8uSoeEYk9eI25Wn_0046.wav,/home/abdullahmm/Shivam/subtask2_blindtest_wReadme/bengali/bengali_blind_wav/572669_Q8uSoeEYk9eI25Wn_0046.wav,এই command 10 ইউনিটের input argument নেয় এবং ফলাফল দেখায়,8.0
/home/abdullahmm/Shivam/subtask2_blindtest_wReadme/bengali/bengali_blind_wav/572669_Q8uSoeEYk9eI25Wn_0047.wav,/home/abdullahmm/Shivam/subtask2_blindtest_wReadme/bengali/bengali_blind_wav/572669_Q8uSoeEYk9eI25Wn_0047.wav,এখন function tester class load করি,4.0
/home/abdullahmm/Shivam/subtask2_blindtest_wReadme/bengali/bengali_blind_wav/572669_Q8uSoeEYk9eI25Wn_0048.wav,/home/abdullahmm/Shivam/subtask2_blindtest_wReadme/bengali/bengali_blind_wav/572669_Q8uSoeEYk9eI25Wn_0048.wav,লিখুন load file open এবং close ( double উদ্ধৃতিতে function tester . mo enter টিপুন,13.0
/home/abdullahmm/Shivam/subtask2_blindtest_wReadme/bengali/bengali_blind_wav/572669_Q8uSoeEYk9eI25Wn_0049.wav,/home/abdullahmm/Shivam/subtask2_blindtest_wReadme/bengali/bengali_blind_wav/572669_Q8uSoeEYk9eI25Wn_0049.wav,এখন function tester class simulate করি,4.0
/home/abdullahmm/Shivam/subtask2_blindtest_wReadme/bengali/bengali_blind_wav/572669_Q8uSoeEYk9eI25Wn_0050.wav,/home/abdullahmm/Shivam/subtask2_blindtest_wReadme/bengali/bengali_blind_wav/572669_Q8uSoeEYk9eI25Wn_0050.wav,"লিখুন simulate প্রথম ( function tester , start time = 0 stop time = 1 enter টিপুন",16.0
/home/abdullahmm/Shivam/subtask2_blindtest_wReadme/bengali/bengali_blind_wav/572669_Q8uSoeEYk9eI25Wn_0051.wav,/home/abdullahmm/Shivam/subtask2_blindtest_wReadme/bengali/bengali_blind_wav/572669_Q8uSoeEYk9eI25Wn_0051.wav,simulation এখন সম্পূর্ণ,3.0
/home/abdullahmm/Shivam/subtask2_blindtest_wReadme/bengali/bengali_blind_wav/572669_Q8uSoeEYk9eI25Wn_0052.wav,/home/abdullahmm/Shivam/subtask2_blindtest_wReadme/bengali/bengali_blind_wav/572669_Q8uSoeEYk9eI25Wn_0052.wav,function tester class থেকে variable z plot করি,5.0
/home/abdullahmm/Shivam/subtask2_blindtest_wReadme/bengali/bengali_blind_wav/572669_Q8uSoeEYk9eI25Wn_0053.wav,/home/abdullahmm/Shivam/subtask2_blindtest_wReadme/bengali/bengali_blind_wav/572669_Q8uSoeEYk9eI25Wn_0053.wav,লিখুন plot প্রথম ( কোঁকড়া ( এবং enter টিপুন,10.0
/home/abdullahmm/Shivam/subtask2_blindtest_wReadme/bengali/bengali_blind_wav/572669_Q8uSoeEYk9eI25Wn_0054.wav,/home/abdullahmm/Shivam/subtask2_blindtest_wReadme/bengali/bengali_blind_wav/572669_Q8uSoeEYk9eI25Wn_0054.wav,এই command variable z বনাম time plot করে,6.0
/home/abdullahmm/Shivam/subtask2_blindtest_wReadme/bengali/bengali_blind_wav/572669_Q8uSoeEYk9eI25Wn_0055.wav,/home/abdullahmm/Shivam/subtask2_blindtest_wReadme/bengali/bengali_blind_wav/572669_Q8uSoeEYk9eI25Wn_0055.wav,এখন slides ফিরে যাই,5.0
/home/abdullahmm/Shivam/subtask2_blindtest_wReadme/bengali/bengali_blind_wav/572669_Q8uSoeEYk9eI25Wn_0056.wav,/home/abdullahmm/Shivam/subtask2_blindtest_wReadme/bengali/bengali_blind_wav/572669_Q8uSoeEYk9eI25Wn_0056.wav,array construction functions প্রদত্ত আকারের arrays নির্মাণ করতে ব্যবহৃত হয়,5.0
/home/abdullahmm/Shivam/subtask2_blindtest_wReadme/bengali/bengali_blind_wav/572669_Q8uSoeEYk9eI25Wn_0057.wav,/home/abdullahmm/Shivam/subtask2_blindtest_wReadme/bengali/bengali_blind_wav/572669_Q8uSoeEYk9eI25Wn_0057.wav,এখন কিছু array construction functions দেখি,5.0
/home/abdullahmm/Shivam/subtask2_blindtest_wReadme/bengali/bengali_blind_wav/572669_Q8uSoeEYk9eI25Wn_0058.wav,/home/abdullahmm/Shivam/subtask2_blindtest_wReadme/bengali/bengali_blind_wav/572669_Q8uSoeEYk9eI25Wn_0058.wav,আমরা তাদের omshell ব্যবহার করে অনুশীলন কর,4.0
/home/abdullahmm/Shivam/subtask2_blindtest_wReadme/bengali/bengali_blind_wav/572669_Q8uSoeEYk9eI25Wn_0059.wav,/home/abdullahmm/Shivam/subtask2_blindtest_wReadme/bengali/bengali_blind_wav/572669_Q8uSoeEYk9eI25Wn_0059.wav,fill ফাংশনের ব্যবহার সকল একই element এর সাথে array বানাতে ব্যবহৃত হয় fill এর জন্য syntax দেখানো অনুযায়ী হয়,10.0
/home/abdullahmm/Shivam/subtask2_blindtest_wReadme/bengali/bengali_blind_wav/572669_Q8uSoeEYk9eI25Wn_0060.wav,/home/abdullahmm/Shivam/subtask2_blindtest_wReadme/bengali/bengali_blind_wav/572669_Q8uSoeEYk9eI25Wn_0060.wav,প্রথম argument দেখায় যা array পূরণ করে,4.0
/home/abdullahmm/Shivam/subtask2_blindtest_wReadme/bengali/bengali_blind_wav/572669_Q8uSoeEYk9eI25Wn_0061.wav,/home/abdullahmm/Shivam/subtask2_blindtest_wReadme/bengali/bengali_blind_wav/572669_Q8uSoeEYk9eI25Wn_0061.wav,অবশিষ্ট arguments প্রতিটি মাত্রার আকার দেখায়,5.0
/home/abdullahmm/Shivam/subtask2_blindtest_wReadme/bengali/bengali_blind_wav/572669_Q8uSoeEYk9eI25Wn_0062.wav,/home/abdullahmm/Shivam/subtask2_blindtest_wReadme/bengali/bengali_blind_wav/572669_Q8uSoeEYk9eI25Wn_0062.wav,zeros একটি function যার ব্যবহার শূন্যের সাথে একটি array বানাতে ব্যবহৃত হয় zeros ফাংশনের জন্য syntax দেখানো হয়েছে,10.0
/home/abdullahmm/Shivam/subtask2_blindtest_wReadme/bengali/bengali_blind_wav/572669_Q8uSoeEYk9eI25Wn_0063.wav,/home/abdullahmm/Shivam/subtask2_blindtest_wReadme/bengali/bengali_blind_wav/572669_Q8uSoeEYk9eI25Wn_0063.wav,argument array প্রতিটি মাত্রা আকার প্রদর্শন করে,6.0
/home/abdullahmm/Shivam/subtask2_blindtest_wReadme/bengali/bengali_blind_wav/572669_Q8uSoeEYk9eI25Wn_0064.wav,/home/abdullahmm/Shivam/subtask2_blindtest_wReadme/bengali/bengali_blind_wav/572669_Q8uSoeEYk9eI25Wn_0064.wav,identity function একটি identity matrix বানায় এটি একটি argument নেয় যা উভয় মাত্রা আকার প্রদর্শন করে,12.0
/home/abdullahmm/Shivam/subtask2_blindtest_wReadme/bengali/bengali_blind_wav/572669_Q8uSoeEYk9eI25Wn_0065.wav,/home/abdullahmm/Shivam/subtask2_blindtest_wReadme/bengali/bengali_blind_wav/572669_Q8uSoeEYk9eI25Wn_0065.wav,এখন omshell ব্যবহার করে এই function প্রদর্শন করি,4.0
/home/abdullahmm/Shivam/subtask2_blindtest_wReadme/bengali/bengali_blind_wav/572669_Q8uSoeEYk9eI25Wn_0066.wav,/home/abdullahmm/Shivam/subtask2_blindtest_wReadme/bengali/bengali_blind_wav/572669_Q8uSoeEYk9eI25Wn_0066.wav,আমি omshell এ ফিরে যাই,3.0
/home/abdullahmm/Shivam/subtask2_blindtest_wReadme/bengali/bengali_blind_wav/572669_Q8uSoeEYk9eI25Wn_0067.wav,/home/abdullahmm/Shivam/subtask2_blindtest_wReadme/bengali/bengali_blind_wav/572669_Q8uSoeEYk9eI25Wn_0067.wav,লিখুন fill প্রথম বন্ধনীতে 5,7.0
/home/abdullahmm/Shivam/subtask2_blindtest_wReadme/bengali/bengali_blind_wav/572669_Q8uSoeEYk9eI25Wn_0068.wav,/home/abdullahmm/Shivam/subtask2_blindtest_wReadme/bengali/bengali_blind_wav/572669_Q8uSoeEYk9eI25Wn_0068.wav,এই command 5 এর সাথে এর সকল element এর 2 / 2 matrix বানায়,8.0
/home/abdullahmm/Shivam/subtask2_blindtest_wReadme/bengali/bengali_blind_wav/572669_Q8uSoeEYk9eI25Wn_0069.wav,/home/abdullahmm/Shivam/subtask2_blindtest_wReadme/bengali/bengali_blind_wav/572669_Q8uSoeEYk9eI25Wn_0069.wav,প্রথম arguments array তে ভরা element প্রদর্শন করে,6.0
/home/abdullahmm/Shivam/subtask2_blindtest_wReadme/bengali/bengali_blind_wav/572669_Q8uSoeEYk9eI25Wn_0070.wav,/home/abdullahmm/Shivam/subtask2_blindtest_wReadme/bengali/bengali_blind_wav/572669_Q8uSoeEYk9eI25Wn_0070.wav,2 প্রথম মাত্রার আকার প্রদর্শন করে,4.0
/home/abdullahmm/Shivam/subtask2_blindtest_wReadme/bengali/bengali_blind_wav/572669_Q8uSoeEYk9eI25Wn_0071.wav,/home/abdullahmm/Shivam/subtask2_blindtest_wReadme/bengali/bengali_blind_wav/572669_Q8uSoeEYk9eI25Wn_0071.wav,এবং তৃতীয় argument 2 দ্বিতীয় মাত্রার আকার প্রদর্শন করে,6.0
/home/abdullahmm/Shivam/subtask2_blindtest_wReadme/bengali/bengali_blind_wav/572669_Q8uSoeEYk9eI25Wn_0072.wav,/home/abdullahmm/Shivam/subtask2_blindtest_wReadme/bengali/bengali_blind_wav/572669_Q8uSoeEYk9eI25Wn_0072.wav,এখন enter টিপুন,3.0
/home/abdullahmm/Shivam/subtask2_blindtest_wReadme/bengali/bengali_blind_wav/572669_Q8uSoeEYk9eI25Wn_0073.wav,/home/abdullahmm/Shivam/subtask2_blindtest_wReadme/bengali/bengali_blind_wav/572669_Q8uSoeEYk9eI25Wn_0073.wav,ফলাফল প্রত্যাশিত,3.0
/home/abdullahmm/Shivam/subtask2_blindtest_wReadme/bengali/bengali_blind_wav/572669_Q8uSoeEYk9eI25Wn_0074.wav,/home/abdullahmm/Shivam/subtask2_blindtest_wReadme/bengali/bengali_blind_wav/572669_Q8uSoeEYk9eI25Wn_0074.wav,কোঁকড়া বন্ধনীর এক set সহ element প্রদর্শন করে,6.0
/home/abdullahmm/Shivam/subtask2_blindtest_wReadme/bengali/bengali_blind_wav/572669_Q8uSoeEYk9eI25Wn_0075.wav,/home/abdullahmm/Shivam/subtask2_blindtest_wReadme/bengali/bengali_blind_wav/572669_Q8uSoeEYk9eI25Wn_0075.wav,তাই এই matrix এ দুটি row এবং দুটি column রয়েছে,5.0
/home/abdullahmm/Shivam/subtask2_blindtest_wReadme/bengali/bengali_blind_wav/572669_Q8uSoeEYk9eI25Wn_0076.wav,/home/abdullahmm/Shivam/subtask2_blindtest_wReadme/bengali/bengali_blind_wav/572669_Q8uSoeEYk9eI25Wn_0076.wav,এখন আমাদের সকল zero elements সহ 2 / 2 এর matrix বানাতে zeros function ব্যবহার করুন,8.0
/home/abdullahmm/Shivam/subtask2_blindtest_wReadme/bengali/bengali_blind_wav/572669_Q8uSoeEYk9eI25Wn_0077.wav,/home/abdullahmm/Shivam/subtask2_blindtest_wReadme/bengali/bengali_blind_wav/572669_Q8uSoeEYk9eI25Wn_0077.wav,"লিখুন zeros প্রথম বন্ধনীতে 2 , 2 এবং enter টিপুন",8.0
/home/abdullahmm/Shivam/subtask2_blindtest_wReadme/bengali/bengali_blind_wav/572669_Q8uSoeEYk9eI25Wn_0078.wav,/home/abdullahmm/Shivam/subtask2_blindtest_wReadme/bengali/bengali_blind_wav/572669_Q8uSoeEYk9eI25Wn_0078.wav,ফলাফল প্রত্যাশিত,3.0
/home/abdullahmm/Shivam/subtask2_blindtest_wReadme/bengali/bengali_blind_wav/572669_Q8uSoeEYk9eI25Wn_0079.wav,/home/abdullahmm/Shivam/subtask2_blindtest_wReadme/bengali/bengali_blind_wav/572669_Q8uSoeEYk9eI25Wn_0079.wav,এখন identity function চেষ্টা করি,3.0
/home/abdullahmm/Shivam/subtask2_blindtest_wReadme/bengali/bengali_blind_wav/572669_Q8uSoeEYk9eI25Wn_0080.wav,/home/abdullahmm/Shivam/subtask2_blindtest_wReadme/bengali/bengali_blind_wav/572669_Q8uSoeEYk9eI25Wn_0080.wav,লিখুন identity of 3,4.0
/home/abdullahmm/Shivam/subtask2_blindtest_wReadme/bengali/bengali_blind_wav/572669_Q8uSoeEYk9eI25Wn_0081.wav,/home/abdullahmm/Shivam/subtask2_blindtest_wReadme/bengali/bengali_blind_wav/572669_Q8uSoeEYk9eI25Wn_0081.wav,এটি একটি identity matrix বানায় যার আকার 3 by 3,6.0
/home/abdullahmm/Shivam/subtask2_blindtest_wReadme/bengali/bengali_blind_wav/572669_Q8uSoeEYk9eI25Wn_0082.wav,/home/abdullahmm/Shivam/subtask2_blindtest_wReadme/bengali/bengali_blind_wav/572669_Q8uSoeEYk9eI25Wn_0082.wav,আমরা arithmetic operations ও করতে পারি এবং omshell এ assignment statements ও ব্যবহার করতে পারি,7.0
/home/abdullahmm/Shivam/subtask2_blindtest_wReadme/bengali/bengali_blind_wav/572669_Q8uSoeEYk9eI25Wn_0083.wav,/home/abdullahmm/Shivam/subtask2_blindtest_wReadme/bengali/bengali_blind_wav/572669_Q8uSoeEYk9eI25Wn_0083.wav,দুটি matrix বানাই এবং তাতে arithmetic operations করুন,6.0
/home/abdullahmm/Shivam/subtask2_blindtest_wReadme/bengali/bengali_blind_wav/572669_Q8uSoeEYk9eI25Wn_0084.wav,/home/abdullahmm/Shivam/subtask2_blindtest_wReadme/bengali/bengali_blind_wav/572669_Q8uSoeEYk9eI25Wn_0084.wav,"লিখুন a : = বর্গাকার বন্ধনীতে 1 , 2 ; 3 , 4",12.0
/home/abdullahmm/Shivam/subtask2_blindtest_wReadme/bengali/bengali_blind_wav/572669_Q8uSoeEYk9eI25Wn_0085.wav,/home/abdullahmm/Shivam/subtask2_blindtest_wReadme/bengali/bengali_blind_wav/572669_Q8uSoeEYk9eI25Wn_0085.wav,", এর ব্যবহার row তে element পৃথক করতে করা হয়",4.0
/home/abdullahmm/Shivam/subtask2_blindtest_wReadme/bengali/bengali_blind_wav/572669_Q8uSoeEYk9eI25Wn_0086.wav,/home/abdullahmm/Shivam/subtask2_blindtest_wReadme/bengali/bengali_blind_wav/572669_Q8uSoeEYk9eI25Wn_0086.wav,যখনকি ; এর ব্যবহার rows পৃথক করতে করা হয় এখন enter টিপুন,9.0
/home/abdullahmm/Shivam/subtask2_blindtest_wReadme/bengali/bengali_blind_wav/572669_Q8uSoeEYk9eI25Wn_0087.wav,/home/abdullahmm/Shivam/subtask2_blindtest_wReadme/bengali/bengali_blind_wav/572669_Q8uSoeEYk9eI25Wn_0087.wav,লিখুন b : = identity of 2,8.0
/home/abdullahmm/Shivam/subtask2_blindtest_wReadme/bengali/bengali_blind_wav/572669_Q8uSoeEYk9eI25Wn_0088.wav,/home/abdullahmm/Shivam/subtask2_blindtest_wReadme/bengali/bengali_blind_wav/572669_Q8uSoeEYk9eI25Wn_0088.wav,এটি 2 by 2 identity matrix বানায়,4.0
/home/abdullahmm/Shivam/subtask2_blindtest_wReadme/bengali/bengali_blind_wav/572669_Q8uSoeEYk9eI25Wn_0089.wav,/home/abdullahmm/Shivam/subtask2_blindtest_wReadme/bengali/bengali_blind_wav/572669_Q8uSoeEYk9eI25Wn_0089.wav,এখন a এবং b তে arithmetic operations লাগু করি,5.0
/home/abdullahmm/Shivam/subtask2_blindtest_wReadme/bengali/bengali_blind_wav/572669_Q8uSoeEYk9eI25Wn_0090.wav,/home/abdullahmm/Shivam/subtask2_blindtest_wReadme/bengali/bengali_blind_wav/572669_Q8uSoeEYk9eI25Wn_0090.wav,লিখুন a + b এবং enter টিপুন,5.0
/home/abdullahmm/Shivam/subtask2_blindtest_wReadme/bengali/bengali_blind_wav/572669_Q8uSoeEYk9eI25Wn_0091.wav,/home/abdullahmm/Shivam/subtask2_blindtest_wReadme/bengali/bengali_blind_wav/572669_Q8uSoeEYk9eI25Wn_0091.wav,এটি matrix addition দেখায়,3.0
/home/abdullahmm/Shivam/subtask2_blindtest_wReadme/bengali/bengali_blind_wav/572669_Q8uSoeEYk9eI25Wn_0092.wav,/home/abdullahmm/Shivam/subtask2_blindtest_wReadme/bengali/bengali_blind_wav/572669_Q8uSoeEYk9eI25Wn_0092.wav,লিখুন a * b,4.0
/home/abdullahmm/Shivam/subtask2_blindtest_wReadme/bengali/bengali_blind_wav/572669_Q8uSoeEYk9eI25Wn_0093.wav,/home/abdullahmm/Shivam/subtask2_blindtest_wReadme/bengali/bengali_blind_wav/572669_Q8uSoeEYk9eI25Wn_0093.wav,এটি matrix multiplication করে enter টিপুন,6.0
/home/abdullahmm/Shivam/subtask2_blindtest_wReadme/bengali/bengali_blind_wav/572669_Q8uSoeEYk9eI25Wn_0094.wav,/home/abdullahmm/Shivam/subtask2_blindtest_wReadme/bengali/bengali_blind_wav/572669_Q8uSoeEYk9eI25Wn_0094.wav,লিখুন a * b এবং enter টিপুন,7.0
/home/abdullahmm/Shivam/subtask2_blindtest_wReadme/bengali/bengali_blind_wav/572669_Q8uSoeEYk9eI25Wn_0095.wav,/home/abdullahmm/Shivam/subtask2_blindtest_wReadme/bengali/bengali_blind_wav/572669_Q8uSoeEYk9eI25Wn_0095.wav,এটি দুটি matrixএর element অনুযায়ী multiplication করে,6.0
/home/abdullahmm/Shivam/subtask2_blindtest_wReadme/bengali/bengali_blind_wav/572669_Q8uSoeEYk9eI25Wn_0096.wav,/home/abdullahmm/Shivam/subtask2_blindtest_wReadme/bengali/bengali_blind_wav/572669_Q8uSoeEYk9eI25Wn_0096.wav,লক্ষ্য করুন omshell এ ব্যবহার করা ডেটাটাইপের variable সংজ্ঞায়িত করা আবশ্যক নয়,7.0
/home/abdullahmm/Shivam/subtask2_blindtest_wReadme/bengali/bengali_blind_wav/572669_Q8uSoeEYk9eI25Wn_0097.wav,/home/abdullahmm/Shivam/subtask2_blindtest_wReadme/bengali/bengali_blind_wav/572669_Q8uSoeEYk9eI25Wn_0097.wav,এখন slides ফিরে যাই,4.0
/home/abdullahmm/Shivam/subtask2_blindtest_wReadme/bengali/bengali_blind_wav/572669_Q8uSoeEYk9eI25Wn_0098.wav,/home/abdullahmm/Shivam/subtask2_blindtest_wReadme/bengali/bengali_blind_wav/572669_Q8uSoeEYk9eI25Wn_0098.wav,reduction functions input হিসাবে array নেয় এবং output হিসাবে scalar দেয়,7.0
/home/abdullahmm/Shivam/subtask2_blindtest_wReadme/bengali/bengali_blind_wav/572669_Q8uSoeEYk9eI25Wn_0099.wav,/home/abdullahmm/Shivam/subtask2_blindtest_wReadme/bengali/bengali_blind_wav/572669_Q8uSoeEYk9eI25Wn_0099.wav,min একটি function যা একটি array তে সবচেয়ে ছোট value return করে,6.0
/home/abdullahmm/Shivam/subtask2_blindtest_wReadme/bengali/bengali_blind_wav/572669_Q8uSoeEYk9eI25Wn_0100.wav,/home/abdullahmm/Shivam/subtask2_blindtest_wReadme/bengali/bengali_blind_wav/572669_Q8uSoeEYk9eI25Wn_0100.wav,একইভাবে max function arrayতে বৃহত্তম value return করে sum সকল element এর যোগফল return করে এবং product সকল element এর product return করে,14.0
/home/abdullahmm/Shivam/subtask2_blindtest_wReadme/bengali/bengali_blind_wav/572669_Q8uSoeEYk9eI25Wn_0101.wav,/home/abdullahmm/Shivam/subtask2_blindtest_wReadme/bengali/bengali_blind_wav/572669_Q8uSoeEYk9eI25Wn_0101.wav,আমি এই function প্রদর্শন করতে omshell এ যাই,5.0
/home/abdullahmm/Shivam/subtask2_blindtest_wReadme/bengali/bengali_blind_wav/572669_Q8uSoeEYk9eI25Wn_0102.wav,/home/abdullahmm/Shivam/subtask2_blindtest_wReadme/bengali/bengali_blind_wav/572669_Q8uSoeEYk9eI25Wn_0102.wav,আমি একটি নতুন matrix বানাই,3.0
/home/abdullahmm/Shivam/subtask2_blindtest_wReadme/bengali/bengali_blind_wav/572669_Q8uSoeEYk9eI25Wn_0103.wav,/home/abdullahmm/Shivam/subtask2_blindtest_wReadme/bengali/bengali_blind_wav/572669_Q8uSoeEYk9eI25Wn_0103.wav,"x : = বর্গাকার বন্ধনীতে 3 , 4 ; 5 , 6",11.0
/home/abdullahmm/Shivam/subtask2_blindtest_wReadme/bengali/bengali_blind_wav/572669_Q8uSoeEYk9eI25Wn_0104.wav,/home/abdullahmm/Shivam/subtask2_blindtest_wReadme/bengali/bengali_blind_wav/572669_Q8uSoeEYk9eI25Wn_0104.wav,x এর ন্যূনতম value পেতে min of x লিখুন,8.0
/home/abdullahmm/Shivam/subtask2_blindtest_wReadme/bengali/bengali_blind_wav/572669_Q8uSoeEYk9eI25Wn_0105.wav,/home/abdullahmm/Shivam/subtask2_blindtest_wReadme/bengali/bengali_blind_wav/572669_Q8uSoeEYk9eI25Wn_0105.wav,array x এ সবচেয়ে বড় value পেতে max of x লিখুন,8.0
/home/abdullahmm/Shivam/subtask2_blindtest_wReadme/bengali/bengali_blind_wav/572669_Q8uSoeEYk9eI25Wn_0106.wav,/home/abdullahmm/Shivam/subtask2_blindtest_wReadme/bengali/bengali_blind_wav/572669_Q8uSoeEYk9eI25Wn_0106.wav,একইভাবে সকল element এর যোগ করতে sum of x লিখুন,7.0
/home/abdullahmm/Shivam/subtask2_blindtest_wReadme/bengali/bengali_blind_wav/572669_Q8uSoeEYk9eI25Wn_0107.wav,/home/abdullahmm/Shivam/subtask2_blindtest_wReadme/bengali/bengali_blind_wav/572669_Q8uSoeEYk9eI25Wn_0107.wav,এবং ব্যক্তিগত elements min array x এর product পেতে product of x লিখুন,8.0
/home/abdullahmm/Shivam/subtask2_blindtest_wReadme/bengali/bengali_blind_wav/572669_Q8uSoeEYk9eI25Wn_0108.wav,/home/abdullahmm/Shivam/subtask2_blindtest_wReadme/bengali/bengali_blind_wav/572669_Q8uSoeEYk9eI25Wn_0108.wav,আমি আবার slides ফিরে যাই,4.0
/home/abdullahmm/Shivam/subtask2_blindtest_wReadme/bengali/bengali_blind_wav/572669_Q8uSoeEYk9eI25Wn_0109.wav,/home/abdullahmm/Shivam/subtask2_blindtest_wReadme/bengali/bengali_blind_wav/572669_Q8uSoeEYk9eI25Wn_0109.wav,এখন আমরা বিভিন্ন functions নিয়ে আলোচনা করব যা input হিসাবে array নেয়,6.0
/home/abdullahmm/Shivam/subtask2_blindtest_wReadme/bengali/bengali_blind_wav/572669_Q8uSoeEYk9eI25Wn_0110.wav,/home/abdullahmm/Shivam/subtask2_blindtest_wReadme/bengali/bengali_blind_wav/572669_Q8uSoeEYk9eI25Wn_0110.wav,abs একটি function যা তার সকল element এর absolute values সহ একটি array return করে,7.0
/home/abdullahmm/Shivam/subtask2_blindtest_wReadme/bengali/bengali_blind_wav/572669_Q8uSoeEYk9eI25Wn_0111.wav,/home/abdullahmm/Shivam/subtask2_blindtest_wReadme/bengali/bengali_blind_wav/572669_Q8uSoeEYk9eI25Wn_0111.wav,size প্রতিটি মাত্রার আকারের সাথে vector return করে,5.0
/home/abdullahmm/Shivam/subtask2_blindtest_wReadme/bengali/bengali_blind_wav/572669_Q8uSoeEYk9eI25Wn_0112.wav,/home/abdullahmm/Shivam/subtask2_blindtest_wReadme/bengali/bengali_blind_wav/572669_Q8uSoeEYk9eI25Wn_0112.wav,ndims array তে মাত্রা সংখ্যা return করে,6.0
/home/abdullahmm/Shivam/subtask2_blindtest_wReadme/bengali/bengali_blind_wav/572669_Q8uSoeEYk9eI25Wn_0113.wav,/home/abdullahmm/Shivam/subtask2_blindtest_wReadme/bengali/bengali_blind_wav/572669_Q8uSoeEYk9eI25Wn_0113.wav,এর সাথেই আমরা tutorial শেষে এসেছি,3.0
/home/abdullahmm/Shivam/subtask2_blindtest_wReadme/bengali/bengali_blind_wav/572669_Q8uSoeEYk9eI25Wn_0114.wav,/home/abdullahmm/Shivam/subtask2_blindtest_wReadme/bengali/bengali_blind_wav/572669_Q8uSoeEYk9eI25Wn_0114.wav,এখানে আমরা omshell ব্যবহার করে array ফাংশনসকে ইন্টারেক্টিভেভাবে প্রদর্শন করেছি,7.0
/home/abdullahmm/Shivam/subtask2_blindtest_wReadme/bengali/bengali_blind_wav/572669_Q8uSoeEYk9eI25Wn_0115.wav,/home/abdullahmm/Shivam/subtask2_blindtest_wReadme/bengali/bengali_blind_wav/572669_Q8uSoeEYk9eI25Wn_0115.wav,এই function modelica ল্যাঙ্গুয়েজে স্পেসিফিকেশনের ons,4.0
/home/abdullahmm/Shivam/subtask2_blindtest_wReadme/bengali/bengali_blind_wav/572669_Q8uSoeEYk9eI25Wn_0116.wav,/home/abdullahmm/Shivam/subtask2_blindtest_wReadme/bengali/bengali_blind_wav/572669_Q8uSoeEYk9eI25Wn_0116.wav,তাই তার ব্যবহার omedit এ classes লিখতে করা যেতে পারে,6.0
/home/abdullahmm/Shivam/subtask2_blindtest_wReadme/bengali/bengali_blind_wav/572669_Q8uSoeEYk9eI25Wn_0117.wav,/home/abdullahmm/Shivam/subtask2_blindtest_wReadme/bengali/bengali_blind_wav/572669_Q8uSoeEYk9eI25Wn_0117.wav,অনুশীলনী হিসাবে array এর জন্য abs ndims এবং size functions প্রয়োগ করুন,8.0
/home/abdullahmm/Shivam/subtask2_blindtest_wReadme/bengali/bengali_blind_wav/572669_Q8uSoeEYk9eI25Wn_0118.wav,/home/abdullahmm/Shivam/subtask2_blindtest_wReadme/bengali/bengali_blind_wav/572669_Q8uSoeEYk9eI25Wn_0118.wav,দ্বিতীয়ত ফাংশনের জন্য two dimensional array বা matrix কে argument হিসাবে ব্যবহার করেছি,9.0
/home/abdullahmm/Shivam/subtask2_blindtest_wReadme/bengali/bengali_blind_wav/572669_Q8uSoeEYk9eI25Wn_0119.wav,/home/abdullahmm/Shivam/subtask2_blindtest_wReadme/bengali/bengali_blind_wav/572669_Q8uSoeEYk9eI25Wn_0119.wav,অনুশীলনী হিসাবে three dimensional arrays এর সাথে এই সকল functions প্রয়োগ করুন,7.0
/home/abdullahmm/Shivam/subtask2_blindtest_wReadme/bengali/bengali_blind_wav/572669_Q8uSoeEYk9eI25Wn_0120.wav,/home/abdullahmm/Shivam/subtask2_blindtest_wReadme/bengali/bengali_blind_wav/572669_Q8uSoeEYk9eI25Wn_0120.wav,নিম্ন link উপলব্ধ video দেখুন,4.0
/home/abdullahmm/Shivam/subtask2_blindtest_wReadme/bengali/bengali_blind_wav/572669_Q8uSoeEYk9eI25Wn_0121.wav,/home/abdullahmm/Shivam/subtask2_blindtest_wReadme/bengali/bengali_blind_wav/572669_Q8uSoeEYk9eI25Wn_0121.wav,এটি প্রকল্পকে সারসংক্ষেপে বোঝায়,3.0
/home/abdullahmm/Shivam/subtask2_blindtest_wReadme/bengali/bengali_blind_wav/572669_Q8uSoeEYk9eI25Wn_0122.wav,/home/abdullahmm/Shivam/subtask2_blindtest_wReadme/bengali/bengali_blind_wav/572669_Q8uSoeEYk9eI25Wn_0122.wav,আমরা কর্মশালার আয়োজন করে এবং প্রশংসাপত্র দেই আরো জানতে আমাদের লিখুন,6.0
/home/abdullahmm/Shivam/subtask2_blindtest_wReadme/bengali/bengali_blind_wav/572669_Q8uSoeEYk9eI25Wn_0123.wav,/home/abdullahmm/Shivam/subtask2_blindtest_wReadme/bengali/bengali_blind_wav/572669_Q8uSoeEYk9eI25Wn_0123.wav,আপনার এই spoken টিউটোরিয়ালে কোন প্রশ্ন থাকলে নিম্ন সাইটে যান,6.0
/home/abdullahmm/Shivam/subtask2_blindtest_wReadme/bengali/bengali_blind_wav/572669_Q8uSoeEYk9eI25Wn_0124.wav,/home/abdullahmm/Shivam/subtask2_blindtest_wReadme/bengali/bengali_blind_wav/572669_Q8uSoeEYk9eI25Wn_0124.wav,জনপ্রিয় বইগুলির সমাধানকৃত উদাহরণের coding নির্দেশ করি আরো জানতে এই সাইটে যান,6.0
/home/abdullahmm/Shivam/subtask2_blindtest_wReadme/bengali/bengali_blind_wav/572669_Q8uSoeEYk9eI25Wn_0125.wav,/home/abdullahmm/Shivam/subtask2_blindtest_wReadme/bengali/bengali_blind_wav/572669_Q8uSoeEYk9eI25Wn_0125.wav,আমরা commercial simulator ল্যাবগুলি openmodelica তে migrate করতে সহায়তা করি,6.0
/home/abdullahmm/Shivam/subtask2_blindtest_wReadme/bengali/bengali_blind_wav/572669_Q8uSoeEYk9eI25Wn_0126.wav,/home/abdullahmm/Shivam/subtask2_blindtest_wReadme/bengali/bengali_blind_wav/572669_Q8uSoeEYk9eI25Wn_0126.wav,spoken tutorial প্রকল্প ভারত সরকারের nmeict mhrd দ্বারা সমর্থিত,8.0
/home/abdullahmm/Shivam/subtask2_blindtest_wReadme/bengali/bengali_blind_wav/572669_Q8uSoeEYk9eI25Wn_0127.wav,/home/abdullahmm/Shivam/subtask2_blindtest_wReadme/bengali/bengali_blind_wav/572669_Q8uSoeEYk9eI25Wn_0127.wav,আমরা openmodelica উন্নয়ন দলকে তাদের সমর্থনের জন্য ধন্যবাদ জানাই ধন্যবাদ,6.03
/home/abdullahmm/Shivam/subtask2_blindtest_wReadme/bengali/bengali_blind_wav/625107_Uf7nVrxPdsr0JaR6_0000.wav,/home/abdullahmm/Shivam/subtask2_blindtest_wReadme/bengali/bengali_blind_wav/625107_Uf7nVrxPdsr0JaR6_0000.wav,blender টিউটোরিয়ালের শৃঙ্খলায় আপনাদের স্বাগত,3.0
/home/abdullahmm/Shivam/subtask2_blindtest_wReadme/bengali/bengali_blind_wav/625107_Uf7nVrxPdsr0JaR6_0001.wav,/home/abdullahmm/Shivam/subtask2_blindtest_wReadme/bengali/bengali_blind_wav/625107_Uf7nVrxPdsr0JaR6_0001.wav,এই টিউটোরিয়ালটি blender 2 . 59 এ 3 d space এ navigation সম্পর্কে,10.0
/home/abdullahmm/Shivam/subtask2_blindtest_wReadme/bengali/bengali_blind_wav/625107_Uf7nVrxPdsr0JaR6_0002.wav,/home/abdullahmm/Shivam/subtask2_blindtest_wReadme/bengali/bengali_blind_wav/625107_Uf7nVrxPdsr0JaR6_0002.wav,আমি কৌশিক দত্ত এই টিউটোরিয়ালটি অনুবাদ করেছি,9.0
/home/abdullahmm/Shivam/subtask2_blindtest_wReadme/bengali/bengali_blind_wav/625107_Uf7nVrxPdsr0JaR6_0003.wav,/home/abdullahmm/Shivam/subtask2_blindtest_wReadme/bengali/bengali_blind_wav/625107_Uf7nVrxPdsr0JaR6_0003.wav,এই টিউটোরিয়ালটি দেখার পরে আমরা blender ভিউপোর্টের মতো 3 d space এ pan rotate এবং zoom করা শিখব,12.0
/home/abdullahmm/Shivam/subtask2_blindtest_wReadme/bengali/bengali_blind_wav/625107_Uf7nVrxPdsr0JaR6_0004.wav,/home/abdullahmm/Shivam/subtask2_blindtest_wReadme/bengali/bengali_blind_wav/625107_Uf7nVrxPdsr0JaR6_0004.wav,আমি ধরে নিই আপনি আগে থেকেই system blender সংস্থাপন করতে জানেন,5.0
/home/abdullahmm/Shivam/subtask2_blindtest_wReadme/bengali/bengali_blind_wav/625107_Uf7nVrxPdsr0JaR6_0005.wav,/home/abdullahmm/Shivam/subtask2_blindtest_wReadme/bengali/bengali_blind_wav/625107_Uf7nVrxPdsr0JaR6_0005.wav,না হলে blender সংস্থাপন করার আমাদের আগের টিউটোরিয়ালটি পড়ুন,7.0
/home/abdullahmm/Shivam/subtask2_blindtest_wReadme/bengali/bengali_blind_wav/625107_Uf7nVrxPdsr0JaR6_0006.wav,/home/abdullahmm/Shivam/subtask2_blindtest_wReadme/bengali/bengali_blind_wav/625107_Uf7nVrxPdsr0JaR6_0006.wav,ব্লেন্ডারের navigation মাউসের ধরনের উপর অনেকটা নির্ভর করে আপনার কাছে,6.0
/home/abdullahmm/Shivam/subtask2_blindtest_wReadme/bengali/bengali_blind_wav/625107_Uf7nVrxPdsr0JaR6_0007.wav,/home/abdullahmm/Shivam/subtask2_blindtest_wReadme/bengali/bengali_blind_wav/625107_Uf7nVrxPdsr0JaR6_0007.wav,3 button mouse,2.0
/home/abdullahmm/Shivam/subtask2_blindtest_wReadme/bengali/bengali_blind_wav/625107_Uf7nVrxPdsr0JaR6_0008.wav,/home/abdullahmm/Shivam/subtask2_blindtest_wReadme/bengali/bengali_blind_wav/625107_Uf7nVrxPdsr0JaR6_0008.wav,বা হুইলের সাথে,2.0
/home/abdullahmm/Shivam/subtask2_blindtest_wReadme/bengali/bengali_blind_wav/625107_Uf7nVrxPdsr0JaR6_0009.wav,/home/abdullahmm/Shivam/subtask2_blindtest_wReadme/bengali/bengali_blind_wav/625107_Uf7nVrxPdsr0JaR6_0009.wav,2 button mouse আছে,5.0
/home/abdullahmm/Shivam/subtask2_blindtest_wReadme/bengali/bengali_blind_wav/625107_Uf7nVrxPdsr0JaR6_0010.wav,/home/abdullahmm/Shivam/subtask2_blindtest_wReadme/bengali/bengali_blind_wav/625107_Uf7nVrxPdsr0JaR6_0010.wav,আমি blender tutorials এই শৃঙ্খলার জন্য wheel এর সাথে 2 button mouse ব্যবহার করছি,8.0
/home/abdullahmm/Shivam/subtask2_blindtest_wReadme/bengali/bengali_blind_wav/625107_Uf7nVrxPdsr0JaR6_0011.wav,/home/abdullahmm/Shivam/subtask2_blindtest_wReadme/bengali/bengali_blind_wav/625107_Uf7nVrxPdsr0JaR6_0011.wav,প্রথম কাজ আমরা দেখব যে ভিউর ঘোরা,4.0
/home/abdullahmm/Shivam/subtask2_blindtest_wReadme/bengali/bengali_blind_wav/625107_Uf7nVrxPdsr0JaR6_0012.wav,/home/abdullahmm/Shivam/subtask2_blindtest_wReadme/bengali/bengali_blind_wav/625107_Uf7nVrxPdsr0JaR6_0012.wav,mouse এবং keyboard ব্যবহার করে এটি করার তিনটি উপায় আছে,5.0
/home/abdullahmm/Shivam/subtask2_blindtest_wReadme/bengali/bengali_blind_wav/625107_Uf7nVrxPdsr0JaR6_0013.wav,/home/abdullahmm/Shivam/subtask2_blindtest_wReadme/bengali/bengali_blind_wav/625107_Uf7nVrxPdsr0JaR6_0013.wav,প্রথমত আমরা mouse wheel বা স্ক্রোলের সাথে shift key ব্যবহার করব,5.0
/home/abdullahmm/Shivam/subtask2_blindtest_wReadme/bengali/bengali_blind_wav/625107_Uf7nVrxPdsr0JaR6_0014.wav,/home/abdullahmm/Shivam/subtask2_blindtest_wReadme/bengali/bengali_blind_wav/625107_Uf7nVrxPdsr0JaR6_0014.wav,shift key ধরে রাখুন mouse wheel নীচের দিকে টিপুন এবং mouse ঘোরান,14.0
/home/abdullahmm/Shivam/subtask2_blindtest_wReadme/bengali/bengali_blind_wav/625107_Uf7nVrxPdsr0JaR6_0015.wav,/home/abdullahmm/Shivam/subtask2_blindtest_wReadme/bengali/bengali_blind_wav/625107_Uf7nVrxPdsr0JaR6_0015.wav,দৃশ্য বাম থেকে ডান তাছাড়া উপর এবং নীচে মাউসের দিকে ঘোরে,7.0
/home/abdullahmm/Shivam/subtask2_blindtest_wReadme/bengali/bengali_blind_wav/625107_Uf7nVrxPdsr0JaR6_0016.wav,/home/abdullahmm/Shivam/subtask2_blindtest_wReadme/bengali/bengali_blind_wav/625107_Uf7nVrxPdsr0JaR6_0016.wav,এখন shift key ধরে রাখুন এবং mouse wheel উপর এবং নীচে scroll করুন,12.0
/home/abdullahmm/Shivam/subtask2_blindtest_wReadme/bengali/bengali_blind_wav/625107_Uf7nVrxPdsr0JaR6_0017.wav,/home/abdullahmm/Shivam/subtask2_blindtest_wReadme/bengali/bengali_blind_wav/625107_Uf7nVrxPdsr0JaR6_0017.wav,দৃশ্য উপর এবং নীচে ঘোরে the view ঘোরানোর দ্বিতীয় পদ্ধতি,6.0
/home/abdullahmm/Shivam/subtask2_blindtest_wReadme/bengali/bengali_blind_wav/625107_Uf7nVrxPdsr0JaR6_0018.wav,/home/abdullahmm/Shivam/subtask2_blindtest_wReadme/bengali/bengali_blind_wav/625107_Uf7nVrxPdsr0JaR6_0018.wav,shift key ধরে রাখুন এবং mouse wheel নীচের দিকে scroll করুন view উপরের দিকে ঘোরে,13.0
/home/abdullahmm/Shivam/subtask2_blindtest_wReadme/bengali/bengali_blind_wav/625107_Uf7nVrxPdsr0JaR6_0019.wav,/home/abdullahmm/Shivam/subtask2_blindtest_wReadme/bengali/bengali_blind_wav/625107_Uf7nVrxPdsr0JaR6_0019.wav,shift key ধরে রাখুন এবং mouse wheel উপরের দিকে scroll করুন view নীচের দিকে ঘোরে,14.0
/home/abdullahmm/Shivam/subtask2_blindtest_wReadme/bengali/bengali_blind_wav/625107_Uf7nVrxPdsr0JaR6_0020.wav,/home/abdullahmm/Shivam/subtask2_blindtest_wReadme/bengali/bengali_blind_wav/625107_Uf7nVrxPdsr0JaR6_0020.wav,view ঘোরানোর তৃতীয় এবং শেষ পদ্ধতি হল mouse wheel এর সাথে ctrl key ব্যবহার করা,7.0
/home/abdullahmm/Shivam/subtask2_blindtest_wReadme/bengali/bengali_blind_wav/625107_Uf7nVrxPdsr0JaR6_0021.wav,/home/abdullahmm/Shivam/subtask2_blindtest_wReadme/bengali/bengali_blind_wav/625107_Uf7nVrxPdsr0JaR6_0021.wav,ctrl key ধরে রাখুন এবং mouse wheel scroll করুন view বাম থেকে ডান এবং বিপরীতক্রমে ঘোরে,15.0
/home/abdullahmm/Shivam/subtask2_blindtest_wReadme/bengali/bengali_blind_wav/625107_Uf7nVrxPdsr0JaR6_0022.wav,/home/abdullahmm/Shivam/subtask2_blindtest_wReadme/bengali/bengali_blind_wav/625107_Uf7nVrxPdsr0JaR6_0022.wav,ctrl key ধরে রাখুন এবং mouse wheel উপরের দিকে scroll করুন view ডান দিকে ঘোরে,14.0
/home/abdullahmm/Shivam/subtask2_blindtest_wReadme/bengali/bengali_blind_wav/625107_Uf7nVrxPdsr0JaR6_0023.wav,/home/abdullahmm/Shivam/subtask2_blindtest_wReadme/bengali/bengali_blind_wav/625107_Uf7nVrxPdsr0JaR6_0023.wav,ctrl key ধরে রাখুন এবং mouse wheel নীচের দিকে scroll করুন view বাম দিকে ঘোরে,13.0
/home/abdullahmm/Shivam/subtask2_blindtest_wReadme/bengali/bengali_blind_wav/625107_Uf7nVrxPdsr0JaR6_0024.wav,/home/abdullahmm/Shivam/subtask2_blindtest_wReadme/bengali/bengali_blind_wav/625107_Uf7nVrxPdsr0JaR6_0024.wav,আপনি view ঘোরানোর জন্য আপনার num pad key ও ব্যবহার করতে পারেন,7.0
/home/abdullahmm/Shivam/subtask2_blindtest_wReadme/bengali/bengali_blind_wav/625107_Uf7nVrxPdsr0JaR6_0025.wav,/home/abdullahmm/Shivam/subtask2_blindtest_wReadme/bengali/bengali_blind_wav/625107_Uf7nVrxPdsr0JaR6_0025.wav,ctrl কী এবং numpad 2 ধরে রাখুন view উপরের দিকে ঘোরে,8.0
/home/abdullahmm/Shivam/subtask2_blindtest_wReadme/bengali/bengali_blind_wav/625107_Uf7nVrxPdsr0JaR6_0026.wav,/home/abdullahmm/Shivam/subtask2_blindtest_wReadme/bengali/bengali_blind_wav/625107_Uf7nVrxPdsr0JaR6_0026.wav,ctrl কী এবং numpad 8 ধরে রাখুন view নীচের দিকে ঘোরে,9.0
/home/abdullahmm/Shivam/subtask2_blindtest_wReadme/bengali/bengali_blind_wav/625107_Uf7nVrxPdsr0JaR6_0027.wav,/home/abdullahmm/Shivam/subtask2_blindtest_wReadme/bengali/bengali_blind_wav/625107_Uf7nVrxPdsr0JaR6_0027.wav,ctrl key এবং numpad 4 ধরে রাখুন view বাম দিকে ঘোরে,9.0
/home/abdullahmm/Shivam/subtask2_blindtest_wReadme/bengali/bengali_blind_wav/625107_Uf7nVrxPdsr0JaR6_0028.wav,/home/abdullahmm/Shivam/subtask2_blindtest_wReadme/bengali/bengali_blind_wav/625107_Uf7nVrxPdsr0JaR6_0028.wav,ctrl key এবং numpad 6 ধরে রাখুন view ডান দিকে ঘোরে,8.0
/home/abdullahmm/Shivam/subtask2_blindtest_wReadme/bengali/bengali_blind_wav/625107_Uf7nVrxPdsr0JaR6_0029.wav,/home/abdullahmm/Shivam/subtask2_blindtest_wReadme/bengali/bengali_blind_wav/625107_Uf7nVrxPdsr0JaR6_0029.wav,আপনি laptop ব্যবহার করে থাকলে আপনাকে numpad হিসাবে number কি অনুকরণ করতে হবে numpad অনুকরণ কিভাবে করে তা জানতে user প্রেফারেন্সেসের tutorial দেখুন,16.0
/home/abdullahmm/Shivam/subtask2_blindtest_wReadme/bengali/bengali_blind_wav/625107_Uf7nVrxPdsr0JaR6_0030.wav,/home/abdullahmm/Shivam/subtask2_blindtest_wReadme/bengali/bengali_blind_wav/625107_Uf7nVrxPdsr0JaR6_0030.wav,ঠিক আছে এখন পরবর্তী ক্রিয়ায় view rotate করা দেখব,5.0
/home/abdullahmm/Shivam/subtask2_blindtest_wReadme/bengali/bengali_blind_wav/625107_Uf7nVrxPdsr0JaR6_0031.wav,/home/abdullahmm/Shivam/subtask2_blindtest_wReadme/bengali/bengali_blind_wav/625107_Uf7nVrxPdsr0JaR6_0031.wav,আপনার mouse wheel টিপুন এবং বর্গাকার রূপে mouse ঘোরান,9.0
/home/abdullahmm/Shivam/subtask2_blindtest_wReadme/bengali/bengali_blind_wav/625107_Uf7nVrxPdsr0JaR6_0032.wav,/home/abdullahmm/Shivam/subtask2_blindtest_wReadme/bengali/bengali_blind_wav/625107_Uf7nVrxPdsr0JaR6_0032.wav,এটি turn table ঘূর্ণন দেয়,6.0
/home/abdullahmm/Shivam/subtask2_blindtest_wReadme/bengali/bengali_blind_wav/625107_Uf7nVrxPdsr0JaR6_0033.wav,/home/abdullahmm/Shivam/subtask2_blindtest_wReadme/bengali/bengali_blind_wav/625107_Uf7nVrxPdsr0JaR6_0033.wav,আপনি ঘুর্ণনের ক্রিয়ায় একটু অধিক নমনীয়তার জন্য blender rotation এর প্রকার track ball ব্যবহার করতে পারেন,10.0
/home/abdullahmm/Shivam/subtask2_blindtest_wReadme/bengali/bengali_blind_wav/625107_Uf7nVrxPdsr0JaR6_0034.wav,/home/abdullahmm/Shivam/subtask2_blindtest_wReadme/bengali/bengali_blind_wav/625107_Uf7nVrxPdsr0JaR6_0034.wav,এইজন্য আপনাকে user preferences উইন্ডোতে বিকল্প turn table থেকে track ball এ বদলানো দরকার,8.0
/home/abdullahmm/Shivam/subtask2_blindtest_wReadme/bengali/bengali_blind_wav/625107_Uf7nVrxPdsr0JaR6_0035.wav,/home/abdullahmm/Shivam/subtask2_blindtest_wReadme/bengali/bengali_blind_wav/625107_Uf7nVrxPdsr0JaR6_0035.wav,এটি কিভাবে করতে হবে তা শিখতে user প্রেফারেন্সেসের টিউটোরিয়ালটি দেখুন,8.0
/home/abdullahmm/Shivam/subtask2_blindtest_wReadme/bengali/bengali_blind_wav/625107_Uf7nVrxPdsr0JaR6_0036.wav,/home/abdullahmm/Shivam/subtask2_blindtest_wReadme/bengali/bengali_blind_wav/625107_Uf7nVrxPdsr0JaR6_0036.wav,view বাম থেকে ডানে বা উপরে,3.0
/home/abdullahmm/Shivam/subtask2_blindtest_wReadme/bengali/bengali_blind_wav/625107_Uf7nVrxPdsr0JaR6_0037.wav,/home/abdullahmm/Shivam/subtask2_blindtest_wReadme/bengali/bengali_blind_wav/625107_Uf7nVrxPdsr0JaR6_0037.wav,উপর এবং নীচে rotate করা যেতে পারে,5.0
/home/abdullahmm/Shivam/subtask2_blindtest_wReadme/bengali/bengali_blind_wav/625107_Uf7nVrxPdsr0JaR6_0038.wav,/home/abdullahmm/Shivam/subtask2_blindtest_wReadme/bengali/bengali_blind_wav/625107_Uf7nVrxPdsr0JaR6_0038.wav,এখন view বাম থেকে ডানে rotate করুন,6.0
/home/abdullahmm/Shivam/subtask2_blindtest_wReadme/bengali/bengali_blind_wav/625107_Uf7nVrxPdsr0JaR6_0039.wav,/home/abdullahmm/Shivam/subtask2_blindtest_wReadme/bengali/bengali_blind_wav/625107_Uf7nVrxPdsr0JaR6_0039.wav,ctrl alt ধরে রাখুন তাছাড়া mouse wheel উপর এবং নীচে scroll করুন view বাম থেকে ডানে এবং বিপরীতক্রমে rotate করে,16.0
/home/abdullahmm/Shivam/subtask2_blindtest_wReadme/bengali/bengali_blind_wav/625107_Uf7nVrxPdsr0JaR6_0040.wav,/home/abdullahmm/Shivam/subtask2_blindtest_wReadme/bengali/bengali_blind_wav/625107_Uf7nVrxPdsr0JaR6_0040.wav,ctrl alt ধরে রাখুন তাছাড়া mouse wheel উপরের দিকে scroll করুন view বামদিকে rotate করে,12.0
/home/abdullahmm/Shivam/subtask2_blindtest_wReadme/bengali/bengali_blind_wav/625107_Uf7nVrxPdsr0JaR6_0041.wav,/home/abdullahmm/Shivam/subtask2_blindtest_wReadme/bengali/bengali_blind_wav/625107_Uf7nVrxPdsr0JaR6_0041.wav,ctrl alt ধরে রাখুন তাছাড়া mouse wheel নীচের দিকে scroll করুন view ডানদিকে rotate করে,13.0
/home/abdullahmm/Shivam/subtask2_blindtest_wReadme/bengali/bengali_blind_wav/625107_Uf7nVrxPdsr0JaR6_0042.wav,/home/abdullahmm/Shivam/subtask2_blindtest_wReadme/bengali/bengali_blind_wav/625107_Uf7nVrxPdsr0JaR6_0042.wav,আপনি numpad এ shortcut key 4 এবং 6 ও ব্যবহার করতে পারেন,7.0
/home/abdullahmm/Shivam/subtask2_blindtest_wReadme/bengali/bengali_blind_wav/625107_Uf7nVrxPdsr0JaR6_0043.wav,/home/abdullahmm/Shivam/subtask2_blindtest_wReadme/bengali/bengali_blind_wav/625107_Uf7nVrxPdsr0JaR6_0043.wav,numpad 4এ টিপুন এটি ভিউকে বাম দিকে rotate করে,9.0
/home/abdullahmm/Shivam/subtask2_blindtest_wReadme/bengali/bengali_blind_wav/625107_Uf7nVrxPdsr0JaR6_0044.wav,/home/abdullahmm/Shivam/subtask2_blindtest_wReadme/bengali/bengali_blind_wav/625107_Uf7nVrxPdsr0JaR6_0044.wav,numpad 6এ টিপুন এটি ভিউকে ডান দিকে rotates করে,10.0
/home/abdullahmm/Shivam/subtask2_blindtest_wReadme/bengali/bengali_blind_wav/625107_Uf7nVrxPdsr0JaR6_0045.wav,/home/abdullahmm/Shivam/subtask2_blindtest_wReadme/bengali/bengali_blind_wav/625107_Uf7nVrxPdsr0JaR6_0045.wav,এখন আমরা view কে উপরে এবং নীচে rotate করি,4.0
/home/abdullahmm/Shivam/subtask2_blindtest_wReadme/bengali/bengali_blind_wav/625107_Uf7nVrxPdsr0JaR6_0046.wav,/home/abdullahmm/Shivam/subtask2_blindtest_wReadme/bengali/bengali_blind_wav/625107_Uf7nVrxPdsr0JaR6_0046.wav,shift alt ধরে রাখুন তাছাড়া mouse wheel উপর এবং নীচে scroll করুন view উপর এবং নীচে rotate হয়,15.0
/home/abdullahmm/Shivam/subtask2_blindtest_wReadme/bengali/bengali_blind_wav/625107_Uf7nVrxPdsr0JaR6_0047.wav,/home/abdullahmm/Shivam/subtask2_blindtest_wReadme/bengali/bengali_blind_wav/625107_Uf7nVrxPdsr0JaR6_0047.wav,shift alt ধরে রাখুন তাছাড়া mouse wheel উপরের দিকে scroll করুন view নীচের দিকে rotate হয়,13.0
/home/abdullahmm/Shivam/subtask2_blindtest_wReadme/bengali/bengali_blind_wav/625107_Uf7nVrxPdsr0JaR6_0048.wav,/home/abdullahmm/Shivam/subtask2_blindtest_wReadme/bengali/bengali_blind_wav/625107_Uf7nVrxPdsr0JaR6_0048.wav,shift alt ধরে রাখুন তাছাড়া mouse wheel নীচের দিকে scroll করুন view উপরের দিকে rotate হয়,12.0
/home/abdullahmm/Shivam/subtask2_blindtest_wReadme/bengali/bengali_blind_wav/625107_Uf7nVrxPdsr0JaR6_0049.wav,/home/abdullahmm/Shivam/subtask2_blindtest_wReadme/bengali/bengali_blind_wav/625107_Uf7nVrxPdsr0JaR6_0049.wav,আপনি numpad এ shortcut key 2 এবং 8 ও ব্যবহার করতে পারেন,6.0
/home/abdullahmm/Shivam/subtask2_blindtest_wReadme/bengali/bengali_blind_wav/625107_Uf7nVrxPdsr0JaR6_0050.wav,/home/abdullahmm/Shivam/subtask2_blindtest_wReadme/bengali/bengali_blind_wav/625107_Uf7nVrxPdsr0JaR6_0050.wav,numpad 2এ টিপুন এটি viewকে উপরের দিকে rotate করে,7.0
/home/abdullahmm/Shivam/subtask2_blindtest_wReadme/bengali/bengali_blind_wav/625107_Uf7nVrxPdsr0JaR6_0051.wav,/home/abdullahmm/Shivam/subtask2_blindtest_wReadme/bengali/bengali_blind_wav/625107_Uf7nVrxPdsr0JaR6_0051.wav,numpad 8 এ টিপুন এটি view কে নীচের দিকে rotate করে,9.0
/home/abdullahmm/Shivam/subtask2_blindtest_wReadme/bengali/bengali_blind_wav/625107_Uf7nVrxPdsr0JaR6_0052.wav,/home/abdullahmm/Shivam/subtask2_blindtest_wReadme/bengali/bengali_blind_wav/625107_Uf7nVrxPdsr0JaR6_0052.wav,শেষ কাজ view কে zoom করা,4.0
/home/abdullahmm/Shivam/subtask2_blindtest_wReadme/bengali/bengali_blind_wav/625107_Uf7nVrxPdsr0JaR6_0053.wav,/home/abdullahmm/Shivam/subtask2_blindtest_wReadme/bengali/bengali_blind_wav/625107_Uf7nVrxPdsr0JaR6_0053.wav,zoom in করার জন্য mouse wheel উপরের দিকে scroll করুন,7.0
/home/abdullahmm/Shivam/subtask2_blindtest_wReadme/bengali/bengali_blind_wav/625107_Uf7nVrxPdsr0JaR6_0054.wav,/home/abdullahmm/Shivam/subtask2_blindtest_wReadme/bengali/bengali_blind_wav/625107_Uf7nVrxPdsr0JaR6_0054.wav,zoom out করার জন্য mouse wheel নীচের দিকে scroll করুন সহজ তাই না,8.0
/home/abdullahmm/Shivam/subtask2_blindtest_wReadme/bengali/bengali_blind_wav/625107_Uf7nVrxPdsr0JaR6_0055.wav,/home/abdullahmm/Shivam/subtask2_blindtest_wReadme/bengali/bengali_blind_wav/625107_Uf7nVrxPdsr0JaR6_0055.wav,shortcut এর জন্য numpad এ + এবং - key ব্যবহার করুন,7.0
/home/abdullahmm/Shivam/subtask2_blindtest_wReadme/bengali/bengali_blind_wav/625107_Uf7nVrxPdsr0JaR6_0056.wav,/home/abdullahmm/Shivam/subtask2_blindtest_wReadme/bengali/bengali_blind_wav/625107_Uf7nVrxPdsr0JaR6_0056.wav,zoom ইনের জন্য numpad + টিপুন,6.0
/home/abdullahmm/Shivam/subtask2_blindtest_wReadme/bengali/bengali_blind_wav/625107_Uf7nVrxPdsr0JaR6_0057.wav,/home/abdullahmm/Shivam/subtask2_blindtest_wReadme/bengali/bengali_blind_wav/625107_Uf7nVrxPdsr0JaR6_0057.wav,zoom আউটের জন্য numpad - টিপুন,6.0
/home/abdullahmm/Shivam/subtask2_blindtest_wReadme/bengali/bengali_blind_wav/625107_Uf7nVrxPdsr0JaR6_0058.wav,/home/abdullahmm/Shivam/subtask2_blindtest_wReadme/bengali/bengali_blind_wav/625107_Uf7nVrxPdsr0JaR6_0058.wav,এর সাথেই blender ভিউপোর্টে 3 d space এ নেভিগেশনের উপর টিউটোরিয়ালটি শেষ করছি,8.0
/home/abdullahmm/Shivam/subtask2_blindtest_wReadme/bengali/bengali_blind_wav/625107_Uf7nVrxPdsr0JaR6_0059.wav,/home/abdullahmm/Shivam/subtask2_blindtest_wReadme/bengali/bengali_blind_wav/625107_Uf7nVrxPdsr0JaR6_0059.wav,এখন 3d view ঘোরানো rotate এবং zoom করার চেষ্টা করুন শুভকামনা,9.0
/home/abdullahmm/Shivam/subtask2_blindtest_wReadme/bengali/bengali_blind_wav/625107_Uf7nVrxPdsr0JaR6_0060.wav,/home/abdullahmm/Shivam/subtask2_blindtest_wReadme/bengali/bengali_blind_wav/625107_Uf7nVrxPdsr0JaR6_0060.wav,এই প্রকল্পটি ভারত সরকারের mhrd এর আইসিটির মাধ্যমে জাতীয় শিক্ষা mission দ্বারা সমর্থিত,10.0
/home/abdullahmm/Shivam/subtask2_blindtest_wReadme/bengali/bengali_blind_wav/625107_Uf7nVrxPdsr0JaR6_0062.wav,/home/abdullahmm/Shivam/subtask2_blindtest_wReadme/bengali/bengali_blind_wav/625107_Uf7nVrxPdsr0JaR6_0062.wav,কথ্য tutorial প্রকল্প,2.0
/home/abdullahmm/Shivam/subtask2_blindtest_wReadme/bengali/bengali_blind_wav/625107_Uf7nVrxPdsr0JaR6_0063.wav,/home/abdullahmm/Shivam/subtask2_blindtest_wReadme/bengali/bengali_blind_wav/625107_Uf7nVrxPdsr0JaR6_0063.wav,কথ্য tutorials ব্যবহার করে কর্মশালার আয়োজন করে,4.0
/home/abdullahmm/Shivam/subtask2_blindtest_wReadme/bengali/bengali_blind_wav/625107_Uf7nVrxPdsr0JaR6_0064.wav,/home/abdullahmm/Shivam/subtask2_blindtest_wReadme/bengali/bengali_blind_wav/625107_Uf7nVrxPdsr0JaR6_0064.wav,যারা online পরীক্ষা pass করে তাদের প্রশংসাপত্রও দেওয়া হয়,4.0
/home/abdullahmm/Shivam/subtask2_blindtest_wReadme/bengali/bengali_blind_wav/625107_Uf7nVrxPdsr0JaR6_0066.wav,/home/abdullahmm/Shivam/subtask2_blindtest_wReadme/bengali/bengali_blind_wav/625107_Uf7nVrxPdsr0JaR6_0066.wav,অংশগ্রহনের জন্য ধন্যবাদ,2.0
/home/abdullahmm/Shivam/subtask2_blindtest_wReadme/bengali/bengali_blind_wav/625107_Uf7nVrxPdsr0JaR6_0067.wav,/home/abdullahmm/Shivam/subtask2_blindtest_wReadme/bengali/bengali_blind_wav/625107_Uf7nVrxPdsr0JaR6_0067.wav,আমি কৌশিক দত্ত বিদায় নিচ্ছি,2.75
/home/abdullahmm/Shivam/subtask2_blindtest_wReadme/bengali/bengali_blind_wav/632464_qQ8HMNgWrwPb3Tqc_0000.wav,/home/abdullahmm/Shivam/subtask2_blindtest_wReadme/bengali/bengali_blind_wav/632464_qQ8HMNgWrwPb3Tqc_0000.wav,mozilla ফায়ারফক্সে advanced firefox বৈশিষ্ট্য এর টিউটোরিয়ালে আপনাদের স্বাগত,7.0
/home/abdullahmm/Shivam/subtask2_blindtest_wReadme/bengali/bengali_blind_wav/632464_qQ8HMNgWrwPb3Tqc_0001.wav,/home/abdullahmm/Shivam/subtask2_blindtest_wReadme/bengali/bengali_blind_wav/632464_qQ8HMNgWrwPb3Tqc_0001.wav,এখানে আমরা advanced firefox বৈশিষ্ট্য সম্পর্কে শিখব quick find link firefox sync plugins,11.0
/home/abdullahmm/Shivam/subtask2_blindtest_wReadme/bengali/bengali_blind_wav/632464_qQ8HMNgWrwPb3Tqc_0002.wav,/home/abdullahmm/Shivam/subtask2_blindtest_wReadme/bengali/bengali_blind_wav/632464_qQ8HMNgWrwPb3Tqc_0002.wav,এখানে আমরা firefox 7 . 0 ব্যবহার করছি যা ubuntu 10 . 04 এ উপলব্ধ,7.0
/home/abdullahmm/Shivam/subtask2_blindtest_wReadme/bengali/bengali_blind_wav/632464_qQ8HMNgWrwPb3Tqc_0003.wav,/home/abdullahmm/Shivam/subtask2_blindtest_wReadme/bengali/bengali_blind_wav/632464_qQ8HMNgWrwPb3Tqc_0003.wav,এখন firefox browser খুলুন,3.0
/home/abdullahmm/Shivam/subtask2_blindtest_wReadme/bengali/bengali_blind_wav/632464_qQ8HMNgWrwPb3Tqc_0004.wav,/home/abdullahmm/Shivam/subtask2_blindtest_wReadme/bengali/bengali_blind_wav/632464_qQ8HMNgWrwPb3Tqc_0004.wav,default রূপে yahoo home page খোলে,4.0
/home/abdullahmm/Shivam/subtask2_blindtest_wReadme/bengali/bengali_blind_wav/632464_qQ8HMNgWrwPb3Tqc_0005.wav,/home/abdullahmm/Shivam/subtask2_blindtest_wReadme/bengali/bengali_blind_wav/632464_qQ8HMNgWrwPb3Tqc_0005.wav,এখন ফায়ারফক্সে links খুঁজতে শিখি,4.0
/home/abdullahmm/Shivam/subtask2_blindtest_wReadme/bengali/bengali_blind_wav/632464_qQ8HMNgWrwPb3Tqc_0006.wav,/home/abdullahmm/Shivam/subtask2_blindtest_wReadme/bengali/bengali_blind_wav/632464_qQ8HMNgWrwPb3Tqc_0006.wav,firefox আপনাকে একটি search bar দেয় এবং web পৃষ্ঠায় link খোঁজে,6.0
/home/abdullahmm/Shivam/subtask2_blindtest_wReadme/bengali/bengali_blind_wav/632464_qQ8HMNgWrwPb3Tqc_0007.wav,/home/abdullahmm/Shivam/subtask2_blindtest_wReadme/bengali/bengali_blind_wav/632464_qQ8HMNgWrwPb3Tqc_0007.wav,address বারে লিখুন www . google . co . in enter টিপুন,8.0
/home/abdullahmm/Shivam/subtask2_blindtest_wReadme/bengali/bengali_blind_wav/632464_qQ8HMNgWrwPb3Tqc_0008.wav,/home/abdullahmm/Shivam/subtask2_blindtest_wReadme/bengali/bengali_blind_wav/632464_qQ8HMNgWrwPb3Tqc_0008.wav,লক্ষ্য করুন যে cursor এখন google search বারে রয়েছে,7.0
/home/abdullahmm/Shivam/subtask2_blindtest_wReadme/bengali/bengali_blind_wav/632464_qQ8HMNgWrwPb3Tqc_0009.wav,/home/abdullahmm/Shivam/subtask2_blindtest_wReadme/bengali/bengali_blind_wav/632464_qQ8HMNgWrwPb3Tqc_0009.wav,এরপর cursor search বারের বাইরে পৃষ্ঠার কোথাও একটি টিপুন,6.0
/home/abdullahmm/Shivam/subtask2_blindtest_wReadme/bengali/bengali_blind_wav/632464_qQ8HMNgWrwPb3Tqc_0010.wav,/home/abdullahmm/Shivam/subtask2_blindtest_wReadme/bengali/bengali_blind_wav/632464_qQ8HMNgWrwPb3Tqc_0010.wav,এখন keyboard এ apostrophe key টিপুন,5.0
/home/abdullahmm/Shivam/subtask2_blindtest_wReadme/bengali/bengali_blind_wav/632464_qQ8HMNgWrwPb3Tqc_0011.wav,/home/abdullahmm/Shivam/subtask2_blindtest_wReadme/bengali/bengali_blind_wav/632464_qQ8HMNgWrwPb3Tqc_0011.wav,উইন্ডোতে নীচে বাম কোণায় quick find links search বাক্সে প্রদর্শিত হয়,7.0
/home/abdullahmm/Shivam/subtask2_blindtest_wReadme/bengali/bengali_blind_wav/632464_qQ8HMNgWrwPb3Tqc_0012.wav,/home/abdullahmm/Shivam/subtask2_blindtest_wReadme/bengali/bengali_blind_wav/632464_qQ8HMNgWrwPb3Tqc_0012.wav,এই বাক্সে লিখুন bengali লক্ষ্য করুন যে bengali link লক্ষনীয় হয়,9.0
/home/abdullahmm/Shivam/subtask2_blindtest_wReadme/bengali/bengali_blind_wav/632464_qQ8HMNgWrwPb3Tqc_0013.wav,/home/abdullahmm/Shivam/subtask2_blindtest_wReadme/bengali/bengali_blind_wav/632464_qQ8HMNgWrwPb3Tqc_0013.wav,আপনি web পৃষ্ঠায় লিঙ্কের জন্য দ্রুত এবং সহজে অনুসন্ধান করতে পারেন,6.0
/home/abdullahmm/Shivam/subtask2_blindtest_wReadme/bengali/bengali_blind_wav/632464_qQ8HMNgWrwPb3Tqc_0014.wav,/home/abdullahmm/Shivam/subtask2_blindtest_wReadme/bengali/bengali_blind_wav/632464_qQ8HMNgWrwPb3Tqc_0014.wav,ধরুন আপনি অন্য কোনো computer বা mobile phone এর মত device থেকে আপনার setting এবং প্রেফারেন্সেসের সাথে browser access করতে চান এটা কি সম্ভব,12.0
/home/abdullahmm/Shivam/subtask2_blindtest_wReadme/bengali/bengali_blind_wav/632464_qQ8HMNgWrwPb3Tqc_0015.wav,/home/abdullahmm/Shivam/subtask2_blindtest_wReadme/bengali/bengali_blind_wav/632464_qQ8HMNgWrwPb3Tqc_0015.wav,হ্যাঁ firefox sync features mozilla সার্ভারে bookmarks history এবং installed এক্সটেনশনের মতো আপনার সকল browser তথ্য সঞ্চিত করে,12.0
/home/abdullahmm/Shivam/subtask2_blindtest_wReadme/bengali/bengali_blind_wav/632464_qQ8HMNgWrwPb3Tqc_0016.wav,/home/abdullahmm/Shivam/subtask2_blindtest_wReadme/bengali/bengali_blind_wav/632464_qQ8HMNgWrwPb3Tqc_0016.wav,এই server সাথে আপনি কম্পিউটারের sync করতে পারেন এবং আপনার browser তথ্য access করতে পারেন,7.0
/home/abdullahmm/Shivam/subtask2_blindtest_wReadme/bengali/bengali_blind_wav/632464_qQ8HMNgWrwPb3Tqc_0017.wav,/home/abdullahmm/Shivam/subtask2_blindtest_wReadme/bengali/bengali_blind_wav/632464_qQ8HMNgWrwPb3Tqc_0017.wav,এখন sync features সক্রিয় করি,4.0
/home/abdullahmm/Shivam/subtask2_blindtest_wReadme/bengali/bengali_blind_wav/632464_qQ8HMNgWrwPb3Tqc_0018.wav,/home/abdullahmm/Shivam/subtask2_blindtest_wReadme/bengali/bengali_blind_wav/632464_qQ8HMNgWrwPb3Tqc_0018.wav,menu bar থেকে tools এবং setup sync এ টিপুন firefox sync setup dialog box প্রদর্শিত হয়,9.0
/home/abdullahmm/Shivam/subtask2_blindtest_wReadme/bengali/bengali_blind_wav/632464_qQ8HMNgWrwPb3Tqc_0019.wav,/home/abdullahmm/Shivam/subtask2_blindtest_wReadme/bengali/bengali_blind_wav/632464_qQ8HMNgWrwPb3Tqc_0019.wav,যেহেতু আমরা sync প্রথমবার ব্যবহার করছি create a new একাউন্টে টিপুন,6.0
/home/abdullahmm/Shivam/subtask2_blindtest_wReadme/bengali/bengali_blind_wav/632464_qQ8HMNgWrwPb3Tqc_0020.wav,/home/abdullahmm/Shivam/subtask2_blindtest_wReadme/bengali/bengali_blind_wav/632464_qQ8HMNgWrwPb3Tqc_0020.wav,account details dialog box ও প্রদর্শিত হয়,3.0
/home/abdullahmm/Shivam/subtask2_blindtest_wReadme/bengali/bengali_blind_wav/632464_qQ8HMNgWrwPb3Tqc_0021.wav,/home/abdullahmm/Shivam/subtask2_blindtest_wReadme/bengali/bengali_blind_wav/632464_qQ8HMNgWrwPb3Tqc_0021.wav,এই টিউটোরিয়ালের উদ্দেশ্যে আমরা ইতিমধ্যে একটি gmail account বানিয়েছি,6.0
/home/abdullahmm/Shivam/subtask2_blindtest_wReadme/bengali/bengali_blind_wav/632464_qQ8HMNgWrwPb3Tqc_0023.wav,/home/abdullahmm/Shivam/subtask2_blindtest_wReadme/bengali/bengali_blind_wav/632464_qQ8HMNgWrwPb3Tqc_0023.wav,choose a password ক্ষেত্রে password লিখুন,5.0
/home/abdullahmm/Shivam/subtask2_blindtest_wReadme/bengali/bengali_blind_wav/632464_qQ8HMNgWrwPb3Tqc_0024.wav,/home/abdullahmm/Shivam/subtask2_blindtest_wReadme/bengali/bengali_blind_wav/632464_qQ8HMNgWrwPb3Tqc_0024.wav,confirm password ক্ষেত্রে আবার password লিখুন,5.0
/home/abdullahmm/Shivam/subtask2_blindtest_wReadme/bengali/bengali_blind_wav/632464_qQ8HMNgWrwPb3Tqc_0025.wav,/home/abdullahmm/Shivam/subtask2_blindtest_wReadme/bengali/bengali_blind_wav/632464_qQ8HMNgWrwPb3Tqc_0025.wav,default রূপে server firefox sync server নির্বাচিত হয়,6.0
/home/abdullahmm/Shivam/subtask2_blindtest_wReadme/bengali/bengali_blind_wav/632464_qQ8HMNgWrwPb3Tqc_0026.wav,/home/abdullahmm/Shivam/subtask2_blindtest_wReadme/bengali/bengali_blind_wav/632464_qQ8HMNgWrwPb3Tqc_0026.wav,আমরা settings পরিবর্তন করব না terms of service এবং privacy policy box যাচাই করুন next টিপুন,10.0
/home/abdullahmm/Shivam/subtask2_blindtest_wReadme/bengali/bengali_blind_wav/632464_qQ8HMNgWrwPb3Tqc_0027.wav,/home/abdullahmm/Shivam/subtask2_blindtest_wReadme/bengali/bengali_blind_wav/632464_qQ8HMNgWrwPb3Tqc_0027.wav,key প্রদর্শিত হয়,3.0
/home/abdullahmm/Shivam/subtask2_blindtest_wReadme/bengali/bengali_blind_wav/632464_qQ8HMNgWrwPb3Tqc_0028.wav,/home/abdullahmm/Shivam/subtask2_blindtest_wReadme/bengali/bengali_blind_wav/632464_qQ8HMNgWrwPb3Tqc_0028.wav,এটি সেই key যা এই machine থেকে আপনার sync access করতে আপনার systemএ আপনার লেখা জরুরি,7.0
/home/abdullahmm/Shivam/subtask2_blindtest_wReadme/bengali/bengali_blind_wav/632464_qQ8HMNgWrwPb3Tqc_0029.wav,/home/abdullahmm/Shivam/subtask2_blindtest_wReadme/bengali/bengali_blind_wav/632464_qQ8HMNgWrwPb3Tqc_0029.wav,save বোতামে টিপুন প্রদর্শিত save sync key dialog box এ,6.0
/home/abdullahmm/Shivam/subtask2_blindtest_wReadme/bengali/bengali_blind_wav/632464_qQ8HMNgWrwPb3Tqc_0030.wav,/home/abdullahmm/Shivam/subtask2_blindtest_wReadme/bengali/bengali_blind_wav/632464_qQ8HMNgWrwPb3Tqc_0030.wav,ডেস্কটপে browse করুন save এ টিপুন,4.0
/home/abdullahmm/Shivam/subtask2_blindtest_wReadme/bengali/bengali_blind_wav/632464_qQ8HMNgWrwPb3Tqc_0031.wav,/home/abdullahmm/Shivam/subtask2_blindtest_wReadme/bengali/bengali_blind_wav/632464_qQ8HMNgWrwPb3Tqc_0031.wav,firefox sync key . html ফাইলটি ডেস্কটপে html file হিসেবে সংরক্ষিত হয়,7.0
/home/abdullahmm/Shivam/subtask2_blindtest_wReadme/bengali/bengali_blind_wav/632464_qQ8HMNgWrwPb3Tqc_0032.wav,/home/abdullahmm/Shivam/subtask2_blindtest_wReadme/bengali/bengali_blind_wav/632464_qQ8HMNgWrwPb3Tqc_0032.wav,এই key note করুন এবং number সংরক্ষণ করুন যেখান থেকে আপনি সহজে পেতে পারেন,6.0
/home/abdullahmm/Shivam/subtask2_blindtest_wReadme/bengali/bengali_blind_wav/632464_qQ8HMNgWrwPb3Tqc_0033.wav,/home/abdullahmm/Shivam/subtask2_blindtest_wReadme/bengali/bengali_blind_wav/632464_qQ8HMNgWrwPb3Tqc_0033.wav,আপনি এই key না লেখা ছাড়া অন্য computer থেকে আপনার sync account access করতে সক্ষম হবেন না,7.0
/home/abdullahmm/Shivam/subtask2_blindtest_wReadme/bengali/bengali_blind_wav/632464_qQ8HMNgWrwPb3Tqc_0034.wav,/home/abdullahmm/Shivam/subtask2_blindtest_wReadme/bengali/bengali_blind_wav/632464_qQ8HMNgWrwPb3Tqc_0034.wav,nextএ টিপুন confirm you are not a robot dialog বাক্সে,5.0
/home/abdullahmm/Shivam/subtask2_blindtest_wReadme/bengali/bengali_blind_wav/632464_qQ8HMNgWrwPb3Tqc_0035.wav,/home/abdullahmm/Shivam/subtask2_blindtest_wReadme/bengali/bengali_blind_wav/632464_qQ8HMNgWrwPb3Tqc_0035.wav,প্রদর্শিত শব্দ লিখুন setup সম্পূর্ণ হয়েছে,6.0
/home/abdullahmm/Shivam/subtask2_blindtest_wReadme/bengali/bengali_blind_wav/632464_qQ8HMNgWrwPb3Tqc_0036.wav,/home/abdullahmm/Shivam/subtask2_blindtest_wReadme/bengali/bengali_blind_wav/632464_qQ8HMNgWrwPb3Tqc_0036.wav,sync options বোতামে টিপুন firefox sync setup dialog বক্সের বামদিকে,7.0
/home/abdullahmm/Shivam/subtask2_blindtest_wReadme/bengali/bengali_blind_wav/632464_qQ8HMNgWrwPb3Tqc_0037.wav,/home/abdullahmm/Shivam/subtask2_blindtest_wReadme/bengali/bengali_blind_wav/632464_qQ8HMNgWrwPb3Tqc_0037.wav,এখানে sync options set করতে পারেন,3.0
/home/abdullahmm/Shivam/subtask2_blindtest_wReadme/bengali/bengali_blind_wav/632464_qQ8HMNgWrwPb3Tqc_0038.wav,/home/abdullahmm/Shivam/subtask2_blindtest_wReadme/bengali/bengali_blind_wav/632464_qQ8HMNgWrwPb3Tqc_0038.wav,এই টিউটোরিয়ালের উদ্দেশ্যে আমরা default বিকল্প পরিবর্তন করব না ডানে টিপুন,8.0
/home/abdullahmm/Shivam/subtask2_blindtest_wReadme/bengali/bengali_blind_wav/632464_qQ8HMNgWrwPb3Tqc_0039.wav,/home/abdullahmm/Shivam/subtask2_blindtest_wReadme/bengali/bengali_blind_wav/632464_qQ8HMNgWrwPb3Tqc_0039.wav,nextএ টিপুন firefox বিষয়বস্তু যাচাই করে এরপর finish বোতাম প্রদর্শিত হয় ফিনিশে টিপুন,8.0
/home/abdullahmm/Shivam/subtask2_blindtest_wReadme/bengali/bengali_blind_wav/632464_qQ8HMNgWrwPb3Tqc_0040.wav,/home/abdullahmm/Shivam/subtask2_blindtest_wReadme/bengali/bengali_blind_wav/632464_qQ8HMNgWrwPb3Tqc_0040.wav,আপনি আপনার কম্পিউটারে ফায়ারফক্স setup করেছেন,4.0
/home/abdullahmm/Shivam/subtask2_blindtest_wReadme/bengali/bengali_blind_wav/632464_qQ8HMNgWrwPb3Tqc_0041.wav,/home/abdullahmm/Shivam/subtask2_blindtest_wReadme/bengali/bengali_blind_wav/632464_qQ8HMNgWrwPb3Tqc_0041.wav,এবং এখন অন্য computer থেকে browser তথ্য কিভাবে access করবেন,6.0
/home/abdullahmm/Shivam/subtask2_blindtest_wReadme/bengali/bengali_blind_wav/632464_qQ8HMNgWrwPb3Tqc_0042.wav,/home/abdullahmm/Shivam/subtask2_blindtest_wReadme/bengali/bengali_blind_wav/632464_qQ8HMNgWrwPb3Tqc_0042.wav,আপনার অন্য computer বা device টুলে sync এর প্রয়োজন,5.0
/home/abdullahmm/Shivam/subtask2_blindtest_wReadme/bengali/bengali_blind_wav/632464_qQ8HMNgWrwPb3Tqc_0043.wav,/home/abdullahmm/Shivam/subtask2_blindtest_wReadme/bengali/bengali_blind_wav/632464_qQ8HMNgWrwPb3Tqc_0043.wav,এই tutorial উদ্দেশ্যে আমরা স্লাইডে নির্দেশাবলী সূচীবদ্ধ করব,6.0
/home/abdullahmm/Shivam/subtask2_blindtest_wReadme/bengali/bengali_blind_wav/632464_qQ8HMNgWrwPb3Tqc_0044.wav,/home/abdullahmm/Shivam/subtask2_blindtest_wReadme/bengali/bengali_blind_wav/632464_qQ8HMNgWrwPb3Tqc_0044.wav,আপনি অন্যান্য computer বা ডিভাইসে sync করতে এই নির্দেশাবলী অনুসরণ করতে পারেন,6.0
/home/abdullahmm/Shivam/subtask2_blindtest_wReadme/bengali/bengali_blind_wav/632464_qQ8HMNgWrwPb3Tqc_0045.wav,/home/abdullahmm/Shivam/subtask2_blindtest_wReadme/bengali/bengali_blind_wav/632464_qQ8HMNgWrwPb3Tqc_0045.wav,অন্য computer বা ডিভাইসে firefox browser খুলুন,5.0
/home/abdullahmm/Shivam/subtask2_blindtest_wReadme/bengali/bengali_blind_wav/632464_qQ8HMNgWrwPb3Tqc_0046.wav,/home/abdullahmm/Shivam/subtask2_blindtest_wReadme/bengali/bengali_blind_wav/632464_qQ8HMNgWrwPb3Tqc_0046.wav,menu bar থেকে tools এবং setup firefox সিঙ্কে টিপুন,6.0
/home/abdullahmm/Shivam/subtask2_blindtest_wReadme/bengali/bengali_blind_wav/632464_qQ8HMNgWrwPb3Tqc_0047.wav,/home/abdullahmm/Shivam/subtask2_blindtest_wReadme/bengali/bengali_blind_wav/632464_qQ8HMNgWrwPb3Tqc_0047.wav,i have a firefox sync একাউন্টে টিপুন আপনার email id এবং password লিখুন,7.0
/home/abdullahmm/Shivam/subtask2_blindtest_wReadme/bengali/bengali_blind_wav/632464_qQ8HMNgWrwPb3Tqc_0048.wav,/home/abdullahmm/Shivam/subtask2_blindtest_wReadme/bengali/bengali_blind_wav/632464_qQ8HMNgWrwPb3Tqc_0048.wav,আপনার sync key প্রবিষ্ট করুন finish টিপুন,5.0
/home/abdullahmm/Shivam/subtask2_blindtest_wReadme/bengali/bengali_blind_wav/632464_qQ8HMNgWrwPb3Tqc_0049.wav,/home/abdullahmm/Shivam/subtask2_blindtest_wReadme/bengali/bengali_blind_wav/632464_qQ8HMNgWrwPb3Tqc_0049.wav,অন্য computer ও sync হয় আপনি অন্য computer tools থেকে browser তথ্য access করতে পারেন,8.0
/home/abdullahmm/Shivam/subtask2_blindtest_wReadme/bengali/bengali_blind_wav/632464_qQ8HMNgWrwPb3Tqc_0050.wav,/home/abdullahmm/Shivam/subtask2_blindtest_wReadme/bengali/bengali_blind_wav/632464_qQ8HMNgWrwPb3Tqc_0050.wav,আপনি নতুন bookmark সংরক্ষণ করে আপনার preferences বদলাতে পারেন,5.0
/home/abdullahmm/Shivam/subtask2_blindtest_wReadme/bengali/bengali_blind_wav/632464_qQ8HMNgWrwPb3Tqc_0051.wav,/home/abdullahmm/Shivam/subtask2_blindtest_wReadme/bengali/bengali_blind_wav/632464_qQ8HMNgWrwPb3Tqc_0051.wav,এই পরিবর্তন স্বয়ংই sync manager এ update হয়ে যাবে,6.0
/home/abdullahmm/Shivam/subtask2_blindtest_wReadme/bengali/bengali_blind_wav/632464_qQ8HMNgWrwPb3Tqc_0052.wav,/home/abdullahmm/Shivam/subtask2_blindtest_wReadme/bengali/bengali_blind_wav/632464_qQ8HMNgWrwPb3Tqc_0052.wav,অবশেষে শিখি যে sync manager এ update করা তথ্য দিয়ে একটি মূল computer sync কিভাবে করে,8.0
/home/abdullahmm/Shivam/subtask2_blindtest_wReadme/bengali/bengali_blind_wav/632464_qQ8HMNgWrwPb3Tqc_0053.wav,/home/abdullahmm/Shivam/subtask2_blindtest_wReadme/bengali/bengali_blind_wav/632464_qQ8HMNgWrwPb3Tqc_0053.wav,এখন menu bar থেকে tools এ টিপুন,4.0
/home/abdullahmm/Shivam/subtask2_blindtest_wReadme/bengali/bengali_blind_wav/632464_qQ8HMNgWrwPb3Tqc_0054.wav,/home/abdullahmm/Shivam/subtask2_blindtest_wReadme/bengali/bengali_blind_wav/632464_qQ8HMNgWrwPb3Tqc_0054.wav,লক্ষ্য করুন যে sync option এখন sync now হিসেবে প্রদর্শিত হয়,5.0
/home/abdullahmm/Shivam/subtask2_blindtest_wReadme/bengali/bengali_blind_wav/632464_qQ8HMNgWrwPb3Tqc_0055.wav,/home/abdullahmm/Shivam/subtask2_blindtest_wReadme/bengali/bengali_blind_wav/632464_qQ8HMNgWrwPb3Tqc_0055.wav,sync manager এর সাথে তথ্য sync করতে এটিতে টিপুন,4.0
/home/abdullahmm/Shivam/subtask2_blindtest_wReadme/bengali/bengali_blind_wav/632464_qQ8HMNgWrwPb3Tqc_0056.wav,/home/abdullahmm/Shivam/subtask2_blindtest_wReadme/bengali/bengali_blind_wav/632464_qQ8HMNgWrwPb3Tqc_0056.wav,আপনি আপনার firefox sync account মুছে ফেলা বা sync data সরানোও চাইতে পারেন,7.0
/home/abdullahmm/Shivam/subtask2_blindtest_wReadme/bengali/bengali_blind_wav/632464_qQ8HMNgWrwPb3Tqc_0057.wav,/home/abdullahmm/Shivam/subtask2_blindtest_wReadme/bengali/bengali_blind_wav/632464_qQ8HMNgWrwPb3Tqc_0057.wav,আপনি এটি কিভাবে করবেন এটি অত্যন্ত সহজ,4.0
/home/abdullahmm/Shivam/subtask2_blindtest_wReadme/bengali/bengali_blind_wav/632464_qQ8HMNgWrwPb3Tqc_0058.wav,/home/abdullahmm/Shivam/subtask2_blindtest_wReadme/bengali/bengali_blind_wav/632464_qQ8HMNgWrwPb3Tqc_0058.wav,নতুন browser খুলুন address বারে লিখুন https : double / account . services . mozilla . com enter টিপুন,15.0
/home/abdullahmm/Shivam/subtask2_blindtest_wReadme/bengali/bengali_blind_wav/632464_qQ8HMNgWrwPb3Tqc_0060.wav,/home/abdullahmm/Shivam/subtask2_blindtest_wReadme/bengali/bengali_blind_wav/632464_qQ8HMNgWrwPb3Tqc_0060.wav,এখন password লিখুন login এ টিপুন,5.0
/home/abdullahmm/Shivam/subtask2_blindtest_wReadme/bengali/bengali_blind_wav/632464_qQ8HMNgWrwPb3Tqc_0061.wav,/home/abdullahmm/Shivam/subtask2_blindtest_wReadme/bengali/bengali_blind_wav/632464_qQ8HMNgWrwPb3Tqc_0061.wav,firefox sync web page খোলে,3.0
/home/abdullahmm/Shivam/subtask2_blindtest_wReadme/bengali/bengali_blind_wav/632464_qQ8HMNgWrwPb3Tqc_0062.wav,/home/abdullahmm/Shivam/subtask2_blindtest_wReadme/bengali/bengali_blind_wav/632464_qQ8HMNgWrwPb3Tqc_0062.wav,আপনি firefox setting এবং তথ্য পরিবর্তন করতে পারেন,4.0
/home/abdullahmm/Shivam/subtask2_blindtest_wReadme/bengali/bengali_blind_wav/632464_qQ8HMNgWrwPb3Tqc_0063.wav,/home/abdullahmm/Shivam/subtask2_blindtest_wReadme/bengali/bengali_blind_wav/632464_qQ8HMNgWrwPb3Tqc_0063.wav,এখন এই পৃষ্ঠা log out করি,3.0
/home/abdullahmm/Shivam/subtask2_blindtest_wReadme/bengali/bengali_blind_wav/632464_qQ8HMNgWrwPb3Tqc_0064.wav,/home/abdullahmm/Shivam/subtask2_blindtest_wReadme/bengali/bengali_blind_wav/632464_qQ8HMNgWrwPb3Tqc_0064.wav,এখন plugins সম্পর্কে শিখি plugins কি,6.0
/home/abdullahmm/Shivam/subtask2_blindtest_wReadme/bengali/bengali_blind_wav/632464_qQ8HMNgWrwPb3Tqc_0065.wav,/home/abdullahmm/Shivam/subtask2_blindtest_wReadme/bengali/bengali_blind_wav/632464_qQ8HMNgWrwPb3Tqc_0065.wav,plugin একটি software program যা firefox ব্রাউজারে নির্দিষ্ট বৈশিষ্ট্য যুক্ত করে,8.0
/home/abdullahmm/Shivam/subtask2_blindtest_wReadme/bengali/bengali_blind_wav/632464_qQ8HMNgWrwPb3Tqc_0066.wav,/home/abdullahmm/Shivam/subtask2_blindtest_wReadme/bengali/bengali_blind_wav/632464_qQ8HMNgWrwPb3Tqc_0066.wav,যদিও plugins extensions থেকে ভিন্ন,3.0
/home/abdullahmm/Shivam/subtask2_blindtest_wReadme/bengali/bengali_blind_wav/632464_qQ8HMNgWrwPb3Tqc_0067.wav,/home/abdullahmm/Shivam/subtask2_blindtest_wReadme/bengali/bengali_blind_wav/632464_qQ8HMNgWrwPb3Tqc_0067.wav,plugins হল অন্যান্য কোম্পানির দ্বারা নির্মিত program,4.0
/home/abdullahmm/Shivam/subtask2_blindtest_wReadme/bengali/bengali_blind_wav/632464_qQ8HMNgWrwPb3Tqc_0068.wav,/home/abdullahmm/Shivam/subtask2_blindtest_wReadme/bengali/bengali_blind_wav/632464_qQ8HMNgWrwPb3Tqc_0068.wav,plugins firefox ব্রাউজারে অন্য পক্ষের program সমাহিত করে,6.0
/home/abdullahmm/Shivam/subtask2_blindtest_wReadme/bengali/bengali_blind_wav/632464_qQ8HMNgWrwPb3Tqc_0069.wav,/home/abdullahmm/Shivam/subtask2_blindtest_wReadme/bengali/bengali_blind_wav/632464_qQ8HMNgWrwPb3Tqc_0069.wav,plugins আপনাকে video চালানো multi media content দেখা virus scan সঞ্চালন এবং animation run করার অনুমতি দেয়,11.0
/home/abdullahmm/Shivam/subtask2_blindtest_wReadme/bengali/bengali_blind_wav/632464_qQ8HMNgWrwPb3Tqc_0070.wav,/home/abdullahmm/Shivam/subtask2_blindtest_wReadme/bengali/bengali_blind_wav/632464_qQ8HMNgWrwPb3Tqc_0070.wav,উদাহরণস্বরূপ flash একটি plugin যা video দেখতে firefox ব্রাউজারে সংস্থাপিত করেছেন,7.0
/home/abdullahmm/Shivam/subtask2_blindtest_wReadme/bengali/bengali_blind_wav/632464_qQ8HMNgWrwPb3Tqc_0071.wav,/home/abdullahmm/Shivam/subtask2_blindtest_wReadme/bengali/bengali_blind_wav/632464_qQ8HMNgWrwPb3Tqc_0071.wav,এখন plugins দেখি যা ফায়ারফক্সে সংস্থাপিত আছে,5.0
/home/abdullahmm/Shivam/subtask2_blindtest_wReadme/bengali/bengali_blind_wav/632464_qQ8HMNgWrwPb3Tqc_0072.wav,/home/abdullahmm/Shivam/subtask2_blindtest_wReadme/bengali/bengali_blind_wav/632464_qQ8HMNgWrwPb3Tqc_0072.wav,menu bar থেকে tools এবং addons এ টিপুন,5.0
/home/abdullahmm/Shivam/subtask2_blindtest_wReadme/bengali/bengali_blind_wav/632464_qQ8HMNgWrwPb3Tqc_0073.wav,/home/abdullahmm/Shivam/subtask2_blindtest_wReadme/bengali/bengali_blind_wav/632464_qQ8HMNgWrwPb3Tqc_0073.wav,addons manager tab খোলে বাম panel থেকে plugins এ টিপুন,7.0
/home/abdullahmm/Shivam/subtask2_blindtest_wReadme/bengali/bengali_blind_wav/632464_qQ8HMNgWrwPb3Tqc_0074.wav,/home/abdullahmm/Shivam/subtask2_blindtest_wReadme/bengali/bengali_blind_wav/632464_qQ8HMNgWrwPb3Tqc_0074.wav,এখন ডান panel কম্পিউটারে সংস্থাপিত হওয়া plugins প্রদর্শন করে,5.0
/home/abdullahmm/Shivam/subtask2_blindtest_wReadme/bengali/bengali_blind_wav/632464_qQ8HMNgWrwPb3Tqc_0075.wav,/home/abdullahmm/Shivam/subtask2_blindtest_wReadme/bengali/bengali_blind_wav/632464_qQ8HMNgWrwPb3Tqc_0075.wav,plugins কিভাবে সংস্থাপিত করে,3.0
/home/abdullahmm/Shivam/subtask2_blindtest_wReadme/bengali/bengali_blind_wav/632464_qQ8HMNgWrwPb3Tqc_0076.wav,/home/abdullahmm/Shivam/subtask2_blindtest_wReadme/bengali/bengali_blind_wav/632464_qQ8HMNgWrwPb3Tqc_0076.wav,প্রতিটি plugins প্রাসঙ্গিক website থেকে download করে তারপর কম্পিউটারে সংস্থাপিত করুন,8.0
/home/abdullahmm/Shivam/subtask2_blindtest_wReadme/bengali/bengali_blind_wav/632464_qQ8HMNgWrwPb3Tqc_0077.wav,/home/abdullahmm/Shivam/subtask2_blindtest_wReadme/bengali/bengali_blind_wav/632464_qQ8HMNgWrwPb3Tqc_0077.wav,প্রত্যেক plugins এর জন্য ভিন্ন সংস্থাপন প্রক্রিয়া হতে পারে,4.0
/home/abdullahmm/Shivam/subtask2_blindtest_wReadme/bengali/bengali_blind_wav/632464_qQ8HMNgWrwPb3Tqc_0078.wav,/home/abdullahmm/Shivam/subtask2_blindtest_wReadme/bengali/bengali_blind_wav/632464_qQ8HMNgWrwPb3Tqc_0078.wav,mozilla ফায়ারফক্সের জন্য উপলব্ধ plugins এবং তা সংস্থাপনের নির্দেশাবলী সম্পর্কে আরো জানতে দয়া করে mozilla ওয়েবসাইটে যান,11.0
/home/abdullahmm/Shivam/subtask2_blindtest_wReadme/bengali/bengali_blind_wav/632464_qQ8HMNgWrwPb3Tqc_0079.wav,/home/abdullahmm/Shivam/subtask2_blindtest_wReadme/bengali/bengali_blind_wav/632464_qQ8HMNgWrwPb3Tqc_0079.wav,এখন এই browser বন্ধ করুন,3.0
/home/abdullahmm/Shivam/subtask2_blindtest_wReadme/bengali/bengali_blind_wav/632464_qQ8HMNgWrwPb3Tqc_0080.wav,/home/abdullahmm/Shivam/subtask2_blindtest_wReadme/bengali/bengali_blind_wav/632464_qQ8HMNgWrwPb3Tqc_0080.wav,plugins অক্ষম করতে কেবল disable বোতামে টিপুন,5.0
/home/abdullahmm/Shivam/subtask2_blindtest_wReadme/bengali/bengali_blind_wav/632464_qQ8HMNgWrwPb3Tqc_0081.wav,/home/abdullahmm/Shivam/subtask2_blindtest_wReadme/bengali/bengali_blind_wav/632464_qQ8HMNgWrwPb3Tqc_0081.wav,আমরা টিউটোরিয়ালের শেষে চলে এসেছি,3.0
/home/abdullahmm/Shivam/subtask2_blindtest_wReadme/bengali/bengali_blind_wav/632464_qQ8HMNgWrwPb3Tqc_0082.wav,/home/abdullahmm/Shivam/subtask2_blindtest_wReadme/bengali/bengali_blind_wav/632464_qQ8HMNgWrwPb3Tqc_0082.wav,এই টিউটোরিয়ালে আমরা শিখেছি quick find link firefox sync এবং plugins,9.0
/home/abdullahmm/Shivam/subtask2_blindtest_wReadme/bengali/bengali_blind_wav/632464_qQ8HMNgWrwPb3Tqc_0083.wav,/home/abdullahmm/Shivam/subtask2_blindtest_wReadme/bengali/bengali_blind_wav/632464_qQ8HMNgWrwPb3Tqc_0083.wav,নির্দেশিত কাজ,2.0
/home/abdullahmm/Shivam/subtask2_blindtest_wReadme/bengali/bengali_blind_wav/632464_qQ8HMNgWrwPb3Tqc_0084.wav,/home/abdullahmm/Shivam/subtask2_blindtest_wReadme/bengali/bengali_blind_wav/632464_qQ8HMNgWrwPb3Tqc_0084.wav,ফায়ারফক্সের জন্য তিনটি plugins download এবং সংস্থাপিত করুন,5.0
/home/abdullahmm/Shivam/subtask2_blindtest_wReadme/bengali/bengali_blind_wav/632464_qQ8HMNgWrwPb3Tqc_0085.wav,/home/abdullahmm/Shivam/subtask2_blindtest_wReadme/bengali/bengali_blind_wav/632464_qQ8HMNgWrwPb3Tqc_0085.wav,firefox sync account তৈরি করুন অন্য computer থেকে firefox browser access করুন,7.0
/home/abdullahmm/Shivam/subtask2_blindtest_wReadme/bengali/bengali_blind_wav/632464_qQ8HMNgWrwPb3Tqc_0086.wav,/home/abdullahmm/Shivam/subtask2_blindtest_wReadme/bengali/bengali_blind_wav/632464_qQ8HMNgWrwPb3Tqc_0086.wav,এই লিঙ্কে উপলব্ধ ভিডিওটি দেখুন এটি spoken tutorial প্রকল্পটি সারসংক্ষেপে বোঝায়,6.0
/home/abdullahmm/Shivam/subtask2_blindtest_wReadme/bengali/bengali_blind_wav/632464_qQ8HMNgWrwPb3Tqc_0087.wav,/home/abdullahmm/Shivam/subtask2_blindtest_wReadme/bengali/bengali_blind_wav/632464_qQ8HMNgWrwPb3Tqc_0087.wav,যদি ভাল bandwidth না থাকে তাহলে আপনি ভিডিওটি download করে দেখতে পারেন,5.0
/home/abdullahmm/Shivam/subtask2_blindtest_wReadme/bengali/bengali_blind_wav/632464_qQ8HMNgWrwPb3Tqc_0088.wav,/home/abdullahmm/Shivam/subtask2_blindtest_wReadme/bengali/bengali_blind_wav/632464_qQ8HMNgWrwPb3Tqc_0088.wav,কথ্য tutorial প্রকল্পদল কথ্য tutorial গুলি ব্যবহার করে কর্মশালার আয়োজন করে,5.0
/home/abdullahmm/Shivam/subtask2_blindtest_wReadme/bengali/bengali_blind_wav/632464_qQ8HMNgWrwPb3Tqc_0089.wav,/home/abdullahmm/Shivam/subtask2_blindtest_wReadme/bengali/bengali_blind_wav/632464_qQ8HMNgWrwPb3Tqc_0089.wav,online পরীক্ষা pass করলে প্রশংসাপত্র দেওয়া হয়,4.0
/home/abdullahmm/Shivam/subtask2_blindtest_wReadme/bengali/bengali_blind_wav/632464_qQ8HMNgWrwPb3Tqc_0091.wav,/home/abdullahmm/Shivam/subtask2_blindtest_wReadme/bengali/bengali_blind_wav/632464_qQ8HMNgWrwPb3Tqc_0091.wav,spoken tutorial talk to a teacher প্রকল্পের অংশবিশেষ,5.0
/home/abdullahmm/Shivam/subtask2_blindtest_wReadme/bengali/bengali_blind_wav/632464_qQ8HMNgWrwPb3Tqc_0092.wav,/home/abdullahmm/Shivam/subtask2_blindtest_wReadme/bengali/bengali_blind_wav/632464_qQ8HMNgWrwPb3Tqc_0092.wav,এটি ভারত সরকারের ict mhrd এর national mission on education দ্বারা সমর্থিত,7.0
/home/abdullahmm/Shivam/subtask2_blindtest_wReadme/bengali/bengali_blind_wav/632464_qQ8HMNgWrwPb3Tqc_0093.wav,/home/abdullahmm/Shivam/subtask2_blindtest_wReadme/bengali/bengali_blind_wav/632464_qQ8HMNgWrwPb3Tqc_0093.wav,এই বিষয়ে বিস্তারিত তথ্য এই লিঙ্কে প্রাপ্তিসাধ্য,3.0
/home/abdullahmm/Shivam/subtask2_blindtest_wReadme/bengali/bengali_blind_wav/632464_qQ8HMNgWrwPb3Tqc_0094.wav,/home/abdullahmm/Shivam/subtask2_blindtest_wReadme/bengali/bengali_blind_wav/632464_qQ8HMNgWrwPb3Tqc_0094.wav,সাধ্য spoken - tutorial . org /,5.0
/home/abdullahmm/Shivam/subtask2_blindtest_wReadme/bengali/bengali_blind_wav/632464_qQ8HMNgWrwPb3Tqc_0095.wav,/home/abdullahmm/Shivam/subtask2_blindtest_wReadme/bengali/bengali_blind_wav/632464_qQ8HMNgWrwPb3Tqc_0095.wav,আমি কৌশিক দত্ত এই টিউটোরিয়ালটি অনুবাদ করেছি অংশগ্রহনের জন্য ধন্যবাদ,10.06
/home/abdullahmm/Shivam/subtask2_blindtest_wReadme/bengali/bengali_blind_wav/663888_H5dzbcTUM9i6KyhJ_0000.wav,/home/abdullahmm/Shivam/subtask2_blindtest_wReadme/bengali/bengali_blind_wav/663888_H5dzbcTUM9i6KyhJ_0000.wav,নমস্কার এটি একটি প্রাথমিক php tutorial,4.0
/home/abdullahmm/Shivam/subtask2_blindtest_wReadme/bengali/bengali_blind_wav/663888_H5dzbcTUM9i6KyhJ_0001.wav,/home/abdullahmm/Shivam/subtask2_blindtest_wReadme/bengali/bengali_blind_wav/663888_H5dzbcTUM9i6KyhJ_0001.wav,আমরা এখানে জানবো যে কিভাবে echo function ব্যবহার এবং tags set up করে,5.0
/home/abdullahmm/Shivam/subtask2_blindtest_wReadme/bengali/bengali_blind_wav/663888_H5dzbcTUM9i6KyhJ_0002.wav,/home/abdullahmm/Shivam/subtask2_blindtest_wReadme/bengali/bengali_blind_wav/663888_H5dzbcTUM9i6KyhJ_0002.wav,যারা html এর সাথে পরিচিত তারা জানবে যে এখানে পৃষ্ঠা শুরু এবং শেষ করার জন্য html tag হয়,8.0
/home/abdullahmm/Shivam/subtask2_blindtest_wReadme/bengali/bengali_blind_wav/663888_H5dzbcTUM9i6KyhJ_0003.wav,/home/abdullahmm/Shivam/subtask2_blindtest_wReadme/bengali/bengali_blind_wav/663888_H5dzbcTUM9i6KyhJ_0003.wav,তারা html পৃষ্ঠায় অত্যাবশ্যক নয় আপনার কাছে html extension থাকা পর্যন্ত সব ঠিক আছে,7.0
/home/abdullahmm/Shivam/subtask2_blindtest_wReadme/bengali/bengali_blind_wav/663888_H5dzbcTUM9i6KyhJ_0004.wav,/home/abdullahmm/Shivam/subtask2_blindtest_wReadme/bengali/bengali_blind_wav/663888_H5dzbcTUM9i6KyhJ_0004.wav,তবে php তে আপনার ট্যাগের প্রয়োজন এটি শুরু এবং শেষ করে,5.0
/home/abdullahmm/Shivam/subtask2_blindtest_wReadme/bengali/bengali_blind_wav/663888_H5dzbcTUM9i6KyhJ_0005.wav,/home/abdullahmm/Shivam/subtask2_blindtest_wReadme/bengali/bengali_blind_wav/663888_H5dzbcTUM9i6KyhJ_0005.wav,এটি মূলত এর জন্য মান স্বরলিপি বা notation,4.0
/home/abdullahmm/Shivam/subtask2_blindtest_wReadme/bengali/bengali_blind_wav/663888_H5dzbcTUM9i6KyhJ_0006.wav,/home/abdullahmm/Shivam/subtask2_blindtest_wReadme/bengali/bengali_blind_wav/663888_H5dzbcTUM9i6KyhJ_0006.wav,যখনকি আমাদের বিষয় এর মধ্যে হবে,5.0
/home/abdullahmm/Shivam/subtask2_blindtest_wReadme/bengali/bengali_blind_wav/663888_H5dzbcTUM9i6KyhJ_0007.wav,/home/abdullahmm/Shivam/subtask2_blindtest_wReadme/bengali/bengali_blind_wav/663888_H5dzbcTUM9i6KyhJ_0007.wav,ইতিমধ্যে আমি আমার file hello world . php হিসাবে সংরক্ষিত করেছি,4.0
/home/abdullahmm/Shivam/subtask2_blindtest_wReadme/bengali/bengali_blind_wav/663888_H5dzbcTUM9i6KyhJ_0008.wav,/home/abdullahmm/Shivam/subtask2_blindtest_wReadme/bengali/bengali_blind_wav/663888_H5dzbcTUM9i6KyhJ_0008.wav,সুতরাং একে save করি এবং এক নজর এখানে দেখি,4.0
/home/abdullahmm/Shivam/subtask2_blindtest_wReadme/bengali/bengali_blind_wav/663888_H5dzbcTUM9i6KyhJ_0009.wav,/home/abdullahmm/Shivam/subtask2_blindtest_wReadme/bengali/bengali_blind_wav/663888_H5dzbcTUM9i6KyhJ_0009.wav,এই মুহুর্তে এই পৃষ্টায় কিছু নেই কিন্তু আমরা আমাদের পৃষ্ঠা set up পেয়ে গেছি এটা একেবারে ঠিক,7.0
/home/abdullahmm/Shivam/subtask2_blindtest_wReadme/bengali/bengali_blind_wav/663888_H5dzbcTUM9i6KyhJ_0010.wav,/home/abdullahmm/Shivam/subtask2_blindtest_wReadme/bengali/bengali_blind_wav/663888_H5dzbcTUM9i6KyhJ_0010.wav,echo function এইভাবে কাজ করে আমাদের echo কিছু উদ্ধৃতি চিহ্ন এবং একটি line শেষ করার জন্য চিহ্ন আছে যা keyboard এ ; চিহ্ন,9.0
/home/abdullahmm/Shivam/subtask2_blindtest_wReadme/bengali/bengali_blind_wav/663888_H5dzbcTUM9i6KyhJ_0011.wav,/home/abdullahmm/Shivam/subtask2_blindtest_wReadme/bengali/bengali_blind_wav/663888_H5dzbcTUM9i6KyhJ_0011.wav,এবং আমাদের লেখা এর মধ্যে হয় চলুন একে save করি এবং refresh করি আমরা সেখানে যাই,6.0
/home/abdullahmm/Shivam/subtask2_blindtest_wReadme/bengali/bengali_blind_wav/663888_H5dzbcTUM9i6KyhJ_0012.wav,/home/abdullahmm/Shivam/subtask2_blindtest_wReadme/bengali/bengali_blind_wav/663888_H5dzbcTUM9i6KyhJ_0012.wav,হ্যাঁ আপনি করতে পারেন আমার এটা খুব দরকারী মনে হয় echo ফাংশনকে এইভাবে লিখুন,7.0
/home/abdullahmm/Shivam/subtask2_blindtest_wReadme/bengali/bengali_blind_wav/663888_H5dzbcTUM9i6KyhJ_0013.wav,/home/abdullahmm/Shivam/subtask2_blindtest_wReadme/bengali/bengali_blind_wav/663888_H5dzbcTUM9i6KyhJ_0013.wav,কারণ যখন আপনি একটি html code কে echo ফাংশনের মধ্যে রাখবেন এই bits line break অর্থাৎ পংক্তি বিরাম দেখাবে না আপনাকে এই বলতে চাই যে যদি আপনি এখনও পর্যন্ত html না শিখে থাকেন তাহলে আমি কমপক্ষে এর মূলসূত্র শেখার পরামর্শ দেবো কারণ আমি এর অনেক ব্যবহার করবো,18.0
/home/abdullahmm/Shivam/subtask2_blindtest_wReadme/bengali/bengali_blind_wav/663888_H5dzbcTUM9i6KyhJ_0014.wav,/home/abdullahmm/Shivam/subtask2_blindtest_wReadme/bengali/bengali_blind_wav/663888_H5dzbcTUM9i6KyhJ_0014.wav,এর জন্য আপনাকে নিজের html যুক্ত করতে হবে তাই line break করার জন্য এবং তারপর new line,9.0
/home/abdullahmm/Shivam/subtask2_blindtest_wReadme/bengali/bengali_blind_wav/663888_H5dzbcTUM9i6KyhJ_0015.wav,/home/abdullahmm/Shivam/subtask2_blindtest_wReadme/bengali/bengali_blind_wav/663888_H5dzbcTUM9i6KyhJ_0015.wav,আমরা একে refresh করবো এবং এটি পাবো আমাদের html অন্তর্ভুক্ত হয়ে গেছে,5.0
/home/abdullahmm/Shivam/subtask2_blindtest_wReadme/bengali/bengali_blind_wav/663888_H5dzbcTUM9i6KyhJ_0016.wav,/home/abdullahmm/Shivam/subtask2_blindtest_wReadme/bengali/bengali_blind_wav/663888_H5dzbcTUM9i6KyhJ_0016.wav,আপনার জানার জন্য এটি একটি জিনিস যা অনেক লোক চালায় image source = এবং আপনার file সেখানে যায়,9.0
/home/abdullahmm/Shivam/subtask2_blindtest_wReadme/bengali/bengali_blind_wav/663888_H5dzbcTUM9i6KyhJ_0017.wav,/home/abdullahmm/Shivam/subtask2_blindtest_wReadme/bengali/bengali_blind_wav/663888_H5dzbcTUM9i6KyhJ_0017.wav,এই মুহুর্তে আমাদের কাছে echo আছে,4.0
/home/abdullahmm/Shivam/subtask2_blindtest_wReadme/bengali/bengali_blind_wav/663888_H5dzbcTUM9i6KyhJ_0018.wav,/home/abdullahmm/Shivam/subtask2_blindtest_wReadme/bengali/bengali_blind_wav/663888_H5dzbcTUM9i6KyhJ_0018.wav,এটি দেখায় যে আমরা আমাদের output শুরু করতে যাচ্ছি এবং এখানে শেষ করছি,6.0
/home/abdullahmm/Shivam/subtask2_blindtest_wReadme/bengali/bengali_blind_wav/663888_H5dzbcTUM9i6KyhJ_0019.wav,/home/abdullahmm/Shivam/subtask2_blindtest_wReadme/bengali/bengali_blind_wav/663888_H5dzbcTUM9i6KyhJ_0019.wav,আমরা এখানে শেষ করছি না আমরা এখানে শেষ করবো,4.0
/home/abdullahmm/Shivam/subtask2_blindtest_wReadme/bengali/bengali_blind_wav/663888_H5dzbcTUM9i6KyhJ_0020.wav,/home/abdullahmm/Shivam/subtask2_blindtest_wReadme/bengali/bengali_blind_wav/663888_H5dzbcTUM9i6KyhJ_0020.wav,"তাই এর বদলে আমাদের inverted , চিহ্নের প্রয়োজন হবে",3.0
/home/abdullahmm/Shivam/subtask2_blindtest_wReadme/bengali/bengali_blind_wav/663888_H5dzbcTUM9i6KyhJ_0021.wav,/home/abdullahmm/Shivam/subtask2_blindtest_wReadme/bengali/bengali_blind_wav/663888_H5dzbcTUM9i6KyhJ_0021.wav,মূলত এটা ওখানে আমাদের ছবিটি দেখাবে,4.0
/home/abdullahmm/Shivam/subtask2_blindtest_wReadme/bengali/bengali_blind_wav/663888_H5dzbcTUM9i6KyhJ_0022.wav,/home/abdullahmm/Shivam/subtask2_blindtest_wReadme/bengali/bengali_blind_wav/663888_H5dzbcTUM9i6KyhJ_0022.wav,এখানে কোনো file নেই কিন্তু আপনি ছবি পাবেন,3.0
/home/abdullahmm/Shivam/subtask2_blindtest_wReadme/bengali/bengali_blind_wav/663888_H5dzbcTUM9i6KyhJ_0023.wav,/home/abdullahmm/Shivam/subtask2_blindtest_wReadme/bengali/bengali_blind_wav/663888_H5dzbcTUM9i6KyhJ_0023.wav,আমি আপনাকে দেখাই যে যদি আমি একে রাখি তাহলে কি হয় এবং এর সাথে আমি এই tutorial শেষ করবো,7.0
/home/abdullahmm/Shivam/subtask2_blindtest_wReadme/bengali/bengali_blind_wav/663888_H5dzbcTUM9i6KyhJ_0024.wav,/home/abdullahmm/Shivam/subtask2_blindtest_wReadme/bengali/bengali_blind_wav/663888_H5dzbcTUM9i6KyhJ_0024.wav,হ্যাঁ আমরা parse error পেয়েছি,3.0
/home/abdullahmm/Shivam/subtask2_blindtest_wReadme/bengali/bengali_blind_wav/663888_H5dzbcTUM9i6KyhJ_0025.wav,/home/abdullahmm/Shivam/subtask2_blindtest_wReadme/bengali/bengali_blind_wav/663888_H5dzbcTUM9i6KyhJ_0025.wav,"শেষ করতে আমাদের , বা ; দরকার যা প্রমান করে আমরা এখানে চলে এসেছি এরপর আমাদের ; প্রয়োজন",9.0
/home/abdullahmm/Shivam/subtask2_blindtest_wReadme/bengali/bengali_blind_wav/663888_H5dzbcTUM9i6KyhJ_0026.wav,/home/abdullahmm/Shivam/subtask2_blindtest_wReadme/bengali/bengali_blind_wav/663888_H5dzbcTUM9i6KyhJ_0026.wav,কিন্তু বাস্তবে এটি সঠিক নয়,2.0
/home/abdullahmm/Shivam/subtask2_blindtest_wReadme/bengali/bengali_blind_wav/663888_H5dzbcTUM9i6KyhJ_0027.wav,/home/abdullahmm/Shivam/subtask2_blindtest_wReadme/bengali/bengali_blind_wav/663888_H5dzbcTUM9i6KyhJ_0027.wav,"তাহলে এদের inverted , চিহ্ন হিসাবেই রাখি",3.0
/home/abdullahmm/Shivam/subtask2_blindtest_wReadme/bengali/bengali_blind_wav/663888_H5dzbcTUM9i6KyhJ_0028.wav,/home/abdullahmm/Shivam/subtask2_blindtest_wReadme/bengali/bengali_blind_wav/663888_H5dzbcTUM9i6KyhJ_0028.wav,এটি হল echo function এবং php ট্যাগের প্রাথমিক আলোচনা,7.0
/home/abdullahmm/Shivam/subtask2_blindtest_wReadme/bengali/bengali_blind_wav/663888_H5dzbcTUM9i6KyhJ_0029.wav,/home/abdullahmm/Shivam/subtask2_blindtest_wReadme/bengali/bengali_blind_wav/663888_H5dzbcTUM9i6KyhJ_0029.wav,আমি কৌশিক দত্ত টিউটোরিয়ালটি অনুবাদ করেছি যোগাযোগের জন্য ধন্যবাদ,5.06
/home/abdullahmm/Shivam/subtask2_blindtest_wReadme/bengali/bengali_blind_wav/710326_18juLgypICU631Zm_0000.wav,/home/abdullahmm/Shivam/subtask2_blindtest_wReadme/bengali/bengali_blind_wav/710326_18juLgypICU631Zm_0000.wav,exporting the geometry from salome to ওপেনফোমের টিউটোরিয়ালে আপনাদের স্বাগত,8.0
/home/abdullahmm/Shivam/subtask2_blindtest_wReadme/bengali/bengali_blind_wav/710326_18juLgypICU631Zm_0001.wav,/home/abdullahmm/Shivam/subtask2_blindtest_wReadme/bengali/bengali_blind_wav/710326_18juLgypICU631Zm_0001.wav,এখানে আমরা শিখব সালোমিতে mesh জিওমেট্রির ons group করা ওপেনফোমে geometry export করা সিমুলেশনের জন্য case directory বানানো এবং para view to geometry দেখা টিউটোরিয়ালটি,17.0
/home/abdullahmm/Shivam/subtask2_blindtest_wReadme/bengali/bengali_blind_wav/710326_18juLgypICU631Zm_0002.wav,/home/abdullahmm/Shivam/subtask2_blindtest_wReadme/bengali/bengali_blind_wav/710326_18juLgypICU631Zm_0002.wav,tutorial record করতে ব্যবহার করছি linux operating system ubuntu সংস্করণ 12 . 10 open foam সংস্করণ 2 . 1 . 1 para view সংস্করণ 3 . 12 . 0 salome সংস্করণ 6 . 6 . 0,15.0
/home/abdullahmm/Shivam/subtask2_blindtest_wReadme/bengali/bengali_blind_wav/710326_18juLgypICU631Zm_0003.wav,/home/abdullahmm/Shivam/subtask2_blindtest_wReadme/bengali/bengali_blind_wav/710326_18juLgypICU631Zm_0003.wav,টিউটোরিয়ালটি অনুশীলন করার আগে আপনার creating and meshing a curved pipe geometry in salome tutorial দেখা উচিত,11.0
/home/abdullahmm/Shivam/subtask2_blindtest_wReadme/bengali/bengali_blind_wav/710326_18juLgypICU631Zm_0004.wav,/home/abdullahmm/Shivam/subtask2_blindtest_wReadme/bengali/bengali_blind_wav/710326_18juLgypICU631Zm_0004.wav,পূর্ববর্তী টিউটোরিয়ালের মত salome খুলুন file এবং ওপেনে যান ডেস্কটপে যান curved geometry . hdf এ click করুন,12.0
/home/abdullahmm/Shivam/subtask2_blindtest_wReadme/bengali/bengali_blind_wav/710326_18juLgypICU631Zm_0005.wav,/home/abdullahmm/Shivam/subtask2_blindtest_wReadme/bengali/bengali_blind_wav/710326_18juLgypICU631Zm_0005.wav,ওপেনে টিপুন modules drop down বিকল্প থেকে mesh module এ যান,8.0
/home/abdullahmm/Shivam/subtask2_blindtest_wReadme/bengali/bengali_blind_wav/710326_18juLgypICU631Zm_0006.wav,/home/abdullahmm/Shivam/subtask2_blindtest_wReadme/bengali/bengali_blind_wav/710326_18juLgypICU631Zm_0006.wav,object browser থেকে mesh tree খুলুন,5.0
/home/abdullahmm/Shivam/subtask2_blindtest_wReadme/bengali/bengali_blind_wav/710326_18juLgypICU631Zm_0007.wav,/home/abdullahmm/Shivam/subtask2_blindtest_wReadme/bengali/bengali_blind_wav/710326_18juLgypICU631Zm_0007.wav,mesh 1 এ ডান click করুন show তে click করুন আমরা দেখি যে জিওমেট্রিতে mesh দৃশ্যমান,11.0
/home/abdullahmm/Shivam/subtask2_blindtest_wReadme/bengali/bengali_blind_wav/710326_18juLgypICU631Zm_0008.wav,/home/abdullahmm/Shivam/subtask2_blindtest_wReadme/bengali/bengali_blind_wav/710326_18juLgypICU631Zm_0008.wav,আমি python console window বন্ধ করি,4.0
/home/abdullahmm/Shivam/subtask2_blindtest_wReadme/bengali/bengali_blind_wav/710326_18juLgypICU631Zm_0009.wav,/home/abdullahmm/Shivam/subtask2_blindtest_wReadme/bengali/bengali_blind_wav/710326_18juLgypICU631Zm_0009.wav,এখন mesh geometry অংশগুলিকে নাম দিতে হবে কারণ এটি ওপেনফোমে প্রয়োজন,7.0
/home/abdullahmm/Shivam/subtask2_blindtest_wReadme/bengali/bengali_blind_wav/710326_18juLgypICU631Zm_0010.wav,/home/abdullahmm/Shivam/subtask2_blindtest_wReadme/bengali/bengali_blind_wav/710326_18juLgypICU631Zm_0010.wav,এই mesh এ group বানাতে mesh 1 এ ডান click করুন এবং create গ্রুপে click করুন,9.0
/home/abdullahmm/Shivam/subtask2_blindtest_wReadme/bengali/bengali_blind_wav/710326_18juLgypICU631Zm_0011.wav,/home/abdullahmm/Shivam/subtask2_blindtest_wReadme/bengali/bengali_blind_wav/710326_18juLgypICU631Zm_0011.wav,element type এ face চয়ন করুন group type এ group on geometry চয়ন করুন,9.0
/home/abdullahmm/Shivam/subtask2_blindtest_wReadme/bengali/bengali_blind_wav/710326_18juLgypICU631Zm_0012.wav,/home/abdullahmm/Shivam/subtask2_blindtest_wReadme/bengali/bengali_blind_wav/710326_18juLgypICU631Zm_0012.wav,geometrical অবজেক্টের সামনের বোতামে click করুন এবং direct geometry selection চয়ন করুন,10.0
/home/abdullahmm/Shivam/subtask2_blindtest_wReadme/bengali/bengali_blind_wav/710326_18juLgypICU631Zm_0013.wav,/home/abdullahmm/Shivam/subtask2_blindtest_wReadme/bengali/bengali_blind_wav/710326_18juLgypICU631Zm_0013.wav,object ব্রাউজারে geometry tree খুলুন pipe 1 tree খুলুন এবং geometry ট্রিতে inlet group চয়ন করুন যা পূর্ববর্তী টিউটোরিয়ালে বানিয়েছিলাম,15.0
/home/abdullahmm/Shivam/subtask2_blindtest_wReadme/bengali/bengali_blind_wav/710326_18juLgypICU631Zm_0014.wav,/home/abdullahmm/Shivam/subtask2_blindtest_wReadme/bengali/bengali_blind_wav/710326_18juLgypICU631Zm_0014.wav,আপনি color কে red চয়ন করতে পারেন,4.0
/home/abdullahmm/Shivam/subtask2_blindtest_wReadme/bengali/bengali_blind_wav/710326_18juLgypICU631Zm_0015.wav,/home/abdullahmm/Shivam/subtask2_blindtest_wReadme/bengali/bengali_blind_wav/710326_18juLgypICU631Zm_0015.wav,গ্রুপের name inlet দিন apply and ক্লোজে click করুন inlet গ্রুপটিতে দেখাচ্ছে,11.0
/home/abdullahmm/Shivam/subtask2_blindtest_wReadme/bengali/bengali_blind_wav/710326_18juLgypICU631Zm_0016.wav,/home/abdullahmm/Shivam/subtask2_blindtest_wReadme/bengali/bengali_blind_wav/710326_18juLgypICU631Zm_0016.wav,একইভাবে outlet group বানান আমি outlet group বানিয়েছি,7.0
/home/abdullahmm/Shivam/subtask2_blindtest_wReadme/bengali/bengali_blind_wav/710326_18juLgypICU631Zm_0017.wav,/home/abdullahmm/Shivam/subtask2_blindtest_wReadme/bengali/bengali_blind_wav/710326_18juLgypICU631Zm_0017.wav,এখন সম্পূর্ণ বাইরের সারফেসের group বানাতে mesh 1 এবং create গ্রুপে ডান click করুন,9.0
/home/abdullahmm/Shivam/subtask2_blindtest_wReadme/bengali/bengali_blind_wav/710326_18juLgypICU631Zm_0018.wav,/home/abdullahmm/Shivam/subtask2_blindtest_wReadme/bengali/bengali_blind_wav/710326_18juLgypICU631Zm_0018.wav,element type এ face চয়ন করুন এবং group type এ group on filter চয়ন করুন,7.0
/home/abdullahmm/Shivam/subtask2_blindtest_wReadme/bengali/bengali_blind_wav/710326_18juLgypICU631Zm_0019.wav,/home/abdullahmm/Shivam/subtask2_blindtest_wReadme/bengali/bengali_blind_wav/710326_18juLgypICU631Zm_0019.wav,set filter এ click করুন add বোতামে click করুন criterion মেনুর নীচে drop down বিকল্পে free faces চয়ন করুন apply and ক্লোজে click করুন,17.0
/home/abdullahmm/Shivam/subtask2_blindtest_wReadme/bengali/bengali_blind_wav/710326_18juLgypICU631Zm_0020.wav,/home/abdullahmm/Shivam/subtask2_blindtest_wReadme/bengali/bengali_blind_wav/710326_18juLgypICU631Zm_0020.wav,আপনি color কে blue তে বদলাতে পারেন,6.0
/home/abdullahmm/Shivam/subtask2_blindtest_wReadme/bengali/bengali_blind_wav/710326_18juLgypICU631Zm_0021.wav,/home/abdullahmm/Shivam/subtask2_blindtest_wReadme/bengali/bengali_blind_wav/710326_18juLgypICU631Zm_0021.wav,আবার apply and ক্লোজে click করুন group 1 তৈরী হয়েছে,8.0
/home/abdullahmm/Shivam/subtask2_blindtest_wReadme/bengali/bengali_blind_wav/710326_18juLgypICU631Zm_0022.wav,/home/abdullahmm/Shivam/subtask2_blindtest_wReadme/bengali/bengali_blind_wav/710326_18juLgypICU631Zm_0022.wav,এখন উপরে mesh মেনুতে cut গ্রুপসে click করুন main অবজেক্টে group 1 চয়ন করুন tool অবজেক্টে inlet চয়ন করুন,14.0
/home/abdullahmm/Shivam/subtask2_blindtest_wReadme/bengali/bengali_blind_wav/710326_18juLgypICU631Zm_0023.wav,/home/abdullahmm/Shivam/subtask2_blindtest_wReadme/bengali/bengali_blind_wav/710326_18juLgypICU631Zm_0023.wav,আপনার কিবোর্ডের shift key টিপে থাকুন এবং tool অবজেক্টে outlet চয়ন করুন,9.0
/home/abdullahmm/Shivam/subtask2_blindtest_wReadme/bengali/bengali_blind_wav/710326_18juLgypICU631Zm_0024.wav,/home/abdullahmm/Shivam/subtask2_blindtest_wReadme/bengali/bengali_blind_wav/710326_18juLgypICU631Zm_0024.wav,result name এ walls লিখুন,4.0
/home/abdullahmm/Shivam/subtask2_blindtest_wReadme/bengali/bengali_blind_wav/710326_18juLgypICU631Zm_0025.wav,/home/abdullahmm/Shivam/subtask2_blindtest_wReadme/bengali/bengali_blind_wav/710326_18juLgypICU631Zm_0025.wav,আপনি color কে purple চয়ন করতে পারেন apply and ক্লোজে click করুন আমরা দেখি যে walls group তৈরি হয়েছে,12.0
/home/abdullahmm/Shivam/subtask2_blindtest_wReadme/bengali/bengali_blind_wav/710326_18juLgypICU631Zm_0026.wav,/home/abdullahmm/Shivam/subtask2_blindtest_wReadme/bengali/bengali_blind_wav/710326_18juLgypICU631Zm_0026.wav,group 1এ ডান click করে এই গ্রুপটি মুছে ফেলুন কারণ আমরা এটি ওপেনফোমে দেখতে চাই না,10.0
/home/abdullahmm/Shivam/subtask2_blindtest_wReadme/bengali/bengali_blind_wav/710326_18juLgypICU631Zm_0027.wav,/home/abdullahmm/Shivam/subtask2_blindtest_wReadme/bengali/bengali_blind_wav/710326_18juLgypICU631Zm_0027.wav,save document বিকল্পে click করে কাজটি সংরক্ষণ করুন,4.0
/home/abdullahmm/Shivam/subtask2_blindtest_wReadme/bengali/bengali_blind_wav/710326_18juLgypICU631Zm_0028.wav,/home/abdullahmm/Shivam/subtask2_blindtest_wReadme/bengali/bengali_blind_wav/710326_18juLgypICU631Zm_0028.wav,এখন mesh 1 এ ডান click করুন export এবং unv ফাইলে যান,9.0
/home/abdullahmm/Shivam/subtask2_blindtest_wReadme/bengali/bengali_blind_wav/710326_18juLgypICU631Zm_0029.wav,/home/abdullahmm/Shivam/subtask2_blindtest_wReadme/bengali/bengali_blind_wav/710326_18juLgypICU631Zm_0029.wav,ফাইলটিকে bentpipe নাম দিন আমি ফাইলটি desktopএ সংরক্ষণ করছি salome বন্ধ করুন আমরা bentpipe . unv fileটি desktopএ দেখি,17.0
/home/abdullahmm/Shivam/subtask2_blindtest_wReadme/bengali/bengali_blind_wav/710326_18juLgypICU631Zm_0030.wav,/home/abdullahmm/Shivam/subtask2_blindtest_wReadme/bengali/bengali_blind_wav/710326_18juLgypICU631Zm_0030.wav,desktop এ bentpipe নামে folder বানান,5.0
/home/abdullahmm/Shivam/subtask2_blindtest_wReadme/bengali/bengali_blind_wav/710326_18juLgypICU631Zm_0031.wav,/home/abdullahmm/Shivam/subtask2_blindtest_wReadme/bengali/bengali_blind_wav/710326_18juLgypICU631Zm_0031.wav,এখন bentpipe . unv ফাইলটি এই folder এ রাখুন,6.0
/home/abdullahmm/Shivam/subtask2_blindtest_wReadme/bengali/bengali_blind_wav/710326_18juLgypICU631Zm_0032.wav,/home/abdullahmm/Shivam/subtask2_blindtest_wReadme/bengali/bengali_blind_wav/710326_18juLgypICU631Zm_0032.wav,icofoam solver দ্বারা ওপেনফোমের এই জিওমেট্রিতে simulation করতে ওপেনফোমে icofoam folder যান,9.0
/home/abdullahmm/Shivam/subtask2_blindtest_wReadme/bengali/bengali_blind_wav/710326_18juLgypICU631Zm_0033.wav,/home/abdullahmm/Shivam/subtask2_blindtest_wReadme/bengali/bengali_blind_wav/710326_18juLgypICU631Zm_0033.wav,এই ফোল্ডারের লোকেশনের জন্য lid driven cavity এই tutorial দেখুন,5.0
/home/abdullahmm/Shivam/subtask2_blindtest_wReadme/bengali/bengali_blind_wav/710326_18juLgypICU631Zm_0034.wav,/home/abdullahmm/Shivam/subtask2_blindtest_wReadme/bengali/bengali_blind_wav/710326_18juLgypICU631Zm_0034.wav,bentpipe folder desktop এ icofoam folder এ copy এবং paste করুন,7.0
/home/abdullahmm/Shivam/subtask2_blindtest_wReadme/bengali/bengali_blind_wav/710326_18juLgypICU631Zm_0035.wav,/home/abdullahmm/Shivam/subtask2_blindtest_wReadme/bengali/bengali_blind_wav/710326_18juLgypICU631Zm_0035.wav,এছাড়াও cavity folder থেকে system folder কে এই bentpipe folder এ copy করুন,10.0
/home/abdullahmm/Shivam/subtask2_blindtest_wReadme/bengali/bengali_blind_wav/710326_18juLgypICU631Zm_0036.wav,/home/abdullahmm/Shivam/subtask2_blindtest_wReadme/bengali/bengali_blind_wav/710326_18juLgypICU631Zm_0036.wav,এখন command টার্মিনালের মাধ্যমে bentpipe ফোল্ডারের ভিতরে যান আমি bentpipe ফোল্ডারে রয়েছি,9.0
/home/abdullahmm/Shivam/subtask2_blindtest_wReadme/bengali/bengali_blind_wav/710326_18juLgypICU631Zm_0037.wav,/home/abdullahmm/Shivam/subtask2_blindtest_wReadme/bengali/bengali_blind_wav/710326_18juLgypICU631Zm_0037.wav,ls লিখুন এবং enter টিপুন আমরা system folder এবং bentpipe . unv file দেখি,8.0
/home/abdullahmm/Shivam/subtask2_blindtest_wReadme/bengali/bengali_blind_wav/710326_18juLgypICU631Zm_0038.wav,/home/abdullahmm/Shivam/subtask2_blindtest_wReadme/bengali/bengali_blind_wav/710326_18juLgypICU631Zm_0038.wav,এখন লিখুন ideas unv to foam space bentpipe . unv উল্লেখ্য u t এবং f বড়হাতে রয়েছে enter টিপুন,22.0
/home/abdullahmm/Shivam/subtask2_blindtest_wReadme/bengali/bengali_blind_wav/710326_18juLgypICU631Zm_0039.wav,/home/abdullahmm/Shivam/subtask2_blindtest_wReadme/bengali/bengali_blind_wav/710326_18juLgypICU631Zm_0039.wav,এখন লিখুন ls আমরা দেখি যে constant folder তৈরী হয়েছে লিখুন cd space constant,12.0
/home/abdullahmm/Shivam/subtask2_blindtest_wReadme/bengali/bengali_blind_wav/710326_18juLgypICU631Zm_0040.wav,/home/abdullahmm/Shivam/subtask2_blindtest_wReadme/bengali/bengali_blind_wav/710326_18juLgypICU631Zm_0040.wav,লিখুন cd space polymesh লিখুন ls enter টিপুন,8.0
/home/abdullahmm/Shivam/subtask2_blindtest_wReadme/bengali/bengali_blind_wav/710326_18juLgypICU631Zm_0041.wav,/home/abdullahmm/Shivam/subtask2_blindtest_wReadme/bengali/bengali_blind_wav/710326_18juLgypICU631Zm_0041.wav,আমরা দেখি যে geometry file তৈরি হয়েছে polymesh ফোল্ডারের বাইরে আসুন,7.0
/home/abdullahmm/Shivam/subtask2_blindtest_wReadme/bengali/bengali_blind_wav/710326_18juLgypICU631Zm_0042.wav,/home/abdullahmm/Shivam/subtask2_blindtest_wReadme/bengali/bengali_blind_wav/710326_18juLgypICU631Zm_0042.wav,constant ফোল্ডারের বাইরে আসুন,4.0
/home/abdullahmm/Shivam/subtask2_blindtest_wReadme/bengali/bengali_blind_wav/710326_18juLgypICU631Zm_0044.wav,/home/abdullahmm/Shivam/subtask2_blindtest_wReadme/bengali/bengali_blind_wav/710326_18juLgypICU631Zm_0044.wav,terminal minimize করুন bentpipe folder এ যান,6.0
/home/abdullahmm/Shivam/subtask2_blindtest_wReadme/bengali/bengali_blind_wav/710326_18juLgypICU631Zm_0045.wav,/home/abdullahmm/Shivam/subtask2_blindtest_wReadme/bengali/bengali_blind_wav/710326_18juLgypICU631Zm_0045.wav,constant ফোল্ডারে যান আমরা দেখি যে transport properties file এখানে নেই,7.0
/home/abdullahmm/Shivam/subtask2_blindtest_wReadme/bengali/bengali_blind_wav/710326_18juLgypICU631Zm_0046.wav,/home/abdullahmm/Shivam/subtask2_blindtest_wReadme/bengali/bengali_blind_wav/710326_18juLgypICU631Zm_0046.wav,cavity folder থেকে transport properties ফাইলটি copy করুন এবং এটি constant ফোল্ডারে সংরক্ষণ করুন,7.0
/home/abdullahmm/Shivam/subtask2_blindtest_wReadme/bengali/bengali_blind_wav/710326_18juLgypICU631Zm_0047.wav,/home/abdullahmm/Shivam/subtask2_blindtest_wReadme/bengali/bengali_blind_wav/710326_18juLgypICU631Zm_0047.wav,আমি transport properties ফাইলটি copy করেছি এখন constant ফোল্ডারের বাইরে বেরিয়ে আসুন,7.0
/home/abdullahmm/Shivam/subtask2_blindtest_wReadme/bengali/bengali_blind_wav/710326_18juLgypICU631Zm_0048.wav,/home/abdullahmm/Shivam/subtask2_blindtest_wReadme/bengali/bengali_blind_wav/710326_18juLgypICU631Zm_0048.wav,আমাদের p এবং u files সহ 0 ফোল্ডারের প্রয়োজন cavity folder থেকে 0 folder টি copy করুন,11.0
/home/abdullahmm/Shivam/subtask2_blindtest_wReadme/bengali/bengali_blind_wav/710326_18juLgypICU631Zm_0049.wav,/home/abdullahmm/Shivam/subtask2_blindtest_wReadme/bengali/bengali_blind_wav/710326_18juLgypICU631Zm_0049.wav,আমি 0 folder copied করেছি 0 folder এ যান,7.0
/home/abdullahmm/Shivam/subtask2_blindtest_wReadme/bengali/bengali_blind_wav/710326_18juLgypICU631Zm_0050.wav,/home/abdullahmm/Shivam/subtask2_blindtest_wReadme/bengali/bengali_blind_wav/710326_18juLgypICU631Zm_0050.wav,p file খুলুন নিশ্চিত করুন আপনি inlet outlet এবং walls এর জন্য boundary patches দিয়েছেন যেমনকি salome তে বানিয়েছিলাম,13.0
/home/abdullahmm/Shivam/subtask2_blindtest_wReadme/bengali/bengali_blind_wav/710326_18juLgypICU631Zm_0051.wav,/home/abdullahmm/Shivam/subtask2_blindtest_wReadme/bengali/bengali_blind_wav/710326_18juLgypICU631Zm_0051.wav,moving wall মুছে ফেলুন এবং inlet লিখুন fixed walls মুছে ফেলুন এবং outlet লিখুন,10.0
/home/abdullahmm/Shivam/subtask2_blindtest_wReadme/bengali/bengali_blind_wav/710326_18juLgypICU631Zm_0052.wav,/home/abdullahmm/Shivam/subtask2_blindtest_wReadme/bengali/bengali_blind_wav/710326_18juLgypICU631Zm_0052.wav,front and back মুছে ফেলুন এবং walls লিখুন file টি সংরক্ষণ করুন এবং file বন্ধ করুন,9.0
/home/abdullahmm/Shivam/subtask2_blindtest_wReadme/bengali/bengali_blind_wav/710326_18juLgypICU631Zm_0053.wav,/home/abdullahmm/Shivam/subtask2_blindtest_wReadme/bengali/bengali_blind_wav/710326_18juLgypICU631Zm_0053.wav,একইভাবে u ফাইলে পরিবর্তন করুন উপযুক্ত boundary কণ্ডিশনসের জন্য আপনি hagen poiseuille flow tutorial দেখতে পারেন,12.0
/home/abdullahmm/Shivam/subtask2_blindtest_wReadme/bengali/bengali_blind_wav/710326_18juLgypICU631Zm_0054.wav,/home/abdullahmm/Shivam/subtask2_blindtest_wReadme/bengali/bengali_blind_wav/710326_18juLgypICU631Zm_0054.wav,আমি পরিবর্তনগুলি করেছি এবং যথাযথ boundary conditions দিয়েছি,5.0
/home/abdullahmm/Shivam/subtask2_blindtest_wReadme/bengali/bengali_blind_wav/710326_18juLgypICU631Zm_0055.wav,/home/abdullahmm/Shivam/subtask2_blindtest_wReadme/bengali/bengali_blind_wav/710326_18juLgypICU631Zm_0055.wav,hagenpoiseuille flow tutorial দেখে transport properties এবং controldict ফাইলও পরিবর্তন করতে পারেন,9.0
/home/abdullahmm/Shivam/subtask2_blindtest_wReadme/bengali/bengali_blind_wav/710326_18juLgypICU631Zm_0056.wav,/home/abdullahmm/Shivam/subtask2_blindtest_wReadme/bengali/bengali_blind_wav/710326_18juLgypICU631Zm_0056.wav,home folder বন্ধ করুন,3.0
/home/abdullahmm/Shivam/subtask2_blindtest_wReadme/bengali/bengali_blind_wav/710326_18juLgypICU631Zm_0057.wav,/home/abdullahmm/Shivam/subtask2_blindtest_wReadme/bengali/bengali_blind_wav/710326_18juLgypICU631Zm_0057.wav,এখন terminal এ যান para foam লিখুন এটি para view খুলবে object inspector মেনুতে apply তে click করুন,13.0
/home/abdullahmm/Shivam/subtask2_blindtest_wReadme/bengali/bengali_blind_wav/710326_18juLgypICU631Zm_0058.wav,/home/abdullahmm/Shivam/subtask2_blindtest_wReadme/bengali/bengali_blind_wav/710326_18juLgypICU631Zm_0058.wav,drop down মেনুতে surface with edges এ click করুন zoom করে কাছে থেকে দেখি,12.0
/home/abdullahmm/Shivam/subtask2_blindtest_wReadme/bengali/bengali_blind_wav/710326_18juLgypICU631Zm_0059.wav,/home/abdullahmm/Shivam/subtask2_blindtest_wReadme/bengali/bengali_blind_wav/710326_18juLgypICU631Zm_0059.wav,hexahedral mesh দেখি এখানে group তৈরি হয়েছে যেমনকি salome inlet outlet এবং ওয়ালসে নাম দিয়েছি,10.0
/home/abdullahmm/Shivam/subtask2_blindtest_wReadme/bengali/bengali_blind_wav/710326_18juLgypICU631Zm_0060.wav,/home/abdullahmm/Shivam/subtask2_blindtest_wReadme/bengali/bengali_blind_wav/710326_18juLgypICU631Zm_0060.wav,সারফেসের ভিতরে volume স্বয়ংক্রিয়ভাবে internal mesh হিসেবে শ্রেণীবদ্ধ হয়েছে এখানে আমরা শিখেছি salom a তে mesh জিওমেট্রির ons group করা open ফোমে geometry export করা সিমুলেশনের জন্য case directory বানানো এবং প্যারাভিউতে geometry দেখা,22.0
/home/abdullahmm/Shivam/subtask2_blindtest_wReadme/bengali/bengali_blind_wav/710326_18juLgypICU631Zm_0061.wav,/home/abdullahmm/Shivam/subtask2_blindtest_wReadme/bengali/bengali_blind_wav/710326_18juLgypICU631Zm_0061.wav,অনুশীলনী হিসাবে বর্ণিত উপায়ে ফাইলে যথাযথ পরিবর্তন করে simulation run করুন আপনার নিজে বানানো geometries export করুন এবং সেই জিওমেট্রিজের simulation run করুন,14.0
/home/abdullahmm/Shivam/subtask2_blindtest_wReadme/bengali/bengali_blind_wav/710326_18juLgypICU631Zm_0063.wav,/home/abdullahmm/Shivam/subtask2_blindtest_wReadme/bengali/bengali_blind_wav/710326_18juLgypICU631Zm_0063.wav,spoken tutorial প্রকল্প দল কর্মশালার আয়োজন করে online পরীক্ষা pass করলে প্রশংসাপত্র দেয় অধিক জানতে contact @ spoken - tutorial . org তে লিখুন,16.0
/home/abdullahmm/Shivam/subtask2_blindtest_wReadme/bengali/bengali_blind_wav/710326_18juLgypICU631Zm_0064.wav,/home/abdullahmm/Shivam/subtask2_blindtest_wReadme/bengali/bengali_blind_wav/710326_18juLgypICU631Zm_0064.wav,spoken tutorial প্রকল্প talk to a teacher প্রকল্পের অংশবিশেষ এটি ভারত সরকারের ict mhrd এর জাতীয় শিক্ষা mission দ্বারা সমর্থিত এই mission সম্পর্কে আরো তথ্য এই লিঙ্কে প্রাপ্তিসাধ্য iit bombay থেকে আমি,18.0
/home/abdullahmm/Shivam/subtask2_blindtest_wReadme/bengali/bengali_blind_wav/710326_18juLgypICU631Zm_0065.wav,/home/abdullahmm/Shivam/subtask2_blindtest_wReadme/bengali/bengali_blind_wav/710326_18juLgypICU631Zm_0065.wav,অংশগ্রহণের জন্যে ধন্যবাদ,3.05
/home/abdullahmm/Shivam/subtask2_blindtest_wReadme/bengali/bengali_blind_wav/712651_287dmyD8UyKO4Wtl_0000.wav,/home/abdullahmm/Shivam/subtask2_blindtest_wReadme/bengali/bengali_blind_wav/712651_287dmyD8UyKO4Wtl_0000.wav,java servlets এবং jsps এর টিউটোরিয়ালে আপনাদের স্বাগত,5.0
/home/abdullahmm/Shivam/subtask2_blindtest_wReadme/bengali/bengali_blind_wav/712651_287dmyD8UyKO4Wtl_0001.wav,/home/abdullahmm/Shivam/subtask2_blindtest_wReadme/bengali/bengali_blind_wav/712651_287dmyD8UyKO4Wtl_0001.wav,এই টিউটোরিয়ালে শিখব,3.0
/home/abdullahmm/Shivam/subtask2_blindtest_wReadme/bengali/bengali_blind_wav/712651_287dmyD8UyKO4Wtl_0002.wav,/home/abdullahmm/Shivam/subtask2_blindtest_wReadme/bengali/bengali_blind_wav/712651_287dmyD8UyKO4Wtl_0002.wav,server web container,3.0
/home/abdullahmm/Shivam/subtask2_blindtest_wReadme/bengali/bengali_blind_wav/712651_287dmyD8UyKO4Wtl_0003.wav,/home/abdullahmm/Shivam/subtask2_blindtest_wReadme/bengali/bengali_blind_wav/712651_287dmyD8UyKO4Wtl_0003.wav,এখানে একটি সহজ java servlet এবং jsp নির্মাণ করা শিখব,6.0
/home/abdullahmm/Shivam/subtask2_blindtest_wReadme/bengali/bengali_blind_wav/712651_287dmyD8UyKO4Wtl_0004.wav,/home/abdullahmm/Shivam/subtask2_blindtest_wReadme/bengali/bengali_blind_wav/712651_287dmyD8UyKO4Wtl_0004.wav,এখানে ubuntu,2.0
/home/abdullahmm/Shivam/subtask2_blindtest_wReadme/bengali/bengali_blind_wav/712651_287dmyD8UyKO4Wtl_0005.wav,/home/abdullahmm/Shivam/subtask2_blindtest_wReadme/bengali/bengali_blind_wav/712651_287dmyD8UyKO4Wtl_0005.wav,রণ 12 . 04,3.0
/home/abdullahmm/Shivam/subtask2_blindtest_wReadme/bengali/bengali_blind_wav/712651_287dmyD8UyKO4Wtl_0006.wav,/home/abdullahmm/Shivam/subtask2_blindtest_wReadme/bengali/bengali_blind_wav/712651_287dmyD8UyKO4Wtl_0006.wav,netbeans ide 7 . 3,4.0
/home/abdullahmm/Shivam/subtask2_blindtest_wReadme/bengali/bengali_blind_wav/712651_287dmyD8UyKO4Wtl_0007.wav,/home/abdullahmm/Shivam/subtask2_blindtest_wReadme/bengali/bengali_blind_wav/712651_287dmyD8UyKO4Wtl_0007.wav,jdk 1 . 7,2.0
/home/abdullahmm/Shivam/subtask2_blindtest_wReadme/bengali/bengali_blind_wav/712651_287dmyD8UyKO4Wtl_0008.wav,/home/abdullahmm/Shivam/subtask2_blindtest_wReadme/bengali/bengali_blind_wav/712651_287dmyD8UyKO4Wtl_0008.wav,firefox web browser 21 . 0 ব্যবহার করছি,4.0
/home/abdullahmm/Shivam/subtask2_blindtest_wReadme/bengali/bengali_blind_wav/712651_287dmyD8UyKO4Wtl_0009.wav,/home/abdullahmm/Shivam/subtask2_blindtest_wReadme/bengali/bengali_blind_wav/712651_287dmyD8UyKO4Wtl_0009.wav,আপনি পছন্দের web browser ব্যবহার করতে পারেন,4.0
/home/abdullahmm/Shivam/subtask2_blindtest_wReadme/bengali/bengali_blind_wav/712651_287dmyD8UyKO4Wtl_0010.wav,/home/abdullahmm/Shivam/subtask2_blindtest_wReadme/bengali/bengali_blind_wav/712651_287dmyD8UyKO4Wtl_0010.wav,tutorial অনুসরণ করতে,4.0
/home/abdullahmm/Shivam/subtask2_blindtest_wReadme/bengali/bengali_blind_wav/712651_287dmyD8UyKO4Wtl_0011.wav,/home/abdullahmm/Shivam/subtask2_blindtest_wReadme/bengali/bengali_blind_wav/712651_287dmyD8UyKO4Wtl_0011.wav,netbeans ide ব্যবহার করে core java,4.0
/home/abdullahmm/Shivam/subtask2_blindtest_wReadme/bengali/bengali_blind_wav/712651_287dmyD8UyKO4Wtl_0012.wav,/home/abdullahmm/Shivam/subtask2_blindtest_wReadme/bengali/bengali_blind_wav/712651_287dmyD8UyKO4Wtl_0012.wav,html সম্পর্কে জানতে হবে,2.0
/home/abdullahmm/Shivam/subtask2_blindtest_wReadme/bengali/bengali_blind_wav/712651_287dmyD8UyKO4Wtl_0013.wav,/home/abdullahmm/Shivam/subtask2_blindtest_wReadme/bengali/bengali_blind_wav/712651_287dmyD8UyKO4Wtl_0013.wav,না হলে প্রাসঙ্গিক tutorials জন্য আমাদের website যান,5.0
/home/abdullahmm/Shivam/subtask2_blindtest_wReadme/bengali/bengali_blind_wav/712651_287dmyD8UyKO4Wtl_0014.wav,/home/abdullahmm/Shivam/subtask2_blindtest_wReadme/bengali/bengali_blind_wav/712651_287dmyD8UyKO4Wtl_0014.wav,এখানে এগোনোর আগে প্রথমে web server সম্পর্কে শিখি,6.0
/home/abdullahmm/Shivam/subtask2_blindtest_wReadme/bengali/bengali_blind_wav/712651_287dmyD8UyKO4Wtl_0015.wav,/home/abdullahmm/Shivam/subtask2_blindtest_wReadme/bengali/bengali_blind_wav/712651_287dmyD8UyKO4Wtl_0015.wav,এটি একটি system যা internet এর মাধ্যমে অন্তিম ইউসারদের বিষয়বস্তু প্রদান করে,7.0
/home/abdullahmm/Shivam/subtask2_blindtest_wReadme/bengali/bengali_blind_wav/712651_287dmyD8UyKO4Wtl_0016.wav,/home/abdullahmm/Shivam/subtask2_blindtest_wReadme/bengali/bengali_blind_wav/712651_287dmyD8UyKO4Wtl_0016.wav,এটি internet server হিসাবেও পরিচিত,5.0
/home/abdullahmm/Shivam/subtask2_blindtest_wReadme/bengali/bengali_blind_wav/712651_287dmyD8UyKO4Wtl_0017.wav,/home/abdullahmm/Shivam/subtask2_blindtest_wReadme/bengali/bengali_blind_wav/712651_287dmyD8UyKO4Wtl_0017.wav,web container web সার্ভারের একটি component যা java servlet এর সাথে যোগাযোগ করে,8.0
/home/abdullahmm/Shivam/subtask2_blindtest_wReadme/bengali/bengali_blind_wav/712651_287dmyD8UyKO4Wtl_0018.wav,/home/abdullahmm/Shivam/subtask2_blindtest_wReadme/bengali/bengali_blind_wav/712651_287dmyD8UyKO4Wtl_0018.wav,এটি servlet container হিসাবেও পরিচিত,4.0
/home/abdullahmm/Shivam/subtask2_blindtest_wReadme/bengali/bengali_blind_wav/712651_287dmyD8UyKO4Wtl_0019.wav,/home/abdullahmm/Shivam/subtask2_blindtest_wReadme/bengali/bengali_blind_wav/712651_287dmyD8UyKO4Wtl_0019.wav,servlet container সার্ভলেটকে executeএর অনুমতি দেয়,6.0
/home/abdullahmm/Shivam/subtask2_blindtest_wReadme/bengali/bengali_blind_wav/712651_287dmyD8UyKO4Wtl_0020.wav,/home/abdullahmm/Shivam/subtask2_blindtest_wReadme/bengali/bengali_blind_wav/712651_287dmyD8UyKO4Wtl_0020.wav,এখন একটি সহজ servlet লেখা দেখি,4.0
/home/abdullahmm/Shivam/subtask2_blindtest_wReadme/bengali/bengali_blind_wav/712651_287dmyD8UyKO4Wtl_0021.wav,/home/abdullahmm/Shivam/subtask2_blindtest_wReadme/bengali/bengali_blind_wav/712651_287dmyD8UyKO4Wtl_0021.wav,netbeans ide তে যাই,3.0
/home/abdullahmm/Shivam/subtask2_blindtest_wReadme/bengali/bengali_blind_wav/712651_287dmyD8UyKO4Wtl_0022.wav,/home/abdullahmm/Shivam/subtask2_blindtest_wReadme/bengali/bengali_blind_wav/712651_287dmyD8UyKO4Wtl_0022.wav,ide এর বাম দিকে projects ট্যাবে টিপুন,5.0
/home/abdullahmm/Shivam/subtask2_blindtest_wReadme/bengali/bengali_blind_wav/712651_287dmyD8UyKO4Wtl_0023.wav,/home/abdullahmm/Shivam/subtask2_blindtest_wReadme/bengali/bengali_blind_wav/712651_287dmyD8UyKO4Wtl_0023.wav,এর আগে my first project নামে একটি সহজ প্রকল্প তৈরী করেছি,6.0
/home/abdullahmm/Shivam/subtask2_blindtest_wReadme/bengali/bengali_blind_wav/712651_287dmyD8UyKO4Wtl_0024.wav,/home/abdullahmm/Shivam/subtask2_blindtest_wReadme/bengali/bengali_blind_wav/712651_287dmyD8UyKO4Wtl_0024.wav,আপনি এটি ide এর বাম দিকে এখানে দেখবেন,4.0
/home/abdullahmm/Shivam/subtask2_blindtest_wReadme/bengali/bengali_blind_wav/712651_287dmyD8UyKO4Wtl_0025.wav,/home/abdullahmm/Shivam/subtask2_blindtest_wReadme/bengali/bengali_blind_wav/712651_287dmyD8UyKO4Wtl_0025.wav,এখন এই প্রকল্পের ভিতরে সহজ servlet তৈরি করি,5.0
/home/abdullahmm/Shivam/subtask2_blindtest_wReadme/bengali/bengali_blind_wav/712651_287dmyD8UyKO4Wtl_0026.wav,/home/abdullahmm/Shivam/subtask2_blindtest_wReadme/bengali/bengali_blind_wav/712651_287dmyD8UyKO4Wtl_0026.wav,my first project এ ডান click করুন,4.0
/home/abdullahmm/Shivam/subtask2_blindtest_wReadme/bengali/bengali_blind_wav/712651_287dmyD8UyKO4Wtl_0027.wav,/home/abdullahmm/Shivam/subtask2_blindtest_wReadme/bengali/bengali_blind_wav/712651_287dmyD8UyKO4Wtl_0027.wav,new তে গিয়ে servlet টিপুন,4.0
/home/abdullahmm/Shivam/subtask2_blindtest_wReadme/bengali/bengali_blind_wav/712651_287dmyD8UyKO4Wtl_0028.wav,/home/abdullahmm/Shivam/subtask2_blindtest_wReadme/bengali/bengali_blind_wav/712651_287dmyD8UyKO4Wtl_0028.wav,new servlet window খোলে,2.0
/home/abdullahmm/Shivam/subtask2_blindtest_wReadme/bengali/bengali_blind_wav/712651_287dmyD8UyKO4Wtl_0029.wav,/home/abdullahmm/Shivam/subtask2_blindtest_wReadme/bengali/bengali_blind_wav/712651_287dmyD8UyKO4Wtl_0029.wav,class name হিসাবে my servlet,4.0
/home/abdullahmm/Shivam/subtask2_blindtest_wReadme/bengali/bengali_blind_wav/712651_287dmyD8UyKO4Wtl_0030.wav,/home/abdullahmm/Shivam/subtask2_blindtest_wReadme/bengali/bengali_blind_wav/712651_287dmyD8UyKO4Wtl_0030.wav,package name হিসেবে org . spoken tutorial লিখুন,7.0
/home/abdullahmm/Shivam/subtask2_blindtest_wReadme/bengali/bengali_blind_wav/712651_287dmyD8UyKO4Wtl_0031.wav,/home/abdullahmm/Shivam/subtask2_blindtest_wReadme/bengali/bengali_blind_wav/712651_287dmyD8UyKO4Wtl_0031.wav,তারপর next এ টিপুন,2.0
/home/abdullahmm/Shivam/subtask2_blindtest_wReadme/bengali/bengali_blind_wav/712651_287dmyD8UyKO4Wtl_0032.wav,/home/abdullahmm/Shivam/subtask2_blindtest_wReadme/bengali/bengali_blind_wav/712651_287dmyD8UyKO4Wtl_0032.wav,add information to deployment descriptorএ টিপুন,5.0
/home/abdullahmm/Shivam/subtask2_blindtest_wReadme/bengali/bengali_blind_wav/712651_287dmyD8UyKO4Wtl_0033.wav,/home/abdullahmm/Shivam/subtask2_blindtest_wReadme/bengali/bengali_blind_wav/712651_287dmyD8UyKO4Wtl_0033.wav,আমরা দেখি যে class name হল org . spoken tutorial . my servlet,7.0
/home/abdullahmm/Shivam/subtask2_blindtest_wReadme/bengali/bengali_blind_wav/712651_287dmyD8UyKO4Wtl_0034.wav,/home/abdullahmm/Shivam/subtask2_blindtest_wReadme/bengali/bengali_blind_wav/712651_287dmyD8UyKO4Wtl_0034.wav,servlet name হল class name এর অনুরূপ যা হল my servlet,7.0
/home/abdullahmm/Shivam/subtask2_blindtest_wReadme/bengali/bengali_blind_wav/712651_287dmyD8UyKO4Wtl_0035.wav,/home/abdullahmm/Shivam/subtask2_blindtest_wReadme/bengali/bengali_blind_wav/712651_287dmyD8UyKO4Wtl_0035.wav,url pattern হল class name এর অনুরূপ যা হল my servlet,8.0
/home/abdullahmm/Shivam/subtask2_blindtest_wReadme/bengali/bengali_blind_wav/712651_287dmyD8UyKO4Wtl_0036.wav,/home/abdullahmm/Shivam/subtask2_blindtest_wReadme/bengali/bengali_blind_wav/712651_287dmyD8UyKO4Wtl_0036.wav,আমি এটি my servlet path এ পরিবর্তন করতে পারি,5.0
/home/abdullahmm/Shivam/subtask2_blindtest_wReadme/bengali/bengali_blind_wav/712651_287dmyD8UyKO4Wtl_0037.wav,/home/abdullahmm/Shivam/subtask2_blindtest_wReadme/bengali/bengali_blind_wav/712651_287dmyD8UyKO4Wtl_0037.wav,তারপর finish এ টিপুন,3.0
/home/abdullahmm/Shivam/subtask2_blindtest_wReadme/bengali/bengali_blind_wav/712651_287dmyD8UyKO4Wtl_0038.wav,/home/abdullahmm/Shivam/subtask2_blindtest_wReadme/bengali/bengali_blind_wav/712651_287dmyD8UyKO4Wtl_0038.wav,ide দ্বারা my servlet . java এর জন্য তৈরি করা source code source editor উইন্ডোতে দেখা যায়,8.0
/home/abdullahmm/Shivam/subtask2_blindtest_wReadme/bengali/bengali_blind_wav/712651_287dmyD8UyKO4Wtl_0039.wav,/home/abdullahmm/Shivam/subtask2_blindtest_wReadme/bengali/bengali_blind_wav/712651_287dmyD8UyKO4Wtl_0039.wav,আমরা দেখি যে my servlet . java কে package org . spoken tutorial এ তৈরি করা হয়েছে,8.0
/home/abdullahmm/Shivam/subtask2_blindtest_wReadme/bengali/bengali_blind_wav/712651_287dmyD8UyKO4Wtl_0040.wav,/home/abdullahmm/Shivam/subtask2_blindtest_wReadme/bengali/bengali_blind_wav/712651_287dmyD8UyKO4Wtl_0040.wav,servlet হল অন্য সহজ java কোডের মতো,5.0
/home/abdullahmm/Shivam/subtask2_blindtest_wReadme/bengali/bengali_blind_wav/712651_287dmyD8UyKO4Wtl_0041.wav,/home/abdullahmm/Shivam/subtask2_blindtest_wReadme/bengali/bengali_blind_wav/712651_287dmyD8UyKO4Wtl_0041.wav,শুধু এই বাদে যে servlet এর কোনো main method নেই,5.0
/home/abdullahmm/Shivam/subtask2_blindtest_wReadme/bengali/bengali_blind_wav/712651_287dmyD8UyKO4Wtl_0042.wav,/home/abdullahmm/Shivam/subtask2_blindtest_wReadme/bengali/bengali_blind_wav/712651_287dmyD8UyKO4Wtl_0042.wav,এখন glass fish server সম্পর্কে শিখি,5.0
/home/abdullahmm/Shivam/subtask2_blindtest_wReadme/bengali/bengali_blind_wav/712651_287dmyD8UyKO4Wtl_0043.wav,/home/abdullahmm/Shivam/subtask2_blindtest_wReadme/bengali/bengali_blind_wav/712651_287dmyD8UyKO4Wtl_0043.wav,এটি container এ স্থাপিত হয়েছে,4.0
/home/abdullahmm/Shivam/subtask2_blindtest_wReadme/bengali/bengali_blind_wav/712651_287dmyD8UyKO4Wtl_0044.wav,/home/abdullahmm/Shivam/subtask2_blindtest_wReadme/bengali/bengali_blind_wav/712651_287dmyD8UyKO4Wtl_0044.wav,server হিসাবে glass fish ব্যবহার করছি,4.0
/home/abdullahmm/Shivam/subtask2_blindtest_wReadme/bengali/bengali_blind_wav/712651_287dmyD8UyKO4Wtl_0045.wav,/home/abdullahmm/Shivam/subtask2_blindtest_wReadme/bengali/bengali_blind_wav/712651_287dmyD8UyKO4Wtl_0045.wav,servlet container হল glass fish এর component যা servlet সাথে যোগাযোগ করে,7.0
/home/abdullahmm/Shivam/subtask2_blindtest_wReadme/bengali/bengali_blind_wav/712651_287dmyD8UyKO4Wtl_0046.wav,/home/abdullahmm/Shivam/subtask2_blindtest_wReadme/bengali/bengali_blind_wav/712651_287dmyD8UyKO4Wtl_0046.wav,netbeans ide তে ফিরে আসি,3.0
/home/abdullahmm/Shivam/subtask2_blindtest_wReadme/bengali/bengali_blind_wav/712651_287dmyD8UyKO4Wtl_0049.wav,/home/abdullahmm/Shivam/subtask2_blindtest_wReadme/bengali/bengali_blind_wav/712651_287dmyD8UyKO4Wtl_0049.wav,এই method দেখতে বামদিকে + চিহ্নে টিপুন,5.0
/home/abdullahmm/Shivam/subtask2_blindtest_wReadme/bengali/bengali_blind_wav/712651_287dmyD8UyKO4Wtl_0050.wav,/home/abdullahmm/Shivam/subtask2_blindtest_wReadme/bengali/bengali_blind_wav/712651_287dmyD8UyKO4Wtl_0050.wav,আমরা নিম্ন methods দেখি do get do post get servlet info method,10.0
/home/abdullahmm/Shivam/subtask2_blindtest_wReadme/bengali/bengali_blind_wav/712651_287dmyD8UyKO4Wtl_0051.wav,/home/abdullahmm/Shivam/subtask2_blindtest_wReadme/bengali/bengali_blind_wav/712651_287dmyD8UyKO4Wtl_0051.wav,এই method অগ্রাহ্য করতে পারি,3.0
/home/abdullahmm/Shivam/subtask2_blindtest_wReadme/bengali/bengali_blind_wav/712651_287dmyD8UyKO4Wtl_0052.wav,/home/abdullahmm/Shivam/subtask2_blindtest_wReadme/bengali/bengali_blind_wav/712651_287dmyD8UyKO4Wtl_0052.wav,উপরে process request নামে আরও একটি method রয়েছে,6.0
/home/abdullahmm/Shivam/subtask2_blindtest_wReadme/bengali/bengali_blind_wav/712651_287dmyD8UyKO4Wtl_0053.wav,/home/abdullahmm/Shivam/subtask2_blindtest_wReadme/bengali/bengali_blind_wav/712651_287dmyD8UyKO4Wtl_0053.wav,বিভ্রান্তি এড়াতে process request এবং get servlet info method মুছে ফেলবো,7.0
/home/abdullahmm/Shivam/subtask2_blindtest_wReadme/bengali/bengali_blind_wav/712651_287dmyD8UyKO4Wtl_0054.wav,/home/abdullahmm/Shivam/subtask2_blindtest_wReadme/bengali/bengali_blind_wav/712651_287dmyD8UyKO4Wtl_0054.wav,এখানে দুটি method রয়েছে do get এবং do post,6.0
/home/abdullahmm/Shivam/subtask2_blindtest_wReadme/bengali/bengali_blind_wav/712651_287dmyD8UyKO4Wtl_0055.wav,/home/abdullahmm/Shivam/subtask2_blindtest_wReadme/bengali/bengali_blind_wav/712651_287dmyD8UyKO4Wtl_0055.wav,এখন do get method দেখবো,4.0
/home/abdullahmm/Shivam/subtask2_blindtest_wReadme/bengali/bengali_blind_wav/712651_287dmyD8UyKO4Wtl_0056.wav,/home/abdullahmm/Shivam/subtask2_blindtest_wReadme/bengali/bengali_blind_wav/712651_287dmyD8UyKO4Wtl_0056.wav,do get হল যে কোনো সহজ url অনুরোধের জন্য default method,6.0
/home/abdullahmm/Shivam/subtask2_blindtest_wReadme/bengali/bengali_blind_wav/712651_287dmyD8UyKO4Wtl_0057.wav,/home/abdullahmm/Shivam/subtask2_blindtest_wReadme/bengali/bengali_blind_wav/712651_287dmyD8UyKO4Wtl_0057.wav,তাই do get মেথডের ভেতরে কিছু code লিখব,4.0
/home/abdullahmm/Shivam/subtask2_blindtest_wReadme/bengali/bengali_blind_wav/712651_287dmyD8UyKO4Wtl_0058.wav,/home/abdullahmm/Shivam/subtask2_blindtest_wReadme/bengali/bengali_blind_wav/712651_287dmyD8UyKO4Wtl_0058.wav,আমরা process request method মুছে ফেলেছি,4.0
/home/abdullahmm/Shivam/subtask2_blindtest_wReadme/bengali/bengali_blind_wav/712651_287dmyD8UyKO4Wtl_0059.wav,/home/abdullahmm/Shivam/subtask2_blindtest_wReadme/bengali/bengali_blind_wav/712651_287dmyD8UyKO4Wtl_0059.wav,তাই process request method call করার method মুছে দিন,5.0
/home/abdullahmm/Shivam/subtask2_blindtest_wReadme/bengali/bengali_blind_wav/712651_287dmyD8UyKO4Wtl_0060.wav,/home/abdullahmm/Shivam/subtask2_blindtest_wReadme/bengali/bengali_blind_wav/712651_287dmyD8UyKO4Wtl_0060.wav,এছাড়া do post method থেকেও মুছে দিন,4.0
/home/abdullahmm/Shivam/subtask2_blindtest_wReadme/bengali/bengali_blind_wav/712651_287dmyD8UyKO4Wtl_0061.wav,/home/abdullahmm/Shivam/subtask2_blindtest_wReadme/bengali/bengali_blind_wav/712651_287dmyD8UyKO4Wtl_0061.wav,এখন do get method এ আসি,3.0
/home/abdullahmm/Shivam/subtask2_blindtest_wReadme/bengali/bengali_blind_wav/712651_287dmyD8UyKO4Wtl_0062.wav,/home/abdullahmm/Shivam/subtask2_blindtest_wReadme/bengali/bengali_blind_wav/712651_287dmyD8UyKO4Wtl_0062.wav,আমরা দেখতে পারি যে এখানে দুটি parameter do get method নেওয়া হয়েছে,6.0
/home/abdullahmm/Shivam/subtask2_blindtest_wReadme/bengali/bengali_blind_wav/712651_287dmyD8UyKO4Wtl_0063.wav,/home/abdullahmm/Shivam/subtask2_blindtest_wReadme/bengali/bengali_blind_wav/712651_287dmyD8UyKO4Wtl_0063.wav,একটি হল request এবং অপরটি হল response object,5.0
/home/abdullahmm/Shivam/subtask2_blindtest_wReadme/bengali/bengali_blind_wav/712651_287dmyD8UyKO4Wtl_0066.wav,/home/abdullahmm/Shivam/subtask2_blindtest_wReadme/bengali/bengali_blind_wav/712651_287dmyD8UyKO4Wtl_0066.wav,ক্লায়েন্টের দিকে html এ response ফেরৎ পাঠাতে response object ব্যবহার করব,8.0
/home/abdullahmm/Shivam/subtask2_blindtest_wReadme/bengali/bengali_blind_wav/712651_287dmyD8UyKO4Wtl_0067.wav,/home/abdullahmm/Shivam/subtask2_blindtest_wReadme/bengali/bengali_blind_wav/712651_287dmyD8UyKO4Wtl_0067.wav,এটি করতে print writer object তৈরী করতে হবে,5.0
/home/abdullahmm/Shivam/subtask2_blindtest_wReadme/bengali/bengali_blind_wav/712651_287dmyD8UyKO4Wtl_0068.wav,/home/abdullahmm/Shivam/subtask2_blindtest_wReadme/bengali/bengali_blind_wav/712651_287dmyD8UyKO4Wtl_0068.wav,print writer class ইতিমধ্যে import করা হয়েছে,5.0
/home/abdullahmm/Shivam/subtask2_blindtest_wReadme/bengali/bengali_blind_wav/712651_287dmyD8UyKO4Wtl_0069.wav,/home/abdullahmm/Shivam/subtask2_blindtest_wReadme/bengali/bengali_blind_wav/712651_287dmyD8UyKO4Wtl_0069.wav,তাই do get method লিখুন print writer space writer = response . get writer open এবং close ( ;,17.0
/home/abdullahmm/Shivam/subtask2_blindtest_wReadme/bengali/bengali_blind_wav/712651_287dmyD8UyKO4Wtl_0070.wav,/home/abdullahmm/Shivam/subtask2_blindtest_wReadme/bengali/bengali_blind_wav/712651_287dmyD8UyKO4Wtl_0070.wav,enter টিপুন,2.0
/home/abdullahmm/Shivam/subtask2_blindtest_wReadme/bengali/bengali_blind_wav/712651_287dmyD8UyKO4Wtl_0071.wav,/home/abdullahmm/Shivam/subtask2_blindtest_wReadme/bengali/bengali_blind_wav/712651_287dmyD8UyKO4Wtl_0071.wav,পরের line লিখুন,3.0
/home/abdullahmm/Shivam/subtask2_blindtest_wReadme/bengali/bengali_blind_wav/712651_287dmyD8UyKO4Wtl_0072.wav,/home/abdullahmm/Shivam/subtask2_blindtest_wReadme/bengali/bengali_blind_wav/712651_287dmyD8UyKO4Wtl_0072.wav,writer . println প্রথম ( এবং double উদ্ধৃতিতে welcome,7.0
/home/abdullahmm/Shivam/subtask2_blindtest_wReadme/bengali/bengali_blind_wav/712651_287dmyD8UyKO4Wtl_0073.wav,/home/abdullahmm/Shivam/subtask2_blindtest_wReadme/bengali/bengali_blind_wav/712651_287dmyD8UyKO4Wtl_0073.wav,file সংরক্ষণ করতে ctrl s টিপুন,5.0
/home/abdullahmm/Shivam/subtask2_blindtest_wReadme/bengali/bengali_blind_wav/712651_287dmyD8UyKO4Wtl_0074.wav,/home/abdullahmm/Shivam/subtask2_blindtest_wReadme/bengali/bengali_blind_wav/712651_287dmyD8UyKO4Wtl_0074.wav,এখন servlet run করুন,3.0
/home/abdullahmm/Shivam/subtask2_blindtest_wReadme/bengali/bengali_blind_wav/712651_287dmyD8UyKO4Wtl_0075.wav,/home/abdullahmm/Shivam/subtask2_blindtest_wReadme/bengali/bengali_blind_wav/712651_287dmyD8UyKO4Wtl_0075.wav,বাম দিকে projects tab এ ডান click করে my servlet . java তে টিপুন,7.0
/home/abdullahmm/Shivam/subtask2_blindtest_wReadme/bengali/bengali_blind_wav/712651_287dmyD8UyKO4Wtl_0076.wav,/home/abdullahmm/Shivam/subtask2_blindtest_wReadme/bengali/bengali_blind_wav/712651_287dmyD8UyKO4Wtl_0076.wav,তারপর run file এ টিপুন,3.0
/home/abdullahmm/Shivam/subtask2_blindtest_wReadme/bengali/bengali_blind_wav/712651_287dmyD8UyKO4Wtl_0077.wav,/home/abdullahmm/Shivam/subtask2_blindtest_wReadme/bengali/bengali_blind_wav/712651_287dmyD8UyKO4Wtl_0077.wav,set servlet execution url dialog box pi,5.0
/home/abdullahmm/Shivam/subtask2_blindtest_wReadme/bengali/bengali_blind_wav/712651_287dmyD8UyKO4Wtl_0078.wav,/home/abdullahmm/Shivam/subtask2_blindtest_wReadme/bengali/bengali_blind_wav/712651_287dmyD8UyKO4Wtl_0078.wav,এখন ok টিপুন,3.0
/home/abdullahmm/Shivam/subtask2_blindtest_wReadme/bengali/bengali_blind_wav/712651_287dmyD8UyKO4Wtl_0079.wav,/home/abdullahmm/Shivam/subtask2_blindtest_wReadme/bengali/bengali_blind_wav/712651_287dmyD8UyKO4Wtl_0079.wav,browser window প্রর্দশিত হলে url এ দেখুন,4.0
/home/abdullahmm/Shivam/subtask2_blindtest_wReadme/bengali/bengali_blind_wav/712651_287dmyD8UyKO4Wtl_0080.wav,/home/abdullahmm/Shivam/subtask2_blindtest_wReadme/bengali/bengali_blind_wav/712651_287dmyD8UyKO4Wtl_0080.wav,এটি হল local host : 8080 / my first project / my servlet path,8.0
/home/abdullahmm/Shivam/subtask2_blindtest_wReadme/bengali/bengali_blind_wav/712651_287dmyD8UyKO4Wtl_0081.wav,/home/abdullahmm/Shivam/subtask2_blindtest_wReadme/bengali/bengali_blind_wav/712651_287dmyD8UyKO4Wtl_0081.wav,my first project হল কনটেক্সটের নাম my servlet path হল url pattern,8.0
/home/abdullahmm/Shivam/subtask2_blindtest_wReadme/bengali/bengali_blind_wav/712651_287dmyD8UyKO4Wtl_0082.wav,/home/abdullahmm/Shivam/subtask2_blindtest_wReadme/bengali/bengali_blind_wav/712651_287dmyD8UyKO4Wtl_0082.wav,browser এ welcome text print হওয়া দেখি,5.0
/home/abdullahmm/Shivam/subtask2_blindtest_wReadme/bengali/bengali_blind_wav/712651_287dmyD8UyKO4Wtl_0083.wav,/home/abdullahmm/Shivam/subtask2_blindtest_wReadme/bengali/bengali_blind_wav/712651_287dmyD8UyKO4Wtl_0083.wav,netbeans ide তে ফিরে আসি,3.0
/home/abdullahmm/Shivam/subtask2_blindtest_wReadme/bengali/bengali_blind_wav/712651_287dmyD8UyKO4Wtl_0084.wav,/home/abdullahmm/Shivam/subtask2_blindtest_wReadme/bengali/bengali_blind_wav/712651_287dmyD8UyKO4Wtl_0084.wav,println method এ html code লিখতে পারি,4.0
/home/abdullahmm/Shivam/subtask2_blindtest_wReadme/bengali/bengali_blind_wav/712651_287dmyD8UyKO4Wtl_0085.wav,/home/abdullahmm/Shivam/subtask2_blindtest_wReadme/bengali/bengali_blind_wav/712651_287dmyD8UyKO4Wtl_0085.wav,যেমন h 3 tag এ welcome এখন ফাইলটি,5.0
/home/abdullahmm/Shivam/subtask2_blindtest_wReadme/bengali/bengali_blind_wav/712651_287dmyD8UyKO4Wtl_0086.wav,/home/abdullahmm/Shivam/subtask2_blindtest_wReadme/bengali/bengali_blind_wav/712651_287dmyD8UyKO4Wtl_0086.wav,এখন file সংরক্ষণ করি,2.0
/home/abdullahmm/Shivam/subtask2_blindtest_wReadme/bengali/bengali_blind_wav/712651_287dmyD8UyKO4Wtl_0087.wav,/home/abdullahmm/Shivam/subtask2_blindtest_wReadme/bengali/bengali_blind_wav/712651_287dmyD8UyKO4Wtl_0087.wav,servlet পূর্বেই স্থাপিত করায় আমাদের এটি আর run করার দরকার নেই,6.0
/home/abdullahmm/Shivam/subtask2_blindtest_wReadme/bengali/bengali_blind_wav/712651_287dmyD8UyKO4Wtl_0088.wav,/home/abdullahmm/Shivam/subtask2_blindtest_wReadme/bengali/bengali_blind_wav/712651_287dmyD8UyKO4Wtl_0088.wav,web container এটি সনাক্ত করে,3.0
/home/abdullahmm/Shivam/subtask2_blindtest_wReadme/bengali/bengali_blind_wav/712651_287dmyD8UyKO4Wtl_0089.wav,/home/abdullahmm/Shivam/subtask2_blindtest_wReadme/bengali/bengali_blind_wav/712651_287dmyD8UyKO4Wtl_0089.wav,এখন browser ফিরে যেতে পারি,4.0
/home/abdullahmm/Shivam/subtask2_blindtest_wReadme/bengali/bengali_blind_wav/712651_287dmyD8UyKO4Wtl_0090.wav,/home/abdullahmm/Shivam/subtask2_blindtest_wReadme/bengali/bengali_blind_wav/712651_287dmyD8UyKO4Wtl_0090.wav,refresh করুন অন্যভাবে welcome ম্যাসেজ দেখি,5.0
/home/abdullahmm/Shivam/subtask2_blindtest_wReadme/bengali/bengali_blind_wav/712651_287dmyD8UyKO4Wtl_0091.wav,/home/abdullahmm/Shivam/subtask2_blindtest_wReadme/bengali/bengali_blind_wav/712651_287dmyD8UyKO4Wtl_0091.wav,এখন ide তে ফিরে আসি,3.0
/home/abdullahmm/Shivam/subtask2_blindtest_wReadme/bengali/bengali_blind_wav/712651_287dmyD8UyKO4Wtl_0092.wav,/home/abdullahmm/Shivam/subtask2_blindtest_wReadme/bengali/bengali_blind_wav/712651_287dmyD8UyKO4Wtl_0092.wav,আমরা সফলভাবে servlet তৈরি করেছি,4.0
/home/abdullahmm/Shivam/subtask2_blindtest_wReadme/bengali/bengali_blind_wav/712651_287dmyD8UyKO4Wtl_0093.wav,/home/abdullahmm/Shivam/subtask2_blindtest_wReadme/bengali/bengali_blind_wav/712651_287dmyD8UyKO4Wtl_0093.wav,servlets ব্যবহার করে যে কোনও web application তৈরি করতে পারি,6.0
/home/abdullahmm/Shivam/subtask2_blindtest_wReadme/bengali/bengali_blind_wav/712651_287dmyD8UyKO4Wtl_0094.wav,/home/abdullahmm/Shivam/subtask2_blindtest_wReadme/bengali/bengali_blind_wav/712651_287dmyD8UyKO4Wtl_0094.wav,html code প্রদর্শন করতে servlet করছি,4.0
/home/abdullahmm/Shivam/subtask2_blindtest_wReadme/bengali/bengali_blind_wav/712651_287dmyD8UyKO4Wtl_0095.wav,/home/abdullahmm/Shivam/subtask2_blindtest_wReadme/bengali/bengali_blind_wav/712651_287dmyD8UyKO4Wtl_0095.wav,java কোডের ভিতরে html code রয়েছে,5.0
/home/abdullahmm/Shivam/subtask2_blindtest_wReadme/bengali/bengali_blind_wav/712651_287dmyD8UyKO4Wtl_0096.wav,/home/abdullahmm/Shivam/subtask2_blindtest_wReadme/bengali/bengali_blind_wav/712651_287dmyD8UyKO4Wtl_0096.wav,এটি সম্ভব হলেও এটি দীর্ঘ web application এর জন্য কঠিন,6.0
/home/abdullahmm/Shivam/subtask2_blindtest_wReadme/bengali/bengali_blind_wav/712651_287dmyD8UyKO4Wtl_0097.wav,/home/abdullahmm/Shivam/subtask2_blindtest_wReadme/bengali/bengali_blind_wav/712651_287dmyD8UyKO4Wtl_0097.wav,এটি প্রস্তাবিত অনুশীলনী নয়,3.0
/home/abdullahmm/Shivam/subtask2_blindtest_wReadme/bengali/bengali_blind_wav/712651_287dmyD8UyKO4Wtl_0098.wav,/home/abdullahmm/Shivam/subtask2_blindtest_wReadme/bengali/bengali_blind_wav/712651_287dmyD8UyKO4Wtl_0098.wav,এটি jsp ব্যবহার করে প্রতিস্থাপিত করা ভালো,7.0
/home/abdullahmm/Shivam/subtask2_blindtest_wReadme/bengali/bengali_blind_wav/712651_287dmyD8UyKO4Wtl_0099.wav,/home/abdullahmm/Shivam/subtask2_blindtest_wReadme/bengali/bengali_blind_wav/712651_287dmyD8UyKO4Wtl_0099.wav,এখন servlet এবং jsps এর ব্যবহার,3.0
/home/abdullahmm/Shivam/subtask2_blindtest_wReadme/bengali/bengali_blind_wav/712651_287dmyD8UyKO4Wtl_0100.wav,/home/abdullahmm/Shivam/subtask2_blindtest_wReadme/bengali/bengali_blind_wav/712651_287dmyD8UyKO4Wtl_0100.wav,এগুলি একত্রে বিষয়বস্তু থেকে প্রদর্শিত সমূহ পৃথক করতে ব্যবহৃত হয়,7.0
/home/abdullahmm/Shivam/subtask2_blindtest_wReadme/bengali/bengali_blind_wav/712651_287dmyD8UyKO4Wtl_0101.wav,/home/abdullahmm/Shivam/subtask2_blindtest_wReadme/bengali/bengali_blind_wav/712651_287dmyD8UyKO4Wtl_0101.wav,servlets controller এবং jsps view হিসেবে কাজ করে,5.0
/home/abdullahmm/Shivam/subtask2_blindtest_wReadme/bengali/bengali_blind_wav/712651_287dmyD8UyKO4Wtl_0102.wav,/home/abdullahmm/Shivam/subtask2_blindtest_wReadme/bengali/bengali_blind_wav/712651_287dmyD8UyKO4Wtl_0102.wav,servlets এ java কোডের ভিতরে html code থাকে,5.0
/home/abdullahmm/Shivam/subtask2_blindtest_wReadme/bengali/bengali_blind_wav/712651_287dmyD8UyKO4Wtl_0103.wav,/home/abdullahmm/Shivam/subtask2_blindtest_wReadme/bengali/bengali_blind_wav/712651_287dmyD8UyKO4Wtl_0103.wav,jsps তে html কোডের ভিতরে java code থাকে,5.0
/home/abdullahmm/Shivam/subtask2_blindtest_wReadme/bengali/bengali_blind_wav/712651_287dmyD8UyKO4Wtl_0104.wav,/home/abdullahmm/Shivam/subtask2_blindtest_wReadme/bengali/bengali_blind_wav/712651_287dmyD8UyKO4Wtl_0104.wav,এই সম্পর্কে পরবর্তী টিউটোরিয়ালে শিখব,4.0
/home/abdullahmm/Shivam/subtask2_blindtest_wReadme/bengali/bengali_blind_wav/712651_287dmyD8UyKO4Wtl_0105.wav,/home/abdullahmm/Shivam/subtask2_blindtest_wReadme/bengali/bengali_blind_wav/712651_287dmyD8UyKO4Wtl_0105.wav,এখন netbeans ide তে ফিরে আসি,3.0
/home/abdullahmm/Shivam/subtask2_blindtest_wReadme/bengali/bengali_blind_wav/712651_287dmyD8UyKO4Wtl_0106.wav,/home/abdullahmm/Shivam/subtask2_blindtest_wReadme/bengali/bengali_blind_wav/712651_287dmyD8UyKO4Wtl_0106.wav,আমরা একটি সহজ jsp পৃষ্ঠা তৈরী করব,5.0
/home/abdullahmm/Shivam/subtask2_blindtest_wReadme/bengali/bengali_blind_wav/712651_287dmyD8UyKO4Wtl_0107.wav,/home/abdullahmm/Shivam/subtask2_blindtest_wReadme/bengali/bengali_blind_wav/712651_287dmyD8UyKO4Wtl_0107.wav,তাই my first project এ গিয়ে ডান click করে,3.0
/home/abdullahmm/Shivam/subtask2_blindtest_wReadme/bengali/bengali_blind_wav/712651_287dmyD8UyKO4Wtl_0108.wav,/home/abdullahmm/Shivam/subtask2_blindtest_wReadme/bengali/bengali_blind_wav/712651_287dmyD8UyKO4Wtl_0108.wav,newতে গিয়ে jsp তে টিপুন,4.0
/home/abdullahmm/Shivam/subtask2_blindtest_wReadme/bengali/bengali_blind_wav/712651_287dmyD8UyKO4Wtl_0109.wav,/home/abdullahmm/Shivam/subtask2_blindtest_wReadme/bengali/bengali_blind_wav/712651_287dmyD8UyKO4Wtl_0109.wav,new jsp window খোলে,3.0
/home/abdullahmm/Shivam/subtask2_blindtest_wReadme/bengali/bengali_blind_wav/712651_287dmyD8UyKO4Wtl_0110.wav,/home/abdullahmm/Shivam/subtask2_blindtest_wReadme/bengali/bengali_blind_wav/712651_287dmyD8UyKO4Wtl_0110.wav,file name হিসাবে welcome লিখে,4.0
/home/abdullahmm/Shivam/subtask2_blindtest_wReadme/bengali/bengali_blind_wav/712651_287dmyD8UyKO4Wtl_0111.wav,/home/abdullahmm/Shivam/subtask2_blindtest_wReadme/bengali/bengali_blind_wav/712651_287dmyD8UyKO4Wtl_0111.wav,finish এ টিপুন,3.0
/home/abdullahmm/Shivam/subtask2_blindtest_wReadme/bengali/bengali_blind_wav/712651_287dmyD8UyKO4Wtl_0112.wav,/home/abdullahmm/Shivam/subtask2_blindtest_wReadme/bengali/bengali_blind_wav/712651_287dmyD8UyKO4Wtl_0112.wav,বাম দিকে projects tabএ টিপুন,3.0
/home/abdullahmm/Shivam/subtask2_blindtest_wReadme/bengali/bengali_blind_wav/712651_287dmyD8UyKO4Wtl_0113.wav,/home/abdullahmm/Shivam/subtask2_blindtest_wReadme/bengali/bengali_blind_wav/712651_287dmyD8UyKO4Wtl_0113.wav,web pages ফোল্ডারের নীচে welcome . jsp দেখতে পারি,6.0
/home/abdullahmm/Shivam/subtask2_blindtest_wReadme/bengali/bengali_blind_wav/712651_287dmyD8UyKO4Wtl_0114.wav,/home/abdullahmm/Shivam/subtask2_blindtest_wReadme/bengali/bengali_blind_wav/712651_287dmyD8UyKO4Wtl_0114.wav,editor hello world কে welcome এ বদলান,6.0
/home/abdullahmm/Shivam/subtask2_blindtest_wReadme/bengali/bengali_blind_wav/712651_287dmyD8UyKO4Wtl_0115.wav,/home/abdullahmm/Shivam/subtask2_blindtest_wReadme/bengali/bengali_blind_wav/712651_287dmyD8UyKO4Wtl_0115.wav,welcome h 1 ট্যাগের মধ্যে রয়েছে,4.0
/home/abdullahmm/Shivam/subtask2_blindtest_wReadme/bengali/bengali_blind_wav/712651_287dmyD8UyKO4Wtl_0116.wav,/home/abdullahmm/Shivam/subtask2_blindtest_wReadme/bengali/bengali_blind_wav/712651_287dmyD8UyKO4Wtl_0116.wav,file সংরক্ষণ করে,2.0
/home/abdullahmm/Shivam/subtask2_blindtest_wReadme/bengali/bengali_blind_wav/712651_287dmyD8UyKO4Wtl_0117.wav,/home/abdullahmm/Shivam/subtask2_blindtest_wReadme/bengali/bengali_blind_wav/712651_287dmyD8UyKO4Wtl_0117.wav,browser এ ফিরে আসি,2.0
/home/abdullahmm/Shivam/subtask2_blindtest_wReadme/bengali/bengali_blind_wav/712651_287dmyD8UyKO4Wtl_0118.wav,/home/abdullahmm/Shivam/subtask2_blindtest_wReadme/bengali/bengali_blind_wav/712651_287dmyD8UyKO4Wtl_0118.wav,url এ my first project / এর পর welcome . jsp লিখুন,8.0
/home/abdullahmm/Shivam/subtask2_blindtest_wReadme/bengali/bengali_blind_wav/712651_287dmyD8UyKO4Wtl_0119.wav,/home/abdullahmm/Shivam/subtask2_blindtest_wReadme/bengali/bengali_blind_wav/712651_287dmyD8UyKO4Wtl_0119.wav,output হল welcome,3.0
/home/abdullahmm/Shivam/subtask2_blindtest_wReadme/bengali/bengali_blind_wav/712651_287dmyD8UyKO4Wtl_0120.wav,/home/abdullahmm/Shivam/subtask2_blindtest_wReadme/bengali/bengali_blind_wav/712651_287dmyD8UyKO4Wtl_0120.wav,প্রদর্শনের উদ্দেশ্য jsp পছন্দিত,4.0
/home/abdullahmm/Shivam/subtask2_blindtest_wReadme/bengali/bengali_blind_wav/712651_287dmyD8UyKO4Wtl_0121.wav,/home/abdullahmm/Shivam/subtask2_blindtest_wReadme/bengali/bengali_blind_wav/712651_287dmyD8UyKO4Wtl_0121.wav,সংক্ষেপে এখানে শিখেছি,2.0
/home/abdullahmm/Shivam/subtask2_blindtest_wReadme/bengali/bengali_blind_wav/712651_287dmyD8UyKO4Wtl_0122.wav,/home/abdullahmm/Shivam/subtask2_blindtest_wReadme/bengali/bengali_blind_wav/712651_287dmyD8UyKO4Wtl_0122.wav,web server এবং web container,3.0
/home/abdullahmm/Shivam/subtask2_blindtest_wReadme/bengali/bengali_blind_wav/712651_287dmyD8UyKO4Wtl_0123.wav,/home/abdullahmm/Shivam/subtask2_blindtest_wReadme/bengali/bengali_blind_wav/712651_287dmyD8UyKO4Wtl_0123.wav,tainer সম্পর্কে,2.0
/home/abdullahmm/Shivam/subtask2_blindtest_wReadme/bengali/bengali_blind_wav/712651_287dmyD8UyKO4Wtl_0124.wav,/home/abdullahmm/Shivam/subtask2_blindtest_wReadme/bengali/bengali_blind_wav/712651_287dmyD8UyKO4Wtl_0124.wav,একটি সহজ servlet তৈরি করা একটি,3.0
/home/abdullahmm/Shivam/subtask2_blindtest_wReadme/bengali/bengali_blind_wav/712651_287dmyD8UyKO4Wtl_0125.wav,/home/abdullahmm/Shivam/subtask2_blindtest_wReadme/bengali/bengali_blind_wav/712651_287dmyD8UyKO4Wtl_0125.wav,একটি সহজ jsp তৈরি করা এগোনোর আগে,3.0
/home/abdullahmm/Shivam/subtask2_blindtest_wReadme/bengali/bengali_blind_wav/712651_287dmyD8UyKO4Wtl_0126.wav,/home/abdullahmm/Shivam/subtask2_blindtest_wReadme/bengali/bengali_blind_wav/712651_287dmyD8UyKO4Wtl_0126.wav,নিশ্চিত করুন যে এই টিউটোরিয়ালটি সমাপ্ত করেছেন,6.0
/home/abdullahmm/Shivam/subtask2_blindtest_wReadme/bengali/bengali_blind_wav/712651_287dmyD8UyKO4Wtl_0127.wav,/home/abdullahmm/Shivam/subtask2_blindtest_wReadme/bengali/bengali_blind_wav/712651_287dmyD8UyKO4Wtl_0127.wav,এই link উপলব্ধ video দেখুন,3.0
/home/abdullahmm/Shivam/subtask2_blindtest_wReadme/bengali/bengali_blind_wav/712651_287dmyD8UyKO4Wtl_0128.wav,/home/abdullahmm/Shivam/subtask2_blindtest_wReadme/bengali/bengali_blind_wav/712651_287dmyD8UyKO4Wtl_0128.wav,এটি প্রকল্পকে সারসংক্ষেপে বোঝায়,4.0
/home/abdullahmm/Shivam/subtask2_blindtest_wReadme/bengali/bengali_blind_wav/712651_287dmyD8UyKO4Wtl_0129.wav,/home/abdullahmm/Shivam/subtask2_blindtest_wReadme/bengali/bengali_blind_wav/712651_287dmyD8UyKO4Wtl_0129.wav,ভাল bandwidth না থাকলে ভিডিওটি download করে দেখুন,5.0
/home/abdullahmm/Shivam/subtask2_blindtest_wReadme/bengali/bengali_blind_wav/712651_287dmyD8UyKO4Wtl_0130.wav,/home/abdullahmm/Shivam/subtask2_blindtest_wReadme/bengali/bengali_blind_wav/712651_287dmyD8UyKO4Wtl_0130.wav,spoken tutorial প্রকল্প the,2.0
/home/abdullahmm/Shivam/subtask2_blindtest_wReadme/bengali/bengali_blind_wav/712651_287dmyD8UyKO4Wtl_0131.wav,/home/abdullahmm/Shivam/subtask2_blindtest_wReadme/bengali/bengali_blind_wav/712651_287dmyD8UyKO4Wtl_0131.wav,কর্মশালার আয়োজন করে online,4.0
/home/abdullahmm/Shivam/subtask2_blindtest_wReadme/bengali/bengali_blind_wav/712651_287dmyD8UyKO4Wtl_0132.wav,/home/abdullahmm/Shivam/subtask2_blindtest_wReadme/bengali/bengali_blind_wav/712651_287dmyD8UyKO4Wtl_0132.wav,online পরীক্ষা pass করলে প্রশংসাপত্র দেয়,3.0
/home/abdullahmm/Shivam/subtask2_blindtest_wReadme/bengali/bengali_blind_wav/712651_287dmyD8UyKO4Wtl_0134.wav,/home/abdullahmm/Shivam/subtask2_blindtest_wReadme/bengali/bengali_blind_wav/712651_287dmyD8UyKO4Wtl_0134.wav,spoken tutorial প্রকল্প talk,4.0
/home/abdullahmm/Shivam/subtask2_blindtest_wReadme/bengali/bengali_blind_wav/712651_287dmyD8UyKO4Wtl_0135.wav,/home/abdullahmm/Shivam/subtask2_blindtest_wReadme/bengali/bengali_blind_wav/712651_287dmyD8UyKO4Wtl_0135.wav,প্রকল্প বিশেষ এটি ভারত সরকারের ict am এইচ আর ডিয়ে,8.0
/home/abdullahmm/Shivam/subtask2_blindtest_wReadme/bengali/bengali_blind_wav/712651_287dmyD8UyKO4Wtl_0136.wav,/home/abdullahmm/Shivam/subtask2_blindtest_wReadme/bengali/bengali_blind_wav/712651_287dmyD8UyKO4Wtl_0136.wav,জাতীয় শিক্ষা mission দ্বারা সমর্থিত এই বিষয়ে বিস্তারিত তথ্য এই লিঙ্কে প্রাপ্তিসাধ্য,10.0
/home/abdullahmm/Shivam/subtask2_blindtest_wReadme/bengali/bengali_blind_wav/712651_287dmyD8UyKO4Wtl_0137.wav,/home/abdullahmm/Shivam/subtask2_blindtest_wReadme/bengali/bengali_blind_wav/712651_287dmyD8UyKO4Wtl_0137.wav,library management system software mnc তাদের corporate social responsibility প্রোগ্রামের মাধ্যমে করেছে,10.0
/home/abdullahmm/Shivam/subtask2_blindtest_wReadme/bengali/bengali_blind_wav/712651_287dmyD8UyKO4Wtl_0138.wav,/home/abdullahmm/Shivam/subtask2_blindtest_wReadme/bengali/bengali_blind_wav/712651_287dmyD8UyKO4Wtl_0138.wav,তারা tutorial বিষয়বস্তু ও যাচাই করেছে,4.0
/home/abdullahmm/Shivam/subtask2_blindtest_wReadme/bengali/bengali_blind_wav/712651_287dmyD8UyKO4Wtl_0139.wav,/home/abdullahmm/Shivam/subtask2_blindtest_wReadme/bengali/bengali_blind_wav/712651_287dmyD8UyKO4Wtl_0139.wav,আমি কৌশিক দত্ত টিউটোরিয়ালটি অনুবাদ করেছি ধন্যবাদ,6.07
/home/abdullahmm/Shivam/subtask2_blindtest_wReadme/bengali/bengali_blind_wav/719274_2FDZopHauEtyeAbw_0000.wav,/home/abdullahmm/Shivam/subtask2_blindtest_wReadme/bengali/bengali_blind_wav/719274_2FDZopHauEtyeAbw_0000.wav,libre office math সংক্রান্ত এই কথ্য টিউটোরিয়ালে আপনাদের স্বাগত জানাচ্ছি,4.0
/home/abdullahmm/Shivam/subtask2_blindtest_wReadme/bengali/bengali_blind_wav/719274_2FDZopHauEtyeAbw_0001.wav,/home/abdullahmm/Shivam/subtask2_blindtest_wReadme/bengali/bengali_blind_wav/719274_2FDZopHauEtyeAbw_0001.wav,এই টিউটোরিয়ালে আমরা libre office ম্যাথের পরিচিতি এবং সূত্র সম্পাদক নিয়ে আলোচনা করব,6.0
/home/abdullahmm/Shivam/subtask2_blindtest_wReadme/bengali/bengali_blind_wav/719274_2FDZopHauEtyeAbw_0002.wav,/home/abdullahmm/Shivam/subtask2_blindtest_wReadme/bengali/bengali_blind_wav/719274_2FDZopHauEtyeAbw_0002.wav,আলোচনা করবো আমরা এই বিষয়গুলি নিয়ে,3.0
/home/abdullahmm/Shivam/subtask2_blindtest_wReadme/bengali/bengali_blind_wav/719274_2FDZopHauEtyeAbw_0003.wav,/home/abdullahmm/Shivam/subtask2_blindtest_wReadme/bengali/bengali_blind_wav/719274_2FDZopHauEtyeAbw_0003.wav,libre office math কি,3.0
/home/abdullahmm/Shivam/subtask2_blindtest_wReadme/bengali/bengali_blind_wav/719274_2FDZopHauEtyeAbw_0004.wav,/home/abdullahmm/Shivam/subtask2_blindtest_wReadme/bengali/bengali_blind_wav/719274_2FDZopHauEtyeAbw_0004.wav,math ব্যবহারের জন্য সিস্টেমের আবশ্যক বৈশিষ্ট্য formula editor বা,5.0
/home/abdullahmm/Shivam/subtask2_blindtest_wReadme/bengali/bengali_blind_wav/719274_2FDZopHauEtyeAbw_0005.wav,/home/abdullahmm/Shivam/subtask2_blindtest_wReadme/bengali/bengali_blind_wav/719274_2FDZopHauEtyeAbw_0005.wav,ভর করা সাধারণ formula লেখা,3.0
/home/abdullahmm/Shivam/subtask2_blindtest_wReadme/bengali/bengali_blind_wav/719274_2FDZopHauEtyeAbw_0006.wav,/home/abdullahmm/Shivam/subtask2_blindtest_wReadme/bengali/bengali_blind_wav/719274_2FDZopHauEtyeAbw_0006.wav,জানা যাক libre office math আসলে কি,3.0
/home/abdullahmm/Shivam/subtask2_blindtest_wReadme/bengali/bengali_blind_wav/719274_2FDZopHauEtyeAbw_0007.wav,/home/abdullahmm/Shivam/subtask2_blindtest_wReadme/bengali/bengali_blind_wav/719274_2FDZopHauEtyeAbw_0007.wav,libre office math হল একটি software application যার দ্বারা গাণিতিক সূত্র তৈরী এবং সেটি edit বা সম্পাদন করা যায়,10.0
/home/abdullahmm/Shivam/subtask2_blindtest_wReadme/bengali/bengali_blind_wav/719274_2FDZopHauEtyeAbw_0008.wav,/home/abdullahmm/Shivam/subtask2_blindtest_wReadme/bengali/bengali_blind_wav/719274_2FDZopHauEtyeAbw_0008.wav,এটি libre office সংকলনের মধ্যে থাকে এবং তাই এটি open source বিনামূল্য এবং কোনো বাধা ছাড়াই এটিকে বিতরণ করা যায়,8.0
/home/abdullahmm/Shivam/subtask2_blindtest_wReadme/bengali/bengali_blind_wav/719274_2FDZopHauEtyeAbw_0009.wav,/home/abdullahmm/Shivam/subtask2_blindtest_wReadme/bengali/bengali_blind_wav/719274_2FDZopHauEtyeAbw_0009.wav,এটিকে বিতরণ করা যায় math দ্বারা তৈরি করা সূত্র এবং সমীকরণগুলি এককভাবে,6.0
/home/abdullahmm/Shivam/subtask2_blindtest_wReadme/bengali/bengali_blind_wav/719274_2FDZopHauEtyeAbw_0010.wav,/home/abdullahmm/Shivam/subtask2_blindtest_wReadme/bengali/bengali_blind_wav/719274_2FDZopHauEtyeAbw_0010.wav,থাকতে পারে অথবা libre office সংকলনের অন্য কোনও নথিতেও সেটি,5.0
/home/abdullahmm/Shivam/subtask2_blindtest_wReadme/bengali/bengali_blind_wav/719274_2FDZopHauEtyeAbw_0011.wav,/home/abdullahmm/Shivam/subtask2_blindtest_wReadme/bengali/bengali_blind_wav/719274_2FDZopHauEtyeAbw_0011.wav,কে ব্যবহার করা যেতে পারে সূত্রগুলি writer বা ক্যাল্কের নথিতেও ঢোকানো যায়,7.0
/home/abdullahmm/Shivam/subtask2_blindtest_wReadme/bengali/bengali_blind_wav/719274_2FDZopHauEtyeAbw_0012.wav,/home/abdullahmm/Shivam/subtask2_blindtest_wReadme/bengali/bengali_blind_wav/719274_2FDZopHauEtyeAbw_0012.wav,সূত্রগুলির কিছু উদাহরণ হল ভগ্নাংশ সমকলন সমীকরণ এবং matrix এখন জানা যাক,8.0
/home/abdullahmm/Shivam/subtask2_blindtest_wReadme/bengali/bengali_blind_wav/719274_2FDZopHauEtyeAbw_0013.wav,/home/abdullahmm/Shivam/subtask2_blindtest_wReadme/bengali/bengali_blind_wav/719274_2FDZopHauEtyeAbw_0013.wav,math ব্যবহারের জন্য সিস্টেমের আবশ্যক বৈশিষ্ট্যগুলি কি,4.0
/home/abdullahmm/Shivam/subtask2_blindtest_wReadme/bengali/bengali_blind_wav/719274_2FDZopHauEtyeAbw_0014.wav,/home/abdullahmm/Shivam/subtask2_blindtest_wReadme/bengali/bengali_blind_wav/719274_2FDZopHauEtyeAbw_0014.wav,windows এর জন্য microsoft windows 2000 service pack 4 বা উচ্চতর xp vista বা windows 7,11.0
/home/abdullahmm/Shivam/subtask2_blindtest_wReadme/bengali/bengali_blind_wav/719274_2FDZopHauEtyeAbw_0015.wav,/home/abdullahmm/Shivam/subtask2_blindtest_wReadme/bengali/bengali_blind_wav/719274_2FDZopHauEtyeAbw_0015.wav,পেন্টিনামের সাথে সামঞ্জস্যপূর্ণ pc 256 mb ram 512 mb ram বাঞ্ছনীয়,8.0
/home/abdullahmm/Shivam/subtask2_blindtest_wReadme/bengali/bengali_blind_wav/719274_2FDZopHauEtyeAbw_0016.wav,/home/abdullahmm/Shivam/subtask2_blindtest_wReadme/bengali/bengali_blind_wav/719274_2FDZopHauEtyeAbw_0016.wav,ubuntu লিনাক্সের জন্য linux kernel সংস্করণ 2 . 6 . 18 বা উচ্চতর ; পেণ্টিনামের সাথে সামঞ্জস্যপূর্ণ pc 512 mb ram বাঞ্ছনীয়,15.0
/home/abdullahmm/Shivam/subtask2_blindtest_wReadme/bengali/bengali_blind_wav/719274_2FDZopHauEtyeAbw_0017.wav,/home/abdullahmm/Shivam/subtask2_blindtest_wReadme/bengali/bengali_blind_wav/719274_2FDZopHauEtyeAbw_0017.wav,system আবশ্যক বৈশিষ্ট্য সংক্রান্ত সম্পূর্ণ তথ্যের জন্য libre office ওয়েবসাইটে দেখুন,7.0
/home/abdullahmm/Shivam/subtask2_blindtest_wReadme/bengali/bengali_blind_wav/719274_2FDZopHauEtyeAbw_0018.wav,/home/abdullahmm/Shivam/subtask2_blindtest_wReadme/bengali/bengali_blind_wav/719274_2FDZopHauEtyeAbw_0018.wav,আগে থেকেই libre office সংকলন program install করা থাকে তাহলে আপনি libre office সংকলন programs এর মধ্যে,8.0
/home/abdullahmm/Shivam/subtask2_blindtest_wReadme/bengali/bengali_blind_wav/719274_2FDZopHauEtyeAbw_0019.wav,/home/abdullahmm/Shivam/subtask2_blindtest_wReadme/bengali/bengali_blind_wav/719274_2FDZopHauEtyeAbw_0019.wav,যদি আপনার libre office সংকলন install করা না থাকে তাহলে আপনি official website থেকে সেটিকে,8.0
/home/abdullahmm/Shivam/subtask2_blindtest_wReadme/bengali/bengali_blind_wav/719274_2FDZopHauEtyeAbw_0020.wav,/home/abdullahmm/Shivam/subtask2_blindtest_wReadme/bengali/bengali_blind_wav/719274_2FDZopHauEtyeAbw_0020.wav,করতে পারেন লিনাক্সে synaptic package manager,4.0
/home/abdullahmm/Shivam/subtask2_blindtest_wReadme/bengali/bengali_blind_wav/719274_2FDZopHauEtyeAbw_0021.wav,/home/abdullahmm/Shivam/subtask2_blindtest_wReadme/bengali/bengali_blind_wav/719274_2FDZopHauEtyeAbw_0021.wav,ব্যবহার করেও এটিকে install করা যেতে পারে অমি libre office সংকলন 3 . 3,6.0
/home/abdullahmm/Shivam/subtask2_blindtest_wReadme/bengali/bengali_blind_wav/719274_2FDZopHauEtyeAbw_0022.wav,/home/abdullahmm/Shivam/subtask2_blindtest_wReadme/bengali/bengali_blind_wav/719274_2FDZopHauEtyeAbw_0022.wav,3 . 3 install করেছি একটি math application,4.0
/home/abdullahmm/Shivam/subtask2_blindtest_wReadme/bengali/bengali_blind_wav/719274_2FDZopHauEtyeAbw_0023.wav,/home/abdullahmm/Shivam/subtask2_blindtest_wReadme/bengali/bengali_blind_wav/719274_2FDZopHauEtyeAbw_0023.wav,উইন্ডোজে start মেনুতে যান click করুন all programs libre office suite libre office math,11.0
/home/abdullahmm/Shivam/subtask2_blindtest_wReadme/bengali/bengali_blind_wav/719274_2FDZopHauEtyeAbw_0024.wav,/home/abdullahmm/Shivam/subtask2_blindtest_wReadme/bengali/bengali_blind_wav/719274_2FDZopHauEtyeAbw_0024.wav,অথবা আমরা libre office ম্যাথকে libre office writer nth থেকেও চালাতে পারি,7.0
/home/abdullahmm/Shivam/subtask2_blindtest_wReadme/bengali/bengali_blind_wav/719274_2FDZopHauEtyeAbw_0025.wav,/home/abdullahmm/Shivam/subtask2_blindtest_wReadme/bengali/bengali_blind_wav/719274_2FDZopHauEtyeAbw_0025.wav,libre office writera click করে একটি নতুন text document খুলুন,7.0
/home/abdullahmm/Shivam/subtask2_blindtest_wReadme/bengali/bengali_blind_wav/719274_2FDZopHauEtyeAbw_0026.wav,/home/abdullahmm/Shivam/subtask2_blindtest_wReadme/bengali/bengali_blind_wav/719274_2FDZopHauEtyeAbw_0026.wav,এখন writer উইন্ডোতে math শুরু করা যাক,4.0
/home/abdullahmm/Shivam/subtask2_blindtest_wReadme/bengali/bengali_blind_wav/719274_2FDZopHauEtyeAbw_0027.wav,/home/abdullahmm/Shivam/subtask2_blindtest_wReadme/bengali/bengali_blind_wav/719274_2FDZopHauEtyeAbw_0027.wav,প্রধান menu বারের insert মেনুতে click করুন এবং তারপর নীচের দিকে থাকা অবজেক্টেবং তারপর click করুন formula,12.0
/home/abdullahmm/Shivam/subtask2_blindtest_wReadme/bengali/bengali_blind_wav/719274_2FDZopHauEtyeAbw_0028.wav,/home/abdullahmm/Shivam/subtask2_blindtest_wReadme/bengali/bengali_blind_wav/719274_2FDZopHauEtyeAbw_0028.wav,এখন আমরা writer নথিতে তিনটি এলাকা দেখতে পাচ্ছি,5.0
/home/abdullahmm/Shivam/subtask2_blindtest_wReadme/bengali/bengali_blind_wav/719274_2FDZopHauEtyeAbw_0029.wav,/home/abdullahmm/Shivam/subtask2_blindtest_wReadme/bengali/bengali_blind_wav/719274_2FDZopHauEtyeAbw_0029.wav,প্রথমটি হল writer এলাকা যেটি উপরে আছে,4.0
/home/abdullahmm/Shivam/subtask2_blindtest_wReadme/bengali/bengali_blind_wav/719274_2FDZopHauEtyeAbw_0030.wav,/home/abdullahmm/Shivam/subtask2_blindtest_wReadme/bengali/bengali_blind_wav/719274_2FDZopHauEtyeAbw_0030.wav,এখানে একটি ছোট ধূসর box আছে,4.0
/home/abdullahmm/Shivam/subtask2_blindtest_wReadme/bengali/bengali_blind_wav/719274_2FDZopHauEtyeAbw_0031.wav,/home/abdullahmm/Shivam/subtask2_blindtest_wReadme/bengali/bengali_blind_wav/719274_2FDZopHauEtyeAbw_0031.wav,আমরা যে সমীকরণ বা সূত্রগুলি লিখব সেগুলি এখানে গাণিতিক রূপে দেখা যাবে,8.0
/home/abdullahmm/Shivam/subtask2_blindtest_wReadme/bengali/bengali_blind_wav/719274_2FDZopHauEtyeAbw_0032.wav,/home/abdullahmm/Shivam/subtask2_blindtest_wReadme/bengali/bengali_blind_wav/719274_2FDZopHauEtyeAbw_0032.wav,দ্বিতীয়টি হল formula editor বা সূত্র সম্পাদক এলাকা যেটি নীচে রয়েছে,7.0
/home/abdullahmm/Shivam/subtask2_blindtest_wReadme/bengali/bengali_blind_wav/719274_2FDZopHauEtyeAbw_0033.wav,/home/abdullahmm/Shivam/subtask2_blindtest_wReadme/bengali/bengali_blind_wav/719274_2FDZopHauEtyeAbw_0033.wav,এখানে গাণিতিক সূত্রগুলিকে বিশেষ markup ভাষায় লেখা হয় তৃতীয়টি হল,7.0
/home/abdullahmm/Shivam/subtask2_blindtest_wReadme/bengali/bengali_blind_wav/719274_2FDZopHauEtyeAbw_0034.wav,/home/abdullahmm/Shivam/subtask2_blindtest_wReadme/bengali/bengali_blind_wav/719274_2FDZopHauEtyeAbw_0034.wav,elements window যেটি ডানদিকে থাকে,6.0
/home/abdullahmm/Shivam/subtask2_blindtest_wReadme/bengali/bengali_blind_wav/719274_2FDZopHauEtyeAbw_0035.wav,/home/abdullahmm/Shivam/subtask2_blindtest_wReadme/bengali/bengali_blind_wav/719274_2FDZopHauEtyeAbw_0035.wav,যদি আপনি elements window দেখতে না পান তাহলে সেটিকে দেখতে view মেনুতে click করুন তারপর elements বেছে নিন,11.0
/home/abdullahmm/Shivam/subtask2_blindtest_wReadme/bengali/bengali_blind_wav/719274_2FDZopHauEtyeAbw_0036.wav,/home/abdullahmm/Shivam/subtask2_blindtest_wReadme/bengali/bengali_blind_wav/719274_2FDZopHauEtyeAbw_0036.wav,এই উইণ্ডোতে অনেক গাণিতিক চিহ্ন এবং গাণিতিক রাশি আছে,7.0
/home/abdullahmm/Shivam/subtask2_blindtest_wReadme/bengali/bengali_blind_wav/719274_2FDZopHauEtyeAbw_0037.wav,/home/abdullahmm/Shivam/subtask2_blindtest_wReadme/bengali/bengali_blind_wav/719274_2FDZopHauEtyeAbw_0037.wav,writer এলাকায় ধূসর box বাইরে একবার click করলেই math window অদৃশ্য হয়ে যায়,9.0
/home/abdullahmm/Shivam/subtask2_blindtest_wReadme/bengali/bengali_blind_wav/719274_2FDZopHauEtyeAbw_0038.wav,/home/abdullahmm/Shivam/subtask2_blindtest_wReadme/bengali/bengali_blind_wav/719274_2FDZopHauEtyeAbw_0038.wav,ধূসর বাক্সতে double click করে math formula editor এবং elements window ফিরিয়ে আনুন,7.0
/home/abdullahmm/Shivam/subtask2_blindtest_wReadme/bengali/bengali_blind_wav/719274_2FDZopHauEtyeAbw_0039.wav,/home/abdullahmm/Shivam/subtask2_blindtest_wReadme/bengali/bengali_blind_wav/719274_2FDZopHauEtyeAbw_0039.wav,এবার একটি সহজ গুণের সূত্র লেখা যাক 4 × 3 = 12,13.0
/home/abdullahmm/Shivam/subtask2_blindtest_wReadme/bengali/bengali_blind_wav/719274_2FDZopHauEtyeAbw_0040.wav,/home/abdullahmm/Shivam/subtask2_blindtest_wReadme/bengali/bengali_blind_wav/719274_2FDZopHauEtyeAbw_0040.wav,এই elements উইন্ডোতে উপরে চিন্হগুলির বিভাগ এবং নীচে চিন্হগুলি রয়েছে,9.0
/home/abdullahmm/Shivam/subtask2_blindtest_wReadme/bengali/bengali_blind_wav/719274_2FDZopHauEtyeAbw_0041.wav,/home/abdullahmm/Shivam/subtask2_blindtest_wReadme/bengali/bengali_blind_wav/719274_2FDZopHauEtyeAbw_0041.wav,এটি দেখাচ্ছে unary বা binary operators,11.0
/home/abdullahmm/Shivam/subtask2_blindtest_wReadme/bengali/bengali_blind_wav/719274_2FDZopHauEtyeAbw_0042.wav,/home/abdullahmm/Shivam/subtask2_blindtest_wReadme/bengali/bengali_blind_wav/719274_2FDZopHauEtyeAbw_0042.wav,নীচে এখানে অনেক গাণিতিকচিন্হ যেমন যোগ বিয়োগ গুন এবং ভাগ দেখা যাচ্ছে,11.0
/home/abdullahmm/Shivam/subtask2_blindtest_wReadme/bengali/bengali_blind_wav/719274_2FDZopHauEtyeAbw_0043.wav,/home/abdullahmm/Shivam/subtask2_blindtest_wReadme/bengali/bengali_blind_wav/719274_2FDZopHauEtyeAbw_0043.wav,দ্বিতীয় সারির a গুন b অর্থাৎ let গুন বোঝাচ্ছে সেটিতে click করুন এখন formula,9.0
/home/abdullahmm/Shivam/subtask2_blindtest_wReadme/bengali/bengali_blind_wav/719274_2FDZopHauEtyeAbw_0044.wav,/home/abdullahmm/Shivam/subtask2_blindtest_wReadme/bengali/bengali_blind_wav/719274_2FDZopHauEtyeAbw_0044.wav,editor উইন্ডোটি লক্ষ্য করুন,3.0
/home/abdullahmm/Shivam/subtask2_blindtest_wReadme/bengali/bengali_blind_wav/719274_2FDZopHauEtyeAbw_0045.wav,/home/abdullahmm/Shivam/subtask2_blindtest_wReadme/bengali/bengali_blind_wav/719274_2FDZopHauEtyeAbw_0045.wav,এখানে দুটি স্থানধারক times শব্দ দ্বারা আলাদা করা আছে,7.0
/home/abdullahmm/Shivam/subtask2_blindtest_wReadme/bengali/bengali_blind_wav/719274_2FDZopHauEtyeAbw_0046.wav,/home/abdullahmm/Shivam/subtask2_blindtest_wReadme/bengali/bengali_blind_wav/719274_2FDZopHauEtyeAbw_0046.wav,এছাড়াও লক্ষ্য করুন উপরের writer ধূসর box এলাকায় দুটো চতুর্ভুজ গুণ চিহ্ন দ্বারা আলাদা করা রয়েছে,10.0
/home/abdullahmm/Shivam/subtask2_blindtest_wReadme/bengali/bengali_blind_wav/719274_2FDZopHauEtyeAbw_0047.wav,/home/abdullahmm/Shivam/subtask2_blindtest_wReadme/bengali/bengali_blind_wav/719274_2FDZopHauEtyeAbw_0047.wav,প্রথম স্থানধারকে double click করে সেটি উজ্জ্বল করে নিন এবং তারপর লিখুন 4,9.0
/home/abdullahmm/Shivam/subtask2_blindtest_wReadme/bengali/bengali_blind_wav/719274_2FDZopHauEtyeAbw_0048.wav,/home/abdullahmm/Shivam/subtask2_blindtest_wReadme/bengali/bengali_blind_wav/719274_2FDZopHauEtyeAbw_0048.wav,এবার দ্বিতীয় স্থান ধারকটি উজ্জ্বল করে নিন এবং লিখুন 3 লক্ষ্য,8.0
/home/abdullahmm/Shivam/subtask2_blindtest_wReadme/bengali/bengali_blind_wav/719274_2FDZopHauEtyeAbw_0049.wav,/home/abdullahmm/Shivam/subtask2_blindtest_wReadme/bengali/bengali_blind_wav/719274_2FDZopHauEtyeAbw_0049.wav,writer ধূসর বাক্সটি নিজে থেকেই পরিবর্তন হয়েছে এবং সেখানে দেখা যাচ্ছে 4 x 3,9.0
/home/abdullahmm/Shivam/subtask2_blindtest_wReadme/bengali/bengali_blind_wav/719274_2FDZopHauEtyeAbw_0050.wav,/home/abdullahmm/Shivam/subtask2_blindtest_wReadme/bengali/bengali_blind_wav/719274_2FDZopHauEtyeAbw_0050.wav,এছাড়াও আমরা উপরে view menu click করে update বেছে নিতে পারি অথবা,7.0
/home/abdullahmm/Shivam/subtask2_blindtest_wReadme/bengali/bengali_blind_wav/719274_2FDZopHauEtyeAbw_0051.wav,/home/abdullahmm/Shivam/subtask2_blindtest_wReadme/bengali/bengali_blind_wav/719274_2FDZopHauEtyeAbw_0051.wav,আমরা keyboard shortcut f9 ব্যবহার করে window refresh করে নিতে পারি,6.0
/home/abdullahmm/Shivam/subtask2_blindtest_wReadme/bengali/bengali_blind_wav/719274_2FDZopHauEtyeAbw_0052.wav,/home/abdullahmm/Shivam/subtask2_blindtest_wReadme/bengali/bengali_blind_wav/719274_2FDZopHauEtyeAbw_0052.wav,এবার এই সূত্রটি সম্পূর্ণ করা যাক এখানে সমানচিহ্ন 12 যোগ করুন,8.0
/home/abdullahmm/Shivam/subtask2_blindtest_wReadme/bengali/bengali_blind_wav/719274_2FDZopHauEtyeAbw_0053.wav,/home/abdullahmm/Shivam/subtask2_blindtest_wReadme/bengali/bengali_blind_wav/719274_2FDZopHauEtyeAbw_0053.wav,এরপর elements উইন্ডোর categories বিভাগের দ্বিতীয় icon অর্থাৎ relations click করুন,11.0
/home/abdullahmm/Shivam/subtask2_blindtest_wReadme/bengali/bengali_blind_wav/719274_2FDZopHauEtyeAbw_0054.wav,/home/abdullahmm/Shivam/subtask2_blindtest_wReadme/bengali/bengali_blind_wav/719274_2FDZopHauEtyeAbw_0054.wav,সম্পর্ক উপাদানগুলি লক্ষ্য করুন,3.0
/home/abdullahmm/Shivam/subtask2_blindtest_wReadme/bengali/bengali_blind_wav/719274_2FDZopHauEtyeAbw_0055.wav,/home/abdullahmm/Shivam/subtask2_blindtest_wReadme/bengali/bengali_blind_wav/719274_2FDZopHauEtyeAbw_0055.wav,প্রথমটি নির্বাচন করা যাক a = b,6.0
/home/abdullahmm/Shivam/subtask2_blindtest_wReadme/bengali/bengali_blind_wav/719274_2FDZopHauEtyeAbw_0056.wav,/home/abdullahmm/Shivam/subtask2_blindtest_wReadme/bengali/bengali_blind_wav/719274_2FDZopHauEtyeAbw_0056.wav,প্রথম স্থান ধারকটি মুছে দিন এবং দ্বিতীয় স্থানধারকে 12 লিখুন তাহলে writer এলাকা,9.0
/home/abdullahmm/Shivam/subtask2_blindtest_wReadme/bengali/bengali_blind_wav/719274_2FDZopHauEtyeAbw_0057.wav,/home/abdullahmm/Shivam/subtask2_blindtest_wReadme/bengali/bengali_blind_wav/719274_2FDZopHauEtyeAbw_0057.wav,এলাকায় প্রথম একটি সহজ সূত্রটি লেখা হয়ে গেছে 4 গুন 3 সমান 12,8.0
/home/abdullahmm/Shivam/subtask2_blindtest_wReadme/bengali/bengali_blind_wav/719274_2FDZopHauEtyeAbw_0058.wav,/home/abdullahmm/Shivam/subtask2_blindtest_wReadme/bengali/bengali_blind_wav/719274_2FDZopHauEtyeAbw_0058.wav,এখন আমরা জেনে গেছি কিভাবে elements উইন্ডোর চিহ্নগুলি ব্যবহার করে খুব সহজে একটি সূত্র লেখা যায়,8.0
/home/abdullahmm/Shivam/subtask2_blindtest_wReadme/bengali/bengali_blind_wav/719274_2FDZopHauEtyeAbw_0059.wav,/home/abdullahmm/Shivam/subtask2_blindtest_wReadme/bengali/bengali_blind_wav/719274_2FDZopHauEtyeAbw_0059.wav,এছাড়াও আমরা সূত্র লিখতে formula editor বা সুতর সম্পাদক উইন্ডোর উপর right click করতে পারি এবং তারপর এখান,10.0
/home/abdullahmm/Shivam/subtask2_blindtest_wReadme/bengali/bengali_blind_wav/719274_2FDZopHauEtyeAbw_0060.wav,/home/abdullahmm/Shivam/subtask2_blindtest_wReadme/bengali/bengali_blind_wav/719274_2FDZopHauEtyeAbw_0060.wav,থেকে চিহ্নগুলি বেছে নিতে পারি context মেনুতেও elements উইণ্ডোর চিহ্নগুলির মতই চিহ্ন আছে,7.0
/home/abdullahmm/Shivam/subtask2_blindtest_wReadme/bengali/bengali_blind_wav/719274_2FDZopHauEtyeAbw_0061.wav,/home/abdullahmm/Shivam/subtask2_blindtest_wReadme/bengali/bengali_blind_wav/719274_2FDZopHauEtyeAbw_0061.wav,কোনও বিভাগ নির্বাচন করলে সেই বিভাগে উপলব্ধ চিহ্নগুলি দেখা যায় সূত্র,7.0
/home/abdullahmm/Shivam/subtask2_blindtest_wReadme/bengali/bengali_blind_wav/719274_2FDZopHauEtyeAbw_0062.wav,/home/abdullahmm/Shivam/subtask2_blindtest_wReadme/bengali/bengali_blind_wav/719274_2FDZopHauEtyeAbw_0062.wav,লেখার একটি তৃতীয় উপায় আছে আমরা,4.0
/home/abdullahmm/Shivam/subtask2_blindtest_wReadme/bengali/bengali_blind_wav/719274_2FDZopHauEtyeAbw_0063.wav,/home/abdullahmm/Shivam/subtask2_blindtest_wReadme/bengali/bengali_blind_wav/719274_2FDZopHauEtyeAbw_0063.wav,editor উইন্ডোতে সরাসরি সূত্র লিখতে পারি,5.0
/home/abdullahmm/Shivam/subtask2_blindtest_wReadme/bengali/bengali_blind_wav/719274_2FDZopHauEtyeAbw_0064.wav,/home/abdullahmm/Shivam/subtask2_blindtest_wReadme/bengali/bengali_blind_wav/719274_2FDZopHauEtyeAbw_0064.wav,এখানে আমরা একটি বিশেষ mark up ভাষা ব্যবহার করবো যেটি math application বুঝতে পারে,8.0
/home/abdullahmm/Shivam/subtask2_blindtest_wReadme/bengali/bengali_blind_wav/719274_2FDZopHauEtyeAbw_0065.wav,/home/abdullahmm/Shivam/subtask2_blindtest_wReadme/bengali/bengali_blind_wav/719274_2FDZopHauEtyeAbw_0065.wav,আমরা ইতিমধ্যেই markup ভাষার একটি সাধারণ উদাহরণ দেখে নিয়েছি,6.0
/home/abdullahmm/Shivam/subtask2_blindtest_wReadme/bengali/bengali_blind_wav/719274_2FDZopHauEtyeAbw_0066.wav,/home/abdullahmm/Shivam/subtask2_blindtest_wReadme/bengali/bengali_blind_wav/719274_2FDZopHauEtyeAbw_0066.wav,4 times 3 সমান 12,3.0
/home/abdullahmm/Shivam/subtask2_blindtest_wReadme/bengali/bengali_blind_wav/719274_2FDZopHauEtyeAbw_0067.wav,/home/abdullahmm/Shivam/subtask2_blindtest_wReadme/bengali/bengali_blind_wav/719274_2FDZopHauEtyeAbw_0067.wav,বারো এখানে times শব্দটি লক্ষ্য করুন,4.0
/home/abdullahmm/Shivam/subtask2_blindtest_wReadme/bengali/bengali_blind_wav/719274_2FDZopHauEtyeAbw_0068.wav,/home/abdullahmm/Shivam/subtask2_blindtest_wReadme/bengali/bengali_blind_wav/719274_2FDZopHauEtyeAbw_0068.wav,অনুরূপভাবে 4 / 4 = 1 লিখতে mark হল 4 over 4 = 1,12.0
/home/abdullahmm/Shivam/subtask2_blindtest_wReadme/bengali/bengali_blind_wav/719274_2FDZopHauEtyeAbw_0069.wav,/home/abdullahmm/Shivam/subtask2_blindtest_wReadme/bengali/bengali_blind_wav/719274_2FDZopHauEtyeAbw_0069.wav,এখানেই math সংক্রান্ত আলোচনা সমাপ্ত হল এবার,5.0
/home/abdullahmm/Shivam/subtask2_blindtest_wReadme/bengali/bengali_blind_wav/719274_2FDZopHauEtyeAbw_0070.wav,/home/abdullahmm/Shivam/subtask2_blindtest_wReadme/bengali/bengali_blind_wav/719274_2FDZopHauEtyeAbw_0070.wav,আপনাদের জন্য একটি অনুশীলনী রয়েছে writer window,4.0
/home/abdullahmm/Shivam/subtask2_blindtest_wReadme/bengali/bengali_blind_wav/719274_2FDZopHauEtyeAbw_0071.wav,/home/abdullahmm/Shivam/subtask2_blindtest_wReadme/bengali/bengali_blind_wav/719274_2FDZopHauEtyeAbw_0071.wav,এই সূত্রগুলি লিখুন 4 ভাগ 4 সমানচিহ্ন 1,5.0
/home/abdullahmm/Shivam/subtask2_blindtest_wReadme/bengali/bengali_blind_wav/719274_2FDZopHauEtyeAbw_0072.wav,/home/abdullahmm/Shivam/subtask2_blindtest_wReadme/bengali/bengali_blind_wav/719274_2FDZopHauEtyeAbw_0072.wav,new line markup ব্যবহার করে সুত্রগুলির মধ্যে একটি line ফাঁক দিন,8.0
/home/abdullahmm/Shivam/subtask2_blindtest_wReadme/bengali/bengali_blind_wav/719274_2FDZopHauEtyeAbw_0073.wav,/home/abdullahmm/Shivam/subtask2_blindtest_wReadme/bengali/bengali_blind_wav/719274_2FDZopHauEtyeAbw_0073.wav,a boolean and b,3.0
/home/abdullahmm/Shivam/subtask2_blindtest_wReadme/bengali/bengali_blind_wav/719274_2FDZopHauEtyeAbw_0074.wav,/home/abdullahmm/Shivam/subtask2_blindtest_wReadme/bengali/bengali_blind_wav/719274_2FDZopHauEtyeAbw_0074.wav,4 3 এর থেকে বড়,3.0
/home/abdullahmm/Shivam/subtask2_blindtest_wReadme/bengali/bengali_blind_wav/719274_2FDZopHauEtyeAbw_0075.wav,/home/abdullahmm/Shivam/subtask2_blindtest_wReadme/bengali/bengali_blind_wav/719274_2FDZopHauEtyeAbw_0075.wav,x y এর প্রায় সমান,4.0
/home/abdullahmm/Shivam/subtask2_blindtest_wReadme/bengali/bengali_blind_wav/719274_2FDZopHauEtyeAbw_0076.wav,/home/abdullahmm/Shivam/subtask2_blindtest_wReadme/bengali/bengali_blind_wav/719274_2FDZopHauEtyeAbw_0076.wav,এবং 4 3এর সমান নয়,4.0
/home/abdullahmm/Shivam/subtask2_blindtest_wReadme/bengali/bengali_blind_wav/719274_2FDZopHauEtyeAbw_0077.wav,/home/abdullahmm/Shivam/subtask2_blindtest_wReadme/bengali/bengali_blind_wav/719274_2FDZopHauEtyeAbw_0077.wav,এখানেই libre office ম্যাথের পরিচিতি এবং formula editor সংক্রান্ত এই টিউটোরিয়ালটি সমাপ্ত হল,8.0
/home/abdullahmm/Shivam/subtask2_blindtest_wReadme/bengali/bengali_blind_wav/719274_2FDZopHauEtyeAbw_0078.wav,/home/abdullahmm/Shivam/subtask2_blindtest_wReadme/bengali/bengali_blind_wav/719274_2FDZopHauEtyeAbw_0078.wav,সারসংক্ষেপে আমরা শিখেছি,4.0
/home/abdullahmm/Shivam/subtask2_blindtest_wReadme/bengali/bengali_blind_wav/719274_2FDZopHauEtyeAbw_0079.wav,/home/abdullahmm/Shivam/subtask2_blindtest_wReadme/bengali/bengali_blind_wav/719274_2FDZopHauEtyeAbw_0079.wav,libre office math কি,3.0
/home/abdullahmm/Shivam/subtask2_blindtest_wReadme/bengali/bengali_blind_wav/719274_2FDZopHauEtyeAbw_0080.wav,/home/abdullahmm/Shivam/subtask2_blindtest_wReadme/bengali/bengali_blind_wav/719274_2FDZopHauEtyeAbw_0080.wav,math ব্যবহার করার জন্য system এর আবশ্যক বৈশিষ্ট্য,4.0
/home/abdullahmm/Shivam/subtask2_blindtest_wReadme/bengali/bengali_blind_wav/719274_2FDZopHauEtyeAbw_0081.wav,/home/abdullahmm/Shivam/subtask2_blindtest_wReadme/bengali/bengali_blind_wav/719274_2FDZopHauEtyeAbw_0081.wav,formula editor ব্যবহার করা,3.0
/home/abdullahmm/Shivam/subtask2_blindtest_wReadme/bengali/bengali_blind_wav/719274_2FDZopHauEtyeAbw_0082.wav,/home/abdullahmm/Shivam/subtask2_blindtest_wReadme/bengali/bengali_blind_wav/719274_2FDZopHauEtyeAbw_0082.wav,একটি সাধারণ সূত্র লেখা,3.0
/home/abdullahmm/Shivam/subtask2_blindtest_wReadme/bengali/bengali_blind_wav/719274_2FDZopHauEtyeAbw_0083.wav,/home/abdullahmm/Shivam/subtask2_blindtest_wReadme/bengali/bengali_blind_wav/719274_2FDZopHauEtyeAbw_0083.wav,spoken tutorial talk to a teacher প্রকল্পের অংশবিশেষ যা ভারত সরকারের ict mhrd এর national mission on education দ্বারা সমর্থিত,12.0
/home/abdullahmm/Shivam/subtask2_blindtest_wReadme/bengali/bengali_blind_wav/719274_2FDZopHauEtyeAbw_0084.wav,/home/abdullahmm/Shivam/subtask2_blindtest_wReadme/bengali/bengali_blind_wav/719274_2FDZopHauEtyeAbw_0084.wav,এই প্রকল্প,5.0
/home/abdullahmm/Shivam/subtask2_blindtest_wReadme/bengali/bengali_blind_wav/719274_2FDZopHauEtyeAbw_0085.wav,/home/abdullahmm/Shivam/subtask2_blindtest_wReadme/bengali/bengali_blind_wav/719274_2FDZopHauEtyeAbw_0085.wav,এই বিষয়ে বিস্তারিত তথ্য এই লিঙ্কে প্রাপ্তিসাধ্য,6.0
/home/abdullahmm/Shivam/subtask2_blindtest_wReadme/bengali/bengali_blind_wav/719274_2FDZopHauEtyeAbw_0086.wav,/home/abdullahmm/Shivam/subtask2_blindtest_wReadme/bengali/bengali_blind_wav/719274_2FDZopHauEtyeAbw_0086.wav,আমি অন্তরা এই টিউটোরিয়ালটি অনুবাদ এবং record করেছি এই টিউটোরিয়ালে অংশগ্রহণ করার জন্য ধন্যবাদ,12.41
/home/abdullahmm/Shivam/subtask2_blindtest_wReadme/bengali/bengali_blind_wav/782212_U3vznv0QO5jlDXHO_0000.wav,/home/abdullahmm/Shivam/subtask2_blindtest_wReadme/bengali/bengali_blind_wav/782212_U3vznv0QO5jlDXHO_0000.wav,issuing and returning a বুকের টিউটোরিয়ালে আপনাদের স্বাগত,5.0
/home/abdullahmm/Shivam/subtask2_blindtest_wReadme/bengali/bengali_blind_wav/782212_U3vznv0QO5jlDXHO_0001.wav,/home/abdullahmm/Shivam/subtask2_blindtest_wReadme/bengali/bengali_blind_wav/782212_U3vznv0QO5jlDXHO_0001.wav,এই টিউটোরিয়ালে শিখব,3.0
/home/abdullahmm/Shivam/subtask2_blindtest_wReadme/bengali/bengali_blind_wav/782212_U3vznv0QO5jlDXHO_0002.wav,/home/abdullahmm/Shivam/subtask2_blindtest_wReadme/bengali/bengali_blind_wav/782212_U3vznv0QO5jlDXHO_0002.wav,সকল ইউসারের বিবরণ আনয়ন করা,3.0
/home/abdullahmm/Shivam/subtask2_blindtest_wReadme/bengali/bengali_blind_wav/782212_U3vznv0QO5jlDXHO_0003.wav,/home/abdullahmm/Shivam/subtask2_blindtest_wReadme/bengali/bengali_blind_wav/782212_U3vznv0QO5jlDXHO_0003.wav,বই জারি করা,2.0
/home/abdullahmm/Shivam/subtask2_blindtest_wReadme/bengali/bengali_blind_wav/782212_U3vznv0QO5jlDXHO_0004.wav,/home/abdullahmm/Shivam/subtask2_blindtest_wReadme/bengali/bengali_blind_wav/782212_U3vznv0QO5jlDXHO_0004.wav,বই ফেরত দেওয়া,2.0
/home/abdullahmm/Shivam/subtask2_blindtest_wReadme/bengali/bengali_blind_wav/782212_U3vznv0QO5jlDXHO_0005.wav,/home/abdullahmm/Shivam/subtask2_blindtest_wReadme/bengali/bengali_blind_wav/782212_U3vznv0QO5jlDXHO_0005.wav,এখানে ubuntu সং,2.0
/home/abdullahmm/Shivam/subtask2_blindtest_wReadme/bengali/bengali_blind_wav/782212_U3vznv0QO5jlDXHO_0006.wav,/home/abdullahmm/Shivam/subtask2_blindtest_wReadme/bengali/bengali_blind_wav/782212_U3vznv0QO5jlDXHO_0006.wav,12 . 04,3.0
/home/abdullahmm/Shivam/subtask2_blindtest_wReadme/bengali/bengali_blind_wav/782212_U3vznv0QO5jlDXHO_0007.wav,/home/abdullahmm/Shivam/subtask2_blindtest_wReadme/bengali/bengali_blind_wav/782212_U3vznv0QO5jlDXHO_0007.wav,netbeans ide 7 . 3,3.0
/home/abdullahmm/Shivam/subtask2_blindtest_wReadme/bengali/bengali_blind_wav/782212_U3vznv0QO5jlDXHO_0008.wav,/home/abdullahmm/Shivam/subtask2_blindtest_wReadme/bengali/bengali_blind_wav/782212_U3vznv0QO5jlDXHO_0008.wav,jdk 1 . 7,2.0
/home/abdullahmm/Shivam/subtask2_blindtest_wReadme/bengali/bengali_blind_wav/782212_U3vznv0QO5jlDXHO_0009.wav,/home/abdullahmm/Shivam/subtask2_blindtest_wReadme/bengali/bengali_blind_wav/782212_U3vznv0QO5jlDXHO_0009.wav,firefox web browser 21 . 0 ব্যবহার করছি,4.0
/home/abdullahmm/Shivam/subtask2_blindtest_wReadme/bengali/bengali_blind_wav/782212_U3vznv0QO5jlDXHO_0010.wav,/home/abdullahmm/Shivam/subtask2_blindtest_wReadme/bengali/bengali_blind_wav/782212_U3vznv0QO5jlDXHO_0010.wav,পছন্দের web browser ব্যবহার করতে পারেন,4.0
/home/abdullahmm/Shivam/subtask2_blindtest_wReadme/bengali/bengali_blind_wav/782212_U3vznv0QO5jlDXHO_0011.wav,/home/abdullahmm/Shivam/subtask2_blindtest_wReadme/bengali/bengali_blind_wav/782212_U3vznv0QO5jlDXHO_0011.wav,টিউটোরিয়ালটি অনুসরণ করতে java,4.0
/home/abdullahmm/Shivam/subtask2_blindtest_wReadme/bengali/bengali_blind_wav/782212_U3vznv0QO5jlDXHO_0012.wav,/home/abdullahmm/Shivam/subtask2_blindtest_wReadme/bengali/bengali_blind_wav/782212_U3vznv0QO5jlDXHO_0012.wav,এবং jsps সম্পর্কে মৌলিক জ্ঞান,3.0
/home/abdullahmm/Shivam/subtask2_blindtest_wReadme/bengali/bengali_blind_wav/782212_U3vznv0QO5jlDXHO_0013.wav,/home/abdullahmm/Shivam/subtask2_blindtest_wReadme/bengali/bengali_blind_wav/782212_U3vznv0QO5jlDXHO_0013.wav,উদ্ভাবন নির্মাণ ও দেখতে জানতে হবে,4.0
/home/abdullahmm/Shivam/subtask2_blindtest_wReadme/bengali/bengali_blind_wav/782212_U3vznv0QO5jlDXHO_0014.wav,/home/abdullahmm/Shivam/subtask2_blindtest_wReadme/bengali/bengali_blind_wav/782212_U3vznv0QO5jlDXHO_0014.wav,না হলে প্রাসঙ্গিক tutorials জন্য আমাদের website যান,4.0
/home/abdullahmm/Shivam/subtask2_blindtest_wReadme/bengali/bengali_blind_wav/782212_U3vznv0QO5jlDXHO_0015.wav,/home/abdullahmm/Shivam/subtask2_blindtest_wReadme/bengali/bengali_blind_wav/782212_U3vznv0QO5jlDXHO_0015.wav,আগের টিউটোরিয়ালে admin section কিভাবে কাজ করে তা দেখেছি,5.0
/home/abdullahmm/Shivam/subtask2_blindtest_wReadme/bengali/bengali_blind_wav/782212_U3vznv0QO5jlDXHO_0016.wav,/home/abdullahmm/Shivam/subtask2_blindtest_wReadme/bengali/bengali_blind_wav/782212_U3vznv0QO5jlDXHO_0016.wav,এখানে এই টিউটোরিয়ালে admin section এর আরো বৈশিষ্ট্য যোগ করেছি,6.0
/home/abdullahmm/Shivam/subtask2_blindtest_wReadme/bengali/bengali_blind_wav/782212_U3vznv0QO5jlDXHO_0017.wav,/home/abdullahmm/Shivam/subtask2_blindtest_wReadme/bengali/bengali_blind_wav/782212_U3vznv0QO5jlDXHO_0017.wav,সুতরাং আমাদের browser যাই,3.0
/home/abdullahmm/Shivam/subtask2_blindtest_wReadme/bengali/bengali_blind_wav/782212_U3vznv0QO5jlDXHO_0018.wav,/home/abdullahmm/Shivam/subtask2_blindtest_wReadme/bengali/bengali_blind_wav/782212_U3vznv0QO5jlDXHO_0018.wav,আবার admin হিসাবে login করি,3.0
/home/abdullahmm/Shivam/subtask2_blindtest_wReadme/bengali/bengali_blind_wav/782212_U3vznv0QO5jlDXHO_0019.wav,/home/abdullahmm/Shivam/subtask2_blindtest_wReadme/bengali/bengali_blind_wav/782212_U3vznv0QO5jlDXHO_0019.wav,করলে আপনি যেই ওয়েবপেজেই থাকুন না কেন এটি আপনাকে আপনার default হোমপেজে ফিরিয়ে আনবে,9.0
/home/abdullahmm/Shivam/subtask2_blindtest_wReadme/bengali/bengali_blind_wav/782212_U3vznv0QO5jlDXHO_0020.wav,/home/abdullahmm/Shivam/subtask2_blindtest_wReadme/bengali/bengali_blind_wav/782212_U3vznv0QO5jlDXHO_0020.wav,এখন ide তে আসি,4.0
/home/abdullahmm/Shivam/subtask2_blindtest_wReadme/bengali/bengali_blind_wav/782212_U3vznv0QO5jlDXHO_0021.wav,/home/abdullahmm/Shivam/subtask2_blindtest_wReadme/bengali/bengali_blind_wav/782212_U3vznv0QO5jlDXHO_0021.wav,admin section . jsp তে আরো দুটি radio বোতাম রয়েছে,6.0
/home/abdullahmm/Shivam/subtask2_blindtest_wReadme/bengali/bengali_blind_wav/782212_U3vznv0QO5jlDXHO_0022.wav,/home/abdullahmm/Shivam/subtask2_blindtest_wReadme/bengali/bengali_blind_wav/782212_U3vznv0QO5jlDXHO_0022.wav,একটি list ইউসারের জন্য এবং অপরটি checkout / return বুকের জন্য,6.0
/home/abdullahmm/Shivam/subtask2_blindtest_wReadme/bengali/bengali_blind_wav/782212_U3vznv0QO5jlDXHO_0023.wav,/home/abdullahmm/Shivam/subtask2_blindtest_wReadme/bengali/bengali_blind_wav/782212_U3vznv0QO5jlDXHO_0023.wav,এখন browser ফিরে আসি,3.0
/home/abdullahmm/Shivam/subtask2_blindtest_wReadme/bengali/bengali_blind_wav/782212_U3vznv0QO5jlDXHO_0024.wav,/home/abdullahmm/Shivam/subtask2_blindtest_wReadme/bengali/bengali_blind_wav/782212_U3vznv0QO5jlDXHO_0024.wav,list ইউসারের জন্য radio বোতামে টিপব,5.0
/home/abdullahmm/Shivam/subtask2_blindtest_wReadme/bengali/bengali_blind_wav/782212_U3vznv0QO5jlDXHO_0025.wav,/home/abdullahmm/Shivam/subtask2_blindtest_wReadme/bengali/bengali_blind_wav/782212_U3vznv0QO5jlDXHO_0025.wav,এটি সকল বিবরণ দেয় যেমন first name surname age gender এবং user name,10.0
/home/abdullahmm/Shivam/subtask2_blindtest_wReadme/bengali/bengali_blind_wav/782212_U3vznv0QO5jlDXHO_0026.wav,/home/abdullahmm/Shivam/subtask2_blindtest_wReadme/bengali/bengali_blind_wav/782212_U3vznv0QO5jlDXHO_0026.wav,ধাপগুলি আগের দুটি বিকল্পের মতই,3.0
/home/abdullahmm/Shivam/subtask2_blindtest_wReadme/bengali/bengali_blind_wav/782212_U3vznv0QO5jlDXHO_0027.wav,/home/abdullahmm/Shivam/subtask2_blindtest_wReadme/bengali/bengali_blind_wav/782212_U3vznv0QO5jlDXHO_0027.wav,আমরা পূর্বের tutorial তাদের দেখেছি,4.0
/home/abdullahmm/Shivam/subtask2_blindtest_wReadme/bengali/bengali_blind_wav/782212_U3vznv0QO5jlDXHO_0028.wav,/home/abdullahmm/Shivam/subtask2_blindtest_wReadme/bengali/bengali_blind_wav/782212_U3vznv0QO5jlDXHO_0028.wav,এরপর পরের বিকল্প checkout or return বুকে টিপুন,6.0
/home/abdullahmm/Shivam/subtask2_blindtest_wReadme/bengali/bengali_blind_wav/782212_U3vznv0QO5jlDXHO_0029.wav,/home/abdullahmm/Shivam/subtask2_blindtest_wReadme/bengali/bengali_blind_wav/782212_U3vznv0QO5jlDXHO_0029.wav,প্রাপ্ত form বই ফেরৎ দেওয়ার অনুমতি দেয়,5.0
/home/abdullahmm/Shivam/subtask2_blindtest_wReadme/bengali/bengali_blind_wav/782212_U3vznv0QO5jlDXHO_0030.wav,/home/abdullahmm/Shivam/subtask2_blindtest_wReadme/bengali/bengali_blind_wav/782212_U3vznv0QO5jlDXHO_0030.wav,আমরা এর জন্য এখন code দেখবো,3.0
/home/abdullahmm/Shivam/subtask2_blindtest_wReadme/bengali/bengali_blind_wav/782212_U3vznv0QO5jlDXHO_0031.wav,/home/abdullahmm/Shivam/subtask2_blindtest_wReadme/bengali/bengali_blind_wav/782212_U3vznv0QO5jlDXHO_0031.wav,ide তে ফিরে আসি,2.0
/home/abdullahmm/Shivam/subtask2_blindtest_wReadme/bengali/bengali_blind_wav/782212_U3vznv0QO5jlDXHO_0032.wav,/home/abdullahmm/Shivam/subtask2_blindtest_wReadme/bengali/bengali_blind_wav/782212_U3vznv0QO5jlDXHO_0032.wav,checkout / return বুকে টিপেছি,3.0
/home/abdullahmm/Shivam/subtask2_blindtest_wReadme/bengali/bengali_blind_wav/782212_U3vznv0QO5jlDXHO_0033.wav,/home/abdullahmm/Shivam/subtask2_blindtest_wReadme/bengali/bengali_blind_wav/782212_U3vznv0QO5jlDXHO_0033.wav,সুতরাং menu selection = checkout book,4.0
/home/abdullahmm/Shivam/subtask2_blindtest_wReadme/bengali/bengali_blind_wav/782212_U3vznv0QO5jlDXHO_0034.wav,/home/abdullahmm/Shivam/subtask2_blindtest_wReadme/bengali/bengali_blind_wav/782212_U3vznv0QO5jlDXHO_0034.wav,অন্যান্য ধাপগুলি list books এর ধাপের অনুরূপ,5.0
/home/abdullahmm/Shivam/subtask2_blindtest_wReadme/bengali/bengali_blind_wav/782212_U3vznv0QO5jlDXHO_0035.wav,/home/abdullahmm/Shivam/subtask2_blindtest_wReadme/bengali/bengali_blind_wav/782212_U3vznv0QO5jlDXHO_0035.wav,request dispatcher ব্যবহার করে checkout।jsp কে request এ পাঠিয়েছি,6.0
/home/abdullahmm/Shivam/subtask2_blindtest_wReadme/bengali/bengali_blind_wav/782212_U3vznv0QO5jlDXHO_0036.wav,/home/abdullahmm/Shivam/subtask2_blindtest_wReadme/bengali/bengali_blind_wav/782212_U3vznv0QO5jlDXHO_0036.wav,এখন checkout . jsp তে আসি,4.0
/home/abdullahmm/Shivam/subtask2_blindtest_wReadme/bengali/bengali_blind_wav/782212_U3vznv0QO5jlDXHO_0037.wav,/home/abdullahmm/Shivam/subtask2_blindtest_wReadme/bengali/bengali_blind_wav/782212_U3vznv0QO5jlDXHO_0037.wav,এই page list books . jsp এর অনুরূপ,5.0
/home/abdullahmm/Shivam/subtask2_blindtest_wReadme/bengali/bengali_blind_wav/782212_U3vznv0QO5jlDXHO_0038.wav,/home/abdullahmm/Shivam/subtask2_blindtest_wReadme/bengali/bengali_blind_wav/782212_U3vznv0QO5jlDXHO_0038.wav,এইবাদে যে প্রতিটি বইয়ের radio বোতাম রয়েছে,4.0
/home/abdullahmm/Shivam/subtask2_blindtest_wReadme/bengali/bengali_blind_wav/782212_U3vznv0QO5jlDXHO_0039.wav,/home/abdullahmm/Shivam/subtask2_blindtest_wReadme/bengali/bengali_blind_wav/782212_U3vznv0QO5jlDXHO_0039.wav,যাতে আমরা সেই বই checkout বা ফেরৎ দিতে পারি,4.0
/home/abdullahmm/Shivam/subtask2_blindtest_wReadme/bengali/bengali_blind_wav/782212_U3vznv0QO5jlDXHO_0040.wav,/home/abdullahmm/Shivam/subtask2_blindtest_wReadme/bengali/bengali_blind_wav/782212_U3vznv0QO5jlDXHO_0040.wav,user name পেতে user name field রয়েছে যাকে বই checkout করতে হবে,7.0
/home/abdullahmm/Shivam/subtask2_blindtest_wReadme/bengali/bengali_blind_wav/782212_U3vznv0QO5jlDXHO_0041.wav,/home/abdullahmm/Shivam/subtask2_blindtest_wReadme/bengali/bengali_blind_wav/782212_U3vznv0QO5jlDXHO_0041.wav,বই ফেরতের তারিখ set করতে date field ও রয়েছে,6.0
/home/abdullahmm/Shivam/subtask2_blindtest_wReadme/bengali/bengali_blind_wav/782212_U3vznv0QO5jlDXHO_0042.wav,/home/abdullahmm/Shivam/subtask2_blindtest_wReadme/bengali/bengali_blind_wav/782212_U3vznv0QO5jlDXHO_0042.wav,বই ফেরতের তারিখ আজ থেকে এক সপ্তাহ পরের তারিখ set করি,5.0
/home/abdullahmm/Shivam/subtask2_blindtest_wReadme/bengali/bengali_blind_wav/782212_U3vznv0QO5jlDXHO_0043.wav,/home/abdullahmm/Shivam/subtask2_blindtest_wReadme/bengali/bengali_blind_wav/782212_U3vznv0QO5jlDXHO_0043.wav,এটি calendar class ব্যবহার করে করা হয়,3.0
/home/abdullahmm/Shivam/subtask2_blindtest_wReadme/bengali/bengali_blind_wav/782212_U3vznv0QO5jlDXHO_0044.wav,/home/abdullahmm/Shivam/subtask2_blindtest_wReadme/bengali/bengali_blind_wav/782212_U3vznv0QO5jlDXHO_0044.wav,এই ক্লাসের add function দুটি parameter নেয়,6.0
/home/abdullahmm/Shivam/subtask2_blindtest_wReadme/bengali/bengali_blind_wav/782212_U3vznv0QO5jlDXHO_0045.wav,/home/abdullahmm/Shivam/subtask2_blindtest_wReadme/bengali/bengali_blind_wav/782212_U3vznv0QO5jlDXHO_0045.wav,প্রথমটি হল বছরের বর্তমান দিন,3.0
/home/abdullahmm/Shivam/subtask2_blindtest_wReadme/bengali/bengali_blind_wav/782212_U3vznv0QO5jlDXHO_0046.wav,/home/abdullahmm/Shivam/subtask2_blindtest_wReadme/bengali/bengali_blind_wav/782212_U3vznv0QO5jlDXHO_0046.wav,দ্বিতীয়টি বর্তমান দিনে যুক্ত দিন সংখ্যা,5.0
/home/abdullahmm/Shivam/subtask2_blindtest_wReadme/bengali/bengali_blind_wav/782212_U3vznv0QO5jlDXHO_0047.wav,/home/abdullahmm/Shivam/subtask2_blindtest_wReadme/bengali/bengali_blind_wav/782212_U3vznv0QO5jlDXHO_0047.wav,সাত দিন যুক্ত করেছি,2.0
/home/abdullahmm/Shivam/subtask2_blindtest_wReadme/bengali/bengali_blind_wav/782212_U3vznv0QO5jlDXHO_0048.wav,/home/abdullahmm/Shivam/subtask2_blindtest_wReadme/bengali/bengali_blind_wav/782212_U3vznv0QO5jlDXHO_0048.wav,মনে রাখুন যে form action = checkout servlet,6.0
/home/abdullahmm/Shivam/subtask2_blindtest_wReadme/bengali/bengali_blind_wav/782212_U3vznv0QO5jlDXHO_0049.wav,/home/abdullahmm/Shivam/subtask2_blindtest_wReadme/bengali/bengali_blind_wav/782212_U3vznv0QO5jlDXHO_0049.wav,browser এ ফিরে আসি,3.0
/home/abdullahmm/Shivam/subtask2_blindtest_wReadme/bengali/bengali_blind_wav/782212_U3vznv0QO5jlDXHO_0050.wav,/home/abdullahmm/Shivam/subtask2_blindtest_wReadme/bengali/bengali_blind_wav/782212_U3vznv0QO5jlDXHO_0050.wav,book id 1 এ টিপব,3.0
/home/abdullahmm/Shivam/subtask2_blindtest_wReadme/bengali/bengali_blind_wav/782212_U3vznv0QO5jlDXHO_0051.wav,/home/abdullahmm/Shivam/subtask2_blindtest_wReadme/bengali/bengali_blind_wav/782212_U3vznv0QO5jlDXHO_0051.wav,user name হিসাবে arya লিখব,3.0
/home/abdullahmm/Shivam/subtask2_blindtest_wReadme/bengali/bengali_blind_wav/782212_U3vznv0QO5jlDXHO_0052.wav,/home/abdullahmm/Shivam/subtask2_blindtest_wReadme/bengali/bengali_blind_wav/782212_U3vznv0QO5jlDXHO_0052.wav,ফেরতের তারিখ হল আজকের তারিখ থেকে এক সপ্তাহ পর,5.0
/home/abdullahmm/Shivam/subtask2_blindtest_wReadme/bengali/bengali_blind_wav/782212_U3vznv0QO5jlDXHO_0053.wav,/home/abdullahmm/Shivam/subtask2_blindtest_wReadme/bengali/bengali_blind_wav/782212_U3vznv0QO5jlDXHO_0053.wav,উল্লেখ্য যে এখানে উপলব্ধ copy সংখ্যা 9,5.0
/home/abdullahmm/Shivam/subtask2_blindtest_wReadme/bengali/bengali_blind_wav/782212_U3vznv0QO5jlDXHO_0054.wav,/home/abdullahmm/Shivam/subtask2_blindtest_wReadme/bengali/bengali_blind_wav/782212_U3vznv0QO5jlDXHO_0054.wav,checkout বুকে টিপুন,3.0
/home/abdullahmm/Shivam/subtask2_blindtest_wReadme/bengali/bengali_blind_wav/782212_U3vznv0QO5jlDXHO_0055.wav,/home/abdullahmm/Shivam/subtask2_blindtest_wReadme/bengali/bengali_blind_wav/782212_U3vznv0QO5jlDXHO_0055.wav,আমরা checkout success page pi,4.0
/home/abdullahmm/Shivam/subtask2_blindtest_wReadme/bengali/bengali_blind_wav/782212_U3vznv0QO5jlDXHO_0056.wav,/home/abdullahmm/Shivam/subtask2_blindtest_wReadme/bengali/bengali_blind_wav/782212_U3vznv0QO5jlDXHO_0056.wav,admin section পেজে যেতে এখানে টিপব,4.0
/home/abdullahmm/Shivam/subtask2_blindtest_wReadme/bengali/bengali_blind_wav/782212_U3vznv0QO5jlDXHO_0057.wav,/home/abdullahmm/Shivam/subtask2_blindtest_wReadme/bengali/bengali_blind_wav/782212_U3vznv0QO5jlDXHO_0057.wav,আবার checkout / return বুকে টিপুন,4.0
/home/abdullahmm/Shivam/subtask2_blindtest_wReadme/bengali/bengali_blind_wav/782212_U3vznv0QO5jlDXHO_0058.wav,/home/abdullahmm/Shivam/subtask2_blindtest_wReadme/bengali/bengali_blind_wav/782212_U3vznv0QO5jlDXHO_0058.wav,এখন উপলব্ধ copy সংখ্যা কমে 8 হয়েছে,5.0
/home/abdullahmm/Shivam/subtask2_blindtest_wReadme/bengali/bengali_blind_wav/782212_U3vznv0QO5jlDXHO_0059.wav,/home/abdullahmm/Shivam/subtask2_blindtest_wReadme/bengali/bengali_blind_wav/782212_U3vznv0QO5jlDXHO_0059.wav,এটির জন্য code দেখবো,2.0
/home/abdullahmm/Shivam/subtask2_blindtest_wReadme/bengali/bengali_blind_wav/782212_U3vznv0QO5jlDXHO_0060.wav,/home/abdullahmm/Shivam/subtask2_blindtest_wReadme/bengali/bengali_blind_wav/782212_U3vznv0QO5jlDXHO_0060.wav,ide তে ফিরে আসি,3.0
/home/abdullahmm/Shivam/subtask2_blindtest_wReadme/bengali/bengali_blind_wav/782212_U3vznv0QO5jlDXHO_0061.wav,/home/abdullahmm/Shivam/subtask2_blindtest_wReadme/bengali/bengali_blind_wav/782212_U3vznv0QO5jlDXHO_0061.wav,checkout servlet . java খুলুন,3.0
/home/abdullahmm/Shivam/subtask2_blindtest_wReadme/bengali/bengali_blind_wav/782212_U3vznv0QO5jlDXHO_0062.wav,/home/abdullahmm/Shivam/subtask2_blindtest_wReadme/bengali/bengali_blind_wav/782212_U3vznv0QO5jlDXHO_0062.wav,error msgs এর তালিকা রয়েছে,3.0
/home/abdullahmm/Shivam/subtask2_blindtest_wReadme/bengali/bengali_blind_wav/782212_U3vznv0QO5jlDXHO_0063.wav,/home/abdullahmm/Shivam/subtask2_blindtest_wReadme/bengali/bengali_blind_wav/782212_U3vznv0QO5jlDXHO_0063.wav,রিকোয়েস্টে error messages set করেছি,4.0
/home/abdullahmm/Shivam/subtask2_blindtest_wReadme/bengali/bengali_blind_wav/782212_U3vznv0QO5jlDXHO_0064.wav,/home/abdullahmm/Shivam/subtask2_blindtest_wReadme/bengali/bengali_blind_wav/782212_U3vznv0QO5jlDXHO_0064.wav,get parameter ব্যবহার করে request থেকে user name pi,5.0
/home/abdullahmm/Shivam/subtask2_blindtest_wReadme/bengali/bengali_blind_wav/782212_U3vznv0QO5jlDXHO_0065.wav,/home/abdullahmm/Shivam/subtask2_blindtest_wReadme/bengali/bengali_blind_wav/782212_U3vznv0QO5jlDXHO_0065.wav,একইভাবে checkout book return বুকেবং book id pi,6.0
/home/abdullahmm/Shivam/subtask2_blindtest_wReadme/bengali/bengali_blind_wav/782212_U3vznv0QO5jlDXHO_0066.wav,/home/abdullahmm/Shivam/subtask2_blindtest_wReadme/bengali/bengali_blind_wav/782212_U3vznv0QO5jlDXHO_0066.wav,id থেকে পূর্ণসংখ্যা হিসাবে book id pass করি,6.0
/home/abdullahmm/Shivam/subtask2_blindtest_wReadme/bengali/bengali_blind_wav/782212_U3vznv0QO5jlDXHO_0067.wav,/home/abdullahmm/Shivam/subtask2_blindtest_wReadme/bengali/bengali_blind_wav/782212_U3vznv0QO5jlDXHO_0067.wav,user name এবং book id যাচাই করি,4.0
/home/abdullahmm/Shivam/subtask2_blindtest_wReadme/bengali/bengali_blind_wav/782212_U3vznv0QO5jlDXHO_0068.wav,/home/abdullahmm/Shivam/subtask2_blindtest_wReadme/bengali/bengali_blind_wav/782212_U3vznv0QO5jlDXHO_0068.wav,checkout বুকেবং return book অকার্যকর থাকলেও আমরা এটি যাচাই করি,6.0
/home/abdullahmm/Shivam/subtask2_blindtest_wReadme/bengali/bengali_blind_wav/782212_U3vznv0QO5jlDXHO_0069.wav,/home/abdullahmm/Shivam/subtask2_blindtest_wReadme/bengali/bengali_blind_wav/782212_U3vznv0QO5jlDXHO_0069.wav,এরপর যাচাই করি যদি তাদের মধ্যে একটি অকার্যকর না হয়,5.0
/home/abdullahmm/Shivam/subtask2_blindtest_wReadme/bengali/bengali_blind_wav/782212_U3vznv0QO5jlDXHO_0070.wav,/home/abdullahmm/Shivam/subtask2_blindtest_wReadme/bengali/bengali_blind_wav/782212_U3vznv0QO5jlDXHO_0070.wav,user exists method ব্যবহার করে user systemএ উপস্থিত থাকে তা যাচাই করি,6.0
/home/abdullahmm/Shivam/subtask2_blindtest_wReadme/bengali/bengali_blind_wav/782212_U3vznv0QO5jlDXHO_0071.wav,/home/abdullahmm/Shivam/subtask2_blindtest_wReadme/bengali/bengali_blind_wav/782212_U3vznv0QO5jlDXHO_0071.wav,user exists ভেরিয়েবলে মেথডের return value set করি,6.0
/home/abdullahmm/Shivam/subtask2_blindtest_wReadme/bengali/bengali_blind_wav/782212_U3vznv0QO5jlDXHO_0072.wav,/home/abdullahmm/Shivam/subtask2_blindtest_wReadme/bengali/bengali_blind_wav/782212_U3vznv0QO5jlDXHO_0072.wav,এখন এই method কি করি তা দেখবো,4.0
/home/abdullahmm/Shivam/subtask2_blindtest_wReadme/bengali/bengali_blind_wav/782212_U3vznv0QO5jlDXHO_0073.wav,/home/abdullahmm/Shivam/subtask2_blindtest_wReadme/bengali/bengali_blind_wav/782212_U3vznv0QO5jlDXHO_0073.wav,প্রথমে টেবিলে user name উপস্থিত থাকলে তা যাচাই করতে query execute করি,7.0
/home/abdullahmm/Shivam/subtask2_blindtest_wReadme/bengali/bengali_blind_wav/782212_U3vznv0QO5jlDXHO_0074.wav,/home/abdullahmm/Shivam/subtask2_blindtest_wReadme/bengali/bengali_blind_wav/782212_U3vznv0QO5jlDXHO_0074.wav,integer variable user exists = 0 দেখি,5.0
/home/abdullahmm/Shivam/subtask2_blindtest_wReadme/bengali/bengali_blind_wav/782212_U3vznv0QO5jlDXHO_0075.wav,/home/abdullahmm/Shivam/subtask2_blindtest_wReadme/bengali/bengali_blind_wav/782212_U3vznv0QO5jlDXHO_0075.wav,user বিদ্যমান থাকলে user exists = 1 set করি,6.0
/home/abdullahmm/Shivam/subtask2_blindtest_wReadme/bengali/bengali_blind_wav/782212_U3vznv0QO5jlDXHO_0076.wav,/home/abdullahmm/Shivam/subtask2_blindtest_wReadme/bengali/bengali_blind_wav/782212_U3vznv0QO5jlDXHO_0076.wav,এরপর আমরা এর value ফেরৎ দেই,4.0
/home/abdullahmm/Shivam/subtask2_blindtest_wReadme/bengali/bengali_blind_wav/782212_U3vznv0QO5jlDXHO_0077.wav,/home/abdullahmm/Shivam/subtask2_blindtest_wReadme/bengali/bengali_blind_wav/782212_U3vznv0QO5jlDXHO_0077.wav,সুতরাং method 0 ফেরৎ দিলে এর মানে user সিস্টেমে উপস্থিত নয়,9.0
/home/abdullahmm/Shivam/subtask2_blindtest_wReadme/bengali/bengali_blind_wav/782212_U3vznv0QO5jlDXHO_0078.wav,/home/abdullahmm/Shivam/subtask2_blindtest_wReadme/bengali/bengali_blind_wav/782212_U3vznv0QO5jlDXHO_0078.wav,অন্যথায় যদি user উপস্থিত থাকে আমরা book already issued method call করি,8.0
/home/abdullahmm/Shivam/subtask2_blindtest_wReadme/bengali/bengali_blind_wav/782212_U3vznv0QO5jlDXHO_0079.wav,/home/abdullahmm/Shivam/subtask2_blindtest_wReadme/bengali/bengali_blind_wav/782212_U3vznv0QO5jlDXHO_0079.wav,আমরা book issued এ মেথডের value ফেরৎ দিয়েছি,5.0
/home/abdullahmm/Shivam/subtask2_blindtest_wReadme/bengali/bengali_blind_wav/782212_U3vznv0QO5jlDXHO_0080.wav,/home/abdullahmm/Shivam/subtask2_blindtest_wReadme/bengali/bengali_blind_wav/782212_U3vznv0QO5jlDXHO_0080.wav,একই বই একই user দ্বারা জারি করা হলে এটি তা যাচাই করে,6.0
/home/abdullahmm/Shivam/subtask2_blindtest_wReadme/bengali/bengali_blind_wav/782212_U3vznv0QO5jlDXHO_0081.wav,/home/abdullahmm/Shivam/subtask2_blindtest_wReadme/bengali/bengali_blind_wav/782212_U3vznv0QO5jlDXHO_0081.wav,book already issued মেথডে আসি,4.0
/home/abdullahmm/Shivam/subtask2_blindtest_wReadme/bengali/bengali_blind_wav/782212_U3vznv0QO5jlDXHO_0082.wav,/home/abdullahmm/Shivam/subtask2_blindtest_wReadme/bengali/bengali_blind_wav/782212_U3vznv0QO5jlDXHO_0082.wav,এখানে একটি integer variable book already issued 0 তে set করেছি,7.0
/home/abdullahmm/Shivam/subtask2_blindtest_wReadme/bengali/bengali_blind_wav/782212_U3vznv0QO5jlDXHO_0083.wav,/home/abdullahmm/Shivam/subtask2_blindtest_wReadme/bengali/bengali_blind_wav/782212_U3vznv0QO5jlDXHO_0083.wav,একই বই একই book id এর সাথে একই ইউসারকে জারি করা হলে এটি তা যাচাই করে,6.0
/home/abdullahmm/Shivam/subtask2_blindtest_wReadme/bengali/bengali_blind_wav/782212_U3vznv0QO5jlDXHO_0084.wav,/home/abdullahmm/Shivam/subtask2_blindtest_wReadme/bengali/bengali_blind_wav/782212_U3vznv0QO5jlDXHO_0084.wav,আমরা checkout table থেকে book id pi,5.0
/home/abdullahmm/Shivam/subtask2_blindtest_wReadme/bengali/bengali_blind_wav/782212_U3vznv0QO5jlDXHO_0085.wav,/home/abdullahmm/Shivam/subtask2_blindtest_wReadme/bengali/bengali_blind_wav/782212_U3vznv0QO5jlDXHO_0085.wav,book id বিদ্যমান হলে book already issued variable 1 এ set করুন,7.0
/home/abdullahmm/Shivam/subtask2_blindtest_wReadme/bengali/bengali_blind_wav/782212_U3vznv0QO5jlDXHO_0086.wav,/home/abdullahmm/Shivam/subtask2_blindtest_wReadme/bengali/bengali_blind_wav/782212_U3vznv0QO5jlDXHO_0086.wav,book already ইস্যুডের value ফেরত দিই,4.0
/home/abdullahmm/Shivam/subtask2_blindtest_wReadme/bengali/bengali_blind_wav/782212_U3vznv0QO5jlDXHO_0087.wav,/home/abdullahmm/Shivam/subtask2_blindtest_wReadme/bengali/bengali_blind_wav/782212_U3vznv0QO5jlDXHO_0087.wav,যদি method 1 ফেরৎ দেয় তাহলে এর মানে একই user ইতিমধ্যে এই বই ধার্য করেছে,9.0
/home/abdullahmm/Shivam/subtask2_blindtest_wReadme/bengali/bengali_blind_wav/782212_U3vznv0QO5jlDXHO_0088.wav,/home/abdullahmm/Shivam/subtask2_blindtest_wReadme/bengali/bengali_blind_wav/782212_U3vznv0QO5jlDXHO_0088.wav,এখন browser ফিরে আসি,3.0
/home/abdullahmm/Shivam/subtask2_blindtest_wReadme/bengali/bengali_blind_wav/782212_U3vznv0QO5jlDXHO_0089.wav,/home/abdullahmm/Shivam/subtask2_blindtest_wReadme/bengali/bengali_blind_wav/782212_U3vznv0QO5jlDXHO_0089.wav,একই user দ্বারা একই বই checkout করার চেষ্টা করি,5.0
/home/abdullahmm/Shivam/subtask2_blindtest_wReadme/bengali/bengali_blind_wav/782212_U3vznv0QO5jlDXHO_0090.wav,/home/abdullahmm/Shivam/subtask2_blindtest_wReadme/bengali/bengali_blind_wav/782212_U3vznv0QO5jlDXHO_0090.wav,user name হিসেবে arya লিখুন,3.0
/home/abdullahmm/Shivam/subtask2_blindtest_wReadme/bengali/bengali_blind_wav/782212_U3vznv0QO5jlDXHO_0091.wav,/home/abdullahmm/Shivam/subtask2_blindtest_wReadme/bengali/bengali_blind_wav/782212_U3vznv0QO5jlDXHO_0091.wav,book id 1 এর radio বোতামে টিপুন,5.0
/home/abdullahmm/Shivam/subtask2_blindtest_wReadme/bengali/bengali_blind_wav/782212_U3vznv0QO5jlDXHO_0092.wav,/home/abdullahmm/Shivam/subtask2_blindtest_wReadme/bengali/bengali_blind_wav/782212_U3vznv0QO5jlDXHO_0092.wav,তারপর checkout বুকে টিপুন,4.0
/home/abdullahmm/Shivam/subtask2_blindtest_wReadme/bengali/bengali_blind_wav/782212_U3vznv0QO5jlDXHO_0093.wav,/home/abdullahmm/Shivam/subtask2_blindtest_wReadme/bengali/bengali_blind_wav/782212_U3vznv0QO5jlDXHO_0093.wav,একটি error message pi the same user has already borrowed this book,7.0
/home/abdullahmm/Shivam/subtask2_blindtest_wReadme/bengali/bengali_blind_wav/782212_U3vznv0QO5jlDXHO_0094.wav,/home/abdullahmm/Shivam/subtask2_blindtest_wReadme/bengali/bengali_blind_wav/782212_U3vznv0QO5jlDXHO_0094.wav,এখন ide তে ফিরে যাই,4.0
/home/abdullahmm/Shivam/subtask2_blindtest_wReadme/bengali/bengali_blind_wav/782212_U3vznv0QO5jlDXHO_0095.wav,/home/abdullahmm/Shivam/subtask2_blindtest_wReadme/bengali/bengali_blind_wav/782212_U3vznv0QO5jlDXHO_0095.wav,system user exists এবং checkout book অকার্যকর না হলে checkout method call করি,8.0
/home/abdullahmm/Shivam/subtask2_blindtest_wReadme/bengali/bengali_blind_wav/782212_U3vznv0QO5jlDXHO_0096.wav,/home/abdullahmm/Shivam/subtask2_blindtest_wReadme/bengali/bengali_blind_wav/782212_U3vznv0QO5jlDXHO_0096.wav,এই method এ কি করি তা দেখি,3.0
/home/abdullahmm/Shivam/subtask2_blindtest_wReadme/bengali/bengali_blind_wav/782212_U3vznv0QO5jlDXHO_0097.wav,/home/abdullahmm/Shivam/subtask2_blindtest_wReadme/bengali/bengali_blind_wav/782212_U3vznv0QO5jlDXHO_0097.wav,আমরা সংশ্লিষ্ট id এর জন্য উপলব্ধ copy pi,6.0
/home/abdullahmm/Shivam/subtask2_blindtest_wReadme/bengali/bengali_blind_wav/782212_U3vznv0QO5jlDXHO_0098.wav,/home/abdullahmm/Shivam/subtask2_blindtest_wReadme/bengali/bengali_blind_wav/782212_U3vznv0QO5jlDXHO_0098.wav,আমরা এটি books table থেকে pi,4.0
/home/abdullahmm/Shivam/subtask2_blindtest_wReadme/bengali/bengali_blind_wav/782212_U3vznv0QO5jlDXHO_0099.wav,/home/abdullahmm/Shivam/subtask2_blindtest_wReadme/bengali/bengali_blind_wav/782212_U3vznv0QO5jlDXHO_0099.wav,উপলব্ধ কপির সংখ্যা available copies ভেরিয়েবলে সংরক্ষণ করি,6.0
/home/abdullahmm/Shivam/subtask2_blindtest_wReadme/bengali/bengali_blind_wav/782212_U3vznv0QO5jlDXHO_0100.wav,/home/abdullahmm/Shivam/subtask2_blindtest_wReadme/bengali/bengali_blind_wav/782212_U3vznv0QO5jlDXHO_0100.wav,এখন আমরা যাচাই করি যে available copies > than 0 এবং book issued = 0 হয়,9.0
/home/abdullahmm/Shivam/subtask2_blindtest_wReadme/bengali/bengali_blind_wav/782212_U3vznv0QO5jlDXHO_0101.wav,/home/abdullahmm/Shivam/subtask2_blindtest_wReadme/bengali/bengali_blind_wav/782212_U3vznv0QO5jlDXHO_0101.wav,request থেকে date of return পেয়ে return dateএ সংরক্ষণ করি,6.0
/home/abdullahmm/Shivam/subtask2_blindtest_wReadme/bengali/bengali_blind_wav/782212_U3vznv0QO5jlDXHO_0102.wav,/home/abdullahmm/Shivam/subtask2_blindtest_wReadme/bengali/bengali_blind_wav/782212_U3vznv0QO5jlDXHO_0102.wav,এখন insert into checkout call করি,4.0
/home/abdullahmm/Shivam/subtask2_blindtest_wReadme/bengali/bengali_blind_wav/782212_U3vznv0QO5jlDXHO_0103.wav,/home/abdullahmm/Shivam/subtask2_blindtest_wReadme/bengali/bengali_blind_wav/782212_U3vznv0QO5jlDXHO_0103.wav,এখন দেখব যে insert into check out method এ কি করি,5.0
/home/abdullahmm/Shivam/subtask2_blindtest_wReadme/bengali/bengali_blind_wav/782212_U3vznv0QO5jlDXHO_0104.wav,/home/abdullahmm/Shivam/subtask2_blindtest_wReadme/bengali/bengali_blind_wav/782212_U3vznv0QO5jlDXHO_0104.wav,এখানে checkout টেবিলে book _ id user name এবং return date সংরক্ষণ করি,7.0
/home/abdullahmm/Shivam/subtask2_blindtest_wReadme/bengali/bengali_blind_wav/782212_U3vznv0QO5jlDXHO_0105.wav,/home/abdullahmm/Shivam/subtask2_blindtest_wReadme/bengali/bengali_blind_wav/782212_U3vznv0QO5jlDXHO_0105.wav,এখন decrement available copies method call করি,4.0
/home/abdullahmm/Shivam/subtask2_blindtest_wReadme/bengali/bengali_blind_wav/782212_U3vznv0QO5jlDXHO_0106.wav,/home/abdullahmm/Shivam/subtask2_blindtest_wReadme/bengali/bengali_blind_wav/782212_U3vznv0QO5jlDXHO_0106.wav,এই method কি করি তা দেখবো,3.0
/home/abdullahmm/Shivam/subtask2_blindtest_wReadme/bengali/bengali_blind_wav/782212_U3vznv0QO5jlDXHO_0107.wav,/home/abdullahmm/Shivam/subtask2_blindtest_wReadme/bengali/bengali_blind_wav/782212_U3vznv0QO5jlDXHO_0107.wav,books টেবিলে 1 দ্বারা decrement available কপিসেরর query execute করি,7.0
/home/abdullahmm/Shivam/subtask2_blindtest_wReadme/bengali/bengali_blind_wav/782212_U3vznv0QO5jlDXHO_0108.wav,/home/abdullahmm/Shivam/subtask2_blindtest_wReadme/bengali/bengali_blind_wav/782212_U3vznv0QO5jlDXHO_0108.wav,set checkout into request method call করি,3.0
/home/abdullahmm/Shivam/subtask2_blindtest_wReadme/bengali/bengali_blind_wav/782212_U3vznv0QO5jlDXHO_0109.wav,/home/abdullahmm/Shivam/subtask2_blindtest_wReadme/bengali/bengali_blind_wav/782212_U3vznv0QO5jlDXHO_0109.wav,এই method আসি,3.0
/home/abdullahmm/Shivam/subtask2_blindtest_wReadme/bengali/bengali_blind_wav/782212_U3vznv0QO5jlDXHO_0110.wav,/home/abdullahmm/Shivam/subtask2_blindtest_wReadme/bengali/bengali_blind_wav/782212_U3vznv0QO5jlDXHO_0110.wav,এই মেথডে রিকোয়েস্টে checkout বৈশিষ্ট্য set করি,6.0
/home/abdullahmm/Shivam/subtask2_blindtest_wReadme/bengali/bengali_blind_wav/782212_U3vznv0QO5jlDXHO_0111.wav,/home/abdullahmm/Shivam/subtask2_blindtest_wReadme/bengali/bengali_blind_wav/782212_U3vznv0QO5jlDXHO_0111.wav,request dispatcher ব্যবহার করে success checkout . jsp তে request পাঠাই,7.0
/home/abdullahmm/Shivam/subtask2_blindtest_wReadme/bengali/bengali_blind_wav/782212_U3vznv0QO5jlDXHO_0112.wav,/home/abdullahmm/Shivam/subtask2_blindtest_wReadme/bengali/bengali_blind_wav/782212_U3vznv0QO5jlDXHO_0112.wav,available copies 0 হলে আমরা print করি there are no copies of the requested book available,8.0
/home/abdullahmm/Shivam/subtask2_blindtest_wReadme/bengali/bengali_blind_wav/782212_U3vznv0QO5jlDXHO_0113.wav,/home/abdullahmm/Shivam/subtask2_blindtest_wReadme/bengali/bengali_blind_wav/782212_U3vznv0QO5jlDXHO_0113.wav,এখন success checkout . jsp তে আসি,5.0
/home/abdullahmm/Shivam/subtask2_blindtest_wReadme/bengali/bengali_blind_wav/782212_U3vznv0QO5jlDXHO_0114.wav,/home/abdullahmm/Shivam/subtask2_blindtest_wReadme/bengali/bengali_blind_wav/782212_U3vznv0QO5jlDXHO_0114.wav,প্রথমে request থেকে checkout বৈশিষ্ট্য pi,5.0
/home/abdullahmm/Shivam/subtask2_blindtest_wReadme/bengali/bengali_blind_wav/782212_U3vznv0QO5jlDXHO_0115.wav,/home/abdullahmm/Shivam/subtask2_blindtest_wReadme/bengali/bengali_blind_wav/782212_U3vznv0QO5jlDXHO_0115.wav,সফল checkout এর জন্য সফল messege প্রদর্শন করি,5.0
/home/abdullahmm/Shivam/subtask2_blindtest_wReadme/bengali/bengali_blind_wav/782212_U3vznv0QO5jlDXHO_0116.wav,/home/abdullahmm/Shivam/subtask2_blindtest_wReadme/bengali/bengali_blind_wav/782212_U3vznv0QO5jlDXHO_0116.wav,আপনি বিভিন্ন errors চেষ্টা করতে পারেন,3.0
/home/abdullahmm/Shivam/subtask2_blindtest_wReadme/bengali/bengali_blind_wav/782212_U3vznv0QO5jlDXHO_0117.wav,/home/abdullahmm/Shivam/subtask2_blindtest_wReadme/bengali/bengali_blind_wav/782212_U3vznv0QO5jlDXHO_0117.wav,বই ফেরৎ দিতে browser এ ফিরে আসি,4.0
/home/abdullahmm/Shivam/subtask2_blindtest_wReadme/bengali/bengali_blind_wav/782212_U3vznv0QO5jlDXHO_0118.wav,/home/abdullahmm/Shivam/subtask2_blindtest_wReadme/bengali/bengali_blind_wav/782212_U3vznv0QO5jlDXHO_0118.wav,book id 1 এ টিপুন এবং user name হিসাবে arya লিখুন,6.0
/home/abdullahmm/Shivam/subtask2_blindtest_wReadme/bengali/bengali_blind_wav/782212_U3vznv0QO5jlDXHO_0119.wav,/home/abdullahmm/Shivam/subtask2_blindtest_wReadme/bengali/bengali_blind_wav/782212_U3vznv0QO5jlDXHO_0119.wav,তারপর return বুকে টিপুন,3.0
/home/abdullahmm/Shivam/subtask2_blindtest_wReadme/bengali/bengali_blind_wav/782212_U3vznv0QO5jlDXHO_0120.wav,/home/abdullahmm/Shivam/subtask2_blindtest_wReadme/bengali/bengali_blind_wav/782212_U3vznv0QO5jlDXHO_0120.wav,আমরা সফল বার্তা pi যে বই সফলভাবে ফেরৎ হয়েছে,5.0
/home/abdullahmm/Shivam/subtask2_blindtest_wReadme/bengali/bengali_blind_wav/782212_U3vznv0QO5jlDXHO_0121.wav,/home/abdullahmm/Shivam/subtask2_blindtest_wReadme/bengali/bengali_blind_wav/782212_U3vznv0QO5jlDXHO_0121.wav,অন্য checkout / return এর জন্য এখানে টিপুন,4.0
/home/abdullahmm/Shivam/subtask2_blindtest_wReadme/bengali/bengali_blind_wav/782212_U3vznv0QO5jlDXHO_0122.wav,/home/abdullahmm/Shivam/subtask2_blindtest_wReadme/bengali/bengali_blind_wav/782212_U3vznv0QO5jlDXHO_0122.wav,admin section পেজে আসি,3.0
/home/abdullahmm/Shivam/subtask2_blindtest_wReadme/bengali/bengali_blind_wav/782212_U3vznv0QO5jlDXHO_0123.wav,/home/abdullahmm/Shivam/subtask2_blindtest_wReadme/bengali/bengali_blind_wav/782212_U3vznv0QO5jlDXHO_0123.wav,checkout / রিটার্নে টিপুন,3.0
/home/abdullahmm/Shivam/subtask2_blindtest_wReadme/bengali/bengali_blind_wav/782212_U3vznv0QO5jlDXHO_0124.wav,/home/abdullahmm/Shivam/subtask2_blindtest_wReadme/bengali/bengali_blind_wav/782212_U3vznv0QO5jlDXHO_0124.wav,আমরা দেখতে পারি যে উপলব্ধ কপির সংখ্যা বৃদ্ধি পেয়েছে,6.0
/home/abdullahmm/Shivam/subtask2_blindtest_wReadme/bengali/bengali_blind_wav/782212_U3vznv0QO5jlDXHO_0125.wav,/home/abdullahmm/Shivam/subtask2_blindtest_wReadme/bengali/bengali_blind_wav/782212_U3vznv0QO5jlDXHO_0125.wav,আমরা code দেখবো,2.0
/home/abdullahmm/Shivam/subtask2_blindtest_wReadme/bengali/bengali_blind_wav/782212_U3vznv0QO5jlDXHO_0126.wav,/home/abdullahmm/Shivam/subtask2_blindtest_wReadme/bengali/bengali_blind_wav/782212_U3vznv0QO5jlDXHO_0126.wav,ide তে ফিরে আসি,2.0
/home/abdullahmm/Shivam/subtask2_blindtest_wReadme/bengali/bengali_blind_wav/782212_U3vznv0QO5jlDXHO_0127.wav,/home/abdullahmm/Shivam/subtask2_blindtest_wReadme/bengali/bengali_blind_wav/782212_U3vznv0QO5jlDXHO_0127.wav,checkout servlet . java খুলুন,4.0
/home/abdullahmm/Shivam/subtask2_blindtest_wReadme/bengali/bengali_blind_wav/782212_U3vznv0QO5jlDXHO_0128.wav,/home/abdullahmm/Shivam/subtask2_blindtest_wReadme/bengali/bengali_blind_wav/782212_U3vznv0QO5jlDXHO_0128.wav,আমরা যাচাই করি user exists 1 এর সমান এবং return book null না হয়,7.0
/home/abdullahmm/Shivam/subtask2_blindtest_wReadme/bengali/bengali_blind_wav/782212_U3vznv0QO5jlDXHO_0129.wav,/home/abdullahmm/Shivam/subtask2_blindtest_wReadme/bengali/bengali_blind_wav/782212_U3vznv0QO5jlDXHO_0129.wav,এরপর return book method call করি,3.0
/home/abdullahmm/Shivam/subtask2_blindtest_wReadme/bengali/bengali_blind_wav/782212_U3vznv0QO5jlDXHO_0130.wav,/home/abdullahmm/Shivam/subtask2_blindtest_wReadme/bengali/bengali_blind_wav/782212_U3vznv0QO5jlDXHO_0130.wav,এখন এই method এ আসি,3.0
/home/abdullahmm/Shivam/subtask2_blindtest_wReadme/bengali/bengali_blind_wav/782212_U3vznv0QO5jlDXHO_0131.wav,/home/abdullahmm/Shivam/subtask2_blindtest_wReadme/bengali/bengali_blind_wav/782212_U3vznv0QO5jlDXHO_0131.wav,এখানে book id এর জন্য books table থেকে total copies এবং available copies নির্বাচন করি,8.0
/home/abdullahmm/Shivam/subtask2_blindtest_wReadme/bengali/bengali_blind_wav/782212_U3vznv0QO5jlDXHO_0132.wav,/home/abdullahmm/Shivam/subtask2_blindtest_wReadme/bengali/bengali_blind_wav/782212_U3vznv0QO5jlDXHO_0132.wav,total copies এবং available copies যথাক্রমে tot copies এবং avail copies এ সংরক্ষিত হয়,7.0
/home/abdullahmm/Shivam/subtask2_blindtest_wReadme/bengali/bengali_blind_wav/782212_U3vznv0QO5jlDXHO_0133.wav,/home/abdullahmm/Shivam/subtask2_blindtest_wReadme/bengali/bengali_blind_wav/782212_U3vznv0QO5jlDXHO_0133.wav,উপলব্ধ copy সংখ্যা মোট copy সংখ্যা অতিক্রম করলে তা যাচাই করি,6.0
/home/abdullahmm/Shivam/subtask2_blindtest_wReadme/bengali/bengali_blind_wav/782212_U3vznv0QO5jlDXHO_0134.wav,/home/abdullahmm/Shivam/subtask2_blindtest_wReadme/bengali/bengali_blind_wav/782212_U3vznv0QO5jlDXHO_0134.wav,এখন browser ফিরে আসি,3.0
/home/abdullahmm/Shivam/subtask2_blindtest_wReadme/bengali/bengali_blind_wav/782212_U3vznv0QO5jlDXHO_0135.wav,/home/abdullahmm/Shivam/subtask2_blindtest_wReadme/bengali/bengali_blind_wav/782212_U3vznv0QO5jlDXHO_0135.wav,এখন যে user বই ধার্য করেনি তার জন্য বই ফেরত দেই,5.0
/home/abdullahmm/Shivam/subtask2_blindtest_wReadme/bengali/bengali_blind_wav/782212_U3vznv0QO5jlDXHO_0136.wav,/home/abdullahmm/Shivam/subtask2_blindtest_wReadme/bengali/bengali_blind_wav/782212_U3vznv0QO5jlDXHO_0136.wav,user name হিসাবে mdhusein লিখুন,4.0
/home/abdullahmm/Shivam/subtask2_blindtest_wReadme/bengali/bengali_blind_wav/782212_U3vznv0QO5jlDXHO_0137.wav,/home/abdullahmm/Shivam/subtask2_blindtest_wReadme/bengali/bengali_blind_wav/782212_U3vznv0QO5jlDXHO_0137.wav,book id 1 এ টিপুন,3.0
/home/abdullahmm/Shivam/subtask2_blindtest_wReadme/bengali/bengali_blind_wav/782212_U3vznv0QO5jlDXHO_0138.wav,/home/abdullahmm/Shivam/subtask2_blindtest_wReadme/bengali/bengali_blind_wav/782212_U3vznv0QO5jlDXHO_0138.wav,return বুকে টিপুন,2.0
/home/abdullahmm/Shivam/subtask2_blindtest_wReadme/bengali/bengali_blind_wav/782212_U3vznv0QO5jlDXHO_0139.wav,/home/abdullahmm/Shivam/subtask2_blindtest_wReadme/bengali/bengali_blind_wav/782212_U3vznv0QO5jlDXHO_0139.wav,error message বলে যে the given user has not borrowed this book,6.0
/home/abdullahmm/Shivam/subtask2_blindtest_wReadme/bengali/bengali_blind_wav/782212_U3vznv0QO5jlDXHO_0140.wav,/home/abdullahmm/Shivam/subtask2_blindtest_wReadme/bengali/bengali_blind_wav/782212_U3vznv0QO5jlDXHO_0140.wav,এখন ide তে ফিরে আসি,3.0
/home/abdullahmm/Shivam/subtask2_blindtest_wReadme/bengali/bengali_blind_wav/782212_U3vznv0QO5jlDXHO_0141.wav,/home/abdullahmm/Shivam/subtask2_blindtest_wReadme/bengali/bengali_blind_wav/782212_U3vznv0QO5jlDXHO_0141.wav,book issued 1 এর সমান হলে তা যাচাই করি,4.0
/home/abdullahmm/Shivam/subtask2_blindtest_wReadme/bengali/bengali_blind_wav/782212_U3vznv0QO5jlDXHO_0142.wav,/home/abdullahmm/Shivam/subtask2_blindtest_wReadme/bengali/bengali_blind_wav/782212_U3vznv0QO5jlDXHO_0142.wav,এরপর remove from checkout method call করি,4.0
/home/abdullahmm/Shivam/subtask2_blindtest_wReadme/bengali/bengali_blind_wav/782212_U3vznv0QO5jlDXHO_0143.wav,/home/abdullahmm/Shivam/subtask2_blindtest_wReadme/bengali/bengali_blind_wav/782212_U3vznv0QO5jlDXHO_0143.wav,এখন এই method এ আসি,3.0
/home/abdullahmm/Shivam/subtask2_blindtest_wReadme/bengali/bengali_blind_wav/782212_U3vznv0QO5jlDXHO_0144.wav,/home/abdullahmm/Shivam/subtask2_blindtest_wReadme/bengali/bengali_blind_wav/782212_U3vznv0QO5jlDXHO_0144.wav,বই ফেরতের জন্য প্রবিষ্ট করা checkout table থেকে মুছতে query execute করি,10.0
/home/abdullahmm/Shivam/subtask2_blindtest_wReadme/bengali/bengali_blind_wav/782212_U3vznv0QO5jlDXHO_0145.wav,/home/abdullahmm/Shivam/subtask2_blindtest_wReadme/bengali/bengali_blind_wav/782212_U3vznv0QO5jlDXHO_0145.wav,এরপর increment available copies method call করি,4.0
/home/abdullahmm/Shivam/subtask2_blindtest_wReadme/bengali/bengali_blind_wav/782212_U3vznv0QO5jlDXHO_0146.wav,/home/abdullahmm/Shivam/subtask2_blindtest_wReadme/bengali/bengali_blind_wav/782212_U3vznv0QO5jlDXHO_0146.wav,এখন এই method এ আসি,3.0
/home/abdullahmm/Shivam/subtask2_blindtest_wReadme/bengali/bengali_blind_wav/782212_U3vznv0QO5jlDXHO_0147.wav,/home/abdullahmm/Shivam/subtask2_blindtest_wReadme/bengali/bengali_blind_wav/782212_U3vznv0QO5jlDXHO_0147.wav,available copies কে 1 দ্বারা বৃদ্ধি করি,4.0
/home/abdullahmm/Shivam/subtask2_blindtest_wReadme/bengali/bengali_blind_wav/782212_U3vznv0QO5jlDXHO_0148.wav,/home/abdullahmm/Shivam/subtask2_blindtest_wReadme/bengali/bengali_blind_wav/782212_U3vznv0QO5jlDXHO_0148.wav,books টেবিলে query execute করি,4.0
/home/abdullahmm/Shivam/subtask2_blindtest_wReadme/bengali/bengali_blind_wav/782212_U3vznv0QO5jlDXHO_0149.wav,/home/abdullahmm/Shivam/subtask2_blindtest_wReadme/bengali/bengali_blind_wav/782212_U3vznv0QO5jlDXHO_0149.wav,এরপর set return into request method call করি,5.0
/home/abdullahmm/Shivam/subtask2_blindtest_wReadme/bengali/bengali_blind_wav/782212_U3vznv0QO5jlDXHO_0150.wav,/home/abdullahmm/Shivam/subtask2_blindtest_wReadme/bengali/bengali_blind_wav/782212_U3vznv0QO5jlDXHO_0150.wav,এখন এই method এ আসি,3.0
/home/abdullahmm/Shivam/subtask2_blindtest_wReadme/bengali/bengali_blind_wav/782212_U3vznv0QO5jlDXHO_0151.wav,/home/abdullahmm/Shivam/subtask2_blindtest_wReadme/bengali/bengali_blind_wav/782212_U3vznv0QO5jlDXHO_0151.wav,return book বৈশিষ্ট্য রিকোয়েস্টে set করেছি,4.0
/home/abdullahmm/Shivam/subtask2_blindtest_wReadme/bengali/bengali_blind_wav/782212_U3vznv0QO5jlDXHO_0152.wav,/home/abdullahmm/Shivam/subtask2_blindtest_wReadme/bengali/bengali_blind_wav/782212_U3vznv0QO5jlDXHO_0152.wav,এখন request dispatcher ব্যবহার করে success return পেজে এগোই,7.0
/home/abdullahmm/Shivam/subtask2_blindtest_wReadme/bengali/bengali_blind_wav/782212_U3vznv0QO5jlDXHO_0153.wav,/home/abdullahmm/Shivam/subtask2_blindtest_wReadme/bengali/bengali_blind_wav/782212_U3vznv0QO5jlDXHO_0153.wav,এই পেজটি success checkout পেজের অনুরূপ,5.0
/home/abdullahmm/Shivam/subtask2_blindtest_wReadme/bengali/bengali_blind_wav/782212_U3vznv0QO5jlDXHO_0154.wav,/home/abdullahmm/Shivam/subtask2_blindtest_wReadme/bengali/bengali_blind_wav/782212_U3vznv0QO5jlDXHO_0154.wav,এখন browser এ ফিরে গিয়ে login পেজে ফিরে আসি,5.0
/home/abdullahmm/Shivam/subtask2_blindtest_wReadme/bengali/bengali_blind_wav/782212_U3vznv0QO5jlDXHO_0155.wav,/home/abdullahmm/Shivam/subtask2_blindtest_wReadme/bengali/bengali_blind_wav/782212_U3vznv0QO5jlDXHO_0155.wav,এখানে visitors হোমপেজে link রয়েছে,5.0
/home/abdullahmm/Shivam/subtask2_blindtest_wReadme/bengali/bengali_blind_wav/782212_U3vznv0QO5jlDXHO_0156.wav,/home/abdullahmm/Shivam/subtask2_blindtest_wReadme/bengali/bengali_blind_wav/782212_U3vznv0QO5jlDXHO_0156.wav,এখানে সকল উপলব্ধ বইয়ের তালিকা রয়েছে,4.0
/home/abdullahmm/Shivam/subtask2_blindtest_wReadme/bengali/bengali_blind_wav/782212_U3vznv0QO5jlDXHO_0157.wav,/home/abdullahmm/Shivam/subtask2_blindtest_wReadme/bengali/bengali_blind_wav/782212_U3vznv0QO5jlDXHO_0157.wav,সংক্ষেপে এখানে শিখেছি সকল,3.0
/home/abdullahmm/Shivam/subtask2_blindtest_wReadme/bengali/bengali_blind_wav/782212_U3vznv0QO5jlDXHO_0158.wav,/home/abdullahmm/Shivam/subtask2_blindtest_wReadme/bengali/bengali_blind_wav/782212_U3vznv0QO5jlDXHO_0158.wav,সকল users তালিকাভুক্ত করা,2.0
/home/abdullahmm/Shivam/subtask2_blindtest_wReadme/bengali/bengali_blind_wav/782212_U3vznv0QO5jlDXHO_0159.wav,/home/abdullahmm/Shivam/subtask2_blindtest_wReadme/bengali/bengali_blind_wav/782212_U3vznv0QO5jlDXHO_0159.wav,বই জারি করা বই ফেরত দেওয়া,3.0
/home/abdullahmm/Shivam/subtask2_blindtest_wReadme/bengali/bengali_blind_wav/782212_U3vznv0QO5jlDXHO_0160.wav,/home/abdullahmm/Shivam/subtask2_blindtest_wReadme/bengali/bengali_blind_wav/782212_U3vznv0QO5jlDXHO_0160.wav,এই লিঙ্কে উপলব্ধ ভিডিওটি দেখুন এটি প্রকল্প,5.0
/home/abdullahmm/Shivam/subtask2_blindtest_wReadme/bengali/bengali_blind_wav/782212_U3vznv0QO5jlDXHO_0161.wav,/home/abdullahmm/Shivam/subtask2_blindtest_wReadme/bengali/bengali_blind_wav/782212_U3vznv0QO5jlDXHO_0161.wav,কে সারসংক্ষেপে বোঝায় ভালো bandwith,4.0
/home/abdullahmm/Shivam/subtask2_blindtest_wReadme/bengali/bengali_blind_wav/782212_U3vznv0QO5jlDXHO_0162.wav,/home/abdullahmm/Shivam/subtask2_blindtest_wReadme/bengali/bengali_blind_wav/782212_U3vznv0QO5jlDXHO_0162.wav,থাকলে ভিডিওটি download করে দেখুন,4.0
/home/abdullahmm/Shivam/subtask2_blindtest_wReadme/bengali/bengali_blind_wav/782212_U3vznv0QO5jlDXHO_0163.wav,/home/abdullahmm/Shivam/subtask2_blindtest_wReadme/bengali/bengali_blind_wav/782212_U3vznv0QO5jlDXHO_0163.wav,spoken tutorial প্রকল্প the,2.0
/home/abdullahmm/Shivam/subtask2_blindtest_wReadme/bengali/bengali_blind_wav/782212_U3vznv0QO5jlDXHO_0164.wav,/home/abdullahmm/Shivam/subtask2_blindtest_wReadme/bengali/bengali_blind_wav/782212_U3vznv0QO5jlDXHO_0164.wav,কর্মশালার আয়োজন করে,2.0
/home/abdullahmm/Shivam/subtask2_blindtest_wReadme/bengali/bengali_blind_wav/782212_U3vznv0QO5jlDXHO_0165.wav,/home/abdullahmm/Shivam/subtask2_blindtest_wReadme/bengali/bengali_blind_wav/782212_U3vznv0QO5jlDXHO_0165.wav,online পরীক্ষা pass করলে প্রশংসাপত্র দেয়,4.0
/home/abdullahmm/Shivam/subtask2_blindtest_wReadme/bengali/bengali_blind_wav/782212_U3vznv0QO5jlDXHO_0167.wav,/home/abdullahmm/Shivam/subtask2_blindtest_wReadme/bengali/bengali_blind_wav/782212_U3vznv0QO5jlDXHO_0167.wav,spoken tutorial প্রকল্প,3.0
/home/abdullahmm/Shivam/subtask2_blindtest_wReadme/bengali/bengali_blind_wav/782212_U3vznv0QO5jlDXHO_0168.wav,/home/abdullahmm/Shivam/subtask2_blindtest_wReadme/bengali/bengali_blind_wav/782212_U3vznv0QO5jlDXHO_0168.wav,talk to a teacher প্রকল্পের অংশবিশেষ এটি ভারত সরকারের ict mh,6.0
/home/abdullahmm/Shivam/subtask2_blindtest_wReadme/bengali/bengali_blind_wav/782212_U3vznv0QO5jlDXHO_0169.wav,/home/abdullahmm/Shivam/subtask2_blindtest_wReadme/bengali/bengali_blind_wav/782212_U3vznv0QO5jlDXHO_0169.wav,জাতীয় শিক্ষা mission দ্বারা সমর্থিত এই বিষয়ে বিস্তারিত তথ্য এই লিঙ্কে প্রাপ্তিসাধ্য,8.0
/home/abdullahmm/Shivam/subtask2_blindtest_wReadme/bengali/bengali_blind_wav/782212_U3vznv0QO5jlDXHO_0170.wav,/home/abdullahmm/Shivam/subtask2_blindtest_wReadme/bengali/bengali_blind_wav/782212_U3vznv0QO5jlDXHO_0170.wav,library management system একটি software mnc তাদের corporate social responsibility প্রোগ্রামের,8.0
/home/abdullahmm/Shivam/subtask2_blindtest_wReadme/bengali/bengali_blind_wav/782212_U3vznv0QO5jlDXHO_0171.wav,/home/abdullahmm/Shivam/subtask2_blindtest_wReadme/bengali/bengali_blind_wav/782212_U3vznv0QO5jlDXHO_0171.wav,মাধ্যমে করেছে তারা টিউটোরিয়ালের বিষয়বস্তু ও যাচাই,4.0
/home/abdullahmm/Shivam/subtask2_blindtest_wReadme/bengali/bengali_blind_wav/782212_U3vznv0QO5jlDXHO_0172.wav,/home/abdullahmm/Shivam/subtask2_blindtest_wReadme/bengali/bengali_blind_wav/782212_U3vznv0QO5jlDXHO_0172.wav,আমি কৌশিক দত্ত টিউটোরিয়ালটি অনুবাদ করেছি,5.11
/home/abdullahmm/Shivam/subtask2_blindtest_wReadme/bengali/bengali_blind_wav/801228_gIO36ByKkkLbiTgn_0000.wav,/home/abdullahmm/Shivam/subtask2_blindtest_wReadme/bengali/bengali_blind_wav/801228_gIO36ByKkkLbiTgn_0000.wav,chimera interface দ্বারা এনিমেশনের টিউটোরিয়ালে আপনাদের স্বাগত,5.0
/home/abdullahmm/Shivam/subtask2_blindtest_wReadme/bengali/bengali_blind_wav/801228_gIO36ByKkkLbiTgn_0001.wav,/home/abdullahmm/Shivam/subtask2_blindtest_wReadme/bengali/bengali_blind_wav/801228_gIO36ByKkkLbiTgn_0001.wav,এখানে আমরা শিখব background এর light এবং প্রভাব সামঞ্জস্য করা,6.0
/home/abdullahmm/Shivam/subtask2_blindtest_wReadme/bengali/bengali_blind_wav/801228_gIO36ByKkkLbiTgn_0002.wav,/home/abdullahmm/Shivam/subtask2_blindtest_wReadme/bengali/bengali_blind_wav/801228_gIO36ByKkkLbiTgn_0002.wav,এনিমেশনের জন্য দৃশ্য বানানো,3.0
/home/abdullahmm/Shivam/subtask2_blindtest_wReadme/bengali/bengali_blind_wav/801228_gIO36ByKkkLbiTgn_0003.wav,/home/abdullahmm/Shivam/subtask2_blindtest_wReadme/bengali/bengali_blind_wav/801228_gIO36ByKkkLbiTgn_0003.wav,timeline বরাবর দৃশ্য স্থিত করা,2.0
/home/abdullahmm/Shivam/subtask2_blindtest_wReadme/bengali/bengali_blind_wav/801228_gIO36ByKkkLbiTgn_0004.wav,/home/abdullahmm/Shivam/subtask2_blindtest_wReadme/bengali/bengali_blind_wav/801228_gIO36ByKkkLbiTgn_0004.wav,ফলিত এনিমেশনের movie record করা,5.0
/home/abdullahmm/Shivam/subtask2_blindtest_wReadme/bengali/bengali_blind_wav/801228_gIO36ByKkkLbiTgn_0005.wav,/home/abdullahmm/Shivam/subtask2_blindtest_wReadme/bengali/bengali_blind_wav/801228_gIO36ByKkkLbiTgn_0005.wav,tutorial অনুসরণ করতে chimera interface সম্পর্কে জানতে হবে to হলে প্রাসঙ্গিক tutorial জন্য আমাদের website যান,11.0
/home/abdullahmm/Shivam/subtask2_blindtest_wReadme/bengali/bengali_blind_wav/801228_gIO36ByKkkLbiTgn_0006.wav,/home/abdullahmm/Shivam/subtask2_blindtest_wReadme/bengali/bengali_blind_wav/801228_gIO36ByKkkLbiTgn_0006.wav,টিউটোরিয়ালটি record করতে ব্যবহার করছি ubuntu os সংস্করণ 14 . 04 chimera সংস্করণ 1 . 10 . 2 mozilla firefox browser 42 . 0 এবং একটি কার্যকর internet সংযোগ,17.0
/home/abdullahmm/Shivam/subtask2_blindtest_wReadme/bengali/bengali_blind_wav/801228_gIO36ByKkkLbiTgn_0007.wav,/home/abdullahmm/Shivam/subtask2_blindtest_wReadme/bengali/bengali_blind_wav/801228_gIO36ByKkkLbiTgn_0007.wav,এখানে আমি chimera window খুলেছি,3.0
/home/abdullahmm/Shivam/subtask2_blindtest_wReadme/bengali/bengali_blind_wav/801228_gIO36ByKkkLbiTgn_0008.wav,/home/abdullahmm/Shivam/subtask2_blindtest_wReadme/bengali/bengali_blind_wav/801228_gIO36ByKkkLbiTgn_0008.wav,command text বক্সে লিখুন open 1 mbo enter টিপুন,7.0
/home/abdullahmm/Shivam/subtask2_blindtest_wReadme/bengali/bengali_blind_wav/801228_gIO36ByKkkLbiTgn_0009.wav,/home/abdullahmm/Shivam/subtask2_blindtest_wReadme/bengali/bengali_blind_wav/801228_gIO36ByKkkLbiTgn_0009.wav,প্যানেলে hemoglobin এর একটি কাঠামো খোলে,4.0
/home/abdullahmm/Shivam/subtask2_blindtest_wReadme/bengali/bengali_blind_wav/801228_gIO36ByKkkLbiTgn_0010.wav,/home/abdullahmm/Shivam/subtask2_blindtest_wReadme/bengali/bengali_blind_wav/801228_gIO36ByKkkLbiTgn_0010.wav,জলের অণু মুছে ফেলতে লিখুন delete solvent enter টিপুন,6.0
/home/abdullahmm/Shivam/subtask2_blindtest_wReadme/bengali/bengali_blind_wav/801228_gIO36ByKkkLbiTgn_0011.wav,/home/abdullahmm/Shivam/subtask2_blindtest_wReadme/bengali/bengali_blind_wav/801228_gIO36ByKkkLbiTgn_0011.wav,এখন animationের জন্য দৃশ্য বানানো দেখি,5.0
/home/abdullahmm/Shivam/subtask2_blindtest_wReadme/bengali/bengali_blind_wav/801228_gIO36ByKkkLbiTgn_0012.wav,/home/abdullahmm/Shivam/subtask2_blindtest_wReadme/bengali/bengali_blind_wav/801228_gIO36ByKkkLbiTgn_0012.wav,chimera দৃশ্যের রয়েছে মডেলের স্থাপনা এবং clipping plane প্রদর্শন শৈলী এবং মডেলের রঙ আণবিক পৃষ্ঠতল electron ঘনত্ব মানচিত্র এবং electrostatic potential মানচিত্র,18.0
/home/abdullahmm/Shivam/subtask2_blindtest_wReadme/bengali/bengali_blind_wav/801228_gIO36ByKkkLbiTgn_0013.wav,/home/abdullahmm/Shivam/subtask2_blindtest_wReadme/bengali/bengali_blind_wav/801228_gIO36ByKkkLbiTgn_0013.wav,একটি দৃশ্যের থাকতে পারে 2 d labels অক্ষ সমতল এবং কেন্দ্রীয় উপস্থাপনা castp pocket প্রদর্শন parameter যেমন ব্যাকগ্রাউণ্ডের light এবং প্রভাব,16.0
/home/abdullahmm/Shivam/subtask2_blindtest_wReadme/bengali/bengali_blind_wav/801228_gIO36ByKkkLbiTgn_0014.wav,/home/abdullahmm/Shivam/subtask2_blindtest_wReadme/bengali/bengali_blind_wav/801228_gIO36ByKkkLbiTgn_0014.wav,প্যানেলে ফিরে যান,2.0
/home/abdullahmm/Shivam/subtask2_blindtest_wReadme/bengali/bengali_blind_wav/801228_gIO36ByKkkLbiTgn_0015.wav,/home/abdullahmm/Shivam/subtask2_blindtest_wReadme/bengali/bengali_blind_wav/801228_gIO36ByKkkLbiTgn_0015.wav,এনিমেশনের জন্য দৃশ্য বানানোর আগে background এর light নিয়ন্ত্রণ করা শিখি,8.0
/home/abdullahmm/Shivam/subtask2_blindtest_wReadme/bengali/bengali_blind_wav/801228_gIO36ByKkkLbiTgn_0016.wav,/home/abdullahmm/Shivam/subtask2_blindtest_wReadme/bengali/bengali_blind_wav/801228_gIO36ByKkkLbiTgn_0016.wav,tools মেনুতে click করুন viewing কন্ট্রোলসে scroll করুন sub menu থেকে effects চয়ন করুন,9.0
/home/abdullahmm/Shivam/subtask2_blindtest_wReadme/bengali/bengali_blind_wav/801228_gIO36ByKkkLbiTgn_0017.wav,/home/abdullahmm/Shivam/subtask2_blindtest_wReadme/bengali/bengali_blind_wav/801228_gIO36ByKkkLbiTgn_0017.wav,viewing dialog box খোলে,3.0
/home/abdullahmm/Shivam/subtask2_blindtest_wReadme/bengali/bengali_blind_wav/801228_gIO36ByKkkLbiTgn_0018.wav,/home/abdullahmm/Shivam/subtask2_blindtest_wReadme/bengali/bengali_blind_wav/801228_gIO36ByKkkLbiTgn_0018.wav,effects বিভাগে depth cueing এতে click করুন,5.0
/home/abdullahmm/Shivam/subtask2_blindtest_wReadme/bengali/bengali_blind_wav/801228_gIO36ByKkkLbiTgn_0019.wav,/home/abdullahmm/Shivam/subtask2_blindtest_wReadme/bengali/bengali_blind_wav/801228_gIO36ByKkkLbiTgn_0019.wav,এটি front to back shading বোঝায়,4.0
/home/abdullahmm/Shivam/subtask2_blindtest_wReadme/bengali/bengali_blind_wav/801228_gIO36ByKkkLbiTgn_0020.wav,/home/abdullahmm/Shivam/subtask2_blindtest_wReadme/bengali/bengali_blind_wav/801228_gIO36ByKkkLbiTgn_0020.wav,color well এ click করুন,2.0
/home/abdullahmm/Shivam/subtask2_blindtest_wReadme/bengali/bengali_blind_wav/801228_gIO36ByKkkLbiTgn_0021.wav,/home/abdullahmm/Shivam/subtask2_blindtest_wReadme/bengali/bengali_blind_wav/801228_gIO36ByKkkLbiTgn_0021.wav,color well থেকে shading এর জন্য একটি রঙ বেছে নিন,4.0
/home/abdullahmm/Shivam/subtask2_blindtest_wReadme/bengali/bengali_blind_wav/801228_gIO36ByKkkLbiTgn_0022.wav,/home/abdullahmm/Shivam/subtask2_blindtest_wReadme/bengali/bengali_blind_wav/801228_gIO36ByKkkLbiTgn_0022.wav,color editor বন্ধ করুন,3.0
/home/abdullahmm/Shivam/subtask2_blindtest_wReadme/bengali/bengali_blind_wav/801228_gIO36ByKkkLbiTgn_0023.wav,/home/abdullahmm/Shivam/subtask2_blindtest_wReadme/bengali/bengali_blind_wav/801228_gIO36ByKkkLbiTgn_0023.wav,outline দেখতে silhouettes এ click করুন,4.0
/home/abdullahmm/Shivam/subtask2_blindtest_wReadme/bengali/bengali_blind_wav/801228_gIO36ByKkkLbiTgn_0024.wav,/home/abdullahmm/Shivam/subtask2_blindtest_wReadme/bengali/bengali_blind_wav/801228_gIO36ByKkkLbiTgn_0024.wav,আপনি width field দ্বারা silhouettes এর প্রস্থ বৃদ্ধি বা হ্রাস করতে পারেন,6.0
/home/abdullahmm/Shivam/subtask2_blindtest_wReadme/bengali/bengali_blind_wav/801228_gIO36ByKkkLbiTgn_0025.wav,/home/abdullahmm/Shivam/subtask2_blindtest_wReadme/bengali/bengali_blind_wav/801228_gIO36ByKkkLbiTgn_0025.wav,color well এ click করুন,2.0
/home/abdullahmm/Shivam/subtask2_blindtest_wReadme/bengali/bengali_blind_wav/801228_gIO36ByKkkLbiTgn_0026.wav,/home/abdullahmm/Shivam/subtask2_blindtest_wReadme/bengali/bengali_blind_wav/801228_gIO36ByKkkLbiTgn_0026.wav,color editor থেকে একটি রঙ বেছে নিন,4.0
/home/abdullahmm/Shivam/subtask2_blindtest_wReadme/bengali/bengali_blind_wav/801228_gIO36ByKkkLbiTgn_0027.wav,/home/abdullahmm/Shivam/subtask2_blindtest_wReadme/bengali/bengali_blind_wav/801228_gIO36ByKkkLbiTgn_0027.wav,color editor বন্ধ করুন,2.0
/home/abdullahmm/Shivam/subtask2_blindtest_wReadme/bengali/bengali_blind_wav/801228_gIO36ByKkkLbiTgn_0028.wav,/home/abdullahmm/Shivam/subtask2_blindtest_wReadme/bengali/bengali_blind_wav/801228_gIO36ByKkkLbiTgn_0028.wav,এখন viewing dialog box lighting বোতামে click করুন,4.0
/home/abdullahmm/Shivam/subtask2_blindtest_wReadme/bengali/bengali_blind_wav/801228_gIO36ByKkkLbiTgn_0029.wav,/home/abdullahmm/Shivam/subtask2_blindtest_wReadme/bengali/bengali_blind_wav/801228_gIO36ByKkkLbiTgn_0029.wav,এখানে আমরা প্রয়োজন অনুযায়ী light এর parameter বদলাতে পারি,6.0
/home/abdullahmm/Shivam/subtask2_blindtest_wReadme/bengali/bengali_blind_wav/801228_gIO36ByKkkLbiTgn_0030.wav,/home/abdullahmm/Shivam/subtask2_blindtest_wReadme/bengali/bengali_blind_wav/801228_gIO36ByKkkLbiTgn_0030.wav,shininess বোতামে click করুন,3.0
/home/abdullahmm/Shivam/subtask2_blindtest_wReadme/bengali/bengali_blind_wav/801228_gIO36ByKkkLbiTgn_0031.wav,/home/abdullahmm/Shivam/subtask2_blindtest_wReadme/bengali/bengali_blind_wav/801228_gIO36ByKkkLbiTgn_0031.wav,সেখানে দুটি বিকল্প intensity এবং shininess রয়েছে,4.0
/home/abdullahmm/Shivam/subtask2_blindtest_wReadme/bengali/bengali_blind_wav/801228_gIO36ByKkkLbiTgn_0032.wav,/home/abdullahmm/Shivam/subtask2_blindtest_wReadme/bengali/bengali_blind_wav/801228_gIO36ByKkkLbiTgn_0032.wav,intensity চয়ন করুন,3.0
/home/abdullahmm/Shivam/subtask2_blindtest_wReadme/bengali/bengali_blind_wav/801228_gIO36ByKkkLbiTgn_0033.wav,/home/abdullahmm/Shivam/subtask2_blindtest_wReadme/bengali/bengali_blind_wav/801228_gIO36ByKkkLbiTgn_0033.wav,mode বোতামে click করুন,3.0
/home/abdullahmm/Shivam/subtask2_blindtest_wReadme/bengali/bengali_blind_wav/801228_gIO36ByKkkLbiTgn_0034.wav,/home/abdullahmm/Shivam/subtask2_blindtest_wReadme/bengali/bengali_blind_wav/801228_gIO36ByKkkLbiTgn_0034.wav,default রূপে দুই . light চয়নিত,4.0
/home/abdullahmm/Shivam/subtask2_blindtest_wReadme/bengali/bengali_blind_wav/801228_gIO36ByKkkLbiTgn_0035.wav,/home/abdullahmm/Shivam/subtask2_blindtest_wReadme/bengali/bengali_blind_wav/801228_gIO36ByKkkLbiTgn_0035.wav,আরও উজ্জ্বলতার জন্য এটি তিন .এ বদলান,4.0
/home/abdullahmm/Shivam/subtask2_blindtest_wReadme/bengali/bengali_blind_wav/801228_gIO36ByKkkLbiTgn_0036.wav,/home/abdullahmm/Shivam/subtask2_blindtest_wReadme/bengali/bengali_blind_wav/801228_gIO36ByKkkLbiTgn_0036.wav,উজ্জ্বলতা এবং contrast সামঞ্জস্য করতে স্লাইডারটি drag করুন,5.0
/home/abdullahmm/Shivam/subtask2_blindtest_wReadme/bengali/bengali_blind_wav/801228_gIO36ByKkkLbiTgn_0037.wav,/home/abdullahmm/Shivam/subtask2_blindtest_wReadme/bengali/bengali_blind_wav/801228_gIO36ByKkkLbiTgn_0037.wav,আবার intensity বোতামে click করুন shininess চয়ন করুন,5.0
/home/abdullahmm/Shivam/subtask2_blindtest_wReadme/bengali/bengali_blind_wav/801228_gIO36ByKkkLbiTgn_0038.wav,/home/abdullahmm/Shivam/subtask2_blindtest_wReadme/bengali/bengali_blind_wav/801228_gIO36ByKkkLbiTgn_0038.wav,তীক্ষ্ণতা এবং প্রতিফলন সামঞ্জস্য করতে স্লাইডারটি drag করুন,5.0
/home/abdullahmm/Shivam/subtask2_blindtest_wReadme/bengali/bengali_blind_wav/801228_gIO36ByKkkLbiTgn_0039.wav,/home/abdullahmm/Shivam/subtask2_blindtest_wReadme/bengali/bengali_blind_wav/801228_gIO36ByKkkLbiTgn_0039.wav,save এ click করুন তারপর ক্লোজে click করুন,4.0
/home/abdullahmm/Shivam/subtask2_blindtest_wReadme/bengali/bengali_blind_wav/801228_gIO36ByKkkLbiTgn_0040.wav,/home/abdullahmm/Shivam/subtask2_blindtest_wReadme/bengali/bengali_blind_wav/801228_gIO36ByKkkLbiTgn_0040.wav,panel কাঠামোটি ঘোরান,3.0
/home/abdullahmm/Shivam/subtask2_blindtest_wReadme/bengali/bengali_blind_wav/801228_gIO36ByKkkLbiTgn_0041.wav,/home/abdullahmm/Shivam/subtask2_blindtest_wReadme/bengali/bengali_blind_wav/801228_gIO36ByKkkLbiTgn_0041.wav,shading এবং silhouettes দেখুন,3.0
/home/abdullahmm/Shivam/subtask2_blindtest_wReadme/bengali/bengali_blind_wav/801228_gIO36ByKkkLbiTgn_0042.wav,/home/abdullahmm/Shivam/subtask2_blindtest_wReadme/bengali/bengali_blind_wav/801228_gIO36ByKkkLbiTgn_0042.wav,এখন animationের জন্য কিছু দৃশ্য বানাই,4.0
/home/abdullahmm/Shivam/subtask2_blindtest_wReadme/bengali/bengali_blind_wav/801228_gIO36ByKkkLbiTgn_0043.wav,/home/abdullahmm/Shivam/subtask2_blindtest_wReadme/bengali/bengali_blind_wav/801228_gIO36ByKkkLbiTgn_0043.wav,tools মেনুতে click করুন utilities বিকল্পে scroll করুন,5.0
/home/abdullahmm/Shivam/subtask2_blindtest_wReadme/bengali/bengali_blind_wav/801228_gIO36ByKkkLbiTgn_0044.wav,/home/abdullahmm/Shivam/subtask2_blindtest_wReadme/bengali/bengali_blind_wav/801228_gIO36ByKkkLbiTgn_0044.wav,sub menu থেকে animation এ click করুন,3.0
/home/abdullahmm/Shivam/subtask2_blindtest_wReadme/bengali/bengali_blind_wav/801228_gIO36ByKkkLbiTgn_0045.wav,/home/abdullahmm/Shivam/subtask2_blindtest_wReadme/bengali/bengali_blind_wav/801228_gIO36ByKkkLbiTgn_0045.wav,animation dialog box খোলে,3.0
/home/abdullahmm/Shivam/subtask2_blindtest_wReadme/bengali/bengali_blind_wav/801228_gIO36ByKkkLbiTgn_0046.wav,/home/abdullahmm/Shivam/subtask2_blindtest_wReadme/bengali/bengali_blind_wav/801228_gIO36ByKkkLbiTgn_0046.wav,animation dialog box এ scenes actions এবং timeline বিভাগ রয়েছে,8.0
/home/abdullahmm/Shivam/subtask2_blindtest_wReadme/bengali/bengali_blind_wav/801228_gIO36ByKkkLbiTgn_0047.wav,/home/abdullahmm/Shivam/subtask2_blindtest_wReadme/bengali/bengali_blind_wav/801228_gIO36ByKkkLbiTgn_0047.wav,scenes বিভাগে সবুজ + icon এ click করুন,5.0
/home/abdullahmm/Shivam/subtask2_blindtest_wReadme/bengali/bengali_blind_wav/801228_gIO36ByKkkLbiTgn_0048.wav,/home/abdullahmm/Shivam/subtask2_blindtest_wReadme/bengali/bengali_blind_wav/801228_gIO36ByKkkLbiTgn_0048.wav,এটি দৃশ্য হিসাবে প্যানেলে বর্তমান image সংরক্ষণ করে,4.0
/home/abdullahmm/Shivam/subtask2_blindtest_wReadme/bengali/bengali_blind_wav/801228_gIO36ByKkkLbiTgn_0049.wav,/home/abdullahmm/Shivam/subtask2_blindtest_wReadme/bengali/bengali_blind_wav/801228_gIO36ByKkkLbiTgn_0049.wav,এটি scenes বিভাগে দৃশ্যের একটি thumbnail চিত্রও উৎপন্ন করে,6.0
/home/abdullahmm/Shivam/subtask2_blindtest_wReadme/bengali/bengali_blind_wav/801228_gIO36ByKkkLbiTgn_0050.wav,/home/abdullahmm/Shivam/subtask2_blindtest_wReadme/bengali/bengali_blind_wav/801228_gIO36ByKkkLbiTgn_0050.wav,এই image এনিমেশনের প্রথম দৃশ্য,4.0
/home/abdullahmm/Shivam/subtask2_blindtest_wReadme/bengali/bengali_blind_wav/801228_gIO36ByKkkLbiTgn_0051.wav,/home/abdullahmm/Shivam/subtask2_blindtest_wReadme/bengali/bengali_blind_wav/801228_gIO36ByKkkLbiTgn_0051.wav,thumbnail ইমেজে ডান click করুন বিকল্পের সাথে একটি context menu খোলে টাইমলাইনে যুক্ত করা বৈশিষ্ট্য মোছা ইত্যাদি,14.0
/home/abdullahmm/Shivam/subtask2_blindtest_wReadme/bengali/bengali_blind_wav/801228_gIO36ByKkkLbiTgn_0052.wav,/home/abdullahmm/Shivam/subtask2_blindtest_wReadme/bengali/bengali_blind_wav/801228_gIO36ByKkkLbiTgn_0052.wav,আরেকটি দৃশ্য বানাতে প্যানেলে protein কাঠামোর প্রদর্শন সংশোধন করুন,6.0
/home/abdullahmm/Shivam/subtask2_blindtest_wReadme/bengali/bengali_blind_wav/801228_gIO36ByKkkLbiTgn_0053.wav,/home/abdullahmm/Shivam/subtask2_blindtest_wReadme/bengali/bengali_blind_wav/801228_gIO36ByKkkLbiTgn_0053.wav,presets menu দ্বারা display interactive 1 এ বদলান,5.0
/home/abdullahmm/Shivam/subtask2_blindtest_wReadme/bengali/bengali_blind_wav/801228_gIO36ByKkkLbiTgn_0054.wav,/home/abdullahmm/Shivam/subtask2_blindtest_wReadme/bengali/bengali_blind_wav/801228_gIO36ByKkkLbiTgn_0054.wav,select menu থেকে ligand চয়ন করুন,4.0
/home/abdullahmm/Shivam/subtask2_blindtest_wReadme/bengali/bengali_blind_wav/801228_gIO36ByKkkLbiTgn_0055.wav,/home/abdullahmm/Shivam/subtask2_blindtest_wReadme/bengali/bengali_blind_wav/801228_gIO36ByKkkLbiTgn_0055.wav,actions menu থেকে sphere চয়ন করুন এই ligand কে cpk display তে বদলাবে,9.0
/home/abdullahmm/Shivam/subtask2_blindtest_wReadme/bengali/bengali_blind_wav/801228_gIO36ByKkkLbiTgn_0056.wav,/home/abdullahmm/Shivam/subtask2_blindtest_wReadme/bengali/bengali_blind_wav/801228_gIO36ByKkkLbiTgn_0056.wav,চয়ন মুছে ফেলুন,3.0
/home/abdullahmm/Shivam/subtask2_blindtest_wReadme/bengali/bengali_blind_wav/801228_gIO36ByKkkLbiTgn_0057.wav,/home/abdullahmm/Shivam/subtask2_blindtest_wReadme/bengali/bengali_blind_wav/801228_gIO36ByKkkLbiTgn_0057.wav,animation dialog বাক্সে scenes ons থেকে সবুজ + আইকনে click করুন,6.0
/home/abdullahmm/Shivam/subtask2_blindtest_wReadme/bengali/bengali_blind_wav/801228_gIO36ByKkkLbiTgn_0058.wav,/home/abdullahmm/Shivam/subtask2_blindtest_wReadme/bengali/bengali_blind_wav/801228_gIO36ByKkkLbiTgn_0058.wav,এই প্যানেলে scene 2 হিসাবে image জুড়বে,4.0
/home/abdullahmm/Shivam/subtask2_blindtest_wReadme/bengali/bengali_blind_wav/801228_gIO36ByKkkLbiTgn_0059.wav,/home/abdullahmm/Shivam/subtask2_blindtest_wReadme/bengali/bengali_blind_wav/801228_gIO36ByKkkLbiTgn_0059.wav,scene 3 এর জন্য 3 কাঠামোর স্থিত helices এর জন্য অক্ষ যোগ করুন,6.0
/home/abdullahmm/Shivam/subtask2_blindtest_wReadme/bengali/bengali_blind_wav/801228_gIO36ByKkkLbiTgn_0060.wav,/home/abdullahmm/Shivam/subtask2_blindtest_wReadme/bengali/bengali_blind_wav/801228_gIO36ByKkkLbiTgn_0060.wav,tools মেনুতে click করুন structure analysis বিকল্পে scroll করুন,6.0
/home/abdullahmm/Shivam/subtask2_blindtest_wReadme/bengali/bengali_blind_wav/801228_gIO36ByKkkLbiTgn_0061.wav,/home/abdullahmm/Shivam/subtask2_blindtest_wReadme/bengali/bengali_blind_wav/801228_gIO36ByKkkLbiTgn_0061.wav,sub menu থেকে axes planes centroids এ click করুন,4.0
/home/abdullahmm/Shivam/subtask2_blindtest_wReadme/bengali/bengali_blind_wav/801228_gIO36ByKkkLbiTgn_0062.wav,/home/abdullahmm/Shivam/subtask2_blindtest_wReadme/bengali/bengali_blind_wav/801228_gIO36ByKkkLbiTgn_0062.wav,structure measurement dialog box এ define access এ click করুন,5.0
/home/abdullahmm/Shivam/subtask2_blindtest_wReadme/bengali/bengali_blind_wav/801228_gIO36ByKkkLbiTgn_0063.wav,/home/abdullahmm/Shivam/subtask2_blindtest_wReadme/bengali/bengali_blind_wav/801228_gIO36ByKkkLbiTgn_0063.wav,define axes dialog box এ each helix radio বোতামে click করুন,6.0
/home/abdullahmm/Shivam/subtask2_blindtest_wReadme/bengali/bengali_blind_wav/801228_gIO36ByKkkLbiTgn_0064.wav,/home/abdullahmm/Shivam/subtask2_blindtest_wReadme/bengali/bengali_blind_wav/801228_gIO36ByKkkLbiTgn_0064.wav,ok তে click করুন,4.0
/home/abdullahmm/Shivam/subtask2_blindtest_wReadme/bengali/bengali_blind_wav/801228_gIO36ByKkkLbiTgn_0065.wav,/home/abdullahmm/Shivam/subtask2_blindtest_wReadme/bengali/bengali_blind_wav/801228_gIO36ByKkkLbiTgn_0065.wav,এই image টি scene 3 হিসাবে জুড়ুন,3.0
/home/abdullahmm/Shivam/subtask2_blindtest_wReadme/bengali/bengali_blind_wav/801228_gIO36ByKkkLbiTgn_0066.wav,/home/abdullahmm/Shivam/subtask2_blindtest_wReadme/bengali/bengali_blind_wav/801228_gIO36ByKkkLbiTgn_0066.wav,animation dialog box এ + icon এ click করুন,5.0
/home/abdullahmm/Shivam/subtask2_blindtest_wReadme/bengali/bengali_blind_wav/801228_gIO36ByKkkLbiTgn_0067.wav,/home/abdullahmm/Shivam/subtask2_blindtest_wReadme/bengali/bengali_blind_wav/801228_gIO36ByKkkLbiTgn_0067.wav,এখন অক্ষ মুছে দিন,3.0
/home/abdullahmm/Shivam/subtask2_blindtest_wReadme/bengali/bengali_blind_wav/801228_gIO36ByKkkLbiTgn_0068.wav,/home/abdullahmm/Shivam/subtask2_blindtest_wReadme/bengali/bengali_blind_wav/801228_gIO36ByKkkLbiTgn_0068.wav,structure measurement dialog box এ সকল সারি চয়ন করুন,4.0
/home/abdullahmm/Shivam/subtask2_blindtest_wReadme/bengali/bengali_blind_wav/801228_gIO36ByKkkLbiTgn_0069.wav,/home/abdullahmm/Shivam/subtask2_blindtest_wReadme/bengali/bengali_blind_wav/801228_gIO36ByKkkLbiTgn_0069.wav,delete বোতামে click করুন,3.0
/home/abdullahmm/Shivam/subtask2_blindtest_wReadme/bengali/bengali_blind_wav/801228_gIO36ByKkkLbiTgn_0070.wav,/home/abdullahmm/Shivam/subtask2_blindtest_wReadme/bengali/bengali_blind_wav/801228_gIO36ByKkkLbiTgn_0070.wav,structure measurement dialog box বন্ধ করুন,3.0
/home/abdullahmm/Shivam/subtask2_blindtest_wReadme/bengali/bengali_blind_wav/801228_gIO36ByKkkLbiTgn_0071.wav,/home/abdullahmm/Shivam/subtask2_blindtest_wReadme/bengali/bengali_blind_wav/801228_gIO36ByKkkLbiTgn_0071.wav,scene 4এর জন্য select menu দ্বারা main চয়ন করুন,7.0
/home/abdullahmm/Shivam/subtask2_blindtest_wReadme/bengali/bengali_blind_wav/801228_gIO36ByKkkLbiTgn_0072.wav,/home/abdullahmm/Shivam/subtask2_blindtest_wReadme/bengali/bengali_blind_wav/801228_gIO36ByKkkLbiTgn_0072.wav,menu দ্বারা পৃষ্ঠ প্রদর্শন,2.0
/home/abdullahmm/Shivam/subtask2_blindtest_wReadme/bengali/bengali_blind_wav/801228_gIO36ByKkkLbiTgn_0073.wav,/home/abdullahmm/Shivam/subtask2_blindtest_wReadme/bengali/bengali_blind_wav/801228_gIO36ByKkkLbiTgn_0073.wav,আবার select menu থেকে main চয়ন করুন,4.0
/home/abdullahmm/Shivam/subtask2_blindtest_wReadme/bengali/bengali_blind_wav/801228_gIO36ByKkkLbiTgn_0074.wav,/home/abdullahmm/Shivam/subtask2_blindtest_wReadme/bengali/bengali_blind_wav/801228_gIO36ByKkkLbiTgn_0074.wav,actions menu দ্বারা পৃষ্ঠের রঙ হলুদে বদলান,5.0
/home/abdullahmm/Shivam/subtask2_blindtest_wReadme/bengali/bengali_blind_wav/801228_gIO36ByKkkLbiTgn_0075.wav,/home/abdullahmm/Shivam/subtask2_blindtest_wReadme/bengali/bengali_blind_wav/801228_gIO36ByKkkLbiTgn_0075.wav,ligand চয়ন করুন এবং ligand এর রঙ নীলে বদলান,6.0
/home/abdullahmm/Shivam/subtask2_blindtest_wReadme/bengali/bengali_blind_wav/801228_gIO36ByKkkLbiTgn_0076.wav,/home/abdullahmm/Shivam/subtask2_blindtest_wReadme/bengali/bengali_blind_wav/801228_gIO36ByKkkLbiTgn_0076.wav,চয়ন মুছে ফেলুন,3.0
/home/abdullahmm/Shivam/subtask2_blindtest_wReadme/bengali/bengali_blind_wav/801228_gIO36ByKkkLbiTgn_0077.wav,/home/abdullahmm/Shivam/subtask2_blindtest_wReadme/bengali/bengali_blind_wav/801228_gIO36ByKkkLbiTgn_0077.wav,animation dialog বাক্সে এই দৃশ্য scene 4 হিসাবে যোগ করুন,5.0
/home/abdullahmm/Shivam/subtask2_blindtest_wReadme/bengali/bengali_blind_wav/801228_gIO36ByKkkLbiTgn_0078.wav,/home/abdullahmm/Shivam/subtask2_blindtest_wReadme/bengali/bengali_blind_wav/801228_gIO36ByKkkLbiTgn_0078.wav,substrate pocket আরও স্পষ্টভাবে দেখাতে পৃষ্ঠটি স্বচ্ছ করুন app,6.0
/home/abdullahmm/Shivam/subtask2_blindtest_wReadme/bengali/bengali_blind_wav/801228_gIO36ByKkkLbiTgn_0079.wav,/home/abdullahmm/Shivam/subtask2_blindtest_wReadme/bengali/bengali_blind_wav/801228_gIO36ByKkkLbiTgn_0079.wav,actions মেনুতে click করুন পৃষ্ঠায় scroll করুন,4.0
/home/abdullahmm/Shivam/subtask2_blindtest_wReadme/bengali/bengali_blind_wav/801228_gIO36ByKkkLbiTgn_0080.wav,/home/abdullahmm/Shivam/subtask2_blindtest_wReadme/bengali/bengali_blind_wav/801228_gIO36ByKkkLbiTgn_0080.wav,submenu থেকে transparency চয়ন করুন 50 % এ click করুন,8.0
/home/abdullahmm/Shivam/subtask2_blindtest_wReadme/bengali/bengali_blind_wav/801228_gIO36ByKkkLbiTgn_0081.wav,/home/abdullahmm/Shivam/subtask2_blindtest_wReadme/bengali/bengali_blind_wav/801228_gIO36ByKkkLbiTgn_0081.wav,scenes বিভাগে এই দৃশ্যটি 5 তম দৃশ্য হিসাবে যোগ করুন,5.0
/home/abdullahmm/Shivam/subtask2_blindtest_wReadme/bengali/bengali_blind_wav/801228_gIO36ByKkkLbiTgn_0082.wav,/home/abdullahmm/Shivam/subtask2_blindtest_wReadme/bengali/bengali_blind_wav/801228_gIO36ByKkkLbiTgn_0082.wav,আপনি scenes বিভাগ থেকে একটি দৃশ্য মুছতে চাইলে,4.0
/home/abdullahmm/Shivam/subtask2_blindtest_wReadme/bengali/bengali_blind_wav/801228_gIO36ByKkkLbiTgn_0083.wav,/home/abdullahmm/Shivam/subtask2_blindtest_wReadme/bengali/bengali_blind_wav/801228_gIO36ByKkkLbiTgn_0083.wav,thumbnail ইমেজে ডান click করুন delete বিকল্প চয়ন করুন,6.0
/home/abdullahmm/Shivam/subtask2_blindtest_wReadme/bengali/bengali_blind_wav/801228_gIO36ByKkkLbiTgn_0084.wav,/home/abdullahmm/Shivam/subtask2_blindtest_wReadme/bengali/bengali_blind_wav/801228_gIO36ByKkkLbiTgn_0084.wav,একটি দৃশ্য জুড়তে + icon এ click করুন,5.0
/home/abdullahmm/Shivam/subtask2_blindtest_wReadme/bengali/bengali_blind_wav/801228_gIO36ByKkkLbiTgn_0085.wav,/home/abdullahmm/Shivam/subtask2_blindtest_wReadme/bengali/bengali_blind_wav/801228_gIO36ByKkkLbiTgn_0085.wav,mouse বোতাম দ্বারা drag এবং drop মেথডের মাধ্যমে timeline বিভাগে দৃশ্য সন্নিবেশ করুন,7.0
/home/abdullahmm/Shivam/subtask2_blindtest_wReadme/bengali/bengali_blind_wav/801228_gIO36ByKkkLbiTgn_0086.wav,/home/abdullahmm/Shivam/subtask2_blindtest_wReadme/bengali/bengali_blind_wav/801228_gIO36ByKkkLbiTgn_0086.wav,thumbnail ইমেজে click করুন drag করে image টাইমলাইনে রাখুন,7.0
/home/abdullahmm/Shivam/subtask2_blindtest_wReadme/bengali/bengali_blind_wav/801228_gIO36ByKkkLbiTgn_0087.wav,/home/abdullahmm/Shivam/subtask2_blindtest_wReadme/bengali/bengali_blind_wav/801228_gIO36ByKkkLbiTgn_0087.wav,mouse বোতাম ছেড়ে দিন,2.0
/home/abdullahmm/Shivam/subtask2_blindtest_wReadme/bengali/bengali_blind_wav/801228_gIO36ByKkkLbiTgn_0088.wav,/home/abdullahmm/Shivam/subtask2_blindtest_wReadme/bengali/bengali_blind_wav/801228_gIO36ByKkkLbiTgn_0088.wav,বিকল্পরূপে আমরা thumbnail এ ডান click করতে পারি,4.0
/home/abdullahmm/Shivam/subtask2_blindtest_wReadme/bengali/bengali_blind_wav/801228_gIO36ByKkkLbiTgn_0089.wav,/home/abdullahmm/Shivam/subtask2_blindtest_wReadme/bengali/bengali_blind_wav/801228_gIO36ByKkkLbiTgn_0089.wav,context menu থেকে add to timeline বিকল্প চয়ন করুন,5.0
/home/abdullahmm/Shivam/subtask2_blindtest_wReadme/bengali/bengali_blind_wav/801228_gIO36ByKkkLbiTgn_0090.wav,/home/abdullahmm/Shivam/subtask2_blindtest_wReadme/bengali/bengali_blind_wav/801228_gIO36ByKkkLbiTgn_0090.wav,সকল দৃশ্য একটি ক্রমে টাইমলাইনে যোগ করুন,4.0
/home/abdullahmm/Shivam/subtask2_blindtest_wReadme/bengali/bengali_blind_wav/801228_gIO36ByKkkLbiTgn_0091.wav,/home/abdullahmm/Shivam/subtask2_blindtest_wReadme/bengali/bengali_blind_wav/801228_gIO36ByKkkLbiTgn_0091.wav,actions বিভাগে দুটি বিকল্প রয়েছে,4.0
/home/abdullahmm/Shivam/subtask2_blindtest_wReadme/bengali/bengali_blind_wav/801228_gIO36ByKkkLbiTgn_0092.wav,/home/abdullahmm/Shivam/subtask2_blindtest_wReadme/bengali/bengali_blind_wav/801228_gIO36ByKkkLbiTgn_0092.wav,rock দোদুল্য গতির জন্য roll নিরন্তর গতি জন্য,6.0
/home/abdullahmm/Shivam/subtask2_blindtest_wReadme/bengali/bengali_blind_wav/801228_gIO36ByKkkLbiTgn_0093.wav,/home/abdullahmm/Shivam/subtask2_blindtest_wReadme/bengali/bengali_blind_wav/801228_gIO36ByKkkLbiTgn_0093.wav,roll চয়ন করুন,2.0
/home/abdullahmm/Shivam/subtask2_blindtest_wReadme/bengali/bengali_blind_wav/801228_gIO36ByKkkLbiTgn_0094.wav,/home/abdullahmm/Shivam/subtask2_blindtest_wReadme/bengali/bengali_blind_wav/801228_gIO36ByKkkLbiTgn_0094.wav,এখন আমরা animation record করতে প্রস্তুত,4.0
/home/abdullahmm/Shivam/subtask2_blindtest_wReadme/bengali/bengali_blind_wav/801228_gIO36ByKkkLbiTgn_0095.wav,/home/abdullahmm/Shivam/subtask2_blindtest_wReadme/bengali/bengali_blind_wav/801228_gIO36ByKkkLbiTgn_0095.wav,record বোতামে click করুন,3.0
/home/abdullahmm/Shivam/subtask2_blindtest_wReadme/bengali/bengali_blind_wav/801228_gIO36ByKkkLbiTgn_0096.wav,/home/abdullahmm/Shivam/subtask2_blindtest_wReadme/bengali/bengali_blind_wav/801228_gIO36ByKkkLbiTgn_0096.wav,record animation dialog box খোলে,7.0
/home/abdullahmm/Shivam/subtask2_blindtest_wReadme/bengali/bengali_blind_wav/801228_gIO36ByKkkLbiTgn_0097.wav,/home/abdullahmm/Shivam/subtask2_blindtest_wReadme/bengali/bengali_blind_wav/801228_gIO36ByKkkLbiTgn_0097.wav,ফাইলটি সংরক্ষণ করতে desktop চয়ন করব file name text বক্সে ফাইলের নাম দিন,4.0
/home/abdullahmm/Shivam/subtask2_blindtest_wReadme/bengali/bengali_blind_wav/801228_gIO36ByKkkLbiTgn_0098.wav,/home/abdullahmm/Shivam/subtask2_blindtest_wReadme/bengali/bengali_blind_wav/801228_gIO36ByKkkLbiTgn_0098.wav,ফাইলের নাম লিখুন animation,4.0
/home/abdullahmm/Shivam/subtask2_blindtest_wReadme/bengali/bengali_blind_wav/801228_gIO36ByKkkLbiTgn_0099.wav,/home/abdullahmm/Shivam/subtask2_blindtest_wReadme/bengali/bengali_blind_wav/801228_gIO36ByKkkLbiTgn_0099.wav,file type . ogv বা পছন্দের কোনো movie format চয়ন করুন,7.0
/home/abdullahmm/Shivam/subtask2_blindtest_wReadme/bengali/bengali_blind_wav/801228_gIO36ByKkkLbiTgn_0100.wav,/home/abdullahmm/Shivam/subtask2_blindtest_wReadme/bengali/bengali_blind_wav/801228_gIO36ByKkkLbiTgn_0100.wav,animation recording শুরু করতে record বোতামে click করুন,5.0
/home/abdullahmm/Shivam/subtask2_blindtest_wReadme/bengali/bengali_blind_wav/801228_gIO36ByKkkLbiTgn_0101.wav,/home/abdullahmm/Shivam/subtask2_blindtest_wReadme/bengali/bengali_blind_wav/801228_gIO36ByKkkLbiTgn_0101.wav,ইমেজের শৃঙ্খলা desktop এ movie ফাইলে এনকোড করা হবে,9.0
/home/abdullahmm/Shivam/subtask2_blindtest_wReadme/bengali/bengali_blind_wav/801228_gIO36ByKkkLbiTgn_0102.wav,/home/abdullahmm/Shivam/subtask2_blindtest_wReadme/bengali/bengali_blind_wav/801228_gIO36ByKkkLbiTgn_0102.wav,আপনি recording প্রক্রিয়া বাতিল করতে চাইলে animation dialog box এ আবার record বোতামে click করুন,7.0
/home/abdullahmm/Shivam/subtask2_blindtest_wReadme/bengali/bengali_blind_wav/801228_gIO36ByKkkLbiTgn_0103.wav,/home/abdullahmm/Shivam/subtask2_blindtest_wReadme/bengali/bengali_blind_wav/801228_gIO36ByKkkLbiTgn_0103.wav,recording প্রক্রিয়া সম্পন্ন করতে কিছু সময় লাগবে,5.0
/home/abdullahmm/Shivam/subtask2_blindtest_wReadme/bengali/bengali_blind_wav/801228_gIO36ByKkkLbiTgn_0104.wav,/home/abdullahmm/Shivam/subtask2_blindtest_wReadme/bengali/bengali_blind_wav/801228_gIO36ByKkkLbiTgn_0104.wav,ফাইলটি desktop এ animation হিসাবে সংরক্ষণ করা হবে,7.0
/home/abdullahmm/Shivam/subtask2_blindtest_wReadme/bengali/bengali_blind_wav/801228_gIO36ByKkkLbiTgn_0105.wav,/home/abdullahmm/Shivam/subtask2_blindtest_wReadme/bengali/bengali_blind_wav/801228_gIO36ByKkkLbiTgn_0105.wav,animation দেখতে . ogv ফাইলে double click করুন,13.0
/home/abdullahmm/Shivam/subtask2_blindtest_wReadme/bengali/bengali_blind_wav/801228_gIO36ByKkkLbiTgn_0106.wav,/home/abdullahmm/Shivam/subtask2_blindtest_wReadme/bengali/bengali_blind_wav/801228_gIO36ByKkkLbiTgn_0106.wav,সংক্ষিপ্তকরণ করি এখানে আমরা শিখেছি ব্যাকগ্রাউণ্ডের light এবং প্রভাব সামঞ্জস্য করা অ্যানিমেশনের জন্য দৃশ্য বানানো,9.0
/home/abdullahmm/Shivam/subtask2_blindtest_wReadme/bengali/bengali_blind_wav/801228_gIO36ByKkkLbiTgn_0107.wav,/home/abdullahmm/Shivam/subtask2_blindtest_wReadme/bengali/bengali_blind_wav/801228_gIO36ByKkkLbiTgn_0107.wav,timeline বরাবর দৃশ্য স্থিত করা ফলিত অ্য্যানিমেশনের movie record করা,7.0
/home/abdullahmm/Shivam/subtask2_blindtest_wReadme/bengali/bengali_blind_wav/801228_gIO36ByKkkLbiTgn_0108.wav,/home/abdullahmm/Shivam/subtask2_blindtest_wReadme/bengali/bengali_blind_wav/801228_gIO36ByKkkLbiTgn_0108.wav,অনুশীলনী হিসাবে chymotrypsin এর model খুলুন,5.0
/home/abdullahmm/Shivam/subtask2_blindtest_wReadme/bengali/bengali_blind_wav/801228_gIO36ByKkkLbiTgn_0109.wav,/home/abdullahmm/Shivam/subtask2_blindtest_wReadme/bengali/bengali_blind_wav/801228_gIO36ByKkkLbiTgn_0109.wav,background এবং light এর প্রভাব সামঞ্জস্য করুন,3.0
/home/abdullahmm/Shivam/subtask2_blindtest_wReadme/bengali/bengali_blind_wav/801228_gIO36ByKkkLbiTgn_0110.wav,/home/abdullahmm/Shivam/subtask2_blindtest_wReadme/bengali/bengali_blind_wav/801228_gIO36ByKkkLbiTgn_0110.wav,protein পৃষ্ঠের ligand দেখতে স্বচ্ছতায় সামঞ্জস্য করুন,5.0
/home/abdullahmm/Shivam/subtask2_blindtest_wReadme/bengali/bengali_blind_wav/801228_gIO36ByKkkLbiTgn_0111.wav,/home/abdullahmm/Shivam/subtask2_blindtest_wReadme/bengali/bengali_blind_wav/801228_gIO36ByKkkLbiTgn_0111.wav,কয়েকটি দৃশ্য এবং annimation movie বানান,4.0
/home/abdullahmm/Shivam/subtask2_blindtest_wReadme/bengali/bengali_blind_wav/801228_gIO36ByKkkLbiTgn_0112.wav,/home/abdullahmm/Shivam/subtask2_blindtest_wReadme/bengali/bengali_blind_wav/801228_gIO36ByKkkLbiTgn_0112.wav,নিম্ন লিঙ্কে উপলব্ধ video টি প্রকল্পকে সারসংক্ষেপে দেখায় এটি download করে দেখুন,8.0
/home/abdullahmm/Shivam/subtask2_blindtest_wReadme/bengali/bengali_blind_wav/801228_gIO36ByKkkLbiTgn_0113.wav,/home/abdullahmm/Shivam/subtask2_blindtest_wReadme/bengali/bengali_blind_wav/801228_gIO36ByKkkLbiTgn_0113.wav,spoken tutorials প্রকল্প দল কর্মশালার আয়োজন করে এবং প্রশংসাপত্র দেয় অধিক জানতে আমাদের লিখুন,8.0
/home/abdullahmm/Shivam/subtask2_blindtest_wReadme/bengali/bengali_blind_wav/801228_gIO36ByKkkLbiTgn_0114.wav,/home/abdullahmm/Shivam/subtask2_blindtest_wReadme/bengali/bengali_blind_wav/801228_gIO36ByKkkLbiTgn_0114.wav,spoken tutorial প্রকল্প ভারত সরকারের nmeict mhrd দ্বারা পরিচালিত,6.0
/home/abdullahmm/Shivam/subtask2_blindtest_wReadme/bengali/bengali_blind_wav/801228_gIO36ByKkkLbiTgn_0115.wav,/home/abdullahmm/Shivam/subtask2_blindtest_wReadme/bengali/bengali_blind_wav/801228_gIO36ByKkkLbiTgn_0115.wav,iit bombay থেকে আমি বিদায় নিচ্ছি অংশগ্রহনের জন্যে ধন্যবাদ,5.06
/home/abdullahmm/Shivam/subtask2_blindtest_wReadme/bengali/bengali_blind_wav/828167_HMphnGEKPO8Qm5nl_0000.wav,/home/abdullahmm/Shivam/subtask2_blindtest_wReadme/bengali/bengali_blind_wav/828167_HMphnGEKPO8Qm5nl_0000.wav,নমস্কার বন্ধুগণ লেটেক্ এবং beamer দ্বারা presentation তৈরি করা সংক্রান্ত এই spoken টিউটোরিয়ালে আমি আপনাদের স্বাগত জানাচ্ছি,9.0
/home/abdullahmm/Shivam/subtask2_blindtest_wReadme/bengali/bengali_blind_wav/828167_HMphnGEKPO8Qm5nl_0001.wav,/home/abdullahmm/Shivam/subtask2_blindtest_wReadme/bengali/bengali_blind_wav/828167_HMphnGEKPO8Qm5nl_0001.wav,প্রথমে আমি স্ক্রিনের বিন্যাস বর্ণনা করব এখানে source ফাইলটি দেখা যাচ্ছে এখানে আমি pdf latex command দ্বারা compilation করব এবং স্ক্রিনের এই অংশে output দেখা যাবে,17.0
/home/abdullahmm/Shivam/subtask2_blindtest_wReadme/bengali/bengali_blind_wav/828167_HMphnGEKPO8Qm5nl_0002.wav,/home/abdullahmm/Shivam/subtask2_blindtest_wReadme/bengali/bengali_blind_wav/828167_HMphnGEKPO8Qm5nl_0002.wav,আগে এটি দেখে নেওয়া যাক এর আলোচনা আমরা একটু পরেই করব প্রথম স্লাইডের source এখানে দেখা যাচ্ছে begin frame end frame এবং title page title পেজটি title author এবং ডেটের দ্বারা তৈরি করা হয়েছে আমরা এখানে,28.0
/home/abdullahmm/Shivam/subtask2_blindtest_wReadme/bengali/bengali_blind_wav/828167_HMphnGEKPO8Qm5nl_0003.wav,/home/abdullahmm/Shivam/subtask2_blindtest_wReadme/bengali/bengali_blind_wav/828167_HMphnGEKPO8Qm5nl_0003.wav,এখানে beamer document class ব্যবহার করছি এখানে ডকুমেন্টটি শুরু করা হয়েছে,7.0
/home/abdullahmm/Shivam/subtask2_blindtest_wReadme/bengali/bengali_blind_wav/828167_HMphnGEKPO8Qm5nl_0004.wav,/home/abdullahmm/Shivam/subtask2_blindtest_wReadme/bengali/bengali_blind_wav/828167_HMphnGEKPO8Qm5nl_0004.wav,এটি হল প্রথম slide এবার দ্বিতীয় স্লাইডে যাওয়া যাক,5.0
/home/abdullahmm/Shivam/subtask2_blindtest_wReadme/bengali/bengali_blind_wav/828167_HMphnGEKPO8Qm5nl_0005.wav,/home/abdullahmm/Shivam/subtask2_blindtest_wReadme/bengali/bengali_blind_wav/828167_HMphnGEKPO8Qm5nl_0005.wav,এখানে out line দেখা যাচ্ছে এটিকে কিভাবে তৈরী করা হয়েছে begin frame এবং end frame কমান্ডের দ্বারা একটি slide তৈরী করা হয় এখানে frame,10.0
/home/abdullahmm/Shivam/subtask2_blindtest_wReadme/bengali/bengali_blind_wav/828167_HMphnGEKPO8Qm5nl_0006.wav,/home/abdullahmm/Shivam/subtask2_blindtest_wReadme/bengali/bengali_blind_wav/828167_HMphnGEKPO8Qm5nl_0006.wav,title হল outline এরপর সাধারণ itemize command ব্যবহার করা হয়েছে এবার,6.0
/home/abdullahmm/Shivam/subtask2_blindtest_wReadme/bengali/bengali_blind_wav/828167_HMphnGEKPO8Qm5nl_0007.wav,/home/abdullahmm/Shivam/subtask2_blindtest_wReadme/bengali/bengali_blind_wav/828167_HMphnGEKPO8Qm5nl_0007.wav,তৃতীয় স্লাইডে যাওয়া যাক এই স্লাইডে letek সংক্রান্ত অন্যান্য spoken টিউটোরিয়ালগুলির কথা বলা হয়েছে,9.0
/home/abdullahmm/Shivam/subtask2_blindtest_wReadme/bengali/bengali_blind_wav/828167_HMphnGEKPO8Qm5nl_0008.wav,/home/abdullahmm/Shivam/subtask2_blindtest_wReadme/bengali/bengali_blind_wav/828167_HMphnGEKPO8Qm5nl_0008.wav,এই ওয়েবসাইটে letek এর অনেকগুলি tutorial উপলব্ধ আছে আপনি যদি letek নিয়ে স্বচ্ছন্দ না হন তাহলে আপনি ওই টিউটোরিয়ালগুলির সাহায্য নিতে পারেন,11.0
/home/abdullahmm/Shivam/subtask2_blindtest_wReadme/bengali/bengali_blind_wav/828167_HMphnGEKPO8Qm5nl_0009.wav,/home/abdullahmm/Shivam/subtask2_blindtest_wReadme/bengali/bengali_blind_wav/828167_HMphnGEKPO8Qm5nl_0009.wav,এই টিউটোরিয়ালগুলিতে লেটেক্ কিভাবে ব্যবহার করতে হয় তা নিয়ে আলোচনা করা হয়েছে এটি উইন্ডোজে লেটেক্ install এবং run করার পদ্ধতি বর্ণনা করে,11.0
/home/abdullahmm/Shivam/subtask2_blindtest_wReadme/bengali/bengali_blind_wav/828167_HMphnGEKPO8Qm5nl_0010.wav,/home/abdullahmm/Shivam/subtask2_blindtest_wReadme/bengali/bengali_blind_wav/828167_HMphnGEKPO8Qm5nl_0010.wav,fosse . in এর মাধ্যমে আমরা আরও permanent link দিতে পারব,5.0
/home/abdullahmm/Shivam/subtask2_blindtest_wReadme/bengali/bengali_blind_wav/828167_HMphnGEKPO8Qm5nl_0011.wav,/home/abdullahmm/Shivam/subtask2_blindtest_wReadme/bengali/bengali_blind_wav/828167_HMphnGEKPO8Qm5nl_0011.wav,ঠিকআছে তাহলে আমরা এই স্লাইডের শেষে এসে গেছি এটি এই স্লাইডের source আমরা এখন ডকুমেন্টের শেষেও এসে গেছি,13.0
/home/abdullahmm/Shivam/subtask2_blindtest_wReadme/bengali/bengali_blind_wav/828167_HMphnGEKPO8Qm5nl_0012.wav,/home/abdullahmm/Shivam/subtask2_blindtest_wReadme/bengali/bengali_blind_wav/828167_HMphnGEKPO8Qm5nl_0012.wav,এখন আমি আপনাদের দেখাব বিমারের আরও অন্যান্য বৈশিষ্ট্যর দ্বারা কিভাবে এই ডকুমেণ্টটিকে আরও সমৃদ্ধ করে তোলা যায় এবার এই ফাইলটির শুরুতে ফিরে আসা যাক,15.0
/home/abdullahmm/Shivam/subtask2_blindtest_wReadme/bengali/bengali_blind_wav/828167_HMphnGEKPO8Qm5nl_0013.wav,/home/abdullahmm/Shivam/subtask2_blindtest_wReadme/bengali/bengali_blind_wav/828167_HMphnGEKPO8Qm5nl_0013.wav,এরপর এই ডকুমেন্টটিকে উন্নত করার জন্য আমরা যা পরিবর্তন করব সেগুলির সবটি এখানে করা হবে আমি প্রত্যেকবার একটি করে যোগ করব এবং সেটি বর্ণনা করব,13.0
/home/abdullahmm/Shivam/subtask2_blindtest_wReadme/bengali/bengali_blind_wav/828167_HMphnGEKPO8Qm5nl_0014.wav,/home/abdullahmm/Shivam/subtask2_blindtest_wReadme/bengali/bengali_blind_wav/828167_HMphnGEKPO8Qm5nl_0014.wav,beamer theme split এই কমাণ্ডটি যোগ করলে কী হয় তা দেখে নেওয়া যাক এটিকে cut করা যাক এখানে ফিরে আসা যাক save করা যাক এবার,15.0
/home/abdullahmm/Shivam/subtask2_blindtest_wReadme/bengali/bengali_blind_wav/828167_HMphnGEKPO8Qm5nl_0015.wav,/home/abdullahmm/Shivam/subtask2_blindtest_wReadme/bengali/bengali_blind_wav/828167_HMphnGEKPO8Qm5nl_0015.wav,pdf latex beamer লিখে এটিকে compile করা যাক,8.0
/home/abdullahmm/Shivam/subtask2_blindtest_wReadme/bengali/bengali_blind_wav/828167_HMphnGEKPO8Qm5nl_0016.wav,/home/abdullahmm/Shivam/subtask2_blindtest_wReadme/bengali/bengali_blind_wav/828167_HMphnGEKPO8Qm5nl_0016.wav,এটি ক্লিক্ করা যাক দেখুন এখানে এবং এখানেও কিছু banner তৈরী হয়ে গেছে,8.0
/home/abdullahmm/Shivam/subtask2_blindtest_wReadme/bengali/bengali_blind_wav/828167_HMphnGEKPO8Qm5nl_0017.wav,/home/abdullahmm/Shivam/subtask2_blindtest_wReadme/bengali/bengali_blind_wav/828167_HMphnGEKPO8Qm5nl_0017.wav,এখন আমরা এখানে continue স্টেটমেন্টে পরিচয় করাতে পারি enter টিপুন এটি,12.0
/home/abdullahmm/Shivam/subtask2_blindtest_wReadme/bengali/bengali_blind_wav/828167_HMphnGEKPO8Qm5nl_0018.wav,/home/abdullahmm/Shivam/subtask2_blindtest_wReadme/bengali/bengali_blind_wav/828167_HMphnGEKPO8Qm5nl_0018.wav,এখান থেকে cut করে এখানে paste করা যাক লক্ষ্য করুন এই সবগুলিই document কমান্ডের উপরে paste করা হয়েছে এবার এটি compile করা যাক ঠিক আছে তাহলে দেখা যাক এটি click করলে কি হয় এটি বড় হয়ে গেছে,25.0
/home/abdullahmm/Shivam/subtask2_blindtest_wReadme/bengali/bengali_blind_wav/828167_HMphnGEKPO8Qm5nl_0019.wav,/home/abdullahmm/Shivam/subtask2_blindtest_wReadme/bengali/bengali_blind_wav/828167_HMphnGEKPO8Qm5nl_0019.wav,আপনি দেখতে পাচ্ছেন এখানে রঙেরও পরিবর্তন হয়েছে beamer theme shadow এই প্যাকেজটির দ্বারা এই পরিবর্তনটি হয়েছে,12.0
/home/abdullahmm/Shivam/subtask2_blindtest_wReadme/bengali/bengali_blind_wav/828167_HMphnGEKPO8Qm5nl_0020.wav,/home/abdullahmm/Shivam/subtask2_blindtest_wReadme/bengali/bengali_blind_wav/828167_HMphnGEKPO8Qm5nl_0020.wav,এইপ্রকার আরো অনেক package আছে আমি এখন অন্যান্য কিছু বৈশিষ্ট্য নিয়ে আলোচনা করব,7.0
/home/abdullahmm/Shivam/subtask2_blindtest_wReadme/bengali/bengali_blind_wav/828167_HMphnGEKPO8Qm5nl_0021.wav,/home/abdullahmm/Shivam/subtask2_blindtest_wReadme/bengali/bengali_blind_wav/828167_HMphnGEKPO8Qm5nl_0021.wav,এই আলোচনার শেষে আমরা কিছু ভবিষ্যৎ পাঠ্যর কথা উল্লেখ করব আউটলাইনের referencees for further reading থেকে আপনি এটি বুঝতে পারছেন,9.0
/home/abdullahmm/Shivam/subtask2_blindtest_wReadme/bengali/bengali_blind_wav/828167_HMphnGEKPO8Qm5nl_0022.wav,/home/abdullahmm/Shivam/subtask2_blindtest_wReadme/bengali/bengali_blind_wav/828167_HMphnGEKPO8Qm5nl_0022.wav,আলোচনার outline টি এইপ্রকার আমরা title page author name color logo ইত্যাদি নিয়ে আলোচনা করব অল্প কিছু animation,9.0
/home/abdullahmm/Shivam/subtask2_blindtest_wReadme/bengali/bengali_blind_wav/828167_HMphnGEKPO8Qm5nl_0023.wav,/home/abdullahmm/Shivam/subtask2_blindtest_wReadme/bengali/bengali_blind_wav/828167_HMphnGEKPO8Qm5nl_0023.wav,যা আপনি presentation দেবার সময় ব্যবহার করতে পারেন two column ফরম্যাট figure ও table সমীকরণ verbatim ইত্যাদি নিয়েও আলোচনা করব ঠিক আছে তাহলে আবার শুরুতে ফিরে আসা যাক,15.0
/home/abdullahmm/Shivam/subtask2_blindtest_wReadme/bengali/bengali_blind_wav/828167_HMphnGEKPO8Qm5nl_0024.wav,/home/abdullahmm/Shivam/subtask2_blindtest_wReadme/bengali/bengali_blind_wav/828167_HMphnGEKPO8Qm5nl_0024.wav,পরবর্তী আলোচনার বিষয় হল logo এখান থেকে logo cut করে এখানে paste করা যাক এক্ষেত্রে লোগোটি begin document কমাণ্ডের পূর্বেই paste করা হল দেখা যাক এই লোগোটি কে কেমন দেখতে,19.0
/home/abdullahmm/Shivam/subtask2_blindtest_wReadme/bengali/bengali_blind_wav/828167_HMphnGEKPO8Qm5nl_0026.wav,/home/abdullahmm/Shivam/subtask2_blindtest_wReadme/bengali/bengali_blind_wav/828167_HMphnGEKPO8Qm5nl_0026.wav,আমি এই লোগোটির কথাই বলছিলাম,6.0
/home/abdullahmm/Shivam/subtask2_blindtest_wReadme/bengali/bengali_blind_wav/828167_HMphnGEKPO8Qm5nl_0027.wav,/home/abdullahmm/Shivam/subtask2_blindtest_wReadme/bengali/bengali_blind_wav/828167_HMphnGEKPO8Qm5nl_0027.wav,এই logo কমান্ডের দ্বারা বোঝানো হয়েছে এই লোগোটির উচ্চতা 1 centimeter এবং এটিকে এই কোণে অন্তর্ভুক্ত করা হবে দেখা যাক এটি কেমন দেখতে লাগে এটি click করা যাক,17.0
/home/abdullahmm/Shivam/subtask2_blindtest_wReadme/bengali/bengali_blind_wav/828167_HMphnGEKPO8Qm5nl_0029.wav,/home/abdullahmm/Shivam/subtask2_blindtest_wReadme/bengali/bengali_blind_wav/828167_HMphnGEKPO8Qm5nl_0029.wav,এই কমান্ডটি যোগ করব presentationএর জন্য অনেকসময় সব অক্ষরগুলি bold করার প্রয়োজন হয়,7.0
/home/abdullahmm/Shivam/subtask2_blindtest_wReadme/bengali/bengali_blind_wav/828167_HMphnGEKPO8Qm5nl_0030.wav,/home/abdullahmm/Shivam/subtask2_blindtest_wReadme/bengali/bengali_blind_wav/828167_HMphnGEKPO8Qm5nl_0030.wav,সেইজন্য আমি এই কমাণ্ডটি অন্তর্ভুক্ত করব এখানে আসা যাক এটি cut করা যাক এখানে paste করা যাক,21.0
/home/abdullahmm/Shivam/subtask2_blindtest_wReadme/bengali/bengali_blind_wav/828167_HMphnGEKPO8Qm5nl_0031.wav,/home/abdullahmm/Shivam/subtask2_blindtest_wReadme/bengali/bengali_blind_wav/828167_HMphnGEKPO8Qm5nl_0031.wav,লক্ষ্য করুন এটিকে begin document কমান্ডের নীচে অন্তর্ভুক্ত করা হল,7.0
/home/abdullahmm/Shivam/subtask2_blindtest_wReadme/bengali/bengali_blind_wav/828167_HMphnGEKPO8Qm5nl_0032.wav,/home/abdullahmm/Shivam/subtask2_blindtest_wReadme/bengali/bengali_blind_wav/828167_HMphnGEKPO8Qm5nl_0032.wav,save করা যাক compile করা যাক দেখুন এখন এখানে click করলেই সম্পূর্ণ অক্ষরগুলি bold হয়ে যাবে দেখুন এগুলিও bold হয়ে গেছে,19.0
/home/abdullahmm/Shivam/subtask2_blindtest_wReadme/bengali/bengali_blind_wav/828167_HMphnGEKPO8Qm5nl_0033.wav,/home/abdullahmm/Shivam/subtask2_blindtest_wReadme/bengali/bengali_blind_wav/828167_HMphnGEKPO8Qm5nl_0033.wav,ঠিক আছে এখন আমরা এই লেখাগুলিকে আরো সুন্দরভাবে উপস্হিত করব,10.0
/home/abdullahmm/Shivam/subtask2_blindtest_wReadme/bengali/bengali_blind_wav/828167_HMphnGEKPO8Qm5nl_0034.wav,/home/abdullahmm/Shivam/subtask2_blindtest_wReadme/bengali/bengali_blind_wav/828167_HMphnGEKPO8Qm5nl_0034.wav,এখানে অনেক বেশি তথ্য দেখা যাচ্ছে এখানে শিরোনামটি দেখা যাচ্ছে এখানে লেখক সংক্রান্ত তথ্য দেখা যাচ্ছে কিন্তু এখানে অনেক বেশি তথ্য আছে,11.0
/home/abdullahmm/Shivam/subtask2_blindtest_wReadme/bengali/bengali_blind_wav/828167_HMphnGEKPO8Qm5nl_0035.wav,/home/abdullahmm/Shivam/subtask2_blindtest_wReadme/bengali/bengali_blind_wav/828167_HMphnGEKPO8Qm5nl_0035.wav,কোনোকোনো ক্ষেত্রে আমরা ছোটো শিরোনামও দেখতে চাইতে পারি,4.0
/home/abdullahmm/Shivam/subtask2_blindtest_wReadme/bengali/bengali_blind_wav/828167_HMphnGEKPO8Qm5nl_0036.wav,/home/abdullahmm/Shivam/subtask2_blindtest_wReadme/bengali/bengali_blind_wav/828167_HMphnGEKPO8Qm5nl_0036.wav,উদাহরণস্বরূপ এখানে spaceটি পর্যাপ্ত নয় এবার আমরা এটি ব্যবহারের দ্বারা এই সমস্যার সমাধান করব,9.0
/home/abdullahmm/Shivam/subtask2_blindtest_wReadme/bengali/bengali_blind_wav/828167_HMphnGEKPO8Qm5nl_0037.wav,/home/abdullahmm/Shivam/subtask2_blindtest_wReadme/bengali/bengali_blind_wav/828167_HMphnGEKPO8Qm5nl_0037.wav,দেখুন এখানে running title দেখা যাচ্ছে এটিকে cut করা যাক এটির title কমান্ডের পরে অর্থাৎ title কমান্ডেবং প্রকৃত titleএর মাঝে আসা উচিত,20.0
/home/abdullahmm/Shivam/subtask2_blindtest_wReadme/bengali/bengali_blind_wav/828167_HMphnGEKPO8Qm5nl_0038.wav,/home/abdullahmm/Shivam/subtask2_blindtest_wReadme/bengali/bengali_blind_wav/828167_HMphnGEKPO8Qm5nl_0038.wav,লক্ষ্য করুন আমি সবকিছুই square ব্র্যাকেটের মধ্যে paste করছি এবার এটিকে save করে run করা যাক প্রত্যেকবারের মতো এবার এটিকে click করা যাক দেখুন এখন শিরোনামটি পরিবর্তিত হয়ে গেছে,26.0
/home/abdullahmm/Shivam/subtask2_blindtest_wReadme/bengali/bengali_blind_wav/828167_HMphnGEKPO8Qm5nl_0039.wav,/home/abdullahmm/Shivam/subtask2_blindtest_wReadme/bengali/bengali_blind_wav/828167_HMphnGEKPO8Qm5nl_0039.wav,শুধুমাত্র নীচের অংশটিই দেখা যাচ্ছে কারণ ওই অংশটিই আমি square ব্রাকেটের মধ্যে দিয়েছিলাম presentation using latex and beamer এরপর আছে,10.0
/home/abdullahmm/Shivam/subtask2_blindtest_wReadme/bengali/bengali_blind_wav/828167_HMphnGEKPO8Qm5nl_0040.wav,/home/abdullahmm/Shivam/subtask2_blindtest_wReadme/bengali/bengali_blind_wav/828167_HMphnGEKPO8Qm5nl_0040.wav,এইভাবে half centimeter যার দ্বারা এই স্পেসটি তৈরি করা হয়েছে তারপরে পৃষ্ঠার number দেখা যাচ্ছে এটি 1 / 3 এটি 2 / 3 এবং এটি 3 / 3,18.0
/home/abdullahmm/Shivam/subtask2_blindtest_wReadme/bengali/bengali_blind_wav/828167_HMphnGEKPO8Qm5nl_0041.wav,/home/abdullahmm/Shivam/subtask2_blindtest_wReadme/bengali/bengali_blind_wav/828167_HMphnGEKPO8Qm5nl_0041.wav,এটি insert frame number ভাগ insert total frame number command দ্বারা করা হয়েছে,8.0
/home/abdullahmm/Shivam/subtask2_blindtest_wReadme/bengali/bengali_blind_wav/828167_HMphnGEKPO8Qm5nl_0042.wav,/home/abdullahmm/Shivam/subtask2_blindtest_wReadme/bengali/bengali_blind_wav/828167_HMphnGEKPO8Qm5nl_0042.wav,এখন আমি এই একই জিনিস লেখকের নামের ক্ষেত্রেও করব এখানে আসা যাক এটি cut করা যাক,15.0
/home/abdullahmm/Shivam/subtask2_blindtest_wReadme/bengali/bengali_blind_wav/828167_HMphnGEKPO8Qm5nl_0043.wav,/home/abdullahmm/Shivam/subtask2_blindtest_wReadme/bengali/bengali_blind_wav/828167_HMphnGEKPO8Qm5nl_0043.wav,লেখকের নামের পরে এটিকে paste করা যাক এবার save করে compile করা যাক,10.0
/home/abdullahmm/Shivam/subtask2_blindtest_wReadme/bengali/bengali_blind_wav/828167_HMphnGEKPO8Qm5nl_0044.wav,/home/abdullahmm/Shivam/subtask2_blindtest_wReadme/bengali/bengali_blind_wav/828167_HMphnGEKPO8Qm5nl_0044.wav,click করলে এখানে kannan moudgalya দেখা যাচ্ছে এই অংশটিই আমি square ব্রাকেটের মধ্যে দিয়েছি এখন এটিই প্রতি পৃষ্ঠায় দেখা যাবে এখন,14.0
/home/abdullahmm/Shivam/subtask2_blindtest_wReadme/bengali/bengali_blind_wav/828167_HMphnGEKPO8Qm5nl_0045.wav,/home/abdullahmm/Shivam/subtask2_blindtest_wReadme/bengali/bengali_blind_wav/828167_HMphnGEKPO8Qm5nl_0045.wav,পরবর্তী আলোচনায় যাওয়া যাক এবং সমীকরণ অন্তর্ভুক্ত করার পদ্ধতি জেনে নেওয়া যাক,11.0
/home/abdullahmm/Shivam/subtask2_blindtest_wReadme/bengali/bengali_blind_wav/828167_HMphnGEKPO8Qm5nl_0046.wav,/home/abdullahmm/Shivam/subtask2_blindtest_wReadme/bengali/bengali_blind_wav/828167_HMphnGEKPO8Qm5nl_0046.wav,পুরো লেখাটিই একটি সম্পূর্ণ frame তাহলে এই সম্পূর্ণটিকেই cut করা যাক এখান,10.0
/home/abdullahmm/Shivam/subtask2_blindtest_wReadme/bengali/bengali_blind_wav/828167_HMphnGEKPO8Qm5nl_0047.wav,/home/abdullahmm/Shivam/subtask2_blindtest_wReadme/bengali/bengali_blind_wav/828167_HMphnGEKPO8Qm5nl_0047.wav,এখানে ফিরে আসলাম এবার ডকুমেন্টের শেষে যাওয়া যাক save করা যাক,9.0
/home/abdullahmm/Shivam/subtask2_blindtest_wReadme/bengali/bengali_blind_wav/828167_HMphnGEKPO8Qm5nl_0048.wav,/home/abdullahmm/Shivam/subtask2_blindtest_wReadme/bengali/bengali_blind_wav/828167_HMphnGEKPO8Qm5nl_0048.wav,এখন একটি সম্পূর্ণ নতুন slide তৈরী হয়েছে দেখে নেওয়া যাক সেটি কেমন দেখতে লাগে,8.0
/home/abdullahmm/Shivam/subtask2_blindtest_wReadme/bengali/bengali_blind_wav/828167_HMphnGEKPO8Qm5nl_0049.wav,/home/abdullahmm/Shivam/subtask2_blindtest_wReadme/bengali/bengali_blind_wav/828167_HMphnGEKPO8Qm5nl_0049.wav,থেকে ফ্রেমের শুরু হয়েছে এবার compile করা যাক দেখুন এখন ডকুমেণ্টের চারটি পৃষ্ঠা আছে যদিও এখানে দেখা যাচ্ছে তিনটি পৃষ্ঠা আছে আরেকবার compile করে click করলে এখন এখানে চার দেখা যাচ্ছে এর,21.0
/home/abdullahmm/Shivam/subtask2_blindtest_wReadme/bengali/bengali_blind_wav/828167_HMphnGEKPO8Qm5nl_0050.wav,/home/abdullahmm/Shivam/subtask2_blindtest_wReadme/bengali/bengali_blind_wav/828167_HMphnGEKPO8Qm5nl_0050.wav,স্লাইডে সমীকরণ লেখা আছে এই টিউটোরিয়ালে আমি সমীকরণ লেখার পদ্ধতি আলোচনা করব না,8.0
/home/abdullahmm/Shivam/subtask2_blindtest_wReadme/bengali/bengali_blind_wav/828167_HMphnGEKPO8Qm5nl_0051.wav,/home/abdullahmm/Shivam/subtask2_blindtest_wReadme/bengali/bengali_blind_wav/828167_HMphnGEKPO8Qm5nl_0051.wav,পূর্ববর্তী টিউটোরিয়ালে সমীকরণ তৈরি করার পদ্ধতি বর্ণনা করা আছে,5.0
/home/abdullahmm/Shivam/subtask2_blindtest_wReadme/bengali/bengali_blind_wav/828167_HMphnGEKPO8Qm5nl_0052.wav,/home/abdullahmm/Shivam/subtask2_blindtest_wReadme/bengali/bengali_blind_wav/828167_HMphnGEKPO8Qm5nl_0052.wav,এখানে আমি ওই letek ডকুমেন্টে গেছি এবং ওখান থেকে এটি cut করে এখানে paste করেছি এবং অবশ্যই আমি এখান থেকে সমীকরণের নম্বরগুলি সরিয়ে দিয়েছি কারণ একটি স্লাইডে সমীকরণের number দেয়া অর্থহীন,16.0
/home/abdullahmm/Shivam/subtask2_blindtest_wReadme/bengali/bengali_blind_wav/828167_HMphnGEKPO8Qm5nl_0053.wav,/home/abdullahmm/Shivam/subtask2_blindtest_wReadme/bengali/bengali_blind_wav/828167_HMphnGEKPO8Qm5nl_0053.wav,কিছু ক্ষেত্রে বিভিন্ন রংএর দ্বারা কোনো লেখাকে আলাদাভাবে চিন্হিত করা দরকারী হতে পারে উদাহরণস্বরূপ আমি যদি এটি নীল রংএর করতে চাই তাহলে আমাকে প্রথমে এখানে আসতে হবে,19.0
/home/abdullahmm/Shivam/subtask2_blindtest_wReadme/bengali/bengali_blind_wav/828167_HMphnGEKPO8Qm5nl_0054.wav,/home/abdullahmm/Shivam/subtask2_blindtest_wReadme/bengali/bengali_blind_wav/828167_HMphnGEKPO8Qm5nl_0054.wav,color blue এই কমাণ্ডটি লেখা যাক এটি বন্ধ করা যাক save করে compile করা যাক,16.0
/home/abdullahmm/Shivam/subtask2_blindtest_wReadme/bengali/bengali_blind_wav/828167_HMphnGEKPO8Qm5nl_0055.wav,/home/abdullahmm/Shivam/subtask2_blindtest_wReadme/bengali/bengali_blind_wav/828167_HMphnGEKPO8Qm5nl_0055.wav,এটি click করা হল দেখুন এটি এখন নীল রঙের দেখাচ্ছে,6.0
/home/abdullahmm/Shivam/subtask2_blindtest_wReadme/bengali/bengali_blind_wav/828167_HMphnGEKPO8Qm5nl_0056.wav,/home/abdullahmm/Shivam/subtask2_blindtest_wReadme/bengali/bengali_blind_wav/828167_HMphnGEKPO8Qm5nl_0056.wav,তাহলে আপনি কোনও সমীকরণের বিষয় refer বা উল্লেখ করার সময় সমীকরণের number ব্যবহার না করে বলতে পারেন নীল রঙের সমীকরণের বিষয় আলোচনা করা হচ্ছে অথবা ভরের ভারসাম্য বিষয়ক সমীকরণটি দেখুন,16.0
/home/abdullahmm/Shivam/subtask2_blindtest_wReadme/bengali/bengali_blind_wav/828167_HMphnGEKPO8Qm5nl_0057.wav,/home/abdullahmm/Shivam/subtask2_blindtest_wReadme/bengali/bengali_blind_wav/828167_HMphnGEKPO8Qm5nl_0057.wav,আপনি কোনও আলোচনায় অবশ্যই এটিকে এমন কোনও পদ্ধতিতে refer করতে চাইবেন যেভাবে লোকের সেটি মনে থাকে,7.0
/home/abdullahmm/Shivam/subtask2_blindtest_wReadme/bengali/bengali_blind_wav/828167_HMphnGEKPO8Qm5nl_0058.wav,/home/abdullahmm/Shivam/subtask2_blindtest_wReadme/bengali/bengali_blind_wav/828167_HMphnGEKPO8Qm5nl_0058.wav,এরপর আমরা animation অন্তর্ভুক্ত করব যেটি তথ্যকে একটি বিষয়ের পরে অপর বিষয় এইভাবে আলোচনা করতে সাহায্য করে তাহলে এখন এটিকে select করে cut করা যাক এখানে paste করা যাক,25.0
/home/abdullahmm/Shivam/subtask2_blindtest_wReadme/bengali/bengali_blind_wav/828167_HMphnGEKPO8Qm5nl_0059.wav,/home/abdullahmm/Shivam/subtask2_blindtest_wReadme/bengali/bengali_blind_wav/828167_HMphnGEKPO8Qm5nl_0059.wav,প্রথমে compile করা যাক এবং দেখা যাক এটি দেখতে কেমন লাগছে এটি পত্র লেখা সংক্রান্ত tutorial থেকে নেওয়া হয়েছে এই তথ্যটি ওই tutorial এও আছে,14.0
/home/abdullahmm/Shivam/subtask2_blindtest_wReadme/bengali/bengali_blind_wav/828167_HMphnGEKPO8Qm5nl_0060.wav,/home/abdullahmm/Shivam/subtask2_blindtest_wReadme/bengali/bengali_blind_wav/828167_HMphnGEKPO8Qm5nl_0060.wav,একমাত্র পরিবর্তন হল এই যে এখানে begin enumerate এবং end enumerate এর মধ্যে item + - alert ব্যবহার করা হয়েছে দেখা যাক এর ফলে ডকুমেন্টের কি পরিবর্তন,14.0
/home/abdullahmm/Shivam/subtask2_blindtest_wReadme/bengali/bengali_blind_wav/828167_HMphnGEKPO8Qm5nl_0061.wav,/home/abdullahmm/Shivam/subtask2_blindtest_wReadme/bengali/bengali_blind_wav/828167_HMphnGEKPO8Qm5nl_0061.wav,বর্তন হয় আমি এখানে pause command ব্যবহার করেছি যেখানে এই pause command থাকে সেখানেই এটি বন্ধ হয় তারপর begin enumerate শুরু হয় তাহলে আগে যাওয়া যাক,15.0
/home/abdullahmm/Shivam/subtask2_blindtest_wReadme/bengali/bengali_blind_wav/828167_HMphnGEKPO8Qm5nl_0062.wav,/home/abdullahmm/Shivam/subtask2_blindtest_wReadme/bengali/bengali_blind_wav/828167_HMphnGEKPO8Qm5nl_0062.wav,পরের পৃষ্ঠাগুলিতে যাওয়া যাক আপনি দেখতে পাচ্ছেন সাম্প্রতিকতম তথ্যটি লাল রঙে দেখা যাচ্ছে becky সব লেখা কালো রঙের আমি এক,11.0
/home/abdullahmm/Shivam/subtask2_blindtest_wReadme/bengali/bengali_blind_wav/828167_HMphnGEKPO8Qm5nl_0063.wav,/home/abdullahmm/Shivam/subtask2_blindtest_wReadme/bengali/bengali_blind_wav/828167_HMphnGEKPO8Qm5nl_0063.wav,এখন ডকুমেন্টের শেষে এসে গেছি তাহলে আমরা animation করার একটি সহজ পদ্ধতি জেনে নিয়েছি যার দ্বারা আপনি একটি সময় অল্প তথ্য present করতে পারবেন,14.0
/home/abdullahmm/Shivam/subtask2_blindtest_wReadme/bengali/bengali_blind_wav/828167_HMphnGEKPO8Qm5nl_0064.wav,/home/abdullahmm/Shivam/subtask2_blindtest_wReadme/bengali/bengali_blind_wav/828167_HMphnGEKPO8Qm5nl_0064.wav,এরপর আমরা altered color টি নীল রঙের করব যেমন এখানে এটির রং লাল এটিকেই altered color বলা হয়ে থাকে,19.0
/home/abdullahmm/Shivam/subtask2_blindtest_wReadme/bengali/bengali_blind_wav/828167_HMphnGEKPO8Qm5nl_0065.wav,/home/abdullahmm/Shivam/subtask2_blindtest_wReadme/bengali/bengali_blind_wav/828167_HMphnGEKPO8Qm5nl_0065.wav,আমি এই altered color টি নীল রঙের করতে চাই যাতে আমি পূর্বে যে রং ব্যবহার করেছিলাম এর সঙ্গে এটির সামঞ্জস্য থাকে,13.0
/home/abdullahmm/Shivam/subtask2_blindtest_wReadme/bengali/bengali_blind_wav/828167_HMphnGEKPO8Qm5nl_0066.wav,/home/abdullahmm/Shivam/subtask2_blindtest_wReadme/bengali/bengali_blind_wav/828167_HMphnGEKPO8Qm5nl_0066.wav,তাহলে এখানে এসে এটি cut করা যাক এবার এটি document শুরুর আগে অর্থাৎ begin document কমান্ডের আগে লেখা যাক,15.0
/home/abdullahmm/Shivam/subtask2_blindtest_wReadme/bengali/bengali_blind_wav/828167_HMphnGEKPO8Qm5nl_0067.wav,/home/abdullahmm/Shivam/subtask2_blindtest_wReadme/bengali/bengali_blind_wav/828167_HMphnGEKPO8Qm5nl_0067.wav,compile করা যাক এখন এটি click করলে দেখা যাচ্ছে alerted কালারটি নীল রঙের হয়ে গেছে set beamer color alerted text কমাণ্ডের মাধ্যমে এটি করা যায় xj =,19.0
/home/abdullahmm/Shivam/subtask2_blindtest_wReadme/bengali/bengali_blind_wav/828167_HMphnGEKPO8Qm5nl_0068.wav,/home/abdullahmm/Shivam/subtask2_blindtest_wReadme/bengali/bengali_blind_wav/828167_HMphnGEKPO8Qm5nl_0068.wav,fg = blue অর্থাৎ foreground এর রং নীল set করা হয়েছে এরপর আমরা দেখব যে সমগ্র ডকুমেন্টের রং কত সহজে পরিবর্তন করা যায়,13.0
/home/abdullahmm/Shivam/subtask2_blindtest_wReadme/bengali/bengali_blind_wav/828167_HMphnGEKPO8Qm5nl_0069.wav,/home/abdullahmm/Shivam/subtask2_blindtest_wReadme/bengali/bengali_blind_wav/828167_HMphnGEKPO8Qm5nl_0069.wav,তাহলে এখানে আসা যাক /document ক্লাসের পরে এবং beamer শুরু হবার আগে brown লেখা হল এবার save করে compile করা হল,18.0
/home/abdullahmm/Shivam/subtask2_blindtest_wReadme/bengali/bengali_blind_wav/828167_HMphnGEKPO8Qm5nl_0070.wav,/home/abdullahmm/Shivam/subtask2_blindtest_wReadme/bengali/bengali_blind_wav/828167_HMphnGEKPO8Qm5nl_0070.wav,দেখুন এখন এটি বাদামী হয়ে গেছে খুব অল্প পরিশ্রমেই এটি করা গেছে এবার এটি পূর্বের রঙ অর্থাৎ নীলে ফিরিয়ে আনা যাক,18.0
/home/abdullahmm/Shivam/subtask2_blindtest_wReadme/bengali/bengali_blind_wav/828167_HMphnGEKPO8Qm5nl_0071.wav,/home/abdullahmm/Shivam/subtask2_blindtest_wReadme/bengali/bengali_blind_wav/828167_HMphnGEKPO8Qm5nl_0071.wav,এর default রঙই হল নীল তাই এর জন্য কিছু লেখার প্রয়োজন হয়না এখন এটি আবার নীল হয়ে গেছে,11.0
/home/abdullahmm/Shivam/subtask2_blindtest_wReadme/bengali/bengali_blind_wav/828167_HMphnGEKPO8Qm5nl_0072.wav,/home/abdullahmm/Shivam/subtask2_blindtest_wReadme/bengali/bengali_blind_wav/828167_HMphnGEKPO8Qm5nl_0072.wav,এবার এখানে আসা যাক এবং এটিকে delete করা যাক এখন আমি figure অন্তর্ভুক্ত করব এটি,12.0
/home/abdullahmm/Shivam/subtask2_blindtest_wReadme/bengali/bengali_blind_wav/828167_HMphnGEKPO8Qm5nl_0073.wav,/home/abdullahmm/Shivam/subtask2_blindtest_wReadme/bengali/bengali_blind_wav/828167_HMphnGEKPO8Qm5nl_0073.wav,এটি cut করা যাক এখানে আসা যাক এর শেষে যাওয়া হল এবার compile করা যাক,16.0
/home/abdullahmm/Shivam/subtask2_blindtest_wReadme/bengali/bengali_blind_wav/828167_HMphnGEKPO8Qm5nl_0074.wav,/home/abdullahmm/Shivam/subtask2_blindtest_wReadme/bengali/bengali_blind_wav/828167_HMphnGEKPO8Qm5nl_0074.wav,পরবর্তী পৃষ্ঠায় যাওয়া যাক এই পৃষ্ঠায় ফিগারের উদাহরণ দেওয়া আছে figure,8.0
/home/abdullahmm/Shivam/subtask2_blindtest_wReadme/bengali/bengali_blind_wav/828167_HMphnGEKPO8Qm5nl_0075.wav,/home/abdullahmm/Shivam/subtask2_blindtest_wReadme/bengali/bengali_blind_wav/828167_HMphnGEKPO8Qm5nl_0075.wav,ভুক্ত করার গুরুত্বপূর্ণ নির্দেশিকাগুলি পরবর্তী আলোচনার মাধ্যমে জেনে নেওয়া যাক এটি cut করা যাক এবং এখানে paste করা যাক এবার compile করা হল তাহলে এখন এটি দেখা যাচ্ছে,29.0
/home/abdullahmm/Shivam/subtask2_blindtest_wReadme/bengali/bengali_blind_wav/828167_HMphnGEKPO8Qm5nl_0076.wav,/home/abdullahmm/Shivam/subtask2_blindtest_wReadme/bengali/bengali_blind_wav/828167_HMphnGEKPO8Qm5nl_0076.wav,hints for including figures এবার source file যেখানে এই ফিগারটি তৈরী করা হয়েছে সেখানে যাওয়া যাক,10.0
/home/abdullahmm/Shivam/subtask2_blindtest_wReadme/bengali/bengali_blind_wav/828167_HMphnGEKPO8Qm5nl_0077.wav,/home/abdullahmm/Shivam/subtask2_blindtest_wReadme/bengali/bengali_blind_wav/828167_HMphnGEKPO8Qm5nl_0077.wav,নির্দেশিকাগুলি কি presentation এ floated environments ব্যবহার করবেন না,6.0
/home/abdullahmm/Shivam/subtask2_blindtest_wReadme/bengali/bengali_blind_wav/828167_HMphnGEKPO8Qm5nl_0078.wav,/home/abdullahmm/Shivam/subtask2_blindtest_wReadme/bengali/bengali_blind_wav/828167_HMphnGEKPO8Qm5nl_0078.wav,উদাহরণস্বরূপ letek ডকুমেন্টে যেমন begin figure end figure command ব্যবহার করা হয় সেগুলি এখানে ব্যবহার করা যায়না,10.0
/home/abdullahmm/Shivam/subtask2_blindtest_wReadme/bengali/bengali_blind_wav/828167_HMphnGEKPO8Qm5nl_0079.wav,/home/abdullahmm/Shivam/subtask2_blindtest_wReadme/bengali/bengali_blind_wav/828167_HMphnGEKPO8Qm5nl_0079.wav,লেটেক্সে কিভাবে figure অন্তর্ভুক্ত করা যায় সেই বিষয়ে আপনি যদি বিস্তারিতভাবে জানতে চান তাহলে আপনি table এবং figure সংক্রান্ত টিউটোরিয়ালটির সাহায্য নিতে পারেন,13.0
/home/abdullahmm/Shivam/subtask2_blindtest_wReadme/bengali/bengali_blind_wav/828167_HMphnGEKPO8Qm5nl_0081.wav,/home/abdullahmm/Shivam/subtask2_blindtest_wReadme/bengali/bengali_blind_wav/828167_HMphnGEKPO8Qm5nl_0081.wav,একটি বিষয় অবশ্যই উল্লেখ করা উচিত যে বিমারে কোনো package ব্যহহারের জন্য সেটিকে আলাদাভাবে অন্তর্ভুক্ত করার প্রয়োজন হয়না,11.0
/home/abdullahmm/Shivam/subtask2_blindtest_wReadme/bengali/bengali_blind_wav/828167_HMphnGEKPO8Qm5nl_0082.wav,/home/abdullahmm/Shivam/subtask2_blindtest_wReadme/bengali/bengali_blind_wav/828167_HMphnGEKPO8Qm5nl_0082.wav,কারণ বিমারে স্বাভাবিকভাবেই সব package অন্তর্ভুক্ত থাকে এখানে,5.0
/home/abdullahmm/Shivam/subtask2_blindtest_wReadme/bengali/bengali_blind_wav/828167_HMphnGEKPO8Qm5nl_0083.wav,/home/abdullahmm/Shivam/subtask2_blindtest_wReadme/bengali/bengali_blind_wav/828167_HMphnGEKPO8Qm5nl_0083.wav,এই সম্পূর্ণ লেখাটিকে center environmentএর মধ্যে রাখা হয়েছে caption ফিগারের number ইত্যাদি যোগ করবেন না,12.0
/home/abdullahmm/Shivam/subtask2_blindtest_wReadme/bengali/bengali_blind_wav/828167_HMphnGEKPO8Qm5nl_0084.wav,/home/abdullahmm/Shivam/subtask2_blindtest_wReadme/bengali/bengali_blind_wav/828167_HMphnGEKPO8Qm5nl_0084.wav,presentationএর শ্রোতা বা দর্শকরা কখনোই এই নম্বরগুলি মনে রাখবেন না যদি আপনি পূর্বে দেখানো কোনও figure পুনরায় refer করতে চান সেটি তাহলে আবার দেখান,12.0
/home/abdullahmm/Shivam/subtask2_blindtest_wReadme/bengali/bengali_blind_wav/828167_HMphnGEKPO8Qm5nl_0085.wav,/home/abdullahmm/Shivam/subtask2_blindtest_wReadme/bengali/bengali_blind_wav/828167_HMphnGEKPO8Qm5nl_0085.wav,একটি slide বানাতে কোনও অসুবিধা নেই পূর্বে দেখানো স্লাইডের একটি copy করুন এবং সেটি দেখান এখানেই figure বিষয়ক নির্দেশিকার সমাপ্তি হল,11.0
/home/abdullahmm/Shivam/subtask2_blindtest_wReadme/bengali/bengali_blind_wav/828167_HMphnGEKPO8Qm5nl_0086.wav,/home/abdullahmm/Shivam/subtask2_blindtest_wReadme/bengali/bengali_blind_wav/828167_HMphnGEKPO8Qm5nl_0086.wav,এখন দেখা যাক কিভাবে two column environment অন্তর্ভুক্ত করা যায় এখানে আসা যাক এটিকে cut করা যাক এবার এই ডকুমেন্টের শেষে যাওয়া যাক save করা যাক,24.0
/home/abdullahmm/Shivam/subtask2_blindtest_wReadme/bengali/bengali_blind_wav/828167_HMphnGEKPO8Qm5nl_0087.wav,/home/abdullahmm/Shivam/subtask2_blindtest_wReadme/bengali/bengali_blind_wav/828167_HMphnGEKPO8Qm5nl_0087.wav,এটি আরও সহজ করে বোঝার জন্য আগে এটিকে সরিয়ে দেওয়া হল তাহলে,7.0
/home/abdullahmm/Shivam/subtask2_blindtest_wReadme/bengali/bengali_blind_wav/828167_HMphnGEKPO8Qm5nl_0088.wav,/home/abdullahmm/Shivam/subtask2_blindtest_wReadme/bengali/bengali_blind_wav/828167_HMphnGEKPO8Qm5nl_0088.wav,এবার আমি আপনাদের সম্পূর্ণ তথ্যের কিছু ons আগে দেখাবো এবার compile করে দেখা যাক কি হয়,30.0
/home/abdullahmm/Shivam/subtask2_blindtest_wReadme/bengali/bengali_blind_wav/828167_HMphnGEKPO8Qm5nl_0089.wav,/home/abdullahmm/Shivam/subtask2_blindtest_wReadme/bengali/bengali_blind_wav/828167_HMphnGEKPO8Qm5nl_0089.wav,দেখুন এখন দুটি column বা শ্রেণী দেখা যাচ্ছে,14.0
/home/abdullahmm/Shivam/subtask2_blindtest_wReadme/bengali/bengali_blind_wav/828167_HMphnGEKPO8Qm5nl_0090.wav,/home/abdullahmm/Shivam/subtask2_blindtest_wReadme/bengali/bengali_blind_wav/828167_HMphnGEKPO8Qm5nl_0090.wav,এটি save করা হয়নি তাই এখানে দেখা যাচ্ছে তাহলে প্রথমে এটি save করা যাক save না করে compile করলে এই সমস্যাটি দেখা দেয় pdf ফাইলটি source ফাইলের সাথে সামঞ্জস্যপূর্ণ হয়না,20.0
/home/abdullahmm/Shivam/subtask2_blindtest_wReadme/bengali/bengali_blind_wav/828167_HMphnGEKPO8Qm5nl_0091.wav,/home/abdullahmm/Shivam/subtask2_blindtest_wReadme/bengali/bengali_blind_wav/828167_HMphnGEKPO8Qm5nl_0091.wav,তাহলে এটিকে compile করা যাক এখানে আসা যাক এখন এই pdf ফাইলটি source ফাইলের সাথে সামঞ্জস্যপূর্ণ এটি center করা যাক,12.0
/home/abdullahmm/Shivam/subtask2_blindtest_wReadme/bengali/bengali_blind_wav/828167_HMphnGEKPO8Qm5nl_0092.wav,/home/abdullahmm/Shivam/subtask2_blindtest_wReadme/bengali/bengali_blind_wav/828167_HMphnGEKPO8Qm5nl_0092.wav,তাহলে ফ্রেমের শিরোনাম two columns এবং mini page কমাণ্ডটি ব্যবহার করা হয়েছে center করা হয়েছে এবং সম্পূর্ণ টেক্সটের প্রশস্তির 45 শতাংশ ব্যবহার করা হয়েছে,18.0
/home/abdullahmm/Shivam/subtask2_blindtest_wReadme/bengali/bengali_blind_wav/828167_HMphnGEKPO8Qm5nl_0093.wav,/home/abdullahmm/Shivam/subtask2_blindtest_wReadme/bengali/bengali_blind_wav/828167_HMphnGEKPO8Qm5nl_0093.wav,begin enumerate এরপর এই দুটি তারপর end enumerate পূর্বের মতো এখানেও alerting ব্যবহার করা হয়েছে ঠিক আছে,13.0
/home/abdullahmm/Shivam/subtask2_blindtest_wReadme/bengali/bengali_blind_wav/828167_HMphnGEKPO8Qm5nl_0094.wav,/home/abdullahmm/Shivam/subtask2_blindtest_wReadme/bengali/bengali_blind_wav/828167_HMphnGEKPO8Qm5nl_0094.wav,ঠিক আছে এই দুটি লক্ষ্য করুন এখানে,3.0
/home/abdullahmm/Shivam/subtask2_blindtest_wReadme/bengali/bengali_blind_wav/828167_HMphnGEKPO8Qm5nl_0096.wav,/home/abdullahmm/Shivam/subtask2_blindtest_wReadme/bengali/bengali_blind_wav/828167_HMphnGEKPO8Qm5nl_0096.wav,এই ফাইলটি আপনি আগেও দেখেছেন এই মিনিপেজটিও 45 শতাংশ সাইজের তাহলে প্রথমে এটিকে save করে compile করা যাক,20.0
/home/abdullahmm/Shivam/subtask2_blindtest_wReadme/bengali/bengali_blind_wav/828167_HMphnGEKPO8Qm5nl_0097.wav,/home/abdullahmm/Shivam/subtask2_blindtest_wReadme/bengali/bengali_blind_wav/828167_HMphnGEKPO8Qm5nl_0097.wav,এটিকে click করা হল,3.0
/home/abdullahmm/Shivam/subtask2_blindtest_wReadme/bengali/bengali_blind_wav/828167_HMphnGEKPO8Qm5nl_0098.wav,/home/abdullahmm/Shivam/subtask2_blindtest_wReadme/bengali/bengali_blind_wav/828167_HMphnGEKPO8Qm5nl_0098.wav,এখন এটি দেখা যাচ্ছে কিন্তু এটিতে একটি ছোটো সমস্যা আছে এই পেজে গেলে প্রথম item এবং figure দুটিই দেখা যাচ্ছে যদিও source file অনুযায়ী figureটি পরেই আছে এর কারণ হল লেটেক্সে ফিগারটি পরে দেখানোর কথা কোথাও নির্দেশ দেওয়া হয়নি সম্ভবত লেটেক্সেটি স্বয়ংক্রিয় ভাবেই করেছে,25.0
/home/abdullahmm/Shivam/subtask2_blindtest_wReadme/bengali/bengali_blind_wav/828167_HMphnGEKPO8Qm5nl_0099.wav,/home/abdullahmm/Shivam/subtask2_blindtest_wReadme/bengali/bengali_blind_wav/828167_HMphnGEKPO8Qm5nl_0099.wav,উদাহরণস্বরূপ আমরা যদি এটিকে এই itemর মধ্যে রাখি তাহলে এর দ্বারা বোঝানো হবে আগে এটি দেখানো হোক এবং তারপরে ওটি,11.0
/home/abdullahmm/Shivam/subtask2_blindtest_wReadme/bengali/bengali_blind_wav/828167_HMphnGEKPO8Qm5nl_0100.wav,/home/abdullahmm/Shivam/subtask2_blindtest_wReadme/bengali/bengali_blind_wav/828167_HMphnGEKPO8Qm5nl_0100.wav,কিন্তু আমরা কোথাওই বলিনি এটিকে পরে দেখানোর কথা আপনাকে এই বিষয়গুলির ব্যাপারে সতর্ক থাকতে হবে,8.0
/home/abdullahmm/Shivam/subtask2_blindtest_wReadme/bengali/bengali_blind_wav/828167_HMphnGEKPO8Qm5nl_0101.wav,/home/abdullahmm/Shivam/subtask2_blindtest_wReadme/bengali/bengali_blind_wav/828167_HMphnGEKPO8Qm5nl_0101.wav,ব্যবহার করে এই সমস্যার সমাধান করা যায় এটি save করে compile করা যাক এখন এটি ঠিকভাবে দেখা যাচ্ছে সমস্যাটি দূর হয়ে গেছে প্রথম,15.0
/home/abdullahmm/Shivam/subtask2_blindtest_wReadme/bengali/bengali_blind_wav/828167_HMphnGEKPO8Qm5nl_0102.wav,/home/abdullahmm/Shivam/subtask2_blindtest_wReadme/bengali/bengali_blind_wav/828167_HMphnGEKPO8Qm5nl_0102.wav,প্রথমটি দ্বিতীয়টি আরেকবার এখানে একবার pause হয় দেখুন এখন সমস্যাটি দূর হয়ে গেছে,13.0
/home/abdullahmm/Shivam/subtask2_blindtest_wReadme/bengali/bengali_blind_wav/828167_HMphnGEKPO8Qm5nl_0104.wav,/home/abdullahmm/Shivam/subtask2_blindtest_wReadme/bengali/bengali_blind_wav/828167_HMphnGEKPO8Qm5nl_0104.wav,এখন আমরা এটি ওখান থেকে cut করে এখানে paste করেছি আপনি এখানে দেখতে পাচ্ছেন ফ্রেমের শুরুতে ফিরে আসা যাক,9.0
/home/abdullahmm/Shivam/subtask2_blindtest_wReadme/bengali/bengali_blind_wav/828167_HMphnGEKPO8Qm5nl_0105.wav,/home/abdullahmm/Shivam/subtask2_blindtest_wReadme/bengali/bengali_blind_wav/828167_HMphnGEKPO8Qm5nl_0105.wav,দেখুন center environmentএর মধ্যে begin tabular এবং end tabular কমাণ্ডগুলি আছে তাহলে,9.0
/home/abdullahmm/Shivam/subtask2_blindtest_wReadme/bengali/bengali_blind_wav/828167_HMphnGEKPO8Qm5nl_0106.wav,/home/abdullahmm/Shivam/subtask2_blindtest_wReadme/bengali/bengali_blind_wav/828167_HMphnGEKPO8Qm5nl_0106.wav,table অন্তর্ভুক্ত করার বিষয়ে নির্দেশিকাগুলি জেনে নেওয়া যাক এগুলি figure সংক্রান্ত নির্দেশিকার মতোই তাহলে সেগুলি দেখে নেওয়া যাক,20.0
/home/abdullahmm/Shivam/subtask2_blindtest_wReadme/bengali/bengali_blind_wav/828167_HMphnGEKPO8Qm5nl_0107.wav,/home/abdullahmm/Shivam/subtask2_blindtest_wReadme/bengali/bengali_blind_wav/828167_HMphnGEKPO8Qm5nl_0107.wav,এখানে নির্দেশিকা গুলি দেখা যাচ্ছে compile করা যাক এবং এটি দেখে নেওয়া যাক,12.0
/home/abdullahmm/Shivam/subtask2_blindtest_wReadme/bengali/bengali_blind_wav/828167_HMphnGEKPO8Qm5nl_0108.wav,/home/abdullahmm/Shivam/subtask2_blindtest_wReadme/bengali/bengali_blind_wav/828167_HMphnGEKPO8Qm5nl_0108.wav,presentationএ floated environment ব্যবহার করবেন না table সংক্রান্ত spoken টিউটোরিয়ালে আমরা table environmentএর মধ্যে tabular ব্যবহার করেছিলাম,11.0
/home/abdullahmm/Shivam/subtask2_blindtest_wReadme/bengali/bengali_blind_wav/828167_HMphnGEKPO8Qm5nl_0109.wav,/home/abdullahmm/Shivam/subtask2_blindtest_wReadme/bengali/bengali_blind_wav/828167_HMphnGEKPO8Qm5nl_0109.wav,table environment একটি floated environment তাই এটিকে এখানে অন্তর্ভুক্ত করবেন না tabular সরাসরি অন্তর্গত করুন এখানে এটিকে center environmentএর মধ্যে রাখা হয়েছে,13.0
/home/abdullahmm/Shivam/subtask2_blindtest_wReadme/bengali/bengali_blind_wav/828167_HMphnGEKPO8Qm5nl_0110.wav,/home/abdullahmm/Shivam/subtask2_blindtest_wReadme/bengali/bengali_blind_wav/828167_HMphnGEKPO8Qm5nl_0110.wav,caption টেবিলের number ইত্যাদি লিখবেন না প্রয়োজন হলে আরেকটি copy বানিয়ে নেবেন,10.0
/home/abdullahmm/Shivam/subtask2_blindtest_wReadme/bengali/bengali_blind_wav/828167_HMphnGEKPO8Qm5nl_0111.wav,/home/abdullahmm/Shivam/subtask2_blindtest_wReadme/bengali/bengali_blind_wav/828167_HMphnGEKPO8Qm5nl_0111.wav,এখন এনিমেশনের পদ্ধতি বিষয়ে আলোচনা করা যাক যেমন এই স্লাইডে কোনো লেখাই আলাদা রংএর সাহায্যে বিশেষভাবে দেখানো হচ্ছে না মনে করে দেখুন আগে আমরা alerting এর জন্য নীল রংএর ব্যবহার করেছিলাম এটি,18.0
/home/abdullahmm/Shivam/subtask2_blindtest_wReadme/bengali/bengali_blind_wav/828167_HMphnGEKPO8Qm5nl_0112.wav,/home/abdullahmm/Shivam/subtask2_blindtest_wReadme/bengali/bengali_blind_wav/828167_HMphnGEKPO8Qm5nl_0112.wav,এটি কেন হল এর কারণ হল এই যে এখানে অন্য environment ব্যবহার করা হয়েছে begin itemize end itemize তার মধ্যে আমরা লিখেছিলাম item + -,13.0
/home/abdullahmm/Shivam/subtask2_blindtest_wReadme/bengali/bengali_blind_wav/828167_HMphnGEKPO8Qm5nl_0113.wav,/home/abdullahmm/Shivam/subtask2_blindtest_wReadme/bengali/bengali_blind_wav/828167_HMphnGEKPO8Qm5nl_0113.wav,মনে করে দেখুন পূর্বে alert শব্দটি ব্যবহার করা হয়েছিল কিন্তু এখন আর ওটি ব্যবহার করা হচ্ছেনা এর জন্যই এখন সব লেখাই কালো রঙের দেখা যাচ্ছে এটি animation করার সহজতর উপায় আপনি যেকোনো একটি করতে পারেন আমি এটিই এখানে লিখে রেখেছি show different animations,21.0
/home/abdullahmm/Shivam/subtask2_blindtest_wReadme/bengali/bengali_blind_wav/828167_HMphnGEKPO8Qm5nl_0114.wav,/home/abdullahmm/Shivam/subtask2_blindtest_wReadme/bengali/bengali_blind_wav/828167_HMphnGEKPO8Qm5nl_0114.wav,animations in the previous slide,3.0
/home/abdullahmm/Shivam/subtask2_blindtest_wReadme/bengali/bengali_blind_wav/828167_HMphnGEKPO8Qm5nl_0115.wav,/home/abdullahmm/Shivam/subtask2_blindtest_wReadme/bengali/bengali_blind_wav/828167_HMphnGEKPO8Qm5nl_0115.wav,এটিকে handout এ পরিবর্তন করার প্রয়োজন হতে পারে উদাহরণস্বরূপ এখানে যা আছে সেটিকে যদি আপনি ছাপাতে চান তাহলে সেটি 24 পৃষ্ঠার হবে যদিও ডকুমেন্টটি মাত্র 10 পৃষ্ঠার ডকুমেন্টটি,21.0
/home/abdullahmm/Shivam/subtask2_blindtest_wReadme/bengali/bengali_blind_wav/828167_HMphnGEKPO8Qm5nl_0116.wav,/home/abdullahmm/Shivam/subtask2_blindtest_wReadme/bengali/bengali_blind_wav/828167_HMphnGEKPO8Qm5nl_0116.wav,মাত্র 10 টি আলাদা frame থাকলেও 24 টি পৃষ্ঠা আছে তাই এটি print out বা ছাপাতে হলে 24 পাতা লাগবে,11.0
/home/abdullahmm/Shivam/subtask2_blindtest_wReadme/bengali/bengali_blind_wav/828167_HMphnGEKPO8Qm5nl_0117.wav,/home/abdullahmm/Shivam/subtask2_blindtest_wReadme/bengali/bengali_blind_wav/828167_HMphnGEKPO8Qm5nl_0117.wav,এই সমস্যার সমাধানের জন্য এখানে handout নামে একটি switch ব্যবহার করা যেতে পারে,8.0
/home/abdullahmm/Shivam/subtask2_blindtest_wReadme/bengali/bengali_blind_wav/828167_HMphnGEKPO8Qm5nl_0118.wav,/home/abdullahmm/Shivam/subtask2_blindtest_wReadme/bengali/bengali_blind_wav/828167_HMphnGEKPO8Qm5nl_0118.wav,এটিকে করা compile করা হল এখন এটিতে মাত্র ১০ টি পৃষ্ঠা আছে পুনরায় compile করা যাক,11.0
/home/abdullahmm/Shivam/subtask2_blindtest_wReadme/bengali/bengali_blind_wav/828167_HMphnGEKPO8Qm5nl_0119.wav,/home/abdullahmm/Shivam/subtask2_blindtest_wReadme/bengali/bengali_blind_wav/828167_HMphnGEKPO8Qm5nl_0119.wav,এখন এটিতে আর animation নেই এর পরের পৃষ্ঠায় যাওয়া যাক পরের পৃষ্ঠা পরের পৃষ্ঠাগুলি দেখে নেওয়া যাক,11.0
/home/abdullahmm/Shivam/subtask2_blindtest_wReadme/bengali/bengali_blind_wav/828167_HMphnGEKPO8Qm5nl_0120.wav,/home/abdullahmm/Shivam/subtask2_blindtest_wReadme/bengali/bengali_blind_wav/828167_HMphnGEKPO8Qm5nl_0120.wav,"যদি আপনি রং পরিবর্তন করতে চান তাহলে এখানে আবার brown বা বাদামী লিখতে হবে ডকুমেন্টের পরিবর্তনটি লক্ষ্য করুন এখানে সবকটি parameter , দিয়ে যোগ করা যেতে পারে",20.0
/home/abdullahmm/Shivam/subtask2_blindtest_wReadme/bengali/bengali_blind_wav/828167_HMphnGEKPO8Qm5nl_0121.wav,/home/abdullahmm/Shivam/subtask2_blindtest_wReadme/bengali/bengali_blind_wav/828167_HMphnGEKPO8Qm5nl_0121.wav,তাহলে এটিকে আবার নীল রঙের করে দেওয়া যাক compile করা হল,9.0
/home/abdullahmm/Shivam/subtask2_blindtest_wReadme/bengali/bengali_blind_wav/828167_HMphnGEKPO8Qm5nl_0122.wav,/home/abdullahmm/Shivam/subtask2_blindtest_wReadme/bengali/bengali_blind_wav/828167_HMphnGEKPO8Qm5nl_0122.wav,আপনাকে verbatim environment অন্তর্ভুক্ত করতে হতে পারে এই উদাহরণের সাহায্যে ব্যাপারটি বুঝে নেওয়া যাক এটি cut করা হল এখানে আসা যাক শেষে যাওয়া যাক save করা হল এখানে,24.0
/home/abdullahmm/Shivam/subtask2_blindtest_wReadme/bengali/bengali_blind_wav/828167_HMphnGEKPO8Qm5nl_0123.wav,/home/abdullahmm/Shivam/subtask2_blindtest_wReadme/bengali/bengali_blind_wav/828167_HMphnGEKPO8Qm5nl_0123.wav,এখানে verbatim শুরু হচ্ছে এখানে verbatim তৈরি করা হয়েছে,9.0
/home/abdullahmm/Shivam/subtask2_blindtest_wReadme/bengali/bengali_blind_wav/828167_HMphnGEKPO8Qm5nl_0124.wav,/home/abdullahmm/Shivam/subtask2_blindtest_wReadme/bengali/bengali_blind_wav/828167_HMphnGEKPO8Qm5nl_0124.wav,এখানে scilab comand এর উদাহরণের দ্বারা এই ব্যাপারটি নিয়ে বিস্তারিত আলোচনা করা যাক আমি এগুলি নীল রং এর করে দিয়েছি এর জন্য আপনাকে আলাদাভাবে একটিই কাজ করতে হবে begin ফ্রেমের পরে square ( এ fragile লিখতে হবে,26.0
/home/abdullahmm/Shivam/subtask2_blindtest_wReadme/bengali/bengali_blind_wav/828167_HMphnGEKPO8Qm5nl_0125.wav,/home/abdullahmm/Shivam/subtask2_blindtest_wReadme/bengali/bengali_blind_wav/828167_HMphnGEKPO8Qm5nl_0125.wav,এটি না করলে সমস্যা হবে দেখা যাক ঠিক কি সমস্যা হয় এটিকে delete করা যাক এবার save করে compile করা যাক এটি অভিযোগ জানাচ্ছে যে source ফাইলটি সম্পূর্ণ সঠিক নয় এবার আবার fragile শব্দটি যোগ করা যাক save করা যাক এবার compilation থেকে বাইরে আসা যাক পুনরায়,30.0
/home/abdullahmm/Shivam/subtask2_blindtest_wReadme/bengali/bengali_blind_wav/828167_HMphnGEKPO8Qm5nl_0126.wav,/home/abdullahmm/Shivam/subtask2_blindtest_wReadme/bengali/bengali_blind_wav/828167_HMphnGEKPO8Qm5nl_0126.wav,compile করা হলো এখন এটি সঠিকভাবে দেখা যাচ্ছে,11.0
/home/abdullahmm/Shivam/subtask2_blindtest_wReadme/bengali/bengali_blind_wav/828167_HMphnGEKPO8Qm5nl_0127.wav,/home/abdullahmm/Shivam/subtask2_blindtest_wReadme/bengali/bengali_blind_wav/828167_HMphnGEKPO8Qm5nl_0127.wav,বিমার্ ক্লাসএ অনেক তথ্য থাকে তাহলে আপনি অন্যান্য বিষয়গুলি সম্পর্কে জানবেন কিভাবে এখানে কিছু তথ্য আছে নীচে যাওয়া যাক,12.0
/home/abdullahmm/Shivam/subtask2_blindtest_wReadme/bengali/bengali_blind_wav/828167_HMphnGEKPO8Qm5nl_0128.wav,/home/abdullahmm/Shivam/subtask2_blindtest_wReadme/bengali/bengali_blind_wav/828167_HMphnGEKPO8Qm5nl_0128.wav,প্রকৃতপক্ষে এই slide থেকে আপনি জানতে পারবেন যে অন্যান্য তথ্যগুলি কোথা থেকে পাওয়া যাবে এটি compile করার পর আমরা slide থেকে সেগুলি দেখে নেব beamer বিষয়ে তথ্যের প্রধান উৎস হল beamer user guide . pdf আমি এটি এখান,24.0
/home/abdullahmm/Shivam/subtask2_blindtest_wReadme/bengali/bengali_blind_wav/828167_HMphnGEKPO8Qm5nl_0129.wav,/home/abdullahmm/Shivam/subtask2_blindtest_wReadme/bengali/bengali_blind_wav/828167_HMphnGEKPO8Qm5nl_0129.wav,এখান থেকে পেয়েছিলাম কিন্তু beamer ক্লাসের লেখক এটিকে beamer প্রজেক্টের ওয়েবসাইটেও রেখেছেন এটি নিয়ে আমি অল্প আলোচনা করব,12.0
/home/abdullahmm/Shivam/subtask2_blindtest_wReadme/bengali/bengali_blind_wav/828167_HMphnGEKPO8Qm5nl_0130.wav,/home/abdullahmm/Shivam/subtask2_blindtest_wReadme/bengali/bengali_blind_wav/828167_HMphnGEKPO8Qm5nl_0130.wav,আমি এটিকে আগেই download করে রেখেছি এটি পূর্বে উল্লিখিত সাইটটিতেই আছে উদাহরণস্বরূপ এটি একটি 224 পৃষ্ঠার document এটি খুবই বড় document এখন এই তথ্য,16.0
/home/abdullahmm/Shivam/subtask2_blindtest_wReadme/bengali/bengali_blind_wav/828167_HMphnGEKPO8Qm5nl_0131.wav,/home/abdullahmm/Shivam/subtask2_blindtest_wReadme/bengali/bengali_blind_wav/828167_HMphnGEKPO8Qm5nl_0131.wav,এখন এই তথ্যটিকে কিভাবে সরাসরি ব্যবহার করা যায় ত়া দেখে নেওয়া যাক তাহলে এখানে আসা যাক সর্ব প্রথম পৃষ্ঠায় সাধারণ slide কিভাবে তৈরী করা যায় সেই বিষয়ে লেখক বর্ণনা দিয়েছেন এবং তিনি source টিও এখানে দিয়েছেন,21.0
/home/abdullahmm/Shivam/subtask2_blindtest_wReadme/bengali/bengali_blind_wav/828167_HMphnGEKPO8Qm5nl_0132.wav,/home/abdullahmm/Shivam/subtask2_blindtest_wReadme/bengali/bengali_blind_wav/828167_HMphnGEKPO8Qm5nl_0132.wav,এটি copy করা যাক এটিকে minimize করা যাক এবার এই ডকুমেন্টের নীচে যাওয়া যাক এবার paste করা হল save করে compile করা যাক এবার পরবর্তী পৃষ্ঠায় যাওয়া যাক,24.0
/home/abdullahmm/Shivam/subtask2_blindtest_wReadme/bengali/bengali_blind_wav/828167_HMphnGEKPO8Qm5nl_0133.wav,/home/abdullahmm/Shivam/subtask2_blindtest_wReadme/bengali/bengali_blind_wav/828167_HMphnGEKPO8Qm5nl_0133.wav,দেখুন আপনি ওখানে যা দেখেছিলেন সেটিই এখন এখানে দেখতে পাচ্ছেন এখানে লেখক theorem environment ব্যবহার করেছেন উদাহরণস্বরূপ এখানে begin theorem এবং end theorem দেখা যাচ্ছে,16.0
/home/abdullahmm/Shivam/subtask2_blindtest_wReadme/bengali/bengali_blind_wav/828167_HMphnGEKPO8Qm5nl_0134.wav,/home/abdullahmm/Shivam/subtask2_blindtest_wReadme/bengali/bengali_blind_wav/828167_HMphnGEKPO8Qm5nl_0134.wav,এখানে ফ্রেমের subtitle বা উপশিরোনাম ব্যবহার করা হয়েছে,4.0
/home/abdullahmm/Shivam/subtask2_blindtest_wReadme/bengali/bengali_blind_wav/828167_HMphnGEKPO8Qm5nl_0135.wav,/home/abdullahmm/Shivam/subtask2_blindtest_wReadme/bengali/bengali_blind_wav/828167_HMphnGEKPO8Qm5nl_0135.wav,এখানে begin proof এবং end proof command দুটি দেখা যাচ্ছে proof বলা হলে এখানে আরেকটি window খুলে যায় এর নাম proof . এইভাবেই এই,12.0
/home/abdullahmm/Shivam/subtask2_blindtest_wReadme/bengali/bengali_blind_wav/828167_HMphnGEKPO8Qm5nl_0136.wav,/home/abdullahmm/Shivam/subtask2_blindtest_wReadme/bengali/bengali_blind_wav/828167_HMphnGEKPO8Qm5nl_0136.wav,এইভাবেই এই environment টিকে ব্যবহার করা যেতে পারে এখানে লেখক alert এর একটি অন্য পদ্ধতি ব্যবহার করেছেন আপনি যদি এটি দেখতে চান তাহলে আবার ফিরে যাওয়া যাক,13.0
/home/abdullahmm/Shivam/subtask2_blindtest_wReadme/bengali/bengali_blind_wav/828167_HMphnGEKPO8Qm5nl_0137.wav,/home/abdullahmm/Shivam/subtask2_blindtest_wReadme/bengali/bengali_blind_wav/828167_HMphnGEKPO8Qm5nl_0137.wav,handout শব্দটিকে সরিয়ে দেওয়া যাক যাতে আমরা animation টি দেখতে পারি compile করা হল,20.0
/home/abdullahmm/Shivam/subtask2_blindtest_wReadme/bengali/bengali_blind_wav/828167_HMphnGEKPO8Qm5nl_0138.wav,/home/abdullahmm/Shivam/subtask2_blindtest_wReadme/bengali/bengali_blind_wav/828167_HMphnGEKPO8Qm5nl_0138.wav,এবার 34 number পৃষ্ঠায় যাওয়া যাক এবার পিছনে গিয়ে animation টি দেখে নেওয়া যাক,11.0
/home/abdullahmm/Shivam/subtask2_blindtest_wReadme/bengali/bengali_blind_wav/828167_HMphnGEKPO8Qm5nl_0139.wav,/home/abdullahmm/Shivam/subtask2_blindtest_wReadme/bengali/bengali_blind_wav/828167_HMphnGEKPO8Qm5nl_0139.wav,এটি লক্ষ্য করুন এই দুটি itemএর number এক অন্যগুলির number দুই এবং তিন অন্য ভাবে বলতে গেলে স্লাইডে বিভিন্ন itemগুলি কি ক্রম অনুসারে দেখা যাবে তা আপনি নির্ধারিত করতে পারেন,24.0
/home/abdullahmm/Shivam/subtask2_blindtest_wReadme/bengali/bengali_blind_wav/828167_HMphnGEKPO8Qm5nl_0140.wav,/home/abdullahmm/Shivam/subtask2_blindtest_wReadme/bengali/bengali_blind_wav/828167_HMphnGEKPO8Qm5nl_0140.wav,এটি আরো বিস্তারিত ভাবে জানার জন্য পর্যাপ্ত সময় এখন আমাদের নেই,7.0
/home/abdullahmm/Shivam/subtask2_blindtest_wReadme/bengali/bengali_blind_wav/828167_HMphnGEKPO8Qm5nl_0141.wav,/home/abdullahmm/Shivam/subtask2_blindtest_wReadme/bengali/bengali_blind_wav/828167_HMphnGEKPO8Qm5nl_0141.wav,বিষয়গুলি বিশদে জানার জন্য আপনি এখানে উল্লেখ করা রেফারেন্সগুলি ভালো করে দেখতে পারেন ঠিক আছে source ফাইলে ফিরে আসা যাক এটিকে আবার,23.0
/home/abdullahmm/Shivam/subtask2_blindtest_wReadme/bengali/bengali_blind_wav/828167_HMphnGEKPO8Qm5nl_0142.wav,/home/abdullahmm/Shivam/subtask2_blindtest_wReadme/bengali/bengali_blind_wav/828167_HMphnGEKPO8Qm5nl_0142.wav,handout এ পরিবর্তন করা যাক presentation মোডে একটি সমস্যার জন্য আমরা handout মোডে ফিরে যাচ্ছি,10.0
/home/abdullahmm/Shivam/subtask2_blindtest_wReadme/bengali/bengali_blind_wav/828167_HMphnGEKPO8Qm5nl_0143.wav,/home/abdullahmm/Shivam/subtask2_blindtest_wReadme/bengali/bengali_blind_wav/828167_HMphnGEKPO8Qm5nl_0143.wav,presentation মোডে যেখানে animation গুলি দেখানো হয় সেগুলি compile হতে অনেক বেশি সময় লাগে তাই আপনি বেশিরভাগ ক্ষেত্রেই handout মোডেই কাজ করতে পছন্দ করবেন এবং কদাচ কখনো আপনি যখন সত্যিই animation দেখতে চাইবেন তখনই presentation mode ব্যবহার করবেন,20.0
/home/abdullahmm/Shivam/subtask2_blindtest_wReadme/bengali/bengali_blind_wav/828167_HMphnGEKPO8Qm5nl_0144.wav,/home/abdullahmm/Shivam/subtask2_blindtest_wReadme/bengali/bengali_blind_wav/828167_HMphnGEKPO8Qm5nl_0144.wav,or third presentation বানাবার সময় presentation mode এবং প্রিণ্টআউটের সময় handout মোডের ব্যবহার করুন,9.0
/home/abdullahmm/Shivam/subtask2_blindtest_wReadme/bengali/bengali_blind_wav/828167_HMphnGEKPO8Qm5nl_0145.wav,/home/abdullahmm/Shivam/subtask2_blindtest_wReadme/bengali/bengali_blind_wav/828167_HMphnGEKPO8Qm5nl_0145.wav,আমরা এই spoken টিউটোরিয়ালের প্রায় শেষ পর্যায় অর্থাৎ ধন্যবাদ জ্ঞাপন পর্বে চলে এসেছি এই সম্পূর্ণ জিনিসটি copy করা যাক এখানে paste করা যাক প্রত্যেকবারের মতো এবারেও compile করা যাক,29.0
/home/abdullahmm/Shivam/subtask2_blindtest_wReadme/bengali/bengali_blind_wav/828167_HMphnGEKPO8Qm5nl_0146.wav,/home/abdullahmm/Shivam/subtask2_blindtest_wReadme/bengali/bengali_blind_wav/828167_HMphnGEKPO8Qm5nl_0146.wav,ঠিক আছে spoken টিউটোরিয়ালের জন্য অর্থ আইসিটির national mission of education এর মাধ্যমে আসে এটি হল এই প্রকল্পের website,12.0
/home/abdullahmm/Shivam/subtask2_blindtest_wReadme/bengali/bengali_blind_wav/849797_KXWVX6l2JDuZa0Tt_0000.wav,/home/abdullahmm/Shivam/subtask2_blindtest_wReadme/bengali/bengali_blind_wav/849797_KXWVX6l2JDuZa0Tt_0000.wav,google drive options এর টিউটোরিয়ালে আপনাদের স্বাগত,5.0
/home/abdullahmm/Shivam/subtask2_blindtest_wReadme/bengali/bengali_blind_wav/849797_KXWVX6l2JDuZa0Tt_0001.wav,/home/abdullahmm/Shivam/subtask2_blindtest_wReadme/bengali/bengali_blind_wav/849797_KXWVX6l2JDuZa0Tt_0001.wav,এই টিউটোরিয়ালে আমরা google ড্রাইভে উপলব্ধ বিকল্প সম্পর্কে শিখব যেমন,6.0
/home/abdullahmm/Shivam/subtask2_blindtest_wReadme/bengali/bengali_blind_wav/849797_KXWVX6l2JDuZa0Tt_0002.wav,/home/abdullahmm/Shivam/subtask2_blindtest_wReadme/bengali/bengali_blind_wav/849797_KXWVX6l2JDuZa0Tt_0002.wav,একটি document একটি spreadsheet এবং একটি presentation তৈরী করা,5.0
/home/abdullahmm/Shivam/subtask2_blindtest_wReadme/bengali/bengali_blind_wav/849797_KXWVX6l2JDuZa0Tt_0003.wav,/home/abdullahmm/Shivam/subtask2_blindtest_wReadme/bengali/bengali_blind_wav/849797_KXWVX6l2JDuZa0Tt_0003.wav,file এবং folder upload করা,3.0
/home/abdullahmm/Shivam/subtask2_blindtest_wReadme/bengali/bengali_blind_wav/849797_KXWVX6l2JDuZa0Tt_0004.wav,/home/abdullahmm/Shivam/subtask2_blindtest_wReadme/bengali/bengali_blind_wav/849797_KXWVX6l2JDuZa0Tt_0004.wav,এবং বিকল্প share করা,2.0
/home/abdullahmm/Shivam/subtask2_blindtest_wReadme/bengali/bengali_blind_wav/849797_KXWVX6l2JDuZa0Tt_0005.wav,/home/abdullahmm/Shivam/subtask2_blindtest_wReadme/bengali/bengali_blind_wav/849797_KXWVX6l2JDuZa0Tt_0005.wav,এই tutorial জন্য একটি কার্যকর internet সংযোগ এবং কোনো একটি web browser প্রয়োজন,7.0
/home/abdullahmm/Shivam/subtask2_blindtest_wReadme/bengali/bengali_blind_wav/849797_KXWVX6l2JDuZa0Tt_0006.wav,/home/abdullahmm/Shivam/subtask2_blindtest_wReadme/bengali/bengali_blind_wav/849797_KXWVX6l2JDuZa0Tt_0006.wav,আমি firefox web browser ব্যবহার করব,4.0
/home/abdullahmm/Shivam/subtask2_blindtest_wReadme/bengali/bengali_blind_wav/849797_KXWVX6l2JDuZa0Tt_0007.wav,/home/abdullahmm/Shivam/subtask2_blindtest_wReadme/bengali/bengali_blind_wav/849797_KXWVX6l2JDuZa0Tt_0007.wav,পূর্বজ্ঞান হিসাবে আপনার gmail সম্পর্কে মৌলিক জ্ঞান থাকতে হবে,5.0
/home/abdullahmm/Shivam/subtask2_blindtest_wReadme/bengali/bengali_blind_wav/849797_KXWVX6l2JDuZa0Tt_0008.wav,/home/abdullahmm/Shivam/subtask2_blindtest_wReadme/bengali/bengali_blind_wav/849797_KXWVX6l2JDuZa0Tt_0008.wav,না হলে আমাদের website প্রাসঙ্গিক gmail tutorials দেখুন,5.0
/home/abdullahmm/Shivam/subtask2_blindtest_wReadme/bengali/bengali_blind_wav/849797_KXWVX6l2JDuZa0Tt_0009.wav,/home/abdullahmm/Shivam/subtask2_blindtest_wReadme/bengali/bengali_blind_wav/849797_KXWVX6l2JDuZa0Tt_0009.wav,এখন শুরু করি,2.0
/home/abdullahmm/Shivam/subtask2_blindtest_wReadme/bengali/bengali_blind_wav/849797_KXWVX6l2JDuZa0Tt_0010.wav,/home/abdullahmm/Shivam/subtask2_blindtest_wReadme/bengali/bengali_blind_wav/849797_KXWVX6l2JDuZa0Tt_0010.wav,web browser খুলে আপনার gmail একাউন্টে log in করুন,4.0
/home/abdullahmm/Shivam/subtask2_blindtest_wReadme/bengali/bengali_blind_wav/849797_KXWVX6l2JDuZa0Tt_0011.wav,/home/abdullahmm/Shivam/subtask2_blindtest_wReadme/bengali/bengali_blind_wav/849797_KXWVX6l2JDuZa0Tt_0011.wav,আমি এটি ইতিমধ্যে করেছি,2.0
/home/abdullahmm/Shivam/subtask2_blindtest_wReadme/bengali/bengali_blind_wav/849797_KXWVX6l2JDuZa0Tt_0012.wav,/home/abdullahmm/Shivam/subtask2_blindtest_wReadme/bengali/bengali_blind_wav/849797_KXWVX6l2JDuZa0Tt_0012.wav,উপরে ডানদিকে আমাদের নামের পাশে একটি grid icon দেখুন,5.0
/home/abdullahmm/Shivam/subtask2_blindtest_wReadme/bengali/bengali_blind_wav/849797_KXWVX6l2JDuZa0Tt_0013.wav,/home/abdullahmm/Shivam/subtask2_blindtest_wReadme/bengali/bengali_blind_wav/849797_KXWVX6l2JDuZa0Tt_0013.wav,আমরা এটির উপর mouse রাখলে help text বলে apps এটিতে টিপুন,6.0
/home/abdullahmm/Shivam/subtask2_blindtest_wReadme/bengali/bengali_blind_wav/849797_KXWVX6l2JDuZa0Tt_0014.wav,/home/abdullahmm/Shivam/subtask2_blindtest_wReadme/bengali/bengali_blind_wav/849797_KXWVX6l2JDuZa0Tt_0014.wav,এখানে আমাদের কিছু google apps দেখায় যেমন google + search youtube maps playstore news mail drive calendar এবং অন্যান্য,16.0
/home/abdullahmm/Shivam/subtask2_blindtest_wReadme/bengali/bengali_blind_wav/849797_KXWVX6l2JDuZa0Tt_0015.wav,/home/abdullahmm/Shivam/subtask2_blindtest_wReadme/bengali/bengali_blind_wav/849797_KXWVX6l2JDuZa0Tt_0015.wav,আমরা তাদের উপর টিপলে আমরা নির্দিষ্ট google app এ ফিরে যাই,6.0
/home/abdullahmm/Shivam/subtask2_blindtest_wReadme/bengali/bengali_blind_wav/849797_KXWVX6l2JDuZa0Tt_0016.wav,/home/abdullahmm/Shivam/subtask2_blindtest_wReadme/bengali/bengali_blind_wav/849797_KXWVX6l2JDuZa0Tt_0016.wav,apps icon কে অন্য কোনো স্থানে drag করে আমাদের পছন্দের উপর ভিত্তি করে এই তালিকা পুনর্বিন্যস্ত করতে পারি,8.0
/home/abdullahmm/Shivam/subtask2_blindtest_wReadme/bengali/bengali_blind_wav/849797_KXWVX6l2JDuZa0Tt_0017.wav,/home/abdullahmm/Shivam/subtask2_blindtest_wReadme/bengali/bengali_blind_wav/849797_KXWVX6l2JDuZa0Tt_0017.wav,এখানে বিশেষভাবে drive সম্পর্কে শিখব,3.0
/home/abdullahmm/Shivam/subtask2_blindtest_wReadme/bengali/bengali_blind_wav/849797_KXWVX6l2JDuZa0Tt_0018.wav,/home/abdullahmm/Shivam/subtask2_blindtest_wReadme/bengali/bengali_blind_wav/849797_KXWVX6l2JDuZa0Tt_0018.wav,তাই আমি ড্রাইভে টিপি,4.0
/home/abdullahmm/Shivam/subtask2_blindtest_wReadme/bengali/bengali_blind_wav/849797_KXWVX6l2JDuZa0Tt_0019.wav,/home/abdullahmm/Shivam/subtask2_blindtest_wReadme/bengali/bengali_blind_wav/849797_KXWVX6l2JDuZa0Tt_0019.wav,এটি একটি নতুন tab এ google drive পৃষ্ঠা খুলবে,4.0
/home/abdullahmm/Shivam/subtask2_blindtest_wReadme/bengali/bengali_blind_wav/849797_KXWVX6l2JDuZa0Tt_0020.wav,/home/abdullahmm/Shivam/subtask2_blindtest_wReadme/bengali/bengali_blind_wav/849797_KXWVX6l2JDuZa0Tt_0020.wav,পৃষ্ঠার শীর্ষে একটি search bar দেখতে পারি,4.0
/home/abdullahmm/Shivam/subtask2_blindtest_wReadme/bengali/bengali_blind_wav/849797_KXWVX6l2JDuZa0Tt_0021.wav,/home/abdullahmm/Shivam/subtask2_blindtest_wReadme/bengali/bengali_blind_wav/849797_KXWVX6l2JDuZa0Tt_0021.wav,বামে কিছু menu রয়েছে,4.0
/home/abdullahmm/Shivam/subtask2_blindtest_wReadme/bengali/bengali_blind_wav/849797_KXWVX6l2JDuZa0Tt_0022.wav,/home/abdullahmm/Shivam/subtask2_blindtest_wReadme/bengali/bengali_blind_wav/849797_KXWVX6l2JDuZa0Tt_0022.wav,এবং উপরের ডানদিকে কিছু icons রয়েছে,4.0
/home/abdullahmm/Shivam/subtask2_blindtest_wReadme/bengali/bengali_blind_wav/849797_KXWVX6l2JDuZa0Tt_0023.wav,/home/abdullahmm/Shivam/subtask2_blindtest_wReadme/bengali/bengali_blind_wav/849797_KXWVX6l2JDuZa0Tt_0023.wav,কেন্দ্রে আমরা দুটি files দেখতে পারি,4.0
/home/abdullahmm/Shivam/subtask2_blindtest_wReadme/bengali/bengali_blind_wav/849797_KXWVX6l2JDuZa0Tt_0024.wav,/home/abdullahmm/Shivam/subtask2_blindtest_wReadme/bengali/bengali_blind_wav/849797_KXWVX6l2JDuZa0Tt_0024.wav,প্রথমটি google team দ্বারা account নির্মাণের সময় আমাদের সাথে share করা হয়েছিল,6.0
/home/abdullahmm/Shivam/subtask2_blindtest_wReadme/bengali/bengali_blind_wav/849797_KXWVX6l2JDuZa0Tt_0025.wav,/home/abdullahmm/Shivam/subtask2_blindtest_wReadme/bengali/bengali_blind_wav/849797_KXWVX6l2JDuZa0Tt_0025.wav,দ্বিতীয়টি সেই file যা নিজে আগে upload করে ছিলাম,5.0
/home/abdullahmm/Shivam/subtask2_blindtest_wReadme/bengali/bengali_blind_wav/849797_KXWVX6l2JDuZa0Tt_0026.wav,/home/abdullahmm/Shivam/subtask2_blindtest_wReadme/bengali/bengali_blind_wav/849797_KXWVX6l2JDuZa0Tt_0026.wav,এখন বাম দিকের menu দেখি,4.0
/home/abdullahmm/Shivam/subtask2_blindtest_wReadme/bengali/bengali_blind_wav/849797_KXWVX6l2JDuZa0Tt_0027.wav,/home/abdullahmm/Shivam/subtask2_blindtest_wReadme/bengali/bengali_blind_wav/849797_KXWVX6l2JDuZa0Tt_0027.wav,আমাদের কাছে নিম্নলিখিত menu রয়েছে new my drive shared with me google photos resent starred এবং trash,13.0
/home/abdullahmm/Shivam/subtask2_blindtest_wReadme/bengali/bengali_blind_wav/849797_KXWVX6l2JDuZa0Tt_0028.wav,/home/abdullahmm/Shivam/subtask2_blindtest_wReadme/bengali/bengali_blind_wav/849797_KXWVX6l2JDuZa0Tt_0028.wav,default রূপে my drive menu নির্বাচিত হবে এবং তার বিষয়বস্তু কেন্দ্রে প্রদর্শিত হবে,7.0
/home/abdullahmm/Shivam/subtask2_blindtest_wReadme/bengali/bengali_blind_wav/849797_KXWVX6l2JDuZa0Tt_0029.wav,/home/abdullahmm/Shivam/subtask2_blindtest_wReadme/bengali/bengali_blind_wav/849797_KXWVX6l2JDuZa0Tt_0029.wav,সকল files এবং folders মাঝের অংশে প্রদর্শিত হবে,4.0
/home/abdullahmm/Shivam/subtask2_blindtest_wReadme/bengali/bengali_blind_wav/849797_KXWVX6l2JDuZa0Tt_0030.wav,/home/abdullahmm/Shivam/subtask2_blindtest_wReadme/bengali/bengali_blind_wav/849797_KXWVX6l2JDuZa0Tt_0030.wav,সুতরাং আমরা pdf এবং zip file দেখতে পারি যা পূর্ববর্তী টিউটোরিয়ালে upload করেছি,9.0
/home/abdullahmm/Shivam/subtask2_blindtest_wReadme/bengali/bengali_blind_wav/849797_KXWVX6l2JDuZa0Tt_0031.wav,/home/abdullahmm/Shivam/subtask2_blindtest_wReadme/bengali/bengali_blind_wav/849797_KXWVX6l2JDuZa0Tt_0031.wav,আমরা যে file তৈরী বা upload করেছি তাও my ড্রাইভে সংরক্ষিত হবে,6.0
/home/abdullahmm/Shivam/subtask2_blindtest_wReadme/bengali/bengali_blind_wav/849797_KXWVX6l2JDuZa0Tt_0032.wav,/home/abdullahmm/Shivam/subtask2_blindtest_wReadme/bengali/bengali_blind_wav/849797_KXWVX6l2JDuZa0Tt_0032.wav,পরবর্তী menu হল shared with me এটিতে টিপি,5.0
/home/abdullahmm/Shivam/subtask2_blindtest_wReadme/bengali/bengali_blind_wav/849797_KXWVX6l2JDuZa0Tt_0033.wav,/home/abdullahmm/Shivam/subtask2_blindtest_wReadme/bengali/bengali_blind_wav/849797_KXWVX6l2JDuZa0Tt_0033.wav,যদি আমার সাথে একটি file বা document share করে এটি এই মেনুর নীচে প্রদর্শিত,5.0
/home/abdullahmm/Shivam/subtask2_blindtest_wReadme/bengali/bengali_blind_wav/849797_KXWVX6l2JDuZa0Tt_0034.wav,/home/abdullahmm/Shivam/subtask2_blindtest_wReadme/bengali/bengali_blind_wav/849797_KXWVX6l2JDuZa0Tt_0034.wav,এখন পর্যন্ত কেউ আমার সাথে কোন file share করেনি তাই এটি খালি,6.0
/home/abdullahmm/Shivam/subtask2_blindtest_wReadme/bengali/bengali_blind_wav/849797_KXWVX6l2JDuZa0Tt_0035.wav,/home/abdullahmm/Shivam/subtask2_blindtest_wReadme/bengali/bengali_blind_wav/849797_KXWVX6l2JDuZa0Tt_0035.wav,ইদানীং ড্রাইভের মধ্যে google photos access করতে google একটি shortcut link তৈরী করেছে,6.0
/home/abdullahmm/Shivam/subtask2_blindtest_wReadme/bengali/bengali_blind_wav/849797_KXWVX6l2JDuZa0Tt_0036.wav,/home/abdullahmm/Shivam/subtask2_blindtest_wReadme/bengali/bengali_blind_wav/849797_KXWVX6l2JDuZa0Tt_0036.wav,আমরা এই tutorial জন্য এই বিকল্পটি বাদ দেবো,4.0
/home/abdullahmm/Shivam/subtask2_blindtest_wReadme/bengali/bengali_blind_wav/849797_KXWVX6l2JDuZa0Tt_0037.wav,/home/abdullahmm/Shivam/subtask2_blindtest_wReadme/bengali/bengali_blind_wav/849797_KXWVX6l2JDuZa0Tt_0037.wav,recent menu সেই file বা ডকুমেন্টের তালিকা প্রদর্শন করে যা আমরা ইদানীং খুলেছি,6.0
/home/abdullahmm/Shivam/subtask2_blindtest_wReadme/bengali/bengali_blind_wav/849797_KXWVX6l2JDuZa0Tt_0038.wav,/home/abdullahmm/Shivam/subtask2_blindtest_wReadme/bengali/bengali_blind_wav/849797_KXWVX6l2JDuZa0Tt_0038.wav,এটি my drive এবং shared with me উভয় বিষয়বস্তু প্রদর্শন করবে,5.0
/home/abdullahmm/Shivam/subtask2_blindtest_wReadme/bengali/bengali_blind_wav/849797_KXWVX6l2JDuZa0Tt_0039.wav,/home/abdullahmm/Shivam/subtask2_blindtest_wReadme/bengali/bengali_blind_wav/849797_KXWVX6l2JDuZa0Tt_0039.wav,সুতরাং আমরা pdf এবং zip file দেখতে পারি কারণ আমরা এটি আগে খুলেছি,7.0
/home/abdullahmm/Shivam/subtask2_blindtest_wReadme/bengali/bengali_blind_wav/849797_KXWVX6l2JDuZa0Tt_0040.wav,/home/abdullahmm/Shivam/subtask2_blindtest_wReadme/bengali/bengali_blind_wav/849797_KXWVX6l2JDuZa0Tt_0040.wav,starred আমরা important হিসাবে কোনো file বা document চিহ্নিত করে থাকলে সেই ফাইলেই মেনুর নীচে প্রদর্শিত হবে,8.0
/home/abdullahmm/Shivam/subtask2_blindtest_wReadme/bengali/bengali_blind_wav/849797_KXWVX6l2JDuZa0Tt_0041.wav,/home/abdullahmm/Shivam/subtask2_blindtest_wReadme/bengali/bengali_blind_wav/849797_KXWVX6l2JDuZa0Tt_0041.wav,my drive মেনুতে ফিরে যাই এবং আমাদের pdf ফাইলে ডান click করি,6.0
/home/abdullahmm/Shivam/subtask2_blindtest_wReadme/bengali/bengali_blind_wav/849797_KXWVX6l2JDuZa0Tt_0042.wav,/home/abdullahmm/Shivam/subtask2_blindtest_wReadme/bengali/bengali_blind_wav/849797_KXWVX6l2JDuZa0Tt_0042.wav,এখন add star বিকল্প চয়ন করুন,4.0
/home/abdullahmm/Shivam/subtask2_blindtest_wReadme/bengali/bengali_blind_wav/849797_KXWVX6l2JDuZa0Tt_0043.wav,/home/abdullahmm/Shivam/subtask2_blindtest_wReadme/bengali/bengali_blind_wav/849797_KXWVX6l2JDuZa0Tt_0043.wav,এরপর starred মেনুতে টিপুন এখানে এটি আমাদের file,5.0
/home/abdullahmm/Shivam/subtask2_blindtest_wReadme/bengali/bengali_blind_wav/849797_KXWVX6l2JDuZa0Tt_0044.wav,/home/abdullahmm/Shivam/subtask2_blindtest_wReadme/bengali/bengali_blind_wav/849797_KXWVX6l2JDuZa0Tt_0044.wav,এই file একটি copy তৈরী করি,3.0
/home/abdullahmm/Shivam/subtask2_blindtest_wReadme/bengali/bengali_blind_wav/849797_KXWVX6l2JDuZa0Tt_0045.wav,/home/abdullahmm/Shivam/subtask2_blindtest_wReadme/bengali/bengali_blind_wav/849797_KXWVX6l2JDuZa0Tt_0045.wav,সুতরাং আমরা ফাইলে ডান click করি এবং make a copy বিকল্প চয়ন করি,7.0
/home/abdullahmm/Shivam/subtask2_blindtest_wReadme/bengali/bengali_blind_wav/849797_KXWVX6l2JDuZa0Tt_0046.wav,/home/abdullahmm/Shivam/subtask2_blindtest_wReadme/bengali/bengali_blind_wav/849797_KXWVX6l2JDuZa0Tt_0046.wav,এখন আমাদের দুটি files রয়েছে,3.0
/home/abdullahmm/Shivam/subtask2_blindtest_wReadme/bengali/bengali_blind_wav/849797_KXWVX6l2JDuZa0Tt_0047.wav,/home/abdullahmm/Shivam/subtask2_blindtest_wReadme/bengali/bengali_blind_wav/849797_KXWVX6l2JDuZa0Tt_0047.wav,এদের একটি মুছে ফেলি এই file নির্বাচন করুন এবং keyboard এ delete key টিপুন,7.0
/home/abdullahmm/Shivam/subtask2_blindtest_wReadme/bengali/bengali_blind_wav/849797_KXWVX6l2JDuZa0Tt_0048.wav,/home/abdullahmm/Shivam/subtask2_blindtest_wReadme/bengali/bengali_blind_wav/849797_KXWVX6l2JDuZa0Tt_0048.wav,trash মেনুর নীচে মুছে ফেলা file বা document প্রদর্শিত হবে,5.0
/home/abdullahmm/Shivam/subtask2_blindtest_wReadme/bengali/bengali_blind_wav/849797_KXWVX6l2JDuZa0Tt_0049.wav,/home/abdullahmm/Shivam/subtask2_blindtest_wReadme/bengali/bengali_blind_wav/849797_KXWVX6l2JDuZa0Tt_0049.wav,যদিও মুছে ফেলা হল অস্থায়ী,3.0
/home/abdullahmm/Shivam/subtask2_blindtest_wReadme/bengali/bengali_blind_wav/849797_KXWVX6l2JDuZa0Tt_0050.wav,/home/abdullahmm/Shivam/subtask2_blindtest_wReadme/bengali/bengali_blind_wav/849797_KXWVX6l2JDuZa0Tt_0050.wav,আমরা empty trash বিকল্পটি নির্বাচন করে trash menu থেকে সকল file স্থায়ীভাবে মুছে ফেলতে পারি,8.0
/home/abdullahmm/Shivam/subtask2_blindtest_wReadme/bengali/bengali_blind_wav/849797_KXWVX6l2JDuZa0Tt_0051.wav,/home/abdullahmm/Shivam/subtask2_blindtest_wReadme/bengali/bengali_blind_wav/849797_KXWVX6l2JDuZa0Tt_0051.wav,trash মেনুতে যে সকল file রয়েছে যা স্বয়ংক্রিয়ভাবে 30 দিন পর google server থেকে স্থায়ীভাবে মুছে যাবে,8.0
/home/abdullahmm/Shivam/subtask2_blindtest_wReadme/bengali/bengali_blind_wav/849797_KXWVX6l2JDuZa0Tt_0052.wav,/home/abdullahmm/Shivam/subtask2_blindtest_wReadme/bengali/bengali_blind_wav/849797_KXWVX6l2JDuZa0Tt_0052.wav,এখন files এবং folders তৈরী এবং upload করা শিখি,5.0
/home/abdullahmm/Shivam/subtask2_blindtest_wReadme/bengali/bengali_blind_wav/849797_KXWVX6l2JDuZa0Tt_0053.wav,/home/abdullahmm/Shivam/subtask2_blindtest_wReadme/bengali/bengali_blind_wav/849797_KXWVX6l2JDuZa0Tt_0053.wav,এটি করার চারটি উপায় রয়েছে প্রথম উপায় হল বাম দিকে লাল রঙের new বোতামে টিপে,7.0
/home/abdullahmm/Shivam/subtask2_blindtest_wReadme/bengali/bengali_blind_wav/849797_KXWVX6l2JDuZa0Tt_0054.wav,/home/abdullahmm/Shivam/subtask2_blindtest_wReadme/bengali/bengali_blind_wav/849797_KXWVX6l2JDuZa0Tt_0054.wav,দ্বিতীয় উপায়ে my drive বিকল্পে ডান click করে,4.0
/home/abdullahmm/Shivam/subtask2_blindtest_wReadme/bengali/bengali_blind_wav/849797_KXWVX6l2JDuZa0Tt_0055.wav,/home/abdullahmm/Shivam/subtask2_blindtest_wReadme/bengali/bengali_blind_wav/849797_KXWVX6l2JDuZa0Tt_0055.wav,এখন my ড্রাইভে ফিরে আসি my drive বিকল্পে আমরা কেন্দ্রের এলাকায় ডান click করতে পারি,9.0
/home/abdullahmm/Shivam/subtask2_blindtest_wReadme/bengali/bengali_blind_wav/849797_KXWVX6l2JDuZa0Tt_0056.wav,/home/abdullahmm/Shivam/subtask2_blindtest_wReadme/bengali/bengali_blind_wav/849797_KXWVX6l2JDuZa0Tt_0056.wav,অবশেষে উপরের my drive drop down মেনুতে টিপুন,5.0
/home/abdullahmm/Shivam/subtask2_blindtest_wReadme/bengali/bengali_blind_wav/849797_KXWVX6l2JDuZa0Tt_0057.wav,/home/abdullahmm/Shivam/subtask2_blindtest_wReadme/bengali/bengali_blind_wav/849797_KXWVX6l2JDuZa0Tt_0057.wav,এখন new বিকল্প দিয়ে অন্বেষণ করি new বোতামে টিপুন,5.0
/home/abdullahmm/Shivam/subtask2_blindtest_wReadme/bengali/bengali_blind_wav/849797_KXWVX6l2JDuZa0Tt_0058.wav,/home/abdullahmm/Shivam/subtask2_blindtest_wReadme/bengali/bengali_blind_wav/849797_KXWVX6l2JDuZa0Tt_0058.wav,এটি কিছু বিকল্প দেখাবে যেমন folder file upload google docs sheets slides এবং অন্যান্য,9.0
/home/abdullahmm/Shivam/subtask2_blindtest_wReadme/bengali/bengali_blind_wav/849797_KXWVX6l2JDuZa0Tt_0059.wav,/home/abdullahmm/Shivam/subtask2_blindtest_wReadme/bengali/bengali_blind_wav/849797_KXWVX6l2JDuZa0Tt_0059.wav,আমরা এক এক করে প্রতিটি বিকল্প দেখতে পারি,3.0
/home/abdullahmm/Shivam/subtask2_blindtest_wReadme/bengali/bengali_blind_wav/849797_KXWVX6l2JDuZa0Tt_0060.wav,/home/abdullahmm/Shivam/subtask2_blindtest_wReadme/bengali/bengali_blind_wav/849797_KXWVX6l2JDuZa0Tt_0060.wav,folder বিকল্প ব্যবহার করে folder তৈরি করতে পারি,3.0
/home/abdullahmm/Shivam/subtask2_blindtest_wReadme/bengali/bengali_blind_wav/849797_KXWVX6l2JDuZa0Tt_0061.wav,/home/abdullahmm/Shivam/subtask2_blindtest_wReadme/bengali/bengali_blind_wav/849797_KXWVX6l2JDuZa0Tt_0061.wav,এটিতে টিপুন অবিলম্বে এটি আমাদের নামের জন্য অনুরোধ করে,6.0
/home/abdullahmm/Shivam/subtask2_blindtest_wReadme/bengali/bengali_blind_wav/849797_KXWVX6l2JDuZa0Tt_0062.wav,/home/abdullahmm/Shivam/subtask2_blindtest_wReadme/bengali/bengali_blind_wav/849797_KXWVX6l2JDuZa0Tt_0062.wav,এই ফোল্ডারের নাম spoken tutorial দিন এবং create বোতামে টিপুন,8.0
/home/abdullahmm/Shivam/subtask2_blindtest_wReadme/bengali/bengali_blind_wav/849797_KXWVX6l2JDuZa0Tt_0063.wav,/home/abdullahmm/Shivam/subtask2_blindtest_wReadme/bengali/bengali_blind_wav/849797_KXWVX6l2JDuZa0Tt_0063.wav,এই folder my ড্রাইভের নীচে প্রদর্শিত হবে,4.0
/home/abdullahmm/Shivam/subtask2_blindtest_wReadme/bengali/bengali_blind_wav/849797_KXWVX6l2JDuZa0Tt_0064.wav,/home/abdullahmm/Shivam/subtask2_blindtest_wReadme/bengali/bengali_blind_wav/849797_KXWVX6l2JDuZa0Tt_0064.wav,আমরা এটি এখানে কেন্দ্রের এলাকায় দেখতে পারি,4.0
/home/abdullahmm/Shivam/subtask2_blindtest_wReadme/bengali/bengali_blind_wav/849797_KXWVX6l2JDuZa0Tt_0065.wav,/home/abdullahmm/Shivam/subtask2_blindtest_wReadme/bengali/bengali_blind_wav/849797_KXWVX6l2JDuZa0Tt_0065.wav,folder আমাদের ভালোমত file আয়োজন করতে সাহায্য করে,4.0
/home/abdullahmm/Shivam/subtask2_blindtest_wReadme/bengali/bengali_blind_wav/849797_KXWVX6l2JDuZa0Tt_0066.wav,/home/abdullahmm/Shivam/subtask2_blindtest_wReadme/bengali/bengali_blind_wav/849797_KXWVX6l2JDuZa0Tt_0066.wav,তাই আমরা পৃথক folder তৈরী করতে পারি উদাহরণস্বরূপ personal work ইত্যাদি,7.0
/home/abdullahmm/Shivam/subtask2_blindtest_wReadme/bengali/bengali_blind_wav/849797_KXWVX6l2JDuZa0Tt_0067.wav,/home/abdullahmm/Shivam/subtask2_blindtest_wReadme/bengali/bengali_blind_wav/849797_KXWVX6l2JDuZa0Tt_0067.wav,কোনো file upload করতে প্রথমে new বোতামে টিপে file upload এ টিপুন,6.0
/home/abdullahmm/Shivam/subtask2_blindtest_wReadme/bengali/bengali_blind_wav/849797_KXWVX6l2JDuZa0Tt_0068.wav,/home/abdullahmm/Shivam/subtask2_blindtest_wReadme/bengali/bengali_blind_wav/849797_KXWVX6l2JDuZa0Tt_0068.wav,এটি একটি file browser window খুলবে,3.0
/home/abdullahmm/Shivam/subtask2_blindtest_wReadme/bengali/bengali_blind_wav/849797_KXWVX6l2JDuZa0Tt_0069.wav,/home/abdullahmm/Shivam/subtask2_blindtest_wReadme/bengali/bengali_blind_wav/849797_KXWVX6l2JDuZa0Tt_0069.wav,আপনি যে file upload করতে চান তা browse এবং নির্বাচন করুন,3.0
/home/abdullahmm/Shivam/subtask2_blindtest_wReadme/bengali/bengali_blind_wav/849797_KXWVX6l2JDuZa0Tt_0070.wav,/home/abdullahmm/Shivam/subtask2_blindtest_wReadme/bengali/bengali_blind_wav/849797_KXWVX6l2JDuZa0Tt_0070.wav,আমি desktop থেকে xyz . odt file নির্বাচন করব এবং open বোতামে টিপব,7.0
/home/abdullahmm/Shivam/subtask2_blindtest_wReadme/bengali/bengali_blind_wav/849797_KXWVX6l2JDuZa0Tt_0071.wav,/home/abdullahmm/Shivam/subtask2_blindtest_wReadme/bengali/bengali_blind_wav/849797_KXWVX6l2JDuZa0Tt_0071.wav,নীচে ডানদিকে আমরা upload এর অগ্রগতি দেখতে পারি,4.0
/home/abdullahmm/Shivam/subtask2_blindtest_wReadme/bengali/bengali_blind_wav/849797_KXWVX6l2JDuZa0Tt_0072.wav,/home/abdullahmm/Shivam/subtask2_blindtest_wReadme/bengali/bengali_blind_wav/849797_KXWVX6l2JDuZa0Tt_0072.wav,এটি file আকার এবং internet গতির উপর view করে কিছু সময় নিতে পারে,5.0
/home/abdullahmm/Shivam/subtask2_blindtest_wReadme/bengali/bengali_blind_wav/849797_KXWVX6l2JDuZa0Tt_0073.wav,/home/abdullahmm/Shivam/subtask2_blindtest_wReadme/bengali/bengali_blind_wav/849797_KXWVX6l2JDuZa0Tt_0073.wav,একবার সম্পন্ন হলে upload করা file কেন্দ্রের এলাকায় প্রদর্শিত হবে,6.0
/home/abdullahmm/Shivam/subtask2_blindtest_wReadme/bengali/bengali_blind_wav/849797_KXWVX6l2JDuZa0Tt_0074.wav,/home/abdullahmm/Shivam/subtask2_blindtest_wReadme/bengali/bengali_blind_wav/849797_KXWVX6l2JDuZa0Tt_0074.wav,এখন নীচের progress উইন্ডোটি বন্ধ করুন,4.0
/home/abdullahmm/Shivam/subtask2_blindtest_wReadme/bengali/bengali_blind_wav/849797_KXWVX6l2JDuZa0Tt_0075.wav,/home/abdullahmm/Shivam/subtask2_blindtest_wReadme/bengali/bengali_blind_wav/849797_KXWVX6l2JDuZa0Tt_0075.wav,একই ভাবে আমরা folder upload বিকল্প ব্যবহার করে drive একটি folder upload করতে পারি,7.0
/home/abdullahmm/Shivam/subtask2_blindtest_wReadme/bengali/bengali_blind_wav/849797_KXWVX6l2JDuZa0Tt_0076.wav,/home/abdullahmm/Shivam/subtask2_blindtest_wReadme/bengali/bengali_blind_wav/849797_KXWVX6l2JDuZa0Tt_0076.wav,এই বৈশিষ্ট্য শুধুমাত্র নির্দিষ্ট ব্রাউজারে পাওয়া যেতে পারে যেমন google chrome,7.0
/home/abdullahmm/Shivam/subtask2_blindtest_wReadme/bengali/bengali_blind_wav/849797_KXWVX6l2JDuZa0Tt_0077.wav,/home/abdullahmm/Shivam/subtask2_blindtest_wReadme/bengali/bengali_blind_wav/849797_KXWVX6l2JDuZa0Tt_0077.wav,কিভাবে আমরা upload করা file spoken tutorial folder স্থানান্তর করতে পারি,5.0
/home/abdullahmm/Shivam/subtask2_blindtest_wReadme/bengali/bengali_blind_wav/849797_KXWVX6l2JDuZa0Tt_0078.wav,/home/abdullahmm/Shivam/subtask2_blindtest_wReadme/bengali/bengali_blind_wav/849797_KXWVX6l2JDuZa0Tt_0078.wav,file এইভাবে ফোল্ডারে শুধু drag এবং drop করুন,5.0
/home/abdullahmm/Shivam/subtask2_blindtest_wReadme/bengali/bengali_blind_wav/849797_KXWVX6l2JDuZa0Tt_0079.wav,/home/abdullahmm/Shivam/subtask2_blindtest_wReadme/bengali/bengali_blind_wav/849797_KXWVX6l2JDuZa0Tt_0079.wav,এখন বাম দিকে my drive বিকল্প ভালোমত দেখুন,5.0
/home/abdullahmm/Shivam/subtask2_blindtest_wReadme/bengali/bengali_blind_wav/849797_KXWVX6l2JDuZa0Tt_0080.wav,/home/abdullahmm/Shivam/subtask2_blindtest_wReadme/bengali/bengali_blind_wav/849797_KXWVX6l2JDuZa0Tt_0080.wav,এর বামদিকে একটি ছোট ত্রিভুজ লক্ষ্য করুন,4.0
/home/abdullahmm/Shivam/subtask2_blindtest_wReadme/bengali/bengali_blind_wav/849797_KXWVX6l2JDuZa0Tt_0081.wav,/home/abdullahmm/Shivam/subtask2_blindtest_wReadme/bengali/bengali_blind_wav/849797_KXWVX6l2JDuZa0Tt_0081.wav,এটিতে টিপলে এটি my ড্রাইভের নীচে sub folder দেখাবে,4.0
/home/abdullahmm/Shivam/subtask2_blindtest_wReadme/bengali/bengali_blind_wav/849797_KXWVX6l2JDuZa0Tt_0082.wav,/home/abdullahmm/Shivam/subtask2_blindtest_wReadme/bengali/bengali_blind_wav/849797_KXWVX6l2JDuZa0Tt_0082.wav,দেখুন এখানে আমাদের spoken tutorial folder রয়েছে এবং এখানে এর ভিতরে xyz . odt file রয়েছে,9.0
/home/abdullahmm/Shivam/subtask2_blindtest_wReadme/bengali/bengali_blind_wav/849797_KXWVX6l2JDuZa0Tt_0083.wav,/home/abdullahmm/Shivam/subtask2_blindtest_wReadme/bengali/bengali_blind_wav/849797_KXWVX6l2JDuZa0Tt_0083.wav,আমাদের রোজকার কাজের জন্য documents spreadsheets এবং presentation ব্যবহার করি,5.0
/home/abdullahmm/Shivam/subtask2_blindtest_wReadme/bengali/bengali_blind_wav/849797_KXWVX6l2JDuZa0Tt_0084.wav,/home/abdullahmm/Shivam/subtask2_blindtest_wReadme/bengali/bengali_blind_wav/849797_KXWVX6l2JDuZa0Tt_0084.wav,তাদের কি ড্রাইভে তৈরি এবং পরিচালনা করা সম্ভব,3.0
/home/abdullahmm/Shivam/subtask2_blindtest_wReadme/bengali/bengali_blind_wav/849797_KXWVX6l2JDuZa0Tt_0085.wav,/home/abdullahmm/Shivam/subtask2_blindtest_wReadme/bengali/bengali_blind_wav/849797_KXWVX6l2JDuZa0Tt_0085.wav,হ্যাঁ সম্ভব google ড্রাইভে অন্য office suiteএর মতো আমরা document spreadsheet এবং presentation তৈরি করতে পারি,11.0
/home/abdullahmm/Shivam/subtask2_blindtest_wReadme/bengali/bengali_blind_wav/849797_KXWVX6l2JDuZa0Tt_0086.wav,/home/abdullahmm/Shivam/subtask2_blindtest_wReadme/bengali/bengali_blind_wav/849797_KXWVX6l2JDuZa0Tt_0086.wav,এখানে documents তৈরী করতে google docs,4.0
/home/abdullahmm/Shivam/subtask2_blindtest_wReadme/bengali/bengali_blind_wav/849797_KXWVX6l2JDuZa0Tt_0087.wav,/home/abdullahmm/Shivam/subtask2_blindtest_wReadme/bengali/bengali_blind_wav/849797_KXWVX6l2JDuZa0Tt_0087.wav,spreadsheets তৈরি করতে google sheets,3.0
/home/abdullahmm/Shivam/subtask2_blindtest_wReadme/bengali/bengali_blind_wav/849797_KXWVX6l2JDuZa0Tt_0088.wav,/home/abdullahmm/Shivam/subtask2_blindtest_wReadme/bengali/bengali_blind_wav/849797_KXWVX6l2JDuZa0Tt_0088.wav,এবং presentation তৈরী করতে google slides রয়েছে,4.0
/home/abdullahmm/Shivam/subtask2_blindtest_wReadme/bengali/bengali_blind_wav/849797_KXWVX6l2JDuZa0Tt_0089.wav,/home/abdullahmm/Shivam/subtask2_blindtest_wReadme/bengali/bengali_blind_wav/849797_KXWVX6l2JDuZa0Tt_0089.wav,স্পষ্টীকরণের জন্য আমি google docs ব্যবহার করে শুধুমাত্র একটি document তৈরি করা প্রদর্শন করব,7.0
/home/abdullahmm/Shivam/subtask2_blindtest_wReadme/bengali/bengali_blind_wav/849797_KXWVX6l2JDuZa0Tt_0090.wav,/home/abdullahmm/Shivam/subtask2_blindtest_wReadme/bengali/bengali_blind_wav/849797_KXWVX6l2JDuZa0Tt_0090.wav,একটি নতুন document তৈরি করতে new বোতামে টিপুন এবং google docs বিকল্প নির্বাচন করুন,6.0
/home/abdullahmm/Shivam/subtask2_blindtest_wReadme/bengali/bengali_blind_wav/849797_KXWVX6l2JDuZa0Tt_0091.wav,/home/abdullahmm/Shivam/subtask2_blindtest_wReadme/bengali/bengali_blind_wav/849797_KXWVX6l2JDuZa0Tt_0091.wav,এটি একটি নতুন ট্যাবে একটি খালি document খুলবে,5.0
/home/abdullahmm/Shivam/subtask2_blindtest_wReadme/bengali/bengali_blind_wav/849797_KXWVX6l2JDuZa0Tt_0092.wav,/home/abdullahmm/Shivam/subtask2_blindtest_wReadme/bengali/bengali_blind_wav/849797_KXWVX6l2JDuZa0Tt_0092.wav,আমরা দেখতে পারি যে menu এবং text formatting বিকল্প অন্যদের মত একই রয়েছে,7.0
/home/abdullahmm/Shivam/subtask2_blindtest_wReadme/bengali/bengali_blind_wav/849797_KXWVX6l2JDuZa0Tt_0093.wav,/home/abdullahmm/Shivam/subtask2_blindtest_wReadme/bengali/bengali_blind_wav/849797_KXWVX6l2JDuZa0Tt_0093.wav,উপরে লক্ষ্য করুন যে ডকুমেন্টটির শিরোনাম হল untitled document,5.0
/home/abdullahmm/Shivam/subtask2_blindtest_wReadme/bengali/bengali_blind_wav/849797_KXWVX6l2JDuZa0Tt_0094.wav,/home/abdullahmm/Shivam/subtask2_blindtest_wReadme/bengali/bengali_blind_wav/849797_KXWVX6l2JDuZa0Tt_0094.wav,এটি একটি সম্পাদনযোগ্য শিরোনাম শিরোনাম বদলাতে টেক্সটে টিপুন,7.0
/home/abdullahmm/Shivam/subtask2_blindtest_wReadme/bengali/bengali_blind_wav/849797_KXWVX6l2JDuZa0Tt_0095.wav,/home/abdullahmm/Shivam/subtask2_blindtest_wReadme/bengali/bengali_blind_wav/849797_KXWVX6l2JDuZa0Tt_0095.wav,rename document window খোলে,3.0
/home/abdullahmm/Shivam/subtask2_blindtest_wReadme/bengali/bengali_blind_wav/849797_KXWVX6l2JDuZa0Tt_0096.wav,/home/abdullahmm/Shivam/subtask2_blindtest_wReadme/bengali/bengali_blind_wav/849797_KXWVX6l2JDuZa0Tt_0096.wav,এখানে আমরা ডকুমেন্টের জন্য উপযুক্ত শিরোনাম লিখতে পারি,5.0
/home/abdullahmm/Shivam/subtask2_blindtest_wReadme/bengali/bengali_blind_wav/849797_KXWVX6l2JDuZa0Tt_0097.wav,/home/abdullahmm/Shivam/subtask2_blindtest_wReadme/bengali/bengali_blind_wav/849797_KXWVX6l2JDuZa0Tt_0097.wav,আমি লিখব my first google doc এবং ok তে টিপবো,7.0
/home/abdullahmm/Shivam/subtask2_blindtest_wReadme/bengali/bengali_blind_wav/849797_KXWVX6l2JDuZa0Tt_0098.wav,/home/abdullahmm/Shivam/subtask2_blindtest_wReadme/bengali/bengali_blind_wav/849797_KXWVX6l2JDuZa0Tt_0098.wav,শিরোনামে পরিবর্তন লক্ষ্য করুন,3.0
/home/abdullahmm/Shivam/subtask2_blindtest_wReadme/bengali/bengali_blind_wav/849797_KXWVX6l2JDuZa0Tt_0099.wav,/home/abdullahmm/Shivam/subtask2_blindtest_wReadme/bengali/bengali_blind_wav/849797_KXWVX6l2JDuZa0Tt_0099.wav,এরপর এখানে কিছু বিষয়বস্তু লিখি ধরুন welcome to google docs,6.0
/home/abdullahmm/Shivam/subtask2_blindtest_wReadme/bengali/bengali_blind_wav/849797_KXWVX6l2JDuZa0Tt_0100.wav,/home/abdullahmm/Shivam/subtask2_blindtest_wReadme/bengali/bengali_blind_wav/849797_KXWVX6l2JDuZa0Tt_0100.wav,এই ডকুমেন্টে যে কোনো সংযোজন পরিবর্তন বা মুছে ফেলা স্বয়ংক্রিয় ভাবে সংরক্ষণ হবে,6.0
/home/abdullahmm/Shivam/subtask2_blindtest_wReadme/bengali/bengali_blind_wav/849797_KXWVX6l2JDuZa0Tt_0101.wav,/home/abdullahmm/Shivam/subtask2_blindtest_wReadme/bengali/bengali_blind_wav/849797_KXWVX6l2JDuZa0Tt_0101.wav,all changes saved in drive এই বার্তার জন্য অপেক্ষা করুন এরপর উপরে help বিকল্প,6.0
/home/abdullahmm/Shivam/subtask2_blindtest_wReadme/bengali/bengali_blind_wav/849797_KXWVX6l2JDuZa0Tt_0102.wav,/home/abdullahmm/Shivam/subtask2_blindtest_wReadme/bengali/bengali_blind_wav/849797_KXWVX6l2JDuZa0Tt_0102.wav,এটিতে টিপলে আমরা ডানদিকে revision history দেখতে পারি,5.0
/home/abdullahmm/Shivam/subtask2_blindtest_wReadme/bengali/bengali_blind_wav/849797_KXWVX6l2JDuZa0Tt_0103.wav,/home/abdullahmm/Shivam/subtask2_blindtest_wReadme/bengali/bengali_blind_wav/849797_KXWVX6l2JDuZa0Tt_0103.wav,এতে অন্তিম পরিমার্জিত তারিখ এবং সময় রয়েছে এবং এও দেখায় যে কে পরিমার্জিত করেছে,7.0
/home/abdullahmm/Shivam/subtask2_blindtest_wReadme/bengali/bengali_blind_wav/849797_KXWVX6l2JDuZa0Tt_0104.wav,/home/abdullahmm/Shivam/subtask2_blindtest_wReadme/bengali/bengali_blind_wav/849797_KXWVX6l2JDuZa0Tt_0104.wav,এখনকার জন্য এই document কারো সাথে share করা হয়নি,4.0
/home/abdullahmm/Shivam/subtask2_blindtest_wReadme/bengali/bengali_blind_wav/849797_KXWVX6l2JDuZa0Tt_0105.wav,/home/abdullahmm/Shivam/subtask2_blindtest_wReadme/bengali/bengali_blind_wav/849797_KXWVX6l2JDuZa0Tt_0105.wav,তাই আমি তারিখ হিসাবে আজকের দিন এবং সময়ের সাথে শুধুমাত্র একজন user rebecca raymond দেখতে পারি,7.0
/home/abdullahmm/Shivam/subtask2_blindtest_wReadme/bengali/bengali_blind_wav/849797_KXWVX6l2JDuZa0Tt_0106.wav,/home/abdullahmm/Shivam/subtask2_blindtest_wReadme/bengali/bengali_blind_wav/849797_KXWVX6l2JDuZa0Tt_0106.wav,google doc একাধিক ব্যক্তির সাথে share করা থাকলে পরিমার্জিত তালিকা প্রতিটি ইউজারের জন্য পৃথক রঙ সহ প্রতিটি ইউসারের দ্বারা করা সকল পরিবর্তন তালিকাভুক্ত করবে,11.0
/home/abdullahmm/Shivam/subtask2_blindtest_wReadme/bengali/bengali_blind_wav/849797_KXWVX6l2JDuZa0Tt_0107.wav,/home/abdullahmm/Shivam/subtask2_blindtest_wReadme/bengali/bengali_blind_wav/849797_KXWVX6l2JDuZa0Tt_0107.wav,আমরা এই বৈশিষ্ট্য একটু পরে এই টিউটোরিয়ালে দেখব,5.0
/home/abdullahmm/Shivam/subtask2_blindtest_wReadme/bengali/bengali_blind_wav/849797_KXWVX6l2JDuZa0Tt_0108.wav,/home/abdullahmm/Shivam/subtask2_blindtest_wReadme/bengali/bengali_blind_wav/849797_KXWVX6l2JDuZa0Tt_0108.wav,revision history বন্ধ করুন,3.0
/home/abdullahmm/Shivam/subtask2_blindtest_wReadme/bengali/bengali_blind_wav/849797_KXWVX6l2JDuZa0Tt_0109.wav,/home/abdullahmm/Shivam/subtask2_blindtest_wReadme/bengali/bengali_blind_wav/849797_KXWVX6l2JDuZa0Tt_0109.wav,এই tab বন্ধ করি google doc স্বয়ংক্রিয়ভাবে সংরক্ষিত হবে,6.0
/home/abdullahmm/Shivam/subtask2_blindtest_wReadme/bengali/bengali_blind_wav/849797_KXWVX6l2JDuZa0Tt_0110.wav,/home/abdullahmm/Shivam/subtask2_blindtest_wReadme/bengali/bengali_blind_wav/849797_KXWVX6l2JDuZa0Tt_0110.wav,আবার আমরা my ড্রাইভে রয়েছি এবং আমাদের file এখানে দেখতে পারি,5.0
/home/abdullahmm/Shivam/subtask2_blindtest_wReadme/bengali/bengali_blind_wav/849797_KXWVX6l2JDuZa0Tt_0111.wav,/home/abdullahmm/Shivam/subtask2_blindtest_wReadme/bengali/bengali_blind_wav/849797_KXWVX6l2JDuZa0Tt_0111.wav,এটি আবার খুলতে এটিতে দুইবার টিপুন,3.0
/home/abdullahmm/Shivam/subtask2_blindtest_wReadme/bengali/bengali_blind_wav/849797_KXWVX6l2JDuZa0Tt_0112.wav,/home/abdullahmm/Shivam/subtask2_blindtest_wReadme/bengali/bengali_blind_wav/849797_KXWVX6l2JDuZa0Tt_0112.wav,এখন আমরা welcome to google docs line দুইবার copypaste করব এবং তারপর tab বন্ধ করব,7.0
/home/abdullahmm/Shivam/subtask2_blindtest_wReadme/bengali/bengali_blind_wav/849797_KXWVX6l2JDuZa0Tt_0113.wav,/home/abdullahmm/Shivam/subtask2_blindtest_wReadme/bengali/bengali_blind_wav/849797_KXWVX6l2JDuZa0Tt_0113.wav,এটি খুলতে আবার file দুইবার টিপুন,3.0
/home/abdullahmm/Shivam/subtask2_blindtest_wReadme/bengali/bengali_blind_wav/849797_KXWVX6l2JDuZa0Tt_0114.wav,/home/abdullahmm/Shivam/subtask2_blindtest_wReadme/bengali/bengali_blind_wav/849797_KXWVX6l2JDuZa0Tt_0114.wav,আবার welcome to google docs line copypaste করুন,6.0
/home/abdullahmm/Shivam/subtask2_blindtest_wReadme/bengali/bengali_blind_wav/849797_KXWVX6l2JDuZa0Tt_0115.wav,/home/abdullahmm/Shivam/subtask2_blindtest_wReadme/bengali/bengali_blind_wav/849797_KXWVX6l2JDuZa0Tt_0115.wav,এখন revision history তে টিপুন আমরা তারিখ সময়ের stamp এবং ইউসারের তথ্য সহ ফাইলের সকল revision দেখতে পারি,10.0
/home/abdullahmm/Shivam/subtask2_blindtest_wReadme/bengali/bengali_blind_wav/849797_KXWVX6l2JDuZa0Tt_0116.wav,/home/abdullahmm/Shivam/subtask2_blindtest_wReadme/bengali/bengali_blind_wav/849797_KXWVX6l2JDuZa0Tt_0116.wav,একাধিক revision না দেখা গেলে তাহলে নীচে show more detailed revisions বোতামে টিপুন,8.0
/home/abdullahmm/Shivam/subtask2_blindtest_wReadme/bengali/bengali_blind_wav/849797_KXWVX6l2JDuZa0Tt_0117.wav,/home/abdullahmm/Shivam/subtask2_blindtest_wReadme/bengali/bengali_blind_wav/849797_KXWVX6l2JDuZa0Tt_0117.wav,revision উপরে সর্বশেষ সংস্করণের সাথে সময়ানুক্রমিক হিসাবে সাজানো হয়েছে,6.0
/home/abdullahmm/Shivam/subtask2_blindtest_wReadme/bengali/bengali_blind_wav/849797_KXWVX6l2JDuZa0Tt_0118.wav,/home/abdullahmm/Shivam/subtask2_blindtest_wReadme/bengali/bengali_blind_wav/849797_KXWVX6l2JDuZa0Tt_0118.wav,প্রতিটি revision এ টিপুন এবং বুঝুন যে এই বৈশিষ্ট্য কিভাবে কাজ করে,5.0
/home/abdullahmm/Shivam/subtask2_blindtest_wReadme/bengali/bengali_blind_wav/849797_KXWVX6l2JDuZa0Tt_0119.wav,/home/abdullahmm/Shivam/subtask2_blindtest_wReadme/bengali/bengali_blind_wav/849797_KXWVX6l2JDuZa0Tt_0119.wav,এখন এই document অন্য দুটি ইউসারের সাথে share করি,4.0
/home/abdullahmm/Shivam/subtask2_blindtest_wReadme/bengali/bengali_blind_wav/849797_KXWVX6l2JDuZa0Tt_0120.wav,/home/abdullahmm/Shivam/subtask2_blindtest_wReadme/bengali/bengali_blind_wav/849797_KXWVX6l2JDuZa0Tt_0120.wav,এর জন্য উপরে ডানদিকে share বোতামে টিপুন,4.0
/home/abdullahmm/Shivam/subtask2_blindtest_wReadme/bengali/bengali_blind_wav/849797_KXWVX6l2JDuZa0Tt_0121.wav,/home/abdullahmm/Shivam/subtask2_blindtest_wReadme/bengali/bengali_blind_wav/849797_KXWVX6l2JDuZa0Tt_0121.wav,অন্যান্য dialog box এর সাথে share দেখায়,4.0
/home/abdullahmm/Shivam/subtask2_blindtest_wReadme/bengali/bengali_blind_wav/849797_KXWVX6l2JDuZa0Tt_0122.wav,/home/abdullahmm/Shivam/subtask2_blindtest_wReadme/bengali/bengali_blind_wav/849797_KXWVX6l2JDuZa0Tt_0122.wav,people text বক্সে আমরা যাদের সাথেই document share করতে চাই তাদের email id দিতে হবে,8.0
/home/abdullahmm/Shivam/subtask2_blindtest_wReadme/bengali/bengali_blind_wav/849797_KXWVX6l2JDuZa0Tt_0124.wav,/home/abdullahmm/Shivam/subtask2_blindtest_wReadme/bengali/bengali_blind_wav/849797_KXWVX6l2JDuZa0Tt_0124.wav,লক্ষ্য করুন যে আমরা আগে যাদের mail পাঠিয়েছি autofill বৈশিষ্ট্য এখানে সেই email id র জন্য উপলব্ধ,8.0
/home/abdullahmm/Shivam/subtask2_blindtest_wReadme/bengali/bengali_blind_wav/849797_KXWVX6l2JDuZa0Tt_0125.wav,/home/abdullahmm/Shivam/subtask2_blindtest_wReadme/bengali/bengali_blind_wav/849797_KXWVX6l2JDuZa0Tt_0125.wav,এখানে তিনটি mode রয়েছে যেখানে আমরা অন্যান্য ইউসারদের সাথে,5.0
/home/abdullahmm/Shivam/subtask2_blindtest_wReadme/bengali/bengali_blind_wav/849797_KXWVX6l2JDuZa0Tt_0126.wav,/home/abdullahmm/Shivam/subtask2_blindtest_wReadme/bengali/bengali_blind_wav/849797_KXWVX6l2JDuZa0Tt_0126.wav,share করতে পারি এই তিনটি mode দেখতে এখানে এই বোতামে টিপুন can edit can comment can view,8.0
/home/abdullahmm/Shivam/subtask2_blindtest_wReadme/bengali/bengali_blind_wav/849797_KXWVX6l2JDuZa0Tt_0127.wav,/home/abdullahmm/Shivam/subtask2_blindtest_wReadme/bengali/bengali_blind_wav/849797_KXWVX6l2JDuZa0Tt_0127.wav,can edit বিকল্প নিজেই ডকুমেন্টে অন্যান্য ইউসারদের সকল পরিবর্তন করার অনুমতি দেয়,7.0
/home/abdullahmm/Shivam/subtask2_blindtest_wReadme/bengali/bengali_blind_wav/849797_KXWVX6l2JDuZa0Tt_0128.wav,/home/abdullahmm/Shivam/subtask2_blindtest_wReadme/bengali/bengali_blind_wav/849797_KXWVX6l2JDuZa0Tt_0128.wav,can comment বিকল্প পরিবর্তনের পরামর্শ দিতে অন্যান্য ইউসারদের অনুমতি দেয়,5.0
/home/abdullahmm/Shivam/subtask2_blindtest_wReadme/bengali/bengali_blind_wav/849797_KXWVX6l2JDuZa0Tt_0129.wav,/home/abdullahmm/Shivam/subtask2_blindtest_wReadme/bengali/bengali_blind_wav/849797_KXWVX6l2JDuZa0Tt_0129.wav,can view বিকল্প শুধুমাত্র অন্যান্য ইউসারদের দেখার অনুমতি দেয়,4.0
/home/abdullahmm/Shivam/subtask2_blindtest_wReadme/bengali/bengali_blind_wav/849797_KXWVX6l2JDuZa0Tt_0130.wav,/home/abdullahmm/Shivam/subtask2_blindtest_wReadme/bengali/bengali_blind_wav/849797_KXWVX6l2JDuZa0Tt_0130.wav,তারা কোনো পরামর্শ বা পরিবর্তন করতে পারে না,4.0
/home/abdullahmm/Shivam/subtask2_blindtest_wReadme/bengali/bengali_blind_wav/849797_KXWVX6l2JDuZa0Tt_0131.wav,/home/abdullahmm/Shivam/subtask2_blindtest_wReadme/bengali/bengali_blind_wav/849797_KXWVX6l2JDuZa0Tt_0131.wav,এখন can edit বিকল্প 0808 i am becky কে দেই,5.0
/home/abdullahmm/Shivam/subtask2_blindtest_wReadme/bengali/bengali_blind_wav/849797_KXWVX6l2JDuZa0Tt_0133.wav,/home/abdullahmm/Shivam/subtask2_blindtest_wReadme/bengali/bengali_blind_wav/849797_KXWVX6l2JDuZa0Tt_0133.wav,"দুটি emailid এর মাঝে , বিভাজক ব্যবহার করতে ভুলবেন না",5.0
/home/abdullahmm/Shivam/subtask2_blindtest_wReadme/bengali/bengali_blind_wav/849797_KXWVX6l2JDuZa0Tt_0134.wav,/home/abdullahmm/Shivam/subtask2_blindtest_wReadme/bengali/bengali_blind_wav/849797_KXWVX6l2JDuZa0Tt_0134.wav,যেই আমি email id লিখি এই উইন্ডোতে একটি পরিবর্তন আসে,4.0
/home/abdullahmm/Shivam/subtask2_blindtest_wReadme/bengali/bengali_blind_wav/849797_KXWVX6l2JDuZa0Tt_0135.wav,/home/abdullahmm/Shivam/subtask2_blindtest_wReadme/bengali/bengali_blind_wav/849797_KXWVX6l2JDuZa0Tt_0135.wav,আমরা একটি add এর note text area pi,3.0
/home/abdullahmm/Shivam/subtask2_blindtest_wReadme/bengali/bengali_blind_wav/849797_KXWVX6l2JDuZa0Tt_0136.wav,/home/abdullahmm/Shivam/subtask2_blindtest_wReadme/bengali/bengali_blind_wav/849797_KXWVX6l2JDuZa0Tt_0136.wav,আমরা অন্যান্য ইউসারদের এই document সম্পর্কিত কিছু তথ্য পাঠাতে চাইলে আমরা এখানে লিখতে পারি,8.0
/home/abdullahmm/Shivam/subtask2_blindtest_wReadme/bengali/bengali_blind_wav/849797_KXWVX6l2JDuZa0Tt_0137.wav,/home/abdullahmm/Shivam/subtask2_blindtest_wReadme/bengali/bengali_blind_wav/849797_KXWVX6l2JDuZa0Tt_0137.wav,আমি লিখব please find attached a document for testing purpose kindly modify or suggest as per the permission given to you thanks ray,11.0
/home/abdullahmm/Shivam/subtask2_blindtest_wReadme/bengali/bengali_blind_wav/849797_KXWVX6l2JDuZa0Tt_0138.wav,/home/abdullahmm/Shivam/subtask2_blindtest_wReadme/bengali/bengali_blind_wav/849797_KXWVX6l2JDuZa0Tt_0138.wav,অবশেষে sharing প্রক্রিয়া সম্পূর্ণ করতে send বোতামে টিপুন,5.0
/home/abdullahmm/Shivam/subtask2_blindtest_wReadme/bengali/bengali_blind_wav/849797_KXWVX6l2JDuZa0Tt_0139.wav,/home/abdullahmm/Shivam/subtask2_blindtest_wReadme/bengali/bengali_blind_wav/849797_KXWVX6l2JDuZa0Tt_0139.wav,এটি আমাদের বার্তার সাথে একটি email বিজ্ঞপ্তি এবং অন্যান্য ইউসারদের সাথে document share করতে একটি link পাঠাবে,7.0
/home/abdullahmm/Shivam/subtask2_blindtest_wReadme/bengali/bengali_blind_wav/849797_KXWVX6l2JDuZa0Tt_0140.wav,/home/abdullahmm/Shivam/subtask2_blindtest_wReadme/bengali/bengali_blind_wav/849797_KXWVX6l2JDuZa0Tt_0140.wav,তারপর advanced এ টিপুন,3.0
/home/abdullahmm/Shivam/subtask2_blindtest_wReadme/bengali/bengali_blind_wav/849797_KXWVX6l2JDuZa0Tt_0141.wav,/home/abdullahmm/Shivam/subtask2_blindtest_wReadme/bengali/bengali_blind_wav/849797_KXWVX6l2JDuZa0Tt_0141.wav,এখন লিবরেঅফিসের ইউসারের জন্য আমরা sharing mode can কমেন্টে বদলাতে পারি,7.0
/home/abdullahmm/Shivam/subtask2_blindtest_wReadme/bengali/bengali_blind_wav/849797_KXWVX6l2JDuZa0Tt_0142.wav,/home/abdullahmm/Shivam/subtask2_blindtest_wReadme/bengali/bengali_blind_wav/849797_KXWVX6l2JDuZa0Tt_0142.wav,অবশেষে save changes বোতামে টিপুন এবং তারপর ডানে,6.0
/home/abdullahmm/Shivam/subtask2_blindtest_wReadme/bengali/bengali_blind_wav/849797_KXWVX6l2JDuZa0Tt_0143.wav,/home/abdullahmm/Shivam/subtask2_blindtest_wReadme/bengali/bengali_blind_wav/849797_KXWVX6l2JDuZa0Tt_0143.wav,এবং এই document বন্ধ করুন,3.0
/home/abdullahmm/Shivam/subtask2_blindtest_wReadme/bengali/bengali_blind_wav/849797_KXWVX6l2JDuZa0Tt_0144.wav,/home/abdullahmm/Shivam/subtask2_blindtest_wReadme/bengali/bengali_blind_wav/849797_KXWVX6l2JDuZa0Tt_0144.wav,এখন ধরুন যে উভয় users share করা ডকুমেন্টে কিছু পরিবর্তন করে,6.0
/home/abdullahmm/Shivam/subtask2_blindtest_wReadme/bengali/bengali_blind_wav/849797_KXWVX6l2JDuZa0Tt_0145.wav,/home/abdullahmm/Shivam/subtask2_blindtest_wReadme/bengali/bengali_blind_wav/849797_KXWVX6l2JDuZa0Tt_0145.wav,কিছুক্ষণ পর document আবার খুললে আমরা অন্যান্য ইউসারদের দ্বারা করা সম্পাদনা দেখতে পারি,7.0
/home/abdullahmm/Shivam/subtask2_blindtest_wReadme/bengali/bengali_blind_wav/849797_KXWVX6l2JDuZa0Tt_0147.wav,/home/abdullahmm/Shivam/subtask2_blindtest_wReadme/bengali/bengali_blind_wav/849797_KXWVX6l2JDuZa0Tt_0147.wav,mouse পরামর্শ box check এর উপর এবং cross marks এর উপর নিয়ে যান,6.0
/home/abdullahmm/Shivam/subtask2_blindtest_wReadme/bengali/bengali_blind_wav/849797_KXWVX6l2JDuZa0Tt_0148.wav,/home/abdullahmm/Shivam/subtask2_blindtest_wReadme/bengali/bengali_blind_wav/849797_KXWVX6l2JDuZa0Tt_0148.wav,এই check mark বলে যে accept suggestion এবং cross mark বলে যে reject suggestion,7.0
/home/abdullahmm/Shivam/subtask2_blindtest_wReadme/bengali/bengali_blind_wav/849797_KXWVX6l2JDuZa0Tt_0149.wav,/home/abdullahmm/Shivam/subtask2_blindtest_wReadme/bengali/bengali_blind_wav/849797_KXWVX6l2JDuZa0Tt_0149.wav,এখন একটি পরামর্শ গ্রহণ করি এবং অন্যটি বাতিল করি,6.0
/home/abdullahmm/Shivam/subtask2_blindtest_wReadme/bengali/bengali_blind_wav/849797_KXWVX6l2JDuZa0Tt_0150.wav,/home/abdullahmm/Shivam/subtask2_blindtest_wReadme/bengali/bengali_blind_wav/849797_KXWVX6l2JDuZa0Tt_0150.wav,আমরা 0808 i am becky থেকে এখানে একটি comment দেখতে,5.0
/home/abdullahmm/Shivam/subtask2_blindtest_wReadme/bengali/bengali_blind_wav/849797_KXWVX6l2JDuZa0Tt_0151.wav,/home/abdullahmm/Shivam/subtask2_blindtest_wReadme/bengali/bengali_blind_wav/849797_KXWVX6l2JDuZa0Tt_0151.wav,এখানে আমরা একটি resolve বোতাম দেখতে পারি,4.0
/home/abdullahmm/Shivam/subtask2_blindtest_wReadme/bengali/bengali_blind_wav/849797_KXWVX6l2JDuZa0Tt_0152.wav,/home/abdullahmm/Shivam/subtask2_blindtest_wReadme/bengali/bengali_blind_wav/849797_KXWVX6l2JDuZa0Tt_0152.wav,user can edit বিকল্পের সাথে comment টেক্সটে টিপে সেই কমেন্টের উত্তর দিতে পারে,7.0
/home/abdullahmm/Shivam/subtask2_blindtest_wReadme/bengali/bengali_blind_wav/849797_KXWVX6l2JDuZa0Tt_0153.wav,/home/abdullahmm/Shivam/subtask2_blindtest_wReadme/bengali/bengali_blind_wav/849797_KXWVX6l2JDuZa0Tt_0153.wav,comment thread মুছে ফেলতে resolve বোতামে টিপুন,4.0
/home/abdullahmm/Shivam/subtask2_blindtest_wReadme/bengali/bengali_blind_wav/849797_KXWVX6l2JDuZa0Tt_0154.wav,/home/abdullahmm/Shivam/subtask2_blindtest_wReadme/bengali/bengali_blind_wav/849797_KXWVX6l2JDuZa0Tt_0154.wav,আমরা 0808 i am becky দ্বারা ডকুমেন্টে করা কোনো পরিবর্তন দেখতে পারি না,7.0
/home/abdullahmm/Shivam/subtask2_blindtest_wReadme/bengali/bengali_blind_wav/849797_KXWVX6l2JDuZa0Tt_0155.wav,/home/abdullahmm/Shivam/subtask2_blindtest_wReadme/bengali/bengali_blind_wav/849797_KXWVX6l2JDuZa0Tt_0155.wav,আবার করুন এই ইউসারের ডকুমেন্টে edit করার অনুমতি রয়েছে,5.0
/home/abdullahmm/Shivam/subtask2_blindtest_wReadme/bengali/bengali_blind_wav/849797_KXWVX6l2JDuZa0Tt_0156.wav,/home/abdullahmm/Shivam/subtask2_blindtest_wReadme/bengali/bengali_blind_wav/849797_KXWVX6l2JDuZa0Tt_0156.wav,সুতরাং আমরা কিভাবে পেতে পারি যে সেই user কি কি পরিবর্তন করেছে,5.0
/home/abdullahmm/Shivam/subtask2_blindtest_wReadme/bengali/bengali_blind_wav/849797_KXWVX6l2JDuZa0Tt_0157.wav,/home/abdullahmm/Shivam/subtask2_blindtest_wReadme/bengali/bengali_blind_wav/849797_KXWVX6l2JDuZa0Tt_0157.wav,এই জন্য আমরা আমাদের revision history check করতে পারি,4.0
/home/abdullahmm/Shivam/subtask2_blindtest_wReadme/bengali/bengali_blind_wav/849797_KXWVX6l2JDuZa0Tt_0158.wav,/home/abdullahmm/Shivam/subtask2_blindtest_wReadme/bengali/bengali_blind_wav/849797_KXWVX6l2JDuZa0Tt_0158.wav,এটি খুলতে আমরা ফাইলে টিপব এবং see revision history তে,7.0
/home/abdullahmm/Shivam/subtask2_blindtest_wReadme/bengali/bengali_blind_wav/849797_KXWVX6l2JDuZa0Tt_0159.wav,/home/abdullahmm/Shivam/subtask2_blindtest_wReadme/bengali/bengali_blind_wav/849797_KXWVX6l2JDuZa0Tt_0159.wav,আমরা দেখতে পারি যে 0808 i am becky কিছু পরিবর্তন করেছে এবং এটি একটি ভিন্ন রঙে দেখা দেয়,8.0
/home/abdullahmm/Shivam/subtask2_blindtest_wReadme/bengali/bengali_blind_wav/849797_KXWVX6l2JDuZa0Tt_0161.wav,/home/abdullahmm/Shivam/subtask2_blindtest_wReadme/bengali/bengali_blind_wav/849797_KXWVX6l2JDuZa0Tt_0161.wav,এবং অবশ্যই অধিকারী হওয়ায় আমরা আমাদের নিজের কাজ ভিন্ন রঙে দেখবো,6.0
/home/abdullahmm/Shivam/subtask2_blindtest_wReadme/bengali/bengali_blind_wav/849797_KXWVX6l2JDuZa0Tt_0162.wav,/home/abdullahmm/Shivam/subtask2_blindtest_wReadme/bengali/bengali_blind_wav/849797_KXWVX6l2JDuZa0Tt_0162.wav,এখন revision history window বন্ধ করুন,3.0
/home/abdullahmm/Shivam/subtask2_blindtest_wReadme/bengali/bengali_blind_wav/849797_KXWVX6l2JDuZa0Tt_0163.wav,/home/abdullahmm/Shivam/subtask2_blindtest_wReadme/bengali/bengali_blind_wav/849797_KXWVX6l2JDuZa0Tt_0163.wav,document share করার আরেকটি উপায় রয়েছে share বোতামে টিপুন,6.0
/home/abdullahmm/Shivam/subtask2_blindtest_wReadme/bengali/bengali_blind_wav/849797_KXWVX6l2JDuZa0Tt_0164.wav,/home/abdullahmm/Shivam/subtask2_blindtest_wReadme/bengali/bengali_blind_wav/849797_KXWVX6l2JDuZa0Tt_0164.wav,share with others window উপরের ডান কোণায় আমরা get shareable link text দেখতে পারি এটিতে টিপুন,9.0
/home/abdullahmm/Shivam/subtask2_blindtest_wReadme/bengali/bengali_blind_wav/849797_KXWVX6l2JDuZa0Tt_0165.wav,/home/abdullahmm/Shivam/subtask2_blindtest_wReadme/bengali/bengali_blind_wav/849797_KXWVX6l2JDuZa0Tt_0165.wav,এটি বলে যে anyone with the link can view,3.0
/home/abdullahmm/Shivam/subtask2_blindtest_wReadme/bengali/bengali_blind_wav/849797_KXWVX6l2JDuZa0Tt_0166.wav,/home/abdullahmm/Shivam/subtask2_blindtest_wReadme/bengali/bengali_blind_wav/849797_KXWVX6l2JDuZa0Tt_0166.wav,এটি এই document একটি link তৈরী করবে,3.0
/home/abdullahmm/Shivam/subtask2_blindtest_wReadme/bengali/bengali_blind_wav/849797_KXWVX6l2JDuZa0Tt_0167.wav,/home/abdullahmm/Shivam/subtask2_blindtest_wReadme/bengali/bengali_blind_wav/849797_KXWVX6l2JDuZa0Tt_0167.wav,এখন আমরা এই লিঙ্কে যে কোনও emailid তে পাঠাতে পারি যার মানে হল যাদের কাছে এই link রয়েছে তারা এই document দেখতে পারে,9.0
/home/abdullahmm/Shivam/subtask2_blindtest_wReadme/bengali/bengali_blind_wav/849797_KXWVX6l2JDuZa0Tt_0168.wav,/home/abdullahmm/Shivam/subtask2_blindtest_wReadme/bengali/bengali_blind_wav/849797_KXWVX6l2JDuZa0Tt_0168.wav,এর সাথেই আমরা টিউটোরিয়ালের শেষে চলে এসেছি,3.0
/home/abdullahmm/Shivam/subtask2_blindtest_wReadme/bengali/bengali_blind_wav/849797_KXWVX6l2JDuZa0Tt_0169.wav,/home/abdullahmm/Shivam/subtask2_blindtest_wReadme/bengali/bengali_blind_wav/849797_KXWVX6l2JDuZa0Tt_0169.wav,সংক্ষিপ্তকরণ করি,2.0
/home/abdullahmm/Shivam/subtask2_blindtest_wReadme/bengali/bengali_blind_wav/849797_KXWVX6l2JDuZa0Tt_0170.wav,/home/abdullahmm/Shivam/subtask2_blindtest_wReadme/bengali/bengali_blind_wav/849797_KXWVX6l2JDuZa0Tt_0170.wav,এই টিউটোরিয়ালে শিখেছি google drive access করা file তৈরি এবং upload করা google docs তৈরি করা এবং sharing বিকল্প ব্যবহার করা,11.0
/home/abdullahmm/Shivam/subtask2_blindtest_wReadme/bengali/bengali_blind_wav/849797_KXWVX6l2JDuZa0Tt_0171.wav,/home/abdullahmm/Shivam/subtask2_blindtest_wReadme/bengali/bengali_blind_wav/849797_KXWVX6l2JDuZa0Tt_0171.wav,এই link উপলব্ধ video প্রকল্পকে সারসংক্ষেপে বোঝায় the download করে দেখুন,7.0
/home/abdullahmm/Shivam/subtask2_blindtest_wReadme/bengali/bengali_blind_wav/849797_KXWVX6l2JDuZa0Tt_0172.wav,/home/abdullahmm/Shivam/subtask2_blindtest_wReadme/bengali/bengali_blind_wav/849797_KXWVX6l2JDuZa0Tt_0172.wav,আমরা কর্মশালার আয়োজন করি online পরীক্ষা pass করলে প্রশংসাপত্র দেই বিস্তারিত তথ্যের জন্য আমাদের লিখুন,9.0
/home/abdullahmm/Shivam/subtask2_blindtest_wReadme/bengali/bengali_blind_wav/849797_KXWVX6l2JDuZa0Tt_0173.wav,/home/abdullahmm/Shivam/subtask2_blindtest_wReadme/bengali/bengali_blind_wav/849797_KXWVX6l2JDuZa0Tt_0173.wav,spoken tutorial প্রকল্প ভারত সরকারের nmeict mhrd দ্বারা সমর্থিত এই বিষয়ে বিস্তারিত তথ্য এই link প্রাপ্তিসাধ্য,11.0
/home/abdullahmm/Shivam/subtask2_blindtest_wReadme/bengali/bengali_blind_wav/849797_KXWVX6l2JDuZa0Tt_0174.wav,/home/abdullahmm/Shivam/subtask2_blindtest_wReadme/bengali/bengali_blind_wav/849797_KXWVX6l2JDuZa0Tt_0174.wav,আমি কৌশিক দত্ত এই টিউটোরিয়ালটি অনুবাদ করেছি ধন্যবাদ,8.03
/home/abdullahmm/Shivam/subtask2_blindtest_wReadme/bengali/bengali_blind_wav/882512_OIeBGnoLMt3MJB1n_0000.wav,/home/abdullahmm/Shivam/subtask2_blindtest_wReadme/bengali/bengali_blind_wav/882512_OIeBGnoLMt3MJB1n_0000.wav,creating a java web প্রজেক্টের কথ্য টিউটোরিয়ালে আপনাদের স্বাগত,6.0
/home/abdullahmm/Shivam/subtask2_blindtest_wReadme/bengali/bengali_blind_wav/882512_OIeBGnoLMt3MJB1n_0001.wav,/home/abdullahmm/Shivam/subtask2_blindtest_wReadme/bengali/bengali_blind_wav/882512_OIeBGnoLMt3MJB1n_0001.wav,in tutorial আমরা শিখব,3.0
/home/abdullahmm/Shivam/subtask2_blindtest_wReadme/bengali/bengali_blind_wav/882512_OIeBGnoLMt3MJB1n_0002.wav,/home/abdullahmm/Shivam/subtask2_blindtest_wReadme/bengali/bengali_blind_wav/882512_OIeBGnoLMt3MJB1n_0002.wav,java web প্রকল্প তৈরি করা,3.0
/home/abdullahmm/Shivam/subtask2_blindtest_wReadme/bengali/bengali_blind_wav/882512_OIeBGnoLMt3MJB1n_0003.wav,/home/abdullahmm/Shivam/subtask2_blindtest_wReadme/bengali/bengali_blind_wav/882512_OIeBGnoLMt3MJB1n_0003.wav,deployment descriptor সম্পর্কে,3.0
/home/abdullahmm/Shivam/subtask2_blindtest_wReadme/bengali/bengali_blind_wav/882512_OIeBGnoLMt3MJB1n_0004.wav,/home/abdullahmm/Shivam/subtask2_blindtest_wReadme/bengali/bengali_blind_wav/882512_OIeBGnoLMt3MJB1n_0004.wav,web . xml file সম্পর্কে,4.0
/home/abdullahmm/Shivam/subtask2_blindtest_wReadme/bengali/bengali_blind_wav/882512_OIeBGnoLMt3MJB1n_0005.wav,/home/abdullahmm/Shivam/subtask2_blindtest_wReadme/bengali/bengali_blind_wav/882512_OIeBGnoLMt3MJB1n_0005.wav,এখানে ubuntu os 12 . 04,4.0
/home/abdullahmm/Shivam/subtask2_blindtest_wReadme/bengali/bengali_blind_wav/882512_OIeBGnoLMt3MJB1n_0006.wav,/home/abdullahmm/Shivam/subtask2_blindtest_wReadme/bengali/bengali_blind_wav/882512_OIeBGnoLMt3MJB1n_0006.wav,netbeans ide 7 . 3,3.0
/home/abdullahmm/Shivam/subtask2_blindtest_wReadme/bengali/bengali_blind_wav/882512_OIeBGnoLMt3MJB1n_0007.wav,/home/abdullahmm/Shivam/subtask2_blindtest_wReadme/bengali/bengali_blind_wav/882512_OIeBGnoLMt3MJB1n_0007.wav,jdk 1 . 7,2.0
/home/abdullahmm/Shivam/subtask2_blindtest_wReadme/bengali/bengali_blind_wav/882512_OIeBGnoLMt3MJB1n_0008.wav,/home/abdullahmm/Shivam/subtask2_blindtest_wReadme/bengali/bengali_blind_wav/882512_OIeBGnoLMt3MJB1n_0008.wav,এবং firefox web browser 21 . 0 ব্যবহার করছি,4.0
/home/abdullahmm/Shivam/subtask2_blindtest_wReadme/bengali/bengali_blind_wav/882512_OIeBGnoLMt3MJB1n_0009.wav,/home/abdullahmm/Shivam/subtask2_blindtest_wReadme/bengali/bengali_blind_wav/882512_OIeBGnoLMt3MJB1n_0009.wav,টি পছন্দের web browser ব্যবহার,3.0
/home/abdullahmm/Shivam/subtask2_blindtest_wReadme/bengali/bengali_blind_wav/882512_OIeBGnoLMt3MJB1n_0010.wav,/home/abdullahmm/Shivam/subtask2_blindtest_wReadme/bengali/bengali_blind_wav/882512_OIeBGnoLMt3MJB1n_0010.wav,টিউটোরিয়ালটি অনুসরণ করতে netbeans ide,4.0
/home/abdullahmm/Shivam/subtask2_blindtest_wReadme/bengali/bengali_blind_wav/882512_OIeBGnoLMt3MJB1n_0011.wav,/home/abdullahmm/Shivam/subtask2_blindtest_wReadme/bengali/bengali_blind_wav/882512_OIeBGnoLMt3MJB1n_0011.wav,ব্যবহার করে core core java এবং html,3.0
/home/abdullahmm/Shivam/subtask2_blindtest_wReadme/bengali/bengali_blind_wav/882512_OIeBGnoLMt3MJB1n_0012.wav,/home/abdullahmm/Shivam/subtask2_blindtest_wReadme/bengali/bengali_blind_wav/882512_OIeBGnoLMt3MJB1n_0012.wav,html সম্পর্কে জানতে হবে,2.0
/home/abdullahmm/Shivam/subtask2_blindtest_wReadme/bengali/bengali_blind_wav/882512_OIeBGnoLMt3MJB1n_0013.wav,/home/abdullahmm/Shivam/subtask2_blindtest_wReadme/bengali/bengali_blind_wav/882512_OIeBGnoLMt3MJB1n_0013.wav,না হলে প্রাসঙ্গিক tutorial জন্য আমাদের website পরিদর্শন করুন,6.0
/home/abdullahmm/Shivam/subtask2_blindtest_wReadme/bengali/bengali_blind_wav/882512_OIeBGnoLMt3MJB1n_0014.wav,/home/abdullahmm/Shivam/subtask2_blindtest_wReadme/bengali/bengali_blind_wav/882512_OIeBGnoLMt3MJB1n_0014.wav,netbeans ide ব্যবহার করে একটি নতুন web প্রকল্প তৈরি করা শিখি,6.0
/home/abdullahmm/Shivam/subtask2_blindtest_wReadme/bengali/bengali_blind_wav/882512_OIeBGnoLMt3MJB1n_0015.wav,/home/abdullahmm/Shivam/subtask2_blindtest_wReadme/bengali/bengali_blind_wav/882512_OIeBGnoLMt3MJB1n_0015.wav,এইজন্য আমরা netbeans ide তে যাবো,5.0
/home/abdullahmm/Shivam/subtask2_blindtest_wReadme/bengali/bengali_blind_wav/882512_OIeBGnoLMt3MJB1n_0016.wav,/home/abdullahmm/Shivam/subtask2_blindtest_wReadme/bengali/bengali_blind_wav/882512_OIeBGnoLMt3MJB1n_0016.wav,ide এর উপরের বাম কোণায় ফাইলে টিপে new project এ টিপুন,7.0
/home/abdullahmm/Shivam/subtask2_blindtest_wReadme/bengali/bengali_blind_wav/882512_OIeBGnoLMt3MJB1n_0017.wav,/home/abdullahmm/Shivam/subtask2_blindtest_wReadme/bengali/bengali_blind_wav/882512_OIeBGnoLMt3MJB1n_0017.wav,new project window খোলে,4.0
/home/abdullahmm/Shivam/subtask2_blindtest_wReadme/bengali/bengali_blind_wav/882512_OIeBGnoLMt3MJB1n_0018.wav,/home/abdullahmm/Shivam/subtask2_blindtest_wReadme/bengali/bengali_blind_wav/882512_OIeBGnoLMt3MJB1n_0018.wav,categories থেকে java web এবং projects থেকে web application নির্বাচন করুন,6.0
/home/abdullahmm/Shivam/subtask2_blindtest_wReadme/bengali/bengali_blind_wav/882512_OIeBGnoLMt3MJB1n_0019.wav,/home/abdullahmm/Shivam/subtask2_blindtest_wReadme/bengali/bengali_blind_wav/882512_OIeBGnoLMt3MJB1n_0019.wav,next এ টিপুন,2.0
/home/abdullahmm/Shivam/subtask2_blindtest_wReadme/bengali/bengali_blind_wav/882512_OIeBGnoLMt3MJB1n_0020.wav,/home/abdullahmm/Shivam/subtask2_blindtest_wReadme/bengali/bengali_blind_wav/882512_OIeBGnoLMt3MJB1n_0020.wav,পরের উইন্ডোতে,3.0
/home/abdullahmm/Shivam/subtask2_blindtest_wReadme/bengali/bengali_blind_wav/882512_OIeBGnoLMt3MJB1n_0021.wav,/home/abdullahmm/Shivam/subtask2_blindtest_wReadme/bengali/bengali_blind_wav/882512_OIeBGnoLMt3MJB1n_0021.wav,name হিসাবে my first project লিখুন,4.0
/home/abdullahmm/Shivam/subtask2_blindtest_wReadme/bengali/bengali_blind_wav/882512_OIeBGnoLMt3MJB1n_0022.wav,/home/abdullahmm/Shivam/subtask2_blindtest_wReadme/bengali/bengali_blind_wav/882512_OIeBGnoLMt3MJB1n_0022.wav,project location এবং project folder,4.0
/home/abdullahmm/Shivam/subtask2_blindtest_wReadme/bengali/bengali_blind_wav/882512_OIeBGnoLMt3MJB1n_0023.wav,/home/abdullahmm/Shivam/subtask2_blindtest_wReadme/bengali/bengali_blind_wav/882512_OIeBGnoLMt3MJB1n_0023.wav,একই রকম রেখে nextএ টিপুন,4.0
/home/abdullahmm/Shivam/subtask2_blindtest_wReadme/bengali/bengali_blind_wav/882512_OIeBGnoLMt3MJB1n_0024.wav,/home/abdullahmm/Shivam/subtask2_blindtest_wReadme/bengali/bengali_blind_wav/882512_OIeBGnoLMt3MJB1n_0024.wav,server হিসাবে glass fish server নির্বাচন করুন,4.0
/home/abdullahmm/Shivam/subtask2_blindtest_wReadme/bengali/bengali_blind_wav/882512_OIeBGnoLMt3MJB1n_0025.wav,/home/abdullahmm/Shivam/subtask2_blindtest_wReadme/bengali/bengali_blind_wav/882512_OIeBGnoLMt3MJB1n_0025.wav,এখানে context path হল my first project এটি আমাদের প্রকল্পের নামের অনুরূপ,8.0
/home/abdullahmm/Shivam/subtask2_blindtest_wReadme/bengali/bengali_blind_wav/882512_OIeBGnoLMt3MJB1n_0026.wav,/home/abdullahmm/Shivam/subtask2_blindtest_wReadme/bengali/bengali_blind_wav/882512_OIeBGnoLMt3MJB1n_0026.wav,এই সম্পর্কে বিশদভাবে শিখব,3.0
/home/abdullahmm/Shivam/subtask2_blindtest_wReadme/bengali/bengali_blind_wav/882512_OIeBGnoLMt3MJB1n_0027.wav,/home/abdullahmm/Shivam/subtask2_blindtest_wReadme/bengali/bengali_blind_wav/882512_OIeBGnoLMt3MJB1n_0027.wav,এখন next এ টিপে তারপর finish এ টিপুন,5.0
/home/abdullahmm/Shivam/subtask2_blindtest_wReadme/bengali/bengali_blind_wav/882512_OIeBGnoLMt3MJB1n_0028.wav,/home/abdullahmm/Shivam/subtask2_blindtest_wReadme/bengali/bengali_blind_wav/882512_OIeBGnoLMt3MJB1n_0028.wav,projects tab এ টিপুন,3.0
/home/abdullahmm/Shivam/subtask2_blindtest_wReadme/bengali/bengali_blind_wav/882512_OIeBGnoLMt3MJB1n_0029.wav,/home/abdullahmm/Shivam/subtask2_blindtest_wReadme/bengali/bengali_blind_wav/882512_OIeBGnoLMt3MJB1n_0029.wav,এখানে আমরা বিভিন্ন nodes দেখতে পারি এবং তৈরী করা web application my first project দেখতে পারি,10.0
/home/abdullahmm/Shivam/subtask2_blindtest_wReadme/bengali/bengali_blind_wav/882512_OIeBGnoLMt3MJB1n_0030.wav,/home/abdullahmm/Shivam/subtask2_blindtest_wReadme/bengali/bengali_blind_wav/882512_OIeBGnoLMt3MJB1n_0030.wav,এই মুহূর্তে এই node নিয়ে চিন্তিত না,3.0
/home/abdullahmm/Shivam/subtask2_blindtest_wReadme/bengali/bengali_blind_wav/882512_OIeBGnoLMt3MJB1n_0031.wav,/home/abdullahmm/Shivam/subtask2_blindtest_wReadme/bengali/bengali_blind_wav/882512_OIeBGnoLMt3MJB1n_0031.wav,এগুলিতে টিপে এটিতে কি রয়েছে তা প্রদর্শন করি,5.0
/home/abdullahmm/Shivam/subtask2_blindtest_wReadme/bengali/bengali_blind_wav/882512_OIeBGnoLMt3MJB1n_0032.wav,/home/abdullahmm/Shivam/subtask2_blindtest_wReadme/bengali/bengali_blind_wav/882512_OIeBGnoLMt3MJB1n_0032.wav,এখন deployment descriptor সম্পর্কে শিখি,5.0
/home/abdullahmm/Shivam/subtask2_blindtest_wReadme/bengali/bengali_blind_wav/882512_OIeBGnoLMt3MJB1n_0033.wav,/home/abdullahmm/Shivam/subtask2_blindtest_wReadme/bengali/bengali_blind_wav/882512_OIeBGnoLMt3MJB1n_0033.wav,একটি web application এর deployment descrip,4.0
/home/abdullahmm/Shivam/subtask2_blindtest_wReadme/bengali/bengali_blind_wav/882512_OIeBGnoLMt3MJB1n_0034.wav,/home/abdullahmm/Shivam/subtask2_blindtest_wReadme/bengali/bengali_blind_wav/882512_OIeBGnoLMt3MJB1n_0034.wav,অ্যাপ্লিকেশনের class resource এবং configuration বর্ণন,6.0
/home/abdullahmm/Shivam/subtask2_blindtest_wReadme/bengali/bengali_blind_wav/882512_OIeBGnoLMt3MJB1n_0035.wav,/home/abdullahmm/Shivam/subtask2_blindtest_wReadme/bengali/bengali_blind_wav/882512_OIeBGnoLMt3MJB1n_0035.wav,এছাড়াও web server এ web অনুরোধ পরিবেশন করতে তাদের ব্যবহার ব্যাখ্যা করে,6.0
/home/abdullahmm/Shivam/subtask2_blindtest_wReadme/bengali/bengali_blind_wav/882512_OIeBGnoLMt3MJB1n_0036.wav,/home/abdullahmm/Shivam/subtask2_blindtest_wReadme/bengali/bengali_blind_wav/882512_OIeBGnoLMt3MJB1n_0036.wav,web server এই অ্যাপ্লিকেশনের জন্য একটি অনুরোধ পায়,5.0
/home/abdullahmm/Shivam/subtask2_blindtest_wReadme/bengali/bengali_blind_wav/882512_OIeBGnoLMt3MJB1n_0037.wav,/home/abdullahmm/Shivam/subtask2_blindtest_wReadme/bengali/bengali_blind_wav/882512_OIeBGnoLMt3MJB1n_0037.wav,এটি অনুরোধের url এর বর্ণন পেতে deployment descriptor ব্যবহার করে,6.0
/home/abdullahmm/Shivam/subtask2_blindtest_wReadme/bengali/bengali_blind_wav/882512_OIeBGnoLMt3MJB1n_0038.wav,/home/abdullahmm/Shivam/subtask2_blindtest_wReadme/bengali/bengali_blind_wav/882512_OIeBGnoLMt3MJB1n_0038.wav,এটি code url বর্ণন করে,4.0
/home/abdullahmm/Shivam/subtask2_blindtest_wReadme/bengali/bengali_blind_wav/882512_OIeBGnoLMt3MJB1n_0039.wav,/home/abdullahmm/Shivam/subtask2_blindtest_wReadme/bengali/bengali_blind_wav/882512_OIeBGnoLMt3MJB1n_0039.wav,deployment descriptor হল web . xml file,5.0
/home/abdullahmm/Shivam/subtask2_blindtest_wReadme/bengali/bengali_blind_wav/882512_OIeBGnoLMt3MJB1n_0040.wav,/home/abdullahmm/Shivam/subtask2_blindtest_wReadme/bengali/bengali_blind_wav/882512_OIeBGnoLMt3MJB1n_0040.wav,এখন ide তে ফিরে আসি,3.0
/home/abdullahmm/Shivam/subtask2_blindtest_wReadme/bengali/bengali_blind_wav/882512_OIeBGnoLMt3MJB1n_0041.wav,/home/abdullahmm/Shivam/subtask2_blindtest_wReadme/bengali/bengali_blind_wav/882512_OIeBGnoLMt3MJB1n_0041.wav,আমরা এখানে উপলব্ধ nodes থেকে web . xml file খুঁজে pi না,7.0
/home/abdullahmm/Shivam/subtask2_blindtest_wReadme/bengali/bengali_blind_wav/882512_OIeBGnoLMt3MJB1n_0042.wav,/home/abdullahmm/Shivam/subtask2_blindtest_wReadme/bengali/bengali_blind_wav/882512_OIeBGnoLMt3MJB1n_0042.wav,এটি খুঁজতে ide এর উপরের বাম কোণায় ফাইলে গিয়ে তারপর new ফাইলে টিপুন,9.0
/home/abdullahmm/Shivam/subtask2_blindtest_wReadme/bengali/bengali_blind_wav/882512_OIeBGnoLMt3MJB1n_0043.wav,/home/abdullahmm/Shivam/subtask2_blindtest_wReadme/bengali/bengali_blind_wav/882512_OIeBGnoLMt3MJB1n_0043.wav,categories থেকে web নির্বাচন করে,3.0
/home/abdullahmm/Shivam/subtask2_blindtest_wReadme/bengali/bengali_blind_wav/882512_OIeBGnoLMt3MJB1n_0044.wav,/home/abdullahmm/Shivam/subtask2_blindtest_wReadme/bengali/bengali_blind_wav/882512_OIeBGnoLMt3MJB1n_0044.wav,file types থেকে standard deployment descriptor web . xml নির্বাচন করুন,6.0
/home/abdullahmm/Shivam/subtask2_blindtest_wReadme/bengali/bengali_blind_wav/882512_OIeBGnoLMt3MJB1n_0045.wav,/home/abdullahmm/Shivam/subtask2_blindtest_wReadme/bengali/bengali_blind_wav/882512_OIeBGnoLMt3MJB1n_0045.wav,তারপর next এ টিপুন,2.0
/home/abdullahmm/Shivam/subtask2_blindtest_wReadme/bengali/bengali_blind_wav/882512_OIeBGnoLMt3MJB1n_0046.wav,/home/abdullahmm/Shivam/subtask2_blindtest_wReadme/bengali/bengali_blind_wav/882512_OIeBGnoLMt3MJB1n_0046.wav,finish এ টিপুন,3.0
/home/abdullahmm/Shivam/subtask2_blindtest_wReadme/bengali/bengali_blind_wav/882512_OIeBGnoLMt3MJB1n_0047.wav,/home/abdullahmm/Shivam/subtask2_blindtest_wReadme/bengali/bengali_blind_wav/882512_OIeBGnoLMt3MJB1n_0047.wav,ide এর বাম দিকে files tab এ টিপুন,4.0
/home/abdullahmm/Shivam/subtask2_blindtest_wReadme/bengali/bengali_blind_wav/882512_OIeBGnoLMt3MJB1n_0048.wav,/home/abdullahmm/Shivam/subtask2_blindtest_wReadme/bengali/bengali_blind_wav/882512_OIeBGnoLMt3MJB1n_0048.wav,এখানে web . xml web nodeএর webinf folderএ অন্তর্ভুক্ত,8.0
/home/abdullahmm/Shivam/subtask2_blindtest_wReadme/bengali/bengali_blind_wav/882512_OIeBGnoLMt3MJB1n_0049.wav,/home/abdullahmm/Shivam/subtask2_blindtest_wReadme/bengali/bengali_blind_wav/882512_OIeBGnoLMt3MJB1n_0049.wav,এখানে আপনি source code দেখতে পারেন,4.0
/home/abdullahmm/Shivam/subtask2_blindtest_wReadme/bengali/bengali_blind_wav/882512_OIeBGnoLMt3MJB1n_0050.wav,/home/abdullahmm/Shivam/subtask2_blindtest_wReadme/bengali/bengali_blind_wav/882512_OIeBGnoLMt3MJB1n_0050.wav,এখানে xml header রয়েছে,4.0
/home/abdullahmm/Shivam/subtask2_blindtest_wReadme/bengali/bengali_blind_wav/882512_OIeBGnoLMt3MJB1n_0051.wav,/home/abdullahmm/Shivam/subtask2_blindtest_wReadme/bengali/bengali_blind_wav/882512_OIeBGnoLMt3MJB1n_0051.wav,এছাড়া ওয়েবঅ্যাপও রয়েছে,3.0
/home/abdullahmm/Shivam/subtask2_blindtest_wReadme/bengali/bengali_blind_wav/882512_OIeBGnoLMt3MJB1n_0052.wav,/home/abdullahmm/Shivam/subtask2_blindtest_wReadme/bengali/bengali_blind_wav/882512_OIeBGnoLMt3MJB1n_0052.wav,এখন application run করার চেষ্টা করব,4.0
/home/abdullahmm/Shivam/subtask2_blindtest_wReadme/bengali/bengali_blind_wav/882512_OIeBGnoLMt3MJB1n_0053.wav,/home/abdullahmm/Shivam/subtask2_blindtest_wReadme/bengali/bengali_blind_wav/882512_OIeBGnoLMt3MJB1n_0053.wav,এটি করতে my first project এ ডান click করুন,5.0
/home/abdullahmm/Shivam/subtask2_blindtest_wReadme/bengali/bengali_blind_wav/882512_OIeBGnoLMt3MJB1n_0054.wav,/home/abdullahmm/Shivam/subtask2_blindtest_wReadme/bengali/bengali_blind_wav/882512_OIeBGnoLMt3MJB1n_0054.wav,clean and build এ টিপলে,2.0
/home/abdullahmm/Shivam/subtask2_blindtest_wReadme/bengali/bengali_blind_wav/882512_OIeBGnoLMt3MJB1n_0055.wav,/home/abdullahmm/Shivam/subtask2_blindtest_wReadme/bengali/bengali_blind_wav/882512_OIeBGnoLMt3MJB1n_0055.wav,এটি পূর্বে compiled করা file এবং অন্যান্য build output মুছে ফেলবে,6.0
/home/abdullahmm/Shivam/subtask2_blindtest_wReadme/bengali/bengali_blind_wav/882512_OIeBGnoLMt3MJB1n_0056.wav,/home/abdullahmm/Shivam/subtask2_blindtest_wReadme/bengali/bengali_blind_wav/882512_OIeBGnoLMt3MJB1n_0056.wav,এটি পুনরায় application compile করবে,4.0
/home/abdullahmm/Shivam/subtask2_blindtest_wReadme/bengali/bengali_blind_wav/882512_OIeBGnoLMt3MJB1n_0057.wav,/home/abdullahmm/Shivam/subtask2_blindtest_wReadme/bengali/bengali_blind_wav/882512_OIeBGnoLMt3MJB1n_0057.wav,আবার my first project এ গিয়ে ডান click করে run এ টিপুন,6.0
/home/abdullahmm/Shivam/subtask2_blindtest_wReadme/bengali/bengali_blind_wav/882512_OIeBGnoLMt3MJB1n_0058.wav,/home/abdullahmm/Shivam/subtask2_blindtest_wReadme/bengali/bengali_blind_wav/882512_OIeBGnoLMt3MJB1n_0058.wav,file server run করছে এবং এটি my first project স্থাপিত করেছে,7.0
/home/abdullahmm/Shivam/subtask2_blindtest_wReadme/bengali/bengali_blind_wav/882512_OIeBGnoLMt3MJB1n_0059.wav,/home/abdullahmm/Shivam/subtask2_blindtest_wReadme/bengali/bengali_blind_wav/882512_OIeBGnoLMt3MJB1n_0059.wav,একটি browser খোলে যা hello world প্রদর্শন করে,5.0
/home/abdullahmm/Shivam/subtask2_blindtest_wReadme/bengali/bengali_blind_wav/882512_OIeBGnoLMt3MJB1n_0060.wav,/home/abdullahmm/Shivam/subtask2_blindtest_wReadme/bengali/bengali_blind_wav/882512_OIeBGnoLMt3MJB1n_0060.wav,এর কারণ আমরা প্রকল্প run করলে web application প্রদর্শিত পৃষ্ঠা উপস্থাপিত করে,7.0
/home/abdullahmm/Shivam/subtask2_blindtest_wReadme/bengali/bengali_blind_wav/882512_OIeBGnoLMt3MJB1n_0061.wav,/home/abdullahmm/Shivam/subtask2_blindtest_wReadme/bengali/bengali_blind_wav/882512_OIeBGnoLMt3MJB1n_0061.wav,এখন এখানে এই url দেখি,5.0
/home/abdullahmm/Shivam/subtask2_blindtest_wReadme/bengali/bengali_blind_wav/882512_OIeBGnoLMt3MJB1n_0062.wav,/home/abdullahmm/Shivam/subtask2_blindtest_wReadme/bengali/bengali_blind_wav/882512_OIeBGnoLMt3MJB1n_0062.wav,এটি হল local host : 8080 / my first project,5.0
/home/abdullahmm/Shivam/subtask2_blindtest_wReadme/bengali/bengali_blind_wav/882512_OIeBGnoLMt3MJB1n_0063.wav,/home/abdullahmm/Shivam/subtask2_blindtest_wReadme/bengali/bengali_blind_wav/882512_OIeBGnoLMt3MJB1n_0063.wav,তাই my first project run করলে default রূপে jsp পৃষ্ঠা pi যা বলে hello world,8.0
/home/abdullahmm/Shivam/subtask2_blindtest_wReadme/bengali/bengali_blind_wav/882512_OIeBGnoLMt3MJB1n_0064.wav,/home/abdullahmm/Shivam/subtask2_blindtest_wReadme/bengali/bengali_blind_wav/882512_OIeBGnoLMt3MJB1n_0064.wav,এখন ide তে ফিরে আসি,3.0
/home/abdullahmm/Shivam/subtask2_blindtest_wReadme/bengali/bengali_blind_wav/882512_OIeBGnoLMt3MJB1n_0065.wav,/home/abdullahmm/Shivam/subtask2_blindtest_wReadme/bengali/bengali_blind_wav/882512_OIeBGnoLMt3MJB1n_0065.wav,webinf ফোল্ডারের নীচে index . jsp দেখতে পারি,7.0
/home/abdullahmm/Shivam/subtask2_blindtest_wReadme/bengali/bengali_blind_wav/882512_OIeBGnoLMt3MJB1n_0066.wav,/home/abdullahmm/Shivam/subtask2_blindtest_wReadme/bengali/bengali_blind_wav/882512_OIeBGnoLMt3MJB1n_0066.wav,index . jsp তে দুইবার টিপলে,3.0
/home/abdullahmm/Shivam/subtask2_blindtest_wReadme/bengali/bengali_blind_wav/882512_OIeBGnoLMt3MJB1n_0067.wav,/home/abdullahmm/Shivam/subtask2_blindtest_wReadme/bengali/bengali_blind_wav/882512_OIeBGnoLMt3MJB1n_0067.wav,source code দেখতে পারি,2.0
/home/abdullahmm/Shivam/subtask2_blindtest_wReadme/bengali/bengali_blind_wav/882512_OIeBGnoLMt3MJB1n_0068.wav,/home/abdullahmm/Shivam/subtask2_blindtest_wReadme/bengali/bengali_blind_wav/882512_OIeBGnoLMt3MJB1n_0068.wav,এটি html tags সহ একটি সহজ jsp পৃষ্ঠা,5.0
/home/abdullahmm/Shivam/subtask2_blindtest_wReadme/bengali/bengali_blind_wav/882512_OIeBGnoLMt3MJB1n_0069.wav,/home/abdullahmm/Shivam/subtask2_blindtest_wReadme/bengali/bengali_blind_wav/882512_OIeBGnoLMt3MJB1n_0069.wav,এর শিরোনাম হিসাবে jsp page এবং heading হিসাবে hello world রয়েছে,7.0
/home/abdullahmm/Shivam/subtask2_blindtest_wReadme/bengali/bengali_blind_wav/882512_OIeBGnoLMt3MJB1n_0070.wav,/home/abdullahmm/Shivam/subtask2_blindtest_wReadme/bengali/bengali_blind_wav/882512_OIeBGnoLMt3MJB1n_0070.wav,web application run করলে default রূপে index . jsp প্রদান করে,6.0
/home/abdullahmm/Shivam/subtask2_blindtest_wReadme/bengali/bengali_blind_wav/882512_OIeBGnoLMt3MJB1n_0071.wav,/home/abdullahmm/Shivam/subtask2_blindtest_wReadme/bengali/bengali_blind_wav/882512_OIeBGnoLMt3MJB1n_0071.wav,পূর্বে ছেড়ে আসা কিছু context path আবার কল করি,6.0
/home/abdullahmm/Shivam/subtask2_blindtest_wReadme/bengali/bengali_blind_wav/882512_OIeBGnoLMt3MJB1n_0072.wav,/home/abdullahmm/Shivam/subtask2_blindtest_wReadme/bengali/bengali_blind_wav/882512_OIeBGnoLMt3MJB1n_0072.wav,কনটেক্সটপাথকে my first project হিসাবে set করেছি,5.0
/home/abdullahmm/Shivam/subtask2_blindtest_wReadme/bengali/bengali_blind_wav/882512_OIeBGnoLMt3MJB1n_0073.wav,/home/abdullahmm/Shivam/subtask2_blindtest_wReadme/bengali/bengali_blind_wav/882512_OIeBGnoLMt3MJB1n_0073.wav,এখন browser ফিরে আসি,3.0
/home/abdullahmm/Shivam/subtask2_blindtest_wReadme/bengali/bengali_blind_wav/882512_OIeBGnoLMt3MJB1n_0074.wav,/home/abdullahmm/Shivam/subtask2_blindtest_wReadme/bengali/bengali_blind_wav/882512_OIeBGnoLMt3MJB1n_0074.wav,url কে local host : 8080 হিসাবে লিখে enter টিপুন,6.0
/home/abdullahmm/Shivam/subtask2_blindtest_wReadme/bengali/bengali_blind_wav/882512_OIeBGnoLMt3MJB1n_0075.wav,/home/abdullahmm/Shivam/subtask2_blindtest_wReadme/bengali/bengali_blind_wav/882512_OIeBGnoLMt3MJB1n_0075.wav,আমরা দেখি যে glass fish সার্ভারের home page এখানে প্রদর্শিত হয়েছে,6.0
/home/abdullahmm/Shivam/subtask2_blindtest_wReadme/bengali/bengali_blind_wav/882512_OIeBGnoLMt3MJB1n_0076.wav,/home/abdullahmm/Shivam/subtask2_blindtest_wReadme/bengali/bengali_blind_wav/882512_OIeBGnoLMt3MJB1n_0076.wav,default রূপে এটি এখানে 8080,5.0
/home/abdullahmm/Shivam/subtask2_blindtest_wReadme/bengali/bengali_blind_wav/882512_OIeBGnoLMt3MJB1n_0077.wav,/home/abdullahmm/Shivam/subtask2_blindtest_wReadme/bengali/bengali_blind_wav/882512_OIeBGnoLMt3MJB1n_0077.wav,glass fish server ইন্সট্যান্সে চলমান অনেক application থাকতে পারে,7.0
/home/abdullahmm/Shivam/subtask2_blindtest_wReadme/bengali/bengali_blind_wav/882512_OIeBGnoLMt3MJB1n_0078.wav,/home/abdullahmm/Shivam/subtask2_blindtest_wReadme/bengali/bengali_blind_wav/882512_OIeBGnoLMt3MJB1n_0078.wav,একটি নির্দিষ্ট application access করতে url এ সেই application এর নাম লিখুন,7.0
/home/abdullahmm/Shivam/subtask2_blindtest_wReadme/bengali/bengali_blind_wav/882512_OIeBGnoLMt3MJB1n_0079.wav,/home/abdullahmm/Shivam/subtask2_blindtest_wReadme/bengali/bengali_blind_wav/882512_OIeBGnoLMt3MJB1n_0079.wav,glass fish server ইন্সট্যান্সে চলমান অনেক application থাকতে পারে,6.0
/home/abdullahmm/Shivam/subtask2_blindtest_wReadme/bengali/bengali_blind_wav/882512_OIeBGnoLMt3MJB1n_0080.wav,/home/abdullahmm/Shivam/subtask2_blindtest_wReadme/bengali/bengali_blind_wav/882512_OIeBGnoLMt3MJB1n_0080.wav,তাই লিখব / my first project এবং enter,5.0
/home/abdullahmm/Shivam/subtask2_blindtest_wReadme/bengali/bengali_blind_wav/882512_OIeBGnoLMt3MJB1n_0081.wav,/home/abdullahmm/Shivam/subtask2_blindtest_wReadme/bengali/bengali_blind_wav/882512_OIeBGnoLMt3MJB1n_0081.wav,টিপব,1.0
/home/abdullahmm/Shivam/subtask2_blindtest_wReadme/bengali/bengali_blind_wav/882512_OIeBGnoLMt3MJB1n_0082.wav,/home/abdullahmm/Shivam/subtask2_blindtest_wReadme/bengali/bengali_blind_wav/882512_OIeBGnoLMt3MJB1n_0082.wav,এখানে আমরা hello world দেখতে পারি,4.0
/home/abdullahmm/Shivam/subtask2_blindtest_wReadme/bengali/bengali_blind_wav/882512_OIeBGnoLMt3MJB1n_0083.wav,/home/abdullahmm/Shivam/subtask2_blindtest_wReadme/bengali/bengali_blind_wav/882512_OIeBGnoLMt3MJB1n_0083.wav,সংক্ষেপে in tutorial শিখেছি,4.0
/home/abdullahmm/Shivam/subtask2_blindtest_wReadme/bengali/bengali_blind_wav/882512_OIeBGnoLMt3MJB1n_0084.wav,/home/abdullahmm/Shivam/subtask2_blindtest_wReadme/bengali/bengali_blind_wav/882512_OIeBGnoLMt3MJB1n_0084.wav,সহজ java প্রকল্প তৈরি করা web,3.0
/home/abdullahmm/Shivam/subtask2_blindtest_wReadme/bengali/bengali_blind_wav/882512_OIeBGnoLMt3MJB1n_0085.wav,/home/abdullahmm/Shivam/subtask2_blindtest_wReadme/bengali/bengali_blind_wav/882512_OIeBGnoLMt3MJB1n_0085.wav,web প্রকল্প সম্পাদিত করা,3.0
/home/abdullahmm/Shivam/subtask2_blindtest_wReadme/bengali/bengali_blind_wav/882512_OIeBGnoLMt3MJB1n_0086.wav,/home/abdullahmm/Shivam/subtask2_blindtest_wReadme/bengali/bengali_blind_wav/882512_OIeBGnoLMt3MJB1n_0086.wav,web . xml file সম্পর্কে,3.0
/home/abdullahmm/Shivam/subtask2_blindtest_wReadme/bengali/bengali_blind_wav/882512_OIeBGnoLMt3MJB1n_0087.wav,/home/abdullahmm/Shivam/subtask2_blindtest_wReadme/bengali/bengali_blind_wav/882512_OIeBGnoLMt3MJB1n_0087.wav,এই লিঙ্কে উপলব্ধ,2.0
/home/abdullahmm/Shivam/subtask2_blindtest_wReadme/bengali/bengali_blind_wav/882512_OIeBGnoLMt3MJB1n_0088.wav,/home/abdullahmm/Shivam/subtask2_blindtest_wReadme/bengali/bengali_blind_wav/882512_OIeBGnoLMt3MJB1n_0088.wav,ভিডিওটি দেখুন এটি প্রকল্পকে সারসংক্ষেপে,4.0
/home/abdullahmm/Shivam/subtask2_blindtest_wReadme/bengali/bengali_blind_wav/882512_OIeBGnoLMt3MJB1n_0089.wav,/home/abdullahmm/Shivam/subtask2_blindtest_wReadme/bengali/bengali_blind_wav/882512_OIeBGnoLMt3MJB1n_0089.wav,বোঝায় ভালো bandwidth না থাকলে,4.0
/home/abdullahmm/Shivam/subtask2_blindtest_wReadme/bengali/bengali_blind_wav/882512_OIeBGnoLMt3MJB1n_0090.wav,/home/abdullahmm/Shivam/subtask2_blindtest_wReadme/bengali/bengali_blind_wav/882512_OIeBGnoLMt3MJB1n_0090.wav,ভাল bandwidth না থাকলে ভিডিওটি download করে দেখুন,4.0
/home/abdullahmm/Shivam/subtask2_blindtest_wReadme/bengali/bengali_blind_wav/882512_OIeBGnoLMt3MJB1n_0091.wav,/home/abdullahmm/Shivam/subtask2_blindtest_wReadme/bengali/bengali_blind_wav/882512_OIeBGnoLMt3MJB1n_0091.wav,spoken tutorial প্রকল্প the,2.0
/home/abdullahmm/Shivam/subtask2_blindtest_wReadme/bengali/bengali_blind_wav/882512_OIeBGnoLMt3MJB1n_0092.wav,/home/abdullahmm/Shivam/subtask2_blindtest_wReadme/bengali/bengali_blind_wav/882512_OIeBGnoLMt3MJB1n_0092.wav,দল কর্মশালার আয়োজন করে online পরীক্ষা,4.0
/home/abdullahmm/Shivam/subtask2_blindtest_wReadme/bengali/bengali_blind_wav/882512_OIeBGnoLMt3MJB1n_0093.wav,/home/abdullahmm/Shivam/subtask2_blindtest_wReadme/bengali/bengali_blind_wav/882512_OIeBGnoLMt3MJB1n_0093.wav,pass করলে প্রশংসাপত্র দেয়,3.0
/home/abdullahmm/Shivam/subtask2_blindtest_wReadme/bengali/bengali_blind_wav/882512_OIeBGnoLMt3MJB1n_0095.wav,/home/abdullahmm/Shivam/subtask2_blindtest_wReadme/bengali/bengali_blind_wav/882512_OIeBGnoLMt3MJB1n_0095.wav,spoken tutorial প্রকল্প talk to a teacher প্রকল্পের অংশবিশেষ,4.0
/home/abdullahmm/Shivam/subtask2_blindtest_wReadme/bengali/bengali_blind_wav/882512_OIeBGnoLMt3MJB1n_0096.wav,/home/abdullahmm/Shivam/subtask2_blindtest_wReadme/bengali/bengali_blind_wav/882512_OIeBGnoLMt3MJB1n_0096.wav,প্রকল্পের অংশবিশেষ এটি ভারত সরকারের i,6.0
/home/abdullahmm/Shivam/subtask2_blindtest_wReadme/bengali/bengali_blind_wav/882512_OIeBGnoLMt3MJB1n_0097.wav,/home/abdullahmm/Shivam/subtask2_blindtest_wReadme/bengali/bengali_blind_wav/882512_OIeBGnoLMt3MJB1n_0097.wav,এটি mhrd জাতীয় শিক্ষা mission দ্বারা সমর্থিত,4.0
/home/abdullahmm/Shivam/subtask2_blindtest_wReadme/bengali/bengali_blind_wav/882512_OIeBGnoLMt3MJB1n_0098.wav,/home/abdullahmm/Shivam/subtask2_blindtest_wReadme/bengali/bengali_blind_wav/882512_OIeBGnoLMt3MJB1n_0098.wav,library management system একটি software mnc তাদের corporate social responsibility প্রোগ্রামের মাধ্যমে করেছে,10.0
/home/abdullahmm/Shivam/subtask2_blindtest_wReadme/bengali/bengali_blind_wav/882512_OIeBGnoLMt3MJB1n_0099.wav,/home/abdullahmm/Shivam/subtask2_blindtest_wReadme/bengali/bengali_blind_wav/882512_OIeBGnoLMt3MJB1n_0099.wav,তারা এই টিউটোরিয়ালের বিষয়বস্তুও যাচাই করেছে,4.0
/home/abdullahmm/Shivam/subtask2_blindtest_wReadme/bengali/bengali_blind_wav/882512_OIeBGnoLMt3MJB1n_0100.wav,/home/abdullahmm/Shivam/subtask2_blindtest_wReadme/bengali/bengali_blind_wav/882512_OIeBGnoLMt3MJB1n_0100.wav,আমি কৌশিক দত্ত এই টিউটোরিয়ালটি অনুবাদ করেছি ধন্যবাদ,6.23
/home/abdullahmm/Shivam/subtask2_blindtest_wReadme/bengali/bengali_blind_wav/899425_4wzN6pbna4aJgefD_0000.wav,/home/abdullahmm/Shivam/subtask2_blindtest_wReadme/bengali/bengali_blind_wav/899425_4wzN6pbna4aJgefD_0000.wav,mozilla firefox এ bookmark সংগঠন এবং printing এর কথ্য টিউটোরিয়ালে আপনাদের স্বাগত,7.0
/home/abdullahmm/Shivam/subtask2_blindtest_wReadme/bengali/bengali_blind_wav/899425_4wzN6pbna4aJgefD_0001.wav,/home/abdullahmm/Shivam/subtask2_blindtest_wReadme/bengali/bengali_blind_wav/899425_4wzN6pbna4aJgefD_0001.wav,এই টিউটোরিয়ালে আমরা bookmark সম্পর্কে শিখব,4.0
/home/abdullahmm/Shivam/subtask2_blindtest_wReadme/bengali/bengali_blind_wav/899425_4wzN6pbna4aJgefD_0002.wav,/home/abdullahmm/Shivam/subtask2_blindtest_wReadme/bengali/bengali_blind_wav/899425_4wzN6pbna4aJgefD_0002.wav,bookmark সংগঠন করা firefox পৃষ্ঠা setup করা preview এবং print করাও শিখব,7.0
/home/abdullahmm/Shivam/subtask2_blindtest_wReadme/bengali/bengali_blind_wav/899425_4wzN6pbna4aJgefD_0003.wav,/home/abdullahmm/Shivam/subtask2_blindtest_wReadme/bengali/bengali_blind_wav/899425_4wzN6pbna4aJgefD_0003.wav,এখানে আমরা firefox সংস্করণ 7 . 0 ব্যবহার করছি যা ubuntu 10 . 04 এ উপলব্ধ,8.0
/home/abdullahmm/Shivam/subtask2_blindtest_wReadme/bengali/bengali_blind_wav/899425_4wzN6pbna4aJgefD_0004.wav,/home/abdullahmm/Shivam/subtask2_blindtest_wReadme/bengali/bengali_blind_wav/899425_4wzN6pbna4aJgefD_0004.wav,এখন firefox browser খোলা যাক,3.0
/home/abdullahmm/Shivam/subtask2_blindtest_wReadme/bengali/bengali_blind_wav/899425_4wzN6pbna4aJgefD_0005.wav,/home/abdullahmm/Shivam/subtask2_blindtest_wReadme/bengali/bengali_blind_wav/899425_4wzN6pbna4aJgefD_0005.wav,defaultরূপে yahoo home page খোলে,3.0
/home/abdullahmm/Shivam/subtask2_blindtest_wReadme/bengali/bengali_blind_wav/899425_4wzN6pbna4aJgefD_0006.wav,/home/abdullahmm/Shivam/subtask2_blindtest_wReadme/bengali/bengali_blind_wav/899425_4wzN6pbna4aJgefD_0006.wav,প্রায়ই ব্যবহৃত পৃষ্ঠাসমূহে navigate করতে bookmarks সাহায্য করে,5.0
/home/abdullahmm/Shivam/subtask2_blindtest_wReadme/bengali/bengali_blind_wav/899425_4wzN6pbna4aJgefD_0007.wav,/home/abdullahmm/Shivam/subtask2_blindtest_wReadme/bengali/bengali_blind_wav/899425_4wzN6pbna4aJgefD_0007.wav,আমরা আগের টিউটোরিয়ালে bookmarks সম্পর্কে অল্প শিখেছি,5.0
/home/abdullahmm/Shivam/subtask2_blindtest_wReadme/bengali/bengali_blind_wav/899425_4wzN6pbna4aJgefD_0008.wav,/home/abdullahmm/Shivam/subtask2_blindtest_wReadme/bengali/bengali_blind_wav/899425_4wzN6pbna4aJgefD_0008.wav,আমরা gmail এর জন্য একটি bookmarks ও যোগ করেছি,4.0
/home/abdullahmm/Shivam/subtask2_blindtest_wReadme/bengali/bengali_blind_wav/899425_4wzN6pbna4aJgefD_0009.wav,/home/abdullahmm/Shivam/subtask2_blindtest_wReadme/bengali/bengali_blind_wav/899425_4wzN6pbna4aJgefD_0009.wav,gmail home page খুলতে এটিতে টিপুন,4.0
/home/abdullahmm/Shivam/subtask2_blindtest_wReadme/bengali/bengali_blind_wav/899425_4wzN6pbna4aJgefD_0010.wav,/home/abdullahmm/Shivam/subtask2_blindtest_wReadme/bengali/bengali_blind_wav/899425_4wzN6pbna4aJgefD_0010.wav,আপনাকে gmail হোমপেজে নিয়ে যাওয়া হয়েছে,3.0
/home/abdullahmm/Shivam/subtask2_blindtest_wReadme/bengali/bengali_blind_wav/899425_4wzN6pbna4aJgefD_0011.wav,/home/abdullahmm/Shivam/subtask2_blindtest_wReadme/bengali/bengali_blind_wav/899425_4wzN6pbna4aJgefD_0011.wav,আপনি কি address বারে gmail address এর ডানদিকে হলুদ তারকা লক্ষ্য করেছেন,6.0
/home/abdullahmm/Shivam/subtask2_blindtest_wReadme/bengali/bengali_blind_wav/899425_4wzN6pbna4aJgefD_0012.wav,/home/abdullahmm/Shivam/subtask2_blindtest_wReadme/bengali/bengali_blind_wav/899425_4wzN6pbna4aJgefD_0012.wav,এটি নির্দেশ দেয় যে এই সাইটকে bookmark করা হয়েছে,4.0
/home/abdullahmm/Shivam/subtask2_blindtest_wReadme/bengali/bengali_blind_wav/899425_4wzN6pbna4aJgefD_0013.wav,/home/abdullahmm/Shivam/subtask2_blindtest_wReadme/bengali/bengali_blind_wav/899425_4wzN6pbna4aJgefD_0013.wav,আপনি bookmark এর নাম বদলাতে তারকার ব্যবহার করে এটি ভিন্ন folder এ রাখতে পারেন,6.0
/home/abdullahmm/Shivam/subtask2_blindtest_wReadme/bengali/bengali_blind_wav/899425_4wzN6pbna4aJgefD_0014.wav,/home/abdullahmm/Shivam/subtask2_blindtest_wReadme/bengali/bengali_blind_wav/899425_4wzN6pbna4aJgefD_0014.wav,gmail এর নাম my gmail পেজে বদলান এবং এটি my new bookmarks নামক ফোল্ডারে রাখুন,9.0
/home/abdullahmm/Shivam/subtask2_blindtest_wReadme/bengali/bengali_blind_wav/899425_4wzN6pbna4aJgefD_0015.wav,/home/abdullahmm/Shivam/subtask2_blindtest_wReadme/bengali/bengali_blind_wav/899425_4wzN6pbna4aJgefD_0015.wav,address বারে হলুদ তারকায় টিপুন,4.0
/home/abdullahmm/Shivam/subtask2_blindtest_wReadme/bengali/bengali_blind_wav/899425_4wzN6pbna4aJgefD_0016.wav,/home/abdullahmm/Shivam/subtask2_blindtest_wReadme/bengali/bengali_blind_wav/899425_4wzN6pbna4aJgefD_0016.wav,edit this bookmark dialog box প্রদর্শিত হয়,3.0
/home/abdullahmm/Shivam/subtask2_blindtest_wReadme/bengali/bengali_blind_wav/899425_4wzN6pbna4aJgefD_0017.wav,/home/abdullahmm/Shivam/subtask2_blindtest_wReadme/bengali/bengali_blind_wav/899425_4wzN6pbna4aJgefD_0017.wav,name ক্ষেত্রে my gmail page লিখুন,4.0
/home/abdullahmm/Shivam/subtask2_blindtest_wReadme/bengali/bengali_blind_wav/899425_4wzN6pbna4aJgefD_0018.wav,/home/abdullahmm/Shivam/subtask2_blindtest_wReadme/bengali/bengali_blind_wav/899425_4wzN6pbna4aJgefD_0018.wav,folder drop ডাউনে টিপুন এবং choose নির্বাচন করুন,5.0
/home/abdullahmm/Shivam/subtask2_blindtest_wReadme/bengali/bengali_blind_wav/899425_4wzN6pbna4aJgefD_0019.wav,/home/abdullahmm/Shivam/subtask2_blindtest_wReadme/bengali/bengali_blind_wav/899425_4wzN6pbna4aJgefD_0019.wav,bookmarks menu নির্বাচন করুন এবং new folder এ টিপুন,5.0
/home/abdullahmm/Shivam/subtask2_blindtest_wReadme/bengali/bengali_blind_wav/899425_4wzN6pbna4aJgefD_0020.wav,/home/abdullahmm/Shivam/subtask2_blindtest_wReadme/bengali/bengali_blind_wav/899425_4wzN6pbna4aJgefD_0020.wav,new folder তৈরি হয়,2.0
/home/abdullahmm/Shivam/subtask2_blindtest_wReadme/bengali/bengali_blind_wav/899425_4wzN6pbna4aJgefD_0021.wav,/home/abdullahmm/Shivam/subtask2_blindtest_wReadme/bengali/bengali_blind_wav/899425_4wzN6pbna4aJgefD_0021.wav,এই ফোল্ডারের নাম mybookmarks এ বদলাই,4.0
/home/abdullahmm/Shivam/subtask2_blindtest_wReadme/bengali/bengali_blind_wav/899425_4wzN6pbna4aJgefD_0022.wav,/home/abdullahmm/Shivam/subtask2_blindtest_wReadme/bengali/bengali_blind_wav/899425_4wzN6pbna4aJgefD_0022.wav,tags এ email type করুন,4.0
/home/abdullahmm/Shivam/subtask2_blindtest_wReadme/bengali/bengali_blind_wav/899425_4wzN6pbna4aJgefD_0023.wav,/home/abdullahmm/Shivam/subtask2_blindtest_wReadme/bengali/bengali_blind_wav/899425_4wzN6pbna4aJgefD_0023.wav,এটি bookmarks শ্রেণীবদ্ধ করতে সাহায্য করে,3.0
/home/abdullahmm/Shivam/subtask2_blindtest_wReadme/bengali/bengali_blind_wav/899425_4wzN6pbna4aJgefD_0024.wav,/home/abdullahmm/Shivam/subtask2_blindtest_wReadme/bengali/bengali_blind_wav/899425_4wzN6pbna4aJgefD_0024.wav,বুকমার্ক্সের সাথে কয়েকটি tags যুক্ত করতে পারি,3.0
/home/abdullahmm/Shivam/subtask2_blindtest_wReadme/bengali/bengali_blind_wav/899425_4wzN6pbna4aJgefD_0025.wav,/home/abdullahmm/Shivam/subtask2_blindtest_wReadme/bengali/bengali_blind_wav/899425_4wzN6pbna4aJgefD_0025.wav,আপনি একটি shopping site bookmark করলে,3.0
/home/abdullahmm/Shivam/subtask2_blindtest_wReadme/bengali/bengali_blind_wav/899425_4wzN6pbna4aJgefD_0026.wav,/home/abdullahmm/Shivam/subtask2_blindtest_wReadme/bengali/bengali_blind_wav/899425_4wzN6pbna4aJgefD_0026.wav,gifts books বা toys শব্দ দ্বারা tag করতে পারেন,5.0
/home/abdullahmm/Shivam/subtask2_blindtest_wReadme/bengali/bengali_blind_wav/899425_4wzN6pbna4aJgefD_0027.wav,/home/abdullahmm/Shivam/subtask2_blindtest_wReadme/bengali/bengali_blind_wav/899425_4wzN6pbna4aJgefD_0027.wav,এখন ডানে টিপুন,3.0
/home/abdullahmm/Shivam/subtask2_blindtest_wReadme/bengali/bengali_blind_wav/899425_4wzN6pbna4aJgefD_0028.wav,/home/abdullahmm/Shivam/subtask2_blindtest_wReadme/bengali/bengali_blind_wav/899425_4wzN6pbna4aJgefD_0028.wav,অথবা আপনি পৃষ্ঠা bookmark করতে,3.0
/home/abdullahmm/Shivam/subtask2_blindtest_wReadme/bengali/bengali_blind_wav/899425_4wzN6pbna4aJgefD_0029.wav,/home/abdullahmm/Shivam/subtask2_blindtest_wReadme/bengali/bengali_blind_wav/899425_4wzN6pbna4aJgefD_0029.wav,ctrl এবং d key ও টিপতে পারেন,3.0
/home/abdullahmm/Shivam/subtask2_blindtest_wReadme/bengali/bengali_blind_wav/899425_4wzN6pbna4aJgefD_0030.wav,/home/abdullahmm/Shivam/subtask2_blindtest_wReadme/bengali/bengali_blind_wav/899425_4wzN6pbna4aJgefD_0030.wav,menu bar থেকে bookmarks এ টিপুন,4.0
/home/abdullahmm/Shivam/subtask2_blindtest_wReadme/bengali/bengali_blind_wav/899425_4wzN6pbna4aJgefD_0031.wav,/home/abdullahmm/Shivam/subtask2_blindtest_wReadme/bengali/bengali_blind_wav/899425_4wzN6pbna4aJgefD_0031.wav,bookmarks মেনুতে mybookmarks folder প্রদর্শিত হয়,4.0
/home/abdullahmm/Shivam/subtask2_blindtest_wReadme/bengali/bengali_blind_wav/899425_4wzN6pbna4aJgefD_0032.wav,/home/abdullahmm/Shivam/subtask2_blindtest_wReadme/bengali/bengali_blind_wav/899425_4wzN6pbna4aJgefD_0032.wav,folder উপর cursor রাখুন,3.0
/home/abdullahmm/Shivam/subtask2_blindtest_wReadme/bengali/bengali_blind_wav/899425_4wzN6pbna4aJgefD_0033.wav,/home/abdullahmm/Shivam/subtask2_blindtest_wReadme/bengali/bengali_blind_wav/899425_4wzN6pbna4aJgefD_0033.wav,এখানে my gmail page bookmark সংরক্ষিত আছে,4.0
/home/abdullahmm/Shivam/subtask2_blindtest_wReadme/bengali/bengali_blind_wav/899425_4wzN6pbna4aJgefD_0034.wav,/home/abdullahmm/Shivam/subtask2_blindtest_wReadme/bengali/bengali_blind_wav/899425_4wzN6pbna4aJgefD_0034.wav,এখন address বারে email tag type করুন,4.0
/home/abdullahmm/Shivam/subtask2_blindtest_wReadme/bengali/bengali_blind_wav/899425_4wzN6pbna4aJgefD_0035.wav,/home/abdullahmm/Shivam/subtask2_blindtest_wReadme/bengali/bengali_blind_wav/899425_4wzN6pbna4aJgefD_0035.wav,লক্ষ্য করুন যে my gmail page site তালিকায় প্রথম বিকল্প হিসেবে দেখানো হয়েছে,7.0
/home/abdullahmm/Shivam/subtask2_blindtest_wReadme/bengali/bengali_blind_wav/899425_4wzN6pbna4aJgefD_0036.wav,/home/abdullahmm/Shivam/subtask2_blindtest_wReadme/bengali/bengali_blind_wav/899425_4wzN6pbna4aJgefD_0036.wav,তাই আমরা bookmark এর নাম বদলে দিয়েছি এটি অন্য folder এ রেখেছি এবং tag দ্বারা এর স্থান খুঁজেছি,7.0
/home/abdullahmm/Shivam/subtask2_blindtest_wReadme/bengali/bengali_blind_wav/899425_4wzN6pbna4aJgefD_0038.wav,/home/abdullahmm/Shivam/subtask2_blindtest_wReadme/bengali/bengali_blind_wav/899425_4wzN6pbna4aJgefD_0038.wav,address নির্বাচন করে একে মুছে ফেলুন,3.0
/home/abdullahmm/Shivam/subtask2_blindtest_wReadme/bengali/bengali_blind_wav/899425_4wzN6pbna4aJgefD_0040.wav,/home/abdullahmm/Shivam/subtask2_blindtest_wReadme/bengali/bengali_blind_wav/899425_4wzN6pbna4aJgefD_0040.wav,enter টিপুন,2.0
/home/abdullahmm/Shivam/subtask2_blindtest_wReadme/bengali/bengali_blind_wav/899425_4wzN6pbna4aJgefD_0041.wav,/home/abdullahmm/Shivam/subtask2_blindtest_wReadme/bengali/bengali_blind_wav/899425_4wzN6pbna4aJgefD_0041.wav,এখন address বারের ডান কোনায় star এ টিপুন,5.0
/home/abdullahmm/Shivam/subtask2_blindtest_wReadme/bengali/bengali_blind_wav/899425_4wzN6pbna4aJgefD_0042.wav,/home/abdullahmm/Shivam/subtask2_blindtest_wReadme/bengali/bengali_blind_wav/899425_4wzN6pbna4aJgefD_0042.wav,google website bookmark হয়ে গেছে,4.0
/home/abdullahmm/Shivam/subtask2_blindtest_wReadme/bengali/bengali_blind_wav/899425_4wzN6pbna4aJgefD_0043.wav,/home/abdullahmm/Shivam/subtask2_blindtest_wReadme/bengali/bengali_blind_wav/899425_4wzN6pbna4aJgefD_0043.wav,একইভাবে আরো চারটি site bookmark করি spoken tutorial yahoo firefox addons এবং ubuntu,24.0
/home/abdullahmm/Shivam/subtask2_blindtest_wReadme/bengali/bengali_blind_wav/899425_4wzN6pbna4aJgefD_0044.wav,/home/abdullahmm/Shivam/subtask2_blindtest_wReadme/bengali/bengali_blind_wav/899425_4wzN6pbna4aJgefD_0044.wav,আমরা এই bookmarks folder সংরক্ষণ করিনি,4.0
/home/abdullahmm/Shivam/subtask2_blindtest_wReadme/bengali/bengali_blind_wav/899425_4wzN6pbna4aJgefD_0045.wav,/home/abdullahmm/Shivam/subtask2_blindtest_wReadme/bengali/bengali_blind_wav/899425_4wzN6pbna4aJgefD_0045.wav,এবং আমাদের দ্বারা তৈরী bookmark কিভাবে মুছে দেই,4.0
/home/abdullahmm/Shivam/subtask2_blindtest_wReadme/bengali/bengali_blind_wav/899425_4wzN6pbna4aJgefD_0046.wav,/home/abdullahmm/Shivam/subtask2_blindtest_wReadme/bengali/bengali_blind_wav/899425_4wzN6pbna4aJgefD_0046.wav,অবশ্যই আপনি ইতিমধ্যে edit this bookmark dialog বাক্সে remove bookmark বোতাম দেখেছেন,6.0
/home/abdullahmm/Shivam/subtask2_blindtest_wReadme/bengali/bengali_blind_wav/899425_4wzN6pbna4aJgefD_0049.wav,/home/abdullahmm/Shivam/subtask2_blindtest_wReadme/bengali/bengali_blind_wav/899425_4wzN6pbna4aJgefD_0049.wav,edit this bookmark dialog box এ remove bookmark বোতামে টিপুন,6.0
/home/abdullahmm/Shivam/subtask2_blindtest_wReadme/bengali/bengali_blind_wav/899425_4wzN6pbna4aJgefD_0050.wav,/home/abdullahmm/Shivam/subtask2_blindtest_wReadme/bengali/bengali_blind_wav/899425_4wzN6pbna4aJgefD_0050.wav,menu bar থেকে bookmarks এবং mybookmarks এ টিপুন,5.0
/home/abdullahmm/Shivam/subtask2_blindtest_wReadme/bengali/bengali_blind_wav/899425_4wzN6pbna4aJgefD_0051.wav,/home/abdullahmm/Shivam/subtask2_blindtest_wReadme/bengali/bengali_blind_wav/899425_4wzN6pbna4aJgefD_0051.wav,bookmarks মেনুতে google bookmark এখন আর দৃশ্যমান নয়,5.0
/home/abdullahmm/Shivam/subtask2_blindtest_wReadme/bengali/bengali_blind_wav/899425_4wzN6pbna4aJgefD_0052.wav,/home/abdullahmm/Shivam/subtask2_blindtest_wReadme/bengali/bengali_blind_wav/899425_4wzN6pbna4aJgefD_0052.wav,নিজের তৈরি করা bookmarks কিভাবে access করতে পারেন,4.0
/home/abdullahmm/Shivam/subtask2_blindtest_wReadme/bengali/bengali_blind_wav/899425_4wzN6pbna4aJgefD_0053.wav,/home/abdullahmm/Shivam/subtask2_blindtest_wReadme/bengali/bengali_blind_wav/899425_4wzN6pbna4aJgefD_0053.wav,আপনি এটি নানাভাবে access করতে পারেন,3.0
/home/abdullahmm/Shivam/subtask2_blindtest_wReadme/bengali/bengali_blind_wav/899425_4wzN6pbna4aJgefD_0054.wav,/home/abdullahmm/Shivam/subtask2_blindtest_wReadme/bengali/bengali_blind_wav/899425_4wzN6pbna4aJgefD_0054.wav,আপনার দ্বারা bookmark করা site access করার সবচেয়ে সহজ উপায় হল address বারে নাম লেখা,7.0
/home/abdullahmm/Shivam/subtask2_blindtest_wReadme/bengali/bengali_blind_wav/899425_4wzN6pbna4aJgefD_0055.wav,/home/abdullahmm/Shivam/subtask2_blindtest_wReadme/bengali/bengali_blind_wav/899425_4wzN6pbna4aJgefD_0055.wav,address বারে টিপুন প্রদর্শিত address নির্বাচন করুন এবং এটি মুছে ফেলুন,6.0
/home/abdullahmm/Shivam/subtask2_blindtest_wReadme/bengali/bengali_blind_wav/899425_4wzN6pbna4aJgefD_0056.wav,/home/abdullahmm/Shivam/subtask2_blindtest_wReadme/bengali/bengali_blind_wav/899425_4wzN6pbna4aJgefD_0056.wav,এখন address bar অক্ষর g লিখুন,4.0
/home/abdullahmm/Shivam/subtask2_blindtest_wReadme/bengali/bengali_blind_wav/899425_4wzN6pbna4aJgefD_0057.wav,/home/abdullahmm/Shivam/subtask2_blindtest_wReadme/bengali/bengali_blind_wav/899425_4wzN6pbna4aJgefD_0057.wav,লক্ষ্য করুন যে g অক্ষর দিয়ে শুরু হওয়া ওয়েবসাইটের একটি তালিকা প্রদর্শিত হয়,6.0
/home/abdullahmm/Shivam/subtask2_blindtest_wReadme/bengali/bengali_blind_wav/899425_4wzN6pbna4aJgefD_0058.wav,/home/abdullahmm/Shivam/subtask2_blindtest_wReadme/bengali/bengali_blind_wav/899425_4wzN6pbna4aJgefD_0058.wav,এটি সেই site যা আপনি bookmark tag এবং পরিদর্শন করেছেন,6.0
/home/abdullahmm/Shivam/subtask2_blindtest_wReadme/bengali/bengali_blind_wav/899425_4wzN6pbna4aJgefD_0059.wav,/home/abdullahmm/Shivam/subtask2_blindtest_wReadme/bengali/bengali_blind_wav/899425_4wzN6pbna4aJgefD_0059.wav,bookmark library উইন্ডোতে দেখতে এবং ব্যবস্থিত ও করতে পারেন,5.0
/home/abdullahmm/Shivam/subtask2_blindtest_wReadme/bengali/bengali_blind_wav/899425_4wzN6pbna4aJgefD_0060.wav,/home/abdullahmm/Shivam/subtask2_blindtest_wReadme/bengali/bengali_blind_wav/899425_4wzN6pbna4aJgefD_0060.wav,menu bar থেকে bookmarks এ টিপে show all bookmarks নির্বাচন করুন,6.0
/home/abdullahmm/Shivam/subtask2_blindtest_wReadme/bengali/bengali_blind_wav/899425_4wzN6pbna4aJgefD_0061.wav,/home/abdullahmm/Shivam/subtask2_blindtest_wReadme/bengali/bengali_blind_wav/899425_4wzN6pbna4aJgefD_0061.wav,library window প্রদর্শিত হয়,3.0
/home/abdullahmm/Shivam/subtask2_blindtest_wReadme/bengali/bengali_blind_wav/899425_4wzN6pbna4aJgefD_0062.wav,/home/abdullahmm/Shivam/subtask2_blindtest_wReadme/bengali/bengali_blind_wav/899425_4wzN6pbna4aJgefD_0062.wav,defaultরূপে আপনার তৈরি করা সকল bookmark unsorted bookmarks folder এ সংরক্ষিত হয়,7.0
/home/abdullahmm/Shivam/subtask2_blindtest_wReadme/bengali/bengali_blind_wav/899425_4wzN6pbna4aJgefD_0063.wav,/home/abdullahmm/Shivam/subtask2_blindtest_wReadme/bengali/bengali_blind_wav/899425_4wzN6pbna4aJgefD_0063.wav,লক্ষ্য করুন যে yahoo spoken tutorial ubuntu এবং firefox addons bookmarks এখানে তালিকাভুক্ত,8.0
/home/abdullahmm/Shivam/subtask2_blindtest_wReadme/bengali/bengali_blind_wav/899425_4wzN6pbna4aJgefD_0064.wav,/home/abdullahmm/Shivam/subtask2_blindtest_wReadme/bengali/bengali_blind_wav/899425_4wzN6pbna4aJgefD_0064.wav,ধরুন আমি bookmarks মেনুতে yahoo india bookmark জুড়তে চাই,5.0
/home/abdullahmm/Shivam/subtask2_blindtest_wReadme/bengali/bengali_blind_wav/899425_4wzN6pbna4aJgefD_0065.wav,/home/abdullahmm/Shivam/subtask2_blindtest_wReadme/bengali/bengali_blind_wav/899425_4wzN6pbna4aJgefD_0065.wav,প্রথমে library window পর্দার কেন্দ্রে নিয়ে যাই,5.0
/home/abdullahmm/Shivam/subtask2_blindtest_wReadme/bengali/bengali_blind_wav/899425_4wzN6pbna4aJgefD_0066.wav,/home/abdullahmm/Shivam/subtask2_blindtest_wReadme/bengali/bengali_blind_wav/899425_4wzN6pbna4aJgefD_0066.wav,এখন আমরা menu bar এবং বিকল্প স্পষ্টরূপে দেখতে পারি,5.0
/home/abdullahmm/Shivam/subtask2_blindtest_wReadme/bengali/bengali_blind_wav/899425_4wzN6pbna4aJgefD_0067.wav,/home/abdullahmm/Shivam/subtask2_blindtest_wReadme/bengali/bengali_blind_wav/899425_4wzN6pbna4aJgefD_0067.wav,unsorted folder থেকে yahoo bookmark নির্বাচন করুন,4.0
/home/abdullahmm/Shivam/subtask2_blindtest_wReadme/bengali/bengali_blind_wav/899425_4wzN6pbna4aJgefD_0068.wav,/home/abdullahmm/Shivam/subtask2_blindtest_wReadme/bengali/bengali_blind_wav/899425_4wzN6pbna4aJgefD_0068.wav,বাম mouse বোতাম টিপুন এবং bookmark কে bookmarks মেনুতে drag করুন,6.0
/home/abdullahmm/Shivam/subtask2_blindtest_wReadme/bengali/bengali_blind_wav/899425_4wzN6pbna4aJgefD_0069.wav,/home/abdullahmm/Shivam/subtask2_blindtest_wReadme/bengali/bengali_blind_wav/899425_4wzN6pbna4aJgefD_0069.wav,নিশ্চিত করুন যে cursor bookmarks মেনুতে আছে,4.0
/home/abdullahmm/Shivam/subtask2_blindtest_wReadme/bengali/bengali_blind_wav/899425_4wzN6pbna4aJgefD_0070.wav,/home/abdullahmm/Shivam/subtask2_blindtest_wReadme/bengali/bengali_blind_wav/899425_4wzN6pbna4aJgefD_0070.wav,bookmarks menu খোলে,3.0
/home/abdullahmm/Shivam/subtask2_blindtest_wReadme/bengali/bengali_blind_wav/899425_4wzN6pbna4aJgefD_0071.wav,/home/abdullahmm/Shivam/subtask2_blindtest_wReadme/bengali/bengali_blind_wav/899425_4wzN6pbna4aJgefD_0071.wav,mouse সূচক মেনুতে রাখুন এবং বাম mouse বোতাম ছেড়ে দিন,5.0
/home/abdullahmm/Shivam/subtask2_blindtest_wReadme/bengali/bengali_blind_wav/899425_4wzN6pbna4aJgefD_0072.wav,/home/abdullahmm/Shivam/subtask2_blindtest_wReadme/bengali/bengali_blind_wav/899425_4wzN6pbna4aJgefD_0072.wav,এখন bookmarks মেনুতে টিপুন,3.0
/home/abdullahmm/Shivam/subtask2_blindtest_wReadme/bengali/bengali_blind_wav/899425_4wzN6pbna4aJgefD_0073.wav,/home/abdullahmm/Shivam/subtask2_blindtest_wReadme/bengali/bengali_blind_wav/899425_4wzN6pbna4aJgefD_0073.wav,এখন yahoo bookmark bookmarks মেনুতে প্রদর্শিত হয়,4.0
/home/abdullahmm/Shivam/subtask2_blindtest_wReadme/bengali/bengali_blind_wav/899425_4wzN6pbna4aJgefD_0074.wav,/home/abdullahmm/Shivam/subtask2_blindtest_wReadme/bengali/bengali_blind_wav/899425_4wzN6pbna4aJgefD_0074.wav,সরাসরি library window থেকে bookmark খুলতে এটিতে double click করুন,7.0
/home/abdullahmm/Shivam/subtask2_blindtest_wReadme/bengali/bengali_blind_wav/899425_4wzN6pbna4aJgefD_0075.wav,/home/abdullahmm/Shivam/subtask2_blindtest_wReadme/bengali/bengali_blind_wav/899425_4wzN6pbna4aJgefD_0075.wav,এখন library উইন্ডোটি বন্ধ হয়,4.0
/home/abdullahmm/Shivam/subtask2_blindtest_wReadme/bengali/bengali_blind_wav/899425_4wzN6pbna4aJgefD_0076.wav,/home/abdullahmm/Shivam/subtask2_blindtest_wReadme/bengali/bengali_blind_wav/899425_4wzN6pbna4aJgefD_0076.wav,firefox bookmarks ক্রমবদ্ধও করতে দেয়,4.0
/home/abdullahmm/Shivam/subtask2_blindtest_wReadme/bengali/bengali_blind_wav/899425_4wzN6pbna4aJgefD_0077.wav,/home/abdullahmm/Shivam/subtask2_blindtest_wReadme/bengali/bengali_blind_wav/899425_4wzN6pbna4aJgefD_0077.wav,bookmarks নাম দ্বারা ক্রমবদ্ধ করি,3.0
/home/abdullahmm/Shivam/subtask2_blindtest_wReadme/bengali/bengali_blind_wav/899425_4wzN6pbna4aJgefD_0078.wav,/home/abdullahmm/Shivam/subtask2_blindtest_wReadme/bengali/bengali_blind_wav/899425_4wzN6pbna4aJgefD_0078.wav,menu bar থেকে view তে টিপুন side bar নির্বাচন করে তারপর bookmarks এ টিপুন,6.0
/home/abdullahmm/Shivam/subtask2_blindtest_wReadme/bengali/bengali_blind_wav/899425_4wzN6pbna4aJgefD_0079.wav,/home/abdullahmm/Shivam/subtask2_blindtest_wReadme/bengali/bengali_blind_wav/899425_4wzN6pbna4aJgefD_0079.wav,বাম প্যানেলে bookmarks side bar খোলে,5.0
/home/abdullahmm/Shivam/subtask2_blindtest_wReadme/bengali/bengali_blind_wav/899425_4wzN6pbna4aJgefD_0081.wav,/home/abdullahmm/Shivam/subtask2_blindtest_wReadme/bengali/bengali_blind_wav/899425_4wzN6pbna4aJgefD_0081.wav,bookmarks side bar থেকে unsorted bookmarks folder নির্বাচন করুন এবং এতে ডান click করুন,6.0
/home/abdullahmm/Shivam/subtask2_blindtest_wReadme/bengali/bengali_blind_wav/899425_4wzN6pbna4aJgefD_0082.wav,/home/abdullahmm/Shivam/subtask2_blindtest_wReadme/bengali/bengali_blind_wav/899425_4wzN6pbna4aJgefD_0082.wav,sort by name নির্বাচন করুন,3.0
/home/abdullahmm/Shivam/subtask2_blindtest_wReadme/bengali/bengali_blind_wav/899425_4wzN6pbna4aJgefD_0083.wav,/home/abdullahmm/Shivam/subtask2_blindtest_wReadme/bengali/bengali_blind_wav/899425_4wzN6pbna4aJgefD_0083.wav,bookmarks নাম দ্বারা ক্রমবদ্ধ হয়,3.0
/home/abdullahmm/Shivam/subtask2_blindtest_wReadme/bengali/bengali_blind_wav/899425_4wzN6pbna4aJgefD_0084.wav,/home/abdullahmm/Shivam/subtask2_blindtest_wReadme/bengali/bengali_blind_wav/899425_4wzN6pbna4aJgefD_0084.wav,bookmark নিজেও পুনঃব্যবস্থিত করতে পারেন,3.0
/home/abdullahmm/Shivam/subtask2_blindtest_wReadme/bengali/bengali_blind_wav/899425_4wzN6pbna4aJgefD_0085.wav,/home/abdullahmm/Shivam/subtask2_blindtest_wReadme/bengali/bengali_blind_wav/899425_4wzN6pbna4aJgefD_0085.wav,bookmarks side bar থেকে bookmarks menu folder এ টিপুন এবং সেটি খুলুন,6.0
/home/abdullahmm/Shivam/subtask2_blindtest_wReadme/bengali/bengali_blind_wav/899425_4wzN6pbna4aJgefD_0086.wav,/home/abdullahmm/Shivam/subtask2_blindtest_wReadme/bengali/bengali_blind_wav/899425_4wzN6pbna4aJgefD_0086.wav,এরপর unsorted bookmarks folder e টিপুন এবং সেটি খুলুন,5.0
/home/abdullahmm/Shivam/subtask2_blindtest_wReadme/bengali/bengali_blind_wav/899425_4wzN6pbna4aJgefD_0087.wav,/home/abdullahmm/Shivam/subtask2_blindtest_wReadme/bengali/bengali_blind_wav/899425_4wzN6pbna4aJgefD_0087.wav,mouse spoken tutorial bookmark এ নিয়ে যান,4.0
/home/abdullahmm/Shivam/subtask2_blindtest_wReadme/bengali/bengali_blind_wav/899425_4wzN6pbna4aJgefD_0088.wav,/home/abdullahmm/Shivam/subtask2_blindtest_wReadme/bengali/bengali_blind_wav/899425_4wzN6pbna4aJgefD_0088.wav,এখন বাম mouse বোতাম টিপে bookmark bookmarks কে sideবারের ubuntu এবং free software folder পর্যন্ত drag করুন,10.0
/home/abdullahmm/Shivam/subtask2_blindtest_wReadme/bengali/bengali_blind_wav/899425_4wzN6pbna4aJgefD_0089.wav,/home/abdullahmm/Shivam/subtask2_blindtest_wReadme/bengali/bengali_blind_wav/899425_4wzN6pbna4aJgefD_0089.wav,এখন mouse বোতাম ছেড়ে দিন,3.0
/home/abdullahmm/Shivam/subtask2_blindtest_wReadme/bengali/bengali_blind_wav/899425_4wzN6pbna4aJgefD_0090.wav,/home/abdullahmm/Shivam/subtask2_blindtest_wReadme/bengali/bengali_blind_wav/899425_4wzN6pbna4aJgefD_0090.wav,bookmark ubuntu এবং free software folderএ নিয়ে যাওয়া হয়েছে,5.0
/home/abdullahmm/Shivam/subtask2_blindtest_wReadme/bengali/bengali_blind_wav/899425_4wzN6pbna4aJgefD_0091.wav,/home/abdullahmm/Shivam/subtask2_blindtest_wReadme/bengali/bengali_blind_wav/899425_4wzN6pbna4aJgefD_0091.wav,bookmarks sideবারে করা পরিবর্তনসমূহ bookmarks মেনুতে প্রতিফলিত হয়,5.0
/home/abdullahmm/Shivam/subtask2_blindtest_wReadme/bengali/bengali_blind_wav/899425_4wzN6pbna4aJgefD_0092.wav,/home/abdullahmm/Shivam/subtask2_blindtest_wReadme/bengali/bengali_blind_wav/899425_4wzN6pbna4aJgefD_0092.wav,আপনি এটি স্বয়ংক্রিয়ভাবে ক্রমবদ্ধ করতে পারেন,4.0
/home/abdullahmm/Shivam/subtask2_blindtest_wReadme/bengali/bengali_blind_wav/899425_4wzN6pbna4aJgefD_0093.wav,/home/abdullahmm/Shivam/subtask2_blindtest_wReadme/bengali/bengali_blind_wav/899425_4wzN6pbna4aJgefD_0093.wav,menu bar থেকে bookmarks এ টিপুন এবং show all bookmarks নির্বাচন করুন,6.0
/home/abdullahmm/Shivam/subtask2_blindtest_wReadme/bengali/bengali_blind_wav/899425_4wzN6pbna4aJgefD_0094.wav,/home/abdullahmm/Shivam/subtask2_blindtest_wReadme/bengali/bengali_blind_wav/899425_4wzN6pbna4aJgefD_0094.wav,প্রদর্শিত library উইন্ডোতে বাম panel থেকে unsorted bookmarks নির্বাচন করুন,6.0
/home/abdullahmm/Shivam/subtask2_blindtest_wReadme/bengali/bengali_blind_wav/899425_4wzN6pbna4aJgefD_0095.wav,/home/abdullahmm/Shivam/subtask2_blindtest_wReadme/bengali/bengali_blind_wav/899425_4wzN6pbna4aJgefD_0095.wav,এখন views sort এবং sort by addedএ টিপুন,6.0
/home/abdullahmm/Shivam/subtask2_blindtest_wReadme/bengali/bengali_blind_wav/899425_4wzN6pbna4aJgefD_0096.wav,/home/abdullahmm/Shivam/subtask2_blindtest_wReadme/bengali/bengali_blind_wav/899425_4wzN6pbna4aJgefD_0096.wav,address যে ক্রমে bookmarks হিসাবে জুড়েছিল সেই অনুসারে ক্রমবদ্ধ হয় ক্লোজে টিপুন,7.0
/home/abdullahmm/Shivam/subtask2_blindtest_wReadme/bengali/bengali_blind_wav/899425_4wzN6pbna4aJgefD_0097.wav,/home/abdullahmm/Shivam/subtask2_blindtest_wReadme/bengali/bengali_blind_wav/899425_4wzN6pbna4aJgefD_0097.wav,অবশেষে শিখি যে এই web page কিভাবে print করে,4.0
/home/abdullahmm/Shivam/subtask2_blindtest_wReadme/bengali/bengali_blind_wav/899425_4wzN6pbna4aJgefD_0098.wav,/home/abdullahmm/Shivam/subtask2_blindtest_wReadme/bengali/bengali_blind_wav/899425_4wzN6pbna4aJgefD_0098.wav,প্রথমে আমরা এই web page প্রিন্টিঙের জন্য set করি,4.0
/home/abdullahmm/Shivam/subtask2_blindtest_wReadme/bengali/bengali_blind_wav/899425_4wzN6pbna4aJgefD_0099.wav,/home/abdullahmm/Shivam/subtask2_blindtest_wReadme/bengali/bengali_blind_wav/899425_4wzN6pbna4aJgefD_0099.wav,firefox menu থেকে ফাইলে টিপে page setup নির্বাচন করুন,5.0
/home/abdullahmm/Shivam/subtask2_blindtest_wReadme/bengali/bengali_blind_wav/899425_4wzN6pbna4aJgefD_0100.wav,/home/abdullahmm/Shivam/subtask2_blindtest_wReadme/bengali/bengali_blind_wav/899425_4wzN6pbna4aJgefD_0100.wav,page setup dialog box প্রদর্শিত হয়,4.0
/home/abdullahmm/Shivam/subtask2_blindtest_wReadme/bengali/bengali_blind_wav/899425_4wzN6pbna4aJgefD_0101.wav,/home/abdullahmm/Shivam/subtask2_blindtest_wReadme/bengali/bengali_blind_wav/899425_4wzN6pbna4aJgefD_0101.wav,পৃষ্ঠার আকার a4 নির্বাচন করুন,3.0
/home/abdullahmm/Shivam/subtask2_blindtest_wReadme/bengali/bengali_blind_wav/899425_4wzN6pbna4aJgefD_0102.wav,/home/abdullahmm/Shivam/subtask2_blindtest_wReadme/bengali/bengali_blind_wav/899425_4wzN6pbna4aJgefD_0102.wav,portrait হিসাবে orientation নির্বাচন করুন,4.0
/home/abdullahmm/Shivam/subtask2_blindtest_wReadme/bengali/bengali_blind_wav/899425_4wzN6pbna4aJgefD_0103.wav,/home/abdullahmm/Shivam/subtask2_blindtest_wReadme/bengali/bengali_blind_wav/899425_4wzN6pbna4aJgefD_0103.wav,apply এ টিপুন,2.0
/home/abdullahmm/Shivam/subtask2_blindtest_wReadme/bengali/bengali_blind_wav/899425_4wzN6pbna4aJgefD_0104.wav,/home/abdullahmm/Shivam/subtask2_blindtest_wReadme/bengali/bengali_blind_wav/899425_4wzN6pbna4aJgefD_0104.wav,settings এ প্রয়োগ জাচাই করতে file এ টিপে print preview নির্বাচন করুন,6.0
/home/abdullahmm/Shivam/subtask2_blindtest_wReadme/bengali/bengali_blind_wav/899425_4wzN6pbna4aJgefD_0105.wav,/home/abdullahmm/Shivam/subtask2_blindtest_wReadme/bengali/bengali_blind_wav/899425_4wzN6pbna4aJgefD_0105.wav,আপনি পৃষ্ঠা ঠিক সেইভাবে দেখেন যেমন প্রিন্টের পর দেখাবে,4.0
/home/abdullahmm/Shivam/subtask2_blindtest_wReadme/bengali/bengali_blind_wav/899425_4wzN6pbna4aJgefD_0106.wav,/home/abdullahmm/Shivam/subtask2_blindtest_wReadme/bengali/bengali_blind_wav/899425_4wzN6pbna4aJgefD_0106.wav,ক্লোজে টিপুন,2.0
/home/abdullahmm/Shivam/subtask2_blindtest_wReadme/bengali/bengali_blind_wav/899425_4wzN6pbna4aJgefD_0107.wav,/home/abdullahmm/Shivam/subtask2_blindtest_wReadme/bengali/bengali_blind_wav/899425_4wzN6pbna4aJgefD_0107.wav,firefox menu bar থেকে ফাইলে টিপে print নির্বাচন করুন,5.0
/home/abdullahmm/Shivam/subtask2_blindtest_wReadme/bengali/bengali_blind_wav/899425_4wzN6pbna4aJgefD_0108.wav,/home/abdullahmm/Shivam/subtask2_blindtest_wReadme/bengali/bengali_blind_wav/899425_4wzN6pbna4aJgefD_0108.wav,পর্দায় print dialog box প্রদর্শিত হয়,3.0
/home/abdullahmm/Shivam/subtask2_blindtest_wReadme/bengali/bengali_blind_wav/899425_4wzN6pbna4aJgefD_0109.wav,/home/abdullahmm/Shivam/subtask2_blindtest_wReadme/bengali/bengali_blind_wav/899425_4wzN6pbna4aJgefD_0109.wav,এখানে general ট্যাবে generic printer বিকল্পটি নির্বাচন করি,5.0
/home/abdullahmm/Shivam/subtask2_blindtest_wReadme/bengali/bengali_blind_wav/899425_4wzN6pbna4aJgefD_0110.wav,/home/abdullahmm/Shivam/subtask2_blindtest_wReadme/bengali/bengali_blind_wav/899425_4wzN6pbna4aJgefD_0110.wav,এরপর range ক্ষেত্রে all pages নির্বাচন করুন,6.0
/home/abdullahmm/Shivam/subtask2_blindtest_wReadme/bengali/bengali_blind_wav/899425_4wzN6pbna4aJgefD_0111.wav,/home/abdullahmm/Shivam/subtask2_blindtest_wReadme/bengali/bengali_blind_wav/899425_4wzN6pbna4aJgefD_0111.wav,কপিসের 1 নির্বাচন করি,3.0
/home/abdullahmm/Shivam/subtask2_blindtest_wReadme/bengali/bengali_blind_wav/899425_4wzN6pbna4aJgefD_0112.wav,/home/abdullahmm/Shivam/subtask2_blindtest_wReadme/bengali/bengali_blind_wav/899425_4wzN6pbna4aJgefD_0112.wav,options ট্যাবে টিপে ignore scaling and shrink to fit page width নির্বাচন করুন,6.0
/home/abdullahmm/Shivam/subtask2_blindtest_wReadme/bengali/bengali_blind_wav/899425_4wzN6pbna4aJgefD_0113.wav,/home/abdullahmm/Shivam/subtask2_blindtest_wReadme/bengali/bengali_blind_wav/899425_4wzN6pbna4aJgefD_0113.wav,প্রিন্টে টিপুন,2.0
/home/abdullahmm/Shivam/subtask2_blindtest_wReadme/bengali/bengali_blind_wav/899425_4wzN6pbna4aJgefD_0114.wav,/home/abdullahmm/Shivam/subtask2_blindtest_wReadme/bengali/bengali_blind_wav/899425_4wzN6pbna4aJgefD_0114.wav,printer সঠিকভাবে configured হয়ে গেলে প্রিন্টারে print শুরু করা উচিত,5.0
/home/abdullahmm/Shivam/subtask2_blindtest_wReadme/bengali/bengali_blind_wav/899425_4wzN6pbna4aJgefD_0115.wav,/home/abdullahmm/Shivam/subtask2_blindtest_wReadme/bengali/bengali_blind_wav/899425_4wzN6pbna4aJgefD_0115.wav,আমরা এই টিউটোরিয়ালের শেষে চলে এসেছি এখানে আমরা শিখেছি bookmark সম্পর্কে,7.0
/home/abdullahmm/Shivam/subtask2_blindtest_wReadme/bengali/bengali_blind_wav/899425_4wzN6pbna4aJgefD_0116.wav,/home/abdullahmm/Shivam/subtask2_blindtest_wReadme/bengali/bengali_blind_wav/899425_4wzN6pbna4aJgefD_0116.wav,এও শিখেছি যে bookmarks সংগঠন করা firefox পৃষ্ঠা setup করা preview এবং print করা,8.0
/home/abdullahmm/Shivam/subtask2_blindtest_wReadme/bengali/bengali_blind_wav/899425_4wzN6pbna4aJgefD_0117.wav,/home/abdullahmm/Shivam/subtask2_blindtest_wReadme/bengali/bengali_blind_wav/899425_4wzN6pbna4aJgefD_0117.wav,এখন নির্দেশিত কাজ,3.0
/home/abdullahmm/Shivam/subtask2_blindtest_wReadme/bengali/bengali_blind_wav/899425_4wzN6pbna4aJgefD_0118.wav,/home/abdullahmm/Shivam/subtask2_blindtest_wReadme/bengali/bengali_blind_wav/899425_4wzN6pbna4aJgefD_0118.wav,নতুন mozilla firefox window খুলুন,3.0
/home/abdullahmm/Shivam/subtask2_blindtest_wReadme/bengali/bengali_blind_wav/899425_4wzN6pbna4aJgefD_0119.wav,/home/abdullahmm/Shivam/subtask2_blindtest_wReadme/bengali/bengali_blind_wav/899425_4wzN6pbna4aJgefD_0119.wav,পাঁচটি নতুন সাইটে যান,3.0
/home/abdullahmm/Shivam/subtask2_blindtest_wReadme/bengali/bengali_blind_wav/899425_4wzN6pbna4aJgefD_0120.wav,/home/abdullahmm/Shivam/subtask2_blindtest_wReadme/bengali/bengali_blind_wav/899425_4wzN6pbna4aJgefD_0120.wav,সবগুলি bookmark করুন,2.0
/home/abdullahmm/Shivam/subtask2_blindtest_wReadme/bengali/bengali_blind_wav/899425_4wzN6pbna4aJgefD_0121.wav,/home/abdullahmm/Shivam/subtask2_blindtest_wReadme/bengali/bengali_blind_wav/899425_4wzN6pbna4aJgefD_0121.wav,সকল bookmarks নতুন folder এ সংরক্ষণ করুন,4.0
/home/abdullahmm/Shivam/subtask2_blindtest_wReadme/bengali/bengali_blind_wav/899425_4wzN6pbna4aJgefD_0122.wav,/home/abdullahmm/Shivam/subtask2_blindtest_wReadme/bengali/bengali_blind_wav/899425_4wzN6pbna4aJgefD_0122.wav,bookmarks বিপরীত বর্ণমালা ক্রমে সংগঠিত করুন,4.0
/home/abdullahmm/Shivam/subtask2_blindtest_wReadme/bengali/bengali_blind_wav/899425_4wzN6pbna4aJgefD_0123.wav,/home/abdullahmm/Shivam/subtask2_blindtest_wReadme/bengali/bengali_blind_wav/899425_4wzN6pbna4aJgefD_0123.wav,এখন অন্তিম bookmark করা সাইটে যান,4.0
/home/abdullahmm/Shivam/subtask2_blindtest_wReadme/bengali/bengali_blind_wav/899425_4wzN6pbna4aJgefD_0124.wav,/home/abdullahmm/Shivam/subtask2_blindtest_wReadme/bengali/bengali_blind_wav/899425_4wzN6pbna4aJgefD_0124.wav,প্রিন্টের জন্য web page setup করে print করুন,3.0
/home/abdullahmm/Shivam/subtask2_blindtest_wReadme/bengali/bengali_blind_wav/899425_4wzN6pbna4aJgefD_0125.wav,/home/abdullahmm/Shivam/subtask2_blindtest_wReadme/bengali/bengali_blind_wav/899425_4wzN6pbna4aJgefD_0125.wav,এই link উপলব্ধ ভিডিওটি দেখুন,4.0
/home/abdullahmm/Shivam/subtask2_blindtest_wReadme/bengali/bengali_blind_wav/899425_4wzN6pbna4aJgefD_0126.wav,/home/abdullahmm/Shivam/subtask2_blindtest_wReadme/bengali/bengali_blind_wav/899425_4wzN6pbna4aJgefD_0126.wav,এটি প্রকল্পকে সারসংক্ষেপে বোঝায়,3.0
/home/abdullahmm/Shivam/subtask2_blindtest_wReadme/bengali/bengali_blind_wav/899425_4wzN6pbna4aJgefD_0127.wav,/home/abdullahmm/Shivam/subtask2_blindtest_wReadme/bengali/bengali_blind_wav/899425_4wzN6pbna4aJgefD_0127.wav,যদি ভাল bandwidth না থাকে তাহলে আপনি ভিডিওটি download করে দেখতে পারেন,5.0
/home/abdullahmm/Shivam/subtask2_blindtest_wReadme/bengali/bengali_blind_wav/899425_4wzN6pbna4aJgefD_0128.wav,/home/abdullahmm/Shivam/subtask2_blindtest_wReadme/bengali/bengali_blind_wav/899425_4wzN6pbna4aJgefD_0128.wav,কথ্য tutorial প্রকল্পদল কথ্য tutorial গুলি ব্যবহার করে কর্মশালার আয়োজন করে,5.0
/home/abdullahmm/Shivam/subtask2_blindtest_wReadme/bengali/bengali_blind_wav/899425_4wzN6pbna4aJgefD_0129.wav,/home/abdullahmm/Shivam/subtask2_blindtest_wReadme/bengali/bengali_blind_wav/899425_4wzN6pbna4aJgefD_0129.wav,online পরীক্ষা pass করলে প্রশংসাপত্র দেওয়া হয়,3.0
/home/abdullahmm/Shivam/subtask2_blindtest_wReadme/bengali/bengali_blind_wav/899425_4wzN6pbna4aJgefD_0131.wav,/home/abdullahmm/Shivam/subtask2_blindtest_wReadme/bengali/bengali_blind_wav/899425_4wzN6pbna4aJgefD_0131.wav,spoken tutorial talk to a teacher প্রকল্পের অংশবিশেষ,4.0
/home/abdullahmm/Shivam/subtask2_blindtest_wReadme/bengali/bengali_blind_wav/899425_4wzN6pbna4aJgefD_0132.wav,/home/abdullahmm/Shivam/subtask2_blindtest_wReadme/bengali/bengali_blind_wav/899425_4wzN6pbna4aJgefD_0132.wav,এটি ভারত সরকারের ict mhrd এর national mission on education দ্বারা সমর্থিত,8.0
/home/abdullahmm/Shivam/subtask2_blindtest_wReadme/bengali/bengali_blind_wav/899425_4wzN6pbna4aJgefD_0133.wav,/home/abdullahmm/Shivam/subtask2_blindtest_wReadme/bengali/bengali_blind_wav/899425_4wzN6pbna4aJgefD_0133.wav,এই বিষয় আরও তথ্য এই লিঙ্কে প্রাপ্তিসাধ্য,3.0
/home/abdullahmm/Shivam/subtask2_blindtest_wReadme/bengali/bengali_blind_wav/899425_4wzN6pbna4aJgefD_0134.wav,/home/abdullahmm/Shivam/subtask2_blindtest_wReadme/bengali/bengali_blind_wav/899425_4wzN6pbna4aJgefD_0134.wav,spoken - tutorial . org / nmeict - intro,7.0
/home/abdullahmm/Shivam/subtask2_blindtest_wReadme/bengali/bengali_blind_wav/899425_4wzN6pbna4aJgefD_0135.wav,/home/abdullahmm/Shivam/subtask2_blindtest_wReadme/bengali/bengali_blind_wav/899425_4wzN6pbna4aJgefD_0135.wav,আমি কৌশিক দত্ত টিউটোরিয়ালটি অনুবাদ করেছি,5.0
/home/abdullahmm/Shivam/subtask2_blindtest_wReadme/bengali/bengali_blind_wav/899425_4wzN6pbna4aJgefD_0136.wav,/home/abdullahmm/Shivam/subtask2_blindtest_wReadme/bengali/bengali_blind_wav/899425_4wzN6pbna4aJgefD_0136.wav,অংশগ্রহনের জন্য ধন্যবাদ,2.03
/home/abdullahmm/Shivam/subtask2_blindtest_wReadme/bengali/bengali_blind_wav/905028_wOtXCsTFxkZk2zH7_0000.wav,/home/abdullahmm/Shivam/subtask2_blindtest_wReadme/bengali/bengali_blind_wav/905028_wOtXCsTFxkZk2zH7_0000.wav,for loops এর মূল নীতি এই হল যে এটি শুধু condition নয় বরং এর সাথেই শুরুতে আরম্ভিকরণ এবং শেষে বৃদ্ধি করে course এর ব্লককে যতবার আপনি উল্লেখ করেছেন পুনরাবৃত্তি করবে,18.0
/home/abdullahmm/Shivam/subtask2_blindtest_wReadme/bengali/bengali_blind_wav/905028_wOtXCsTFxkZk2zH7_0001.wav,/home/abdullahmm/Shivam/subtask2_blindtest_wReadme/bengali/bengali_blind_wav/905028_wOtXCsTFxkZk2zH7_0001.wav,সুতরাং আপনি কতটা আপনার variable বাড়াতে চান নির্ধারিত করে যে কতবার আপনার variable loop হবে,12.0
/home/abdullahmm/Shivam/subtask2_blindtest_wReadme/bengali/bengali_blind_wav/905028_wOtXCsTFxkZk2zH7_0002.wav,/home/abdullahmm/Shivam/subtask2_blindtest_wReadme/bengali/bengali_blind_wav/905028_wOtXCsTFxkZk2zH7_0002.wav,সুতরাং এটি লিখতে একটু বেশি জটিল তবে এটি ভালো দেখায় কাজ করে এবং এটি খুব সংক্ষিপ্ত,12.0
/home/abdullahmm/Shivam/subtask2_blindtest_wReadme/bengali/bengali_blind_wav/905028_wOtXCsTFxkZk2zH7_0003.wav,/home/abdullahmm/Shivam/subtask2_blindtest_wReadme/bengali/bengali_blind_wav/905028_wOtXCsTFxkZk2zH7_0003.wav,এখন for লিখব,2.0
/home/abdullahmm/Shivam/subtask2_blindtest_wReadme/bengali/bengali_blind_wav/905028_wOtXCsTFxkZk2zH7_0004.wav,/home/abdullahmm/Shivam/subtask2_blindtest_wReadme/bengali/bengali_blind_wav/905028_wOtXCsTFxkZk2zH7_0004.wav,সুতরাং আপনি এখানে আপনার কোডের তিনটি ons এবং আপনার block পেয়েছেন এবং এতটাই আপনার প্রয়োজন এবং আপনার বিষয়বস্তু এখানে হতে পারে,10.0
/home/abdullahmm/Shivam/subtask2_blindtest_wReadme/bengali/bengali_blind_wav/905028_wOtXCsTFxkZk2zH7_0005.wav,/home/abdullahmm/Shivam/subtask2_blindtest_wReadme/bengali/bengali_blind_wav/905028_wOtXCsTFxkZk2zH7_0005.wav,সুতরাং আমি এখানে echo বলতে যাচ্ছি এবং চলুন একটি variable num বানাই,6.0
/home/abdullahmm/Shivam/subtask2_blindtest_wReadme/bengali/bengali_blind_wav/905028_wOtXCsTFxkZk2zH7_0006.wav,/home/abdullahmm/Shivam/subtask2_blindtest_wReadme/bengali/bengali_blind_wav/905028_wOtXCsTFxkZk2zH7_0006.wav,সুতরাং আমরা নাম echo করে ফেলেছি এখানে আমরা লিখি num = 1 নাকি = = 1 কারণ আমরা variable num কে মান 1 এ স্থাপন করছি,14.0
/home/abdullahmm/Shivam/subtask2_blindtest_wReadme/bengali/bengali_blind_wav/905028_wOtXCsTFxkZk2zH7_0007.wav,/home/abdullahmm/Shivam/subtask2_blindtest_wReadme/bengali/bengali_blind_wav/905028_wOtXCsTFxkZk2zH7_0007.wav,তারপর আমাদের কাছে একটি শর্ত আছে উদাহরণস্বরূপ যখন num < than = 10,8.0
/home/abdullahmm/Shivam/subtask2_blindtest_wReadme/bengali/bengali_blind_wav/905028_wOtXCsTFxkZk2zH7_0008.wav,/home/abdullahmm/Shivam/subtask2_blindtest_wReadme/bengali/bengali_blind_wav/905028_wOtXCsTFxkZk2zH7_0008.wav,তারপর আমাদের কাছে বৃদ্ধি মান আছে তাই আমরা num + + করতে যাচ্ছি এবং loop সম্পূর্ণ হয়ে গেছে,10.0
/home/abdullahmm/Shivam/subtask2_blindtest_wReadme/bengali/bengali_blind_wav/905028_wOtXCsTFxkZk2zH7_0009.wav,/home/abdullahmm/Shivam/subtask2_blindtest_wReadme/bengali/bengali_blind_wav/905028_wOtXCsTFxkZk2zH7_0009.wav,তাই আমরা for লিখেছি এবং আমাদের variable হল num = 1,6.0
/home/abdullahmm/Shivam/subtask2_blindtest_wReadme/bengali/bengali_blind_wav/905028_wOtXCsTFxkZk2zH7_0010.wav,/home/abdullahmm/Shivam/subtask2_blindtest_wReadme/bengali/bengali_blind_wav/905028_wOtXCsTFxkZk2zH7_0010.wav,তারপর আমাদের শর্ত যখন num < than = 10 loop অবিরত থাকবে এবং তারপর আমাদের কাছে num + + আছে,9.0
/home/abdullahmm/Shivam/subtask2_blindtest_wReadme/bengali/bengali_blind_wav/905028_wOtXCsTFxkZk2zH7_0011.wav,/home/abdullahmm/Shivam/subtask2_blindtest_wReadme/bengali/bengali_blind_wav/905028_wOtXCsTFxkZk2zH7_0011.wav,যেমনকি আপনি দেখতে পারেন যে num + + এর তুলনায় এটি অনেক বেশি দরকারী,6.0
/home/abdullahmm/Shivam/subtask2_blindtest_wReadme/bengali/bengali_blind_wav/905028_wOtXCsTFxkZk2zH7_0012.wav,/home/abdullahmm/Shivam/subtask2_blindtest_wReadme/bengali/bengali_blind_wav/905028_wOtXCsTFxkZk2zH7_0012.wav,এটি উপরে বলার দরকার নেই,3.0
/home/abdullahmm/Shivam/subtask2_blindtest_wReadme/bengali/bengali_blind_wav/905028_wOtXCsTFxkZk2zH7_0013.wav,/home/abdullahmm/Shivam/subtask2_blindtest_wReadme/bengali/bengali_blind_wav/905028_wOtXCsTFxkZk2zH7_0013.wav,এগুলিকে এই বন্ধনীর ভিতরে বানাতে পারি,4.0
/home/abdullahmm/Shivam/subtask2_blindtest_wReadme/bengali/bengali_blind_wav/905028_wOtXCsTFxkZk2zH7_0014.wav,/home/abdullahmm/Shivam/subtask2_blindtest_wReadme/bengali/bengali_blind_wav/905028_wOtXCsTFxkZk2zH7_0014.wav,আমি line break ভুলে গেছি,3.0
/home/abdullahmm/Shivam/subtask2_blindtest_wReadme/bengali/bengali_blind_wav/905028_wOtXCsTFxkZk2zH7_0015.wav,/home/abdullahmm/Shivam/subtask2_blindtest_wReadme/bengali/bengali_blind_wav/905028_wOtXCsTFxkZk2zH7_0015.wav,আমি এর শেষে একটি line break যুক্ত করব,6.0
/home/abdullahmm/Shivam/subtask2_blindtest_wReadme/bengali/bengali_blind_wav/905028_wOtXCsTFxkZk2zH7_0016.wav,/home/abdullahmm/Shivam/subtask2_blindtest_wReadme/bengali/bengali_blind_wav/905028_wOtXCsTFxkZk2zH7_0016.wav,refresh করুন,2.0
/home/abdullahmm/Shivam/subtask2_blindtest_wReadme/bengali/bengali_blind_wav/905028_wOtXCsTFxkZk2zH7_0017.wav,/home/abdullahmm/Shivam/subtask2_blindtest_wReadme/bengali/bengali_blind_wav/905028_wOtXCsTFxkZk2zH7_0017.wav,আপনি এই পেলেন,4.0
/home/abdullahmm/Shivam/subtask2_blindtest_wReadme/bengali/bengali_blind_wav/905028_wOtXCsTFxkZk2zH7_0018.wav,/home/abdullahmm/Shivam/subtask2_blindtest_wReadme/bengali/bengali_blind_wav/905028_wOtXCsTFxkZk2zH7_0018.wav,আপনি আপনার loop দশ bar পেয়েছেন,3.0
/home/abdullahmm/Shivam/subtask2_blindtest_wReadme/bengali/bengali_blind_wav/905028_wOtXCsTFxkZk2zH7_0019.wav,/home/abdullahmm/Shivam/subtask2_blindtest_wReadme/bengali/bengali_blind_wav/905028_wOtXCsTFxkZk2zH7_0019.wav,এবং এটি এমনভাবে বলা হয়েছে যে এটি শুধু তখনই loop করবে যখন num 10 এর থেকে ছোট বা সমান হবে,8.0
/home/abdullahmm/Shivam/subtask2_blindtest_wReadme/bengali/bengali_blind_wav/905028_wOtXCsTFxkZk2zH7_0020.wav,/home/abdullahmm/Shivam/subtask2_blindtest_wReadme/bengali/bengali_blind_wav/905028_wOtXCsTFxkZk2zH7_0020.wav,loop break এর পর becky script এর সাথে এগোতে পারেন,5.0
/home/abdullahmm/Shivam/subtask2_blindtest_wReadme/bengali/bengali_blind_wav/905028_wOtXCsTFxkZk2zH7_0021.wav,/home/abdullahmm/Shivam/subtask2_blindtest_wReadme/bengali/bengali_blind_wav/905028_wOtXCsTFxkZk2zH7_0021.wav,এটি একটু বেশি জটিল কিন্তু একবার মূলসূত্র শিখে গেলে আপনি এটি অনেক সহজ পাবেন,6.0
/home/abdullahmm/Shivam/subtask2_blindtest_wReadme/bengali/bengali_blind_wav/905028_wOtXCsTFxkZk2zH7_0022.wav,/home/abdullahmm/Shivam/subtask2_blindtest_wReadme/bengali/bengali_blind_wav/905028_wOtXCsTFxkZk2zH7_0022.wav,দেখার জন্য ধন্যবাদ,2.0
/home/abdullahmm/Shivam/subtask2_blindtest_wReadme/bengali/bengali_blind_wav/953881_lmvi5eX2gjrvxKZI_0000.wav,/home/abdullahmm/Shivam/subtask2_blindtest_wReadme/bengali/bengali_blind_wav/953881_lmvi5eX2gjrvxKZI_0000.wav,blender টিউটোরিয়ালের শৃঙ্খলায় আপনাদের স্বাগত,4.0
/home/abdullahmm/Shivam/subtask2_blindtest_wReadme/bengali/bengali_blind_wav/953881_lmvi5eX2gjrvxKZI_0001.wav,/home/abdullahmm/Shivam/subtask2_blindtest_wReadme/bengali/bengali_blind_wav/953881_lmvi5eX2gjrvxKZI_0001.wav,এই টিউটোরিয়ালটি navigation camera view সম্পর্কে,5.0
/home/abdullahmm/Shivam/subtask2_blindtest_wReadme/bengali/bengali_blind_wav/953881_lmvi5eX2gjrvxKZI_0002.wav,/home/abdullahmm/Shivam/subtask2_blindtest_wReadme/bengali/bengali_blind_wav/953881_lmvi5eX2gjrvxKZI_0002.wav,আমরা blender 2 . 59 camera navigate করা শিখব,5.0
/home/abdullahmm/Shivam/subtask2_blindtest_wReadme/bengali/bengali_blind_wav/953881_lmvi5eX2gjrvxKZI_0003.wav,/home/abdullahmm/Shivam/subtask2_blindtest_wReadme/bengali/bengali_blind_wav/953881_lmvi5eX2gjrvxKZI_0003.wav,আমি কৌশিক দত্ত এই টিউটোরিয়ালটি অনুবাদ করেছি,9.0
/home/abdullahmm/Shivam/subtask2_blindtest_wReadme/bengali/bengali_blind_wav/953881_lmvi5eX2gjrvxKZI_0004.wav,/home/abdullahmm/Shivam/subtask2_blindtest_wReadme/bengali/bengali_blind_wav/953881_lmvi5eX2gjrvxKZI_0004.wav,এই টিউটোরিয়ালটি দেখার পর,2.0
/home/abdullahmm/Shivam/subtask2_blindtest_wReadme/bengali/bengali_blind_wav/953881_lmvi5eX2gjrvxKZI_0005.wav,/home/abdullahmm/Shivam/subtask2_blindtest_wReadme/bengali/bengali_blind_wav/953881_lmvi5eX2gjrvxKZI_0005.wav,নতুন camera view পেতে camera অবস্থান পরিবর্তন করা শিখব,6.0
/home/abdullahmm/Shivam/subtask2_blindtest_wReadme/bengali/bengali_blind_wav/953881_lmvi5eX2gjrvxKZI_0006.wav,/home/abdullahmm/Shivam/subtask2_blindtest_wReadme/bengali/bengali_blind_wav/953881_lmvi5eX2gjrvxKZI_0006.wav,camera view কিভাবে roll করে pan dolly এবং track করে,5.0
/home/abdullahmm/Shivam/subtask2_blindtest_wReadme/bengali/bengali_blind_wav/953881_lmvi5eX2gjrvxKZI_0007.wav,/home/abdullahmm/Shivam/subtask2_blindtest_wReadme/bengali/bengali_blind_wav/953881_lmvi5eX2gjrvxKZI_0007.wav,এবং fly mode ব্যবহার করে নতুন camera view কিভাবে নির্বাচন করে,7.0
/home/abdullahmm/Shivam/subtask2_blindtest_wReadme/bengali/bengali_blind_wav/953881_lmvi5eX2gjrvxKZI_0008.wav,/home/abdullahmm/Shivam/subtask2_blindtest_wReadme/bengali/bengali_blind_wav/953881_lmvi5eX2gjrvxKZI_0008.wav,আমি ধরে নেই যে আপনি আগে থেকেই systemএ blender সংস্থাপন করতে জানেন,4.0
/home/abdullahmm/Shivam/subtask2_blindtest_wReadme/bengali/bengali_blind_wav/953881_lmvi5eX2gjrvxKZI_0009.wav,/home/abdullahmm/Shivam/subtask2_blindtest_wReadme/bengali/bengali_blind_wav/953881_lmvi5eX2gjrvxKZI_0009.wav,না হলে blender সংস্থাপনের আমাদের আগের টিউটোরিয়ালটি দেখুন,8.0
/home/abdullahmm/Shivam/subtask2_blindtest_wReadme/bengali/bengali_blind_wav/953881_lmvi5eX2gjrvxKZI_0010.wav,/home/abdullahmm/Shivam/subtask2_blindtest_wReadme/bengali/bengali_blind_wav/953881_lmvi5eX2gjrvxKZI_0010.wav,defaultরূপে যখন blender খোলে 3 d view user perspective view তে হয়,9.0
/home/abdullahmm/Shivam/subtask2_blindtest_wReadme/bengali/bengali_blind_wav/953881_lmvi5eX2gjrvxKZI_0011.wav,/home/abdullahmm/Shivam/subtask2_blindtest_wReadme/bengali/bengali_blind_wav/953881_lmvi5eX2gjrvxKZI_0011.wav,এখন camera view তে যাই,4.0
/home/abdullahmm/Shivam/subtask2_blindtest_wReadme/bengali/bengali_blind_wav/953881_lmvi5eX2gjrvxKZI_0012.wav,/home/abdullahmm/Shivam/subtask2_blindtest_wReadme/bengali/bengali_blind_wav/953881_lmvi5eX2gjrvxKZI_0012.wav,3d প্যানেলের নীচে বাম কোণায় view tab এ যান,6.0
/home/abdullahmm/Shivam/subtask2_blindtest_wReadme/bengali/bengali_blind_wav/953881_lmvi5eX2gjrvxKZI_0013.wav,/home/abdullahmm/Shivam/subtask2_blindtest_wReadme/bengali/bengali_blind_wav/953881_lmvi5eX2gjrvxKZI_0013.wav,menu থেকে ক্যামেরায় বাম click করুন,4.0
/home/abdullahmm/Shivam/subtask2_blindtest_wReadme/bengali/bengali_blind_wav/953881_lmvi5eX2gjrvxKZI_0014.wav,/home/abdullahmm/Shivam/subtask2_blindtest_wReadme/bengali/bengali_blind_wav/953881_lmvi5eX2gjrvxKZI_0014.wav,keyboard shortcut এর জন্য numpad 0 টিপুন,4.0
/home/abdullahmm/Shivam/subtask2_blindtest_wReadme/bengali/bengali_blind_wav/953881_lmvi5eX2gjrvxKZI_0015.wav,/home/abdullahmm/Shivam/subtask2_blindtest_wReadme/bengali/bengali_blind_wav/953881_lmvi5eX2gjrvxKZI_0015.wav,আপনি laptop ব্যবহার করে থাকলে আপনার number key numpad এর মত কাজ করা উচিত,7.0
/home/abdullahmm/Shivam/subtask2_blindtest_wReadme/bengali/bengali_blind_wav/953881_lmvi5eX2gjrvxKZI_0016.wav,/home/abdullahmm/Shivam/subtask2_blindtest_wReadme/bengali/bengali_blind_wav/953881_lmvi5eX2gjrvxKZI_0016.wav,numpad অনুকরণ কিভাবে করে তা শিখতে user প্রেফারেন্সেসের user tutorial দেখুন,9.0
/home/abdullahmm/Shivam/subtask2_blindtest_wReadme/bengali/bengali_blind_wav/953881_lmvi5eX2gjrvxKZI_0017.wav,/home/abdullahmm/Shivam/subtask2_blindtest_wReadme/bengali/bengali_blind_wav/953881_lmvi5eX2gjrvxKZI_0017.wav,এটি হল camera view,4.0
/home/abdullahmm/Shivam/subtask2_blindtest_wReadme/bengali/bengali_blind_wav/953881_lmvi5eX2gjrvxKZI_0018.wav,/home/abdullahmm/Shivam/subtask2_blindtest_wReadme/bengali/bengali_blind_wav/953881_lmvi5eX2gjrvxKZI_0018.wav,ted box সক্রিয় ক্যামেরার view field,6.0
/home/abdullahmm/Shivam/subtask2_blindtest_wReadme/bengali/bengali_blind_wav/953881_lmvi5eX2gjrvxKZI_0019.wav,/home/abdullahmm/Shivam/subtask2_blindtest_wReadme/bengali/bengali_blind_wav/953881_lmvi5eX2gjrvxKZI_0019.wav,এই . ted box এর ভিতরে সকল বস্তু প্রস্তুত করা হবে,6.0
/home/abdullahmm/Shivam/subtask2_blindtest_wReadme/bengali/bengali_blind_wav/953881_lmvi5eX2gjrvxKZI_0020.wav,/home/abdullahmm/Shivam/subtask2_blindtest_wReadme/bengali/bengali_blind_wav/953881_lmvi5eX2gjrvxKZI_0020.wav,render setting পরবর্তী টিউটোরিয়ালে শেখানো হবে,4.0
/home/abdullahmm/Shivam/subtask2_blindtest_wReadme/bengali/bengali_blind_wav/953881_lmvi5eX2gjrvxKZI_0021.wav,/home/abdullahmm/Shivam/subtask2_blindtest_wReadme/bengali/bengali_blind_wav/953881_lmvi5eX2gjrvxKZI_0021.wav,বর্তমান view পয়েন্টের সাথে সমান করার জন্য blender সক্রিয় camera উপযুক্ত স্থান এবং অনুকুল করার অনুমতি,6.0
/home/abdullahmm/Shivam/subtask2_blindtest_wReadme/bengali/bengali_blind_wav/953881_lmvi5eX2gjrvxKZI_0022.wav,/home/abdullahmm/Shivam/subtask2_blindtest_wReadme/bengali/bengali_blind_wav/953881_lmvi5eX2gjrvxKZI_0022.wav,এটি কিভাবে করি দেখা যাক,4.0
/home/abdullahmm/Shivam/subtask2_blindtest_wReadme/bengali/bengali_blind_wav/953881_lmvi5eX2gjrvxKZI_0023.wav,/home/abdullahmm/Shivam/subtask2_blindtest_wReadme/bengali/bengali_blind_wav/953881_lmvi5eX2gjrvxKZI_0023.wav,perspective viewতে ফিরে যাওয়ার জন্য numpad zero টিপুন,5.0
/home/abdullahmm/Shivam/subtask2_blindtest_wReadme/bengali/bengali_blind_wav/953881_lmvi5eX2gjrvxKZI_0024.wav,/home/abdullahmm/Shivam/subtask2_blindtest_wReadme/bengali/bengali_blind_wav/953881_lmvi5eX2gjrvxKZI_0024.wav,আপনি দেখেন যে camera view থেকে switch করার জন্য shortcut numpad zero একটি toggle,6.0
/home/abdullahmm/Shivam/subtask2_blindtest_wReadme/bengali/bengali_blind_wav/953881_lmvi5eX2gjrvxKZI_0025.wav,/home/abdullahmm/Shivam/subtask2_blindtest_wReadme/bengali/bengali_blind_wav/953881_lmvi5eX2gjrvxKZI_0025.wav,mouse wheel বা mmb ধরুন এবং যেখানে আপনি camera রাখতে চান ঐ স্থানে view ঘোরানোর জন্য mouse স্থানান্তরিত করুন,10.0
/home/abdullahmm/Shivam/subtask2_blindtest_wReadme/bengali/bengali_blind_wav/953881_lmvi5eX2gjrvxKZI_0026.wav,/home/abdullahmm/Shivam/subtask2_blindtest_wReadme/bengali/bengali_blind_wav/953881_lmvi5eX2gjrvxKZI_0026.wav,আমি এই স্থান নির্বাচন করেছি,4.0
/home/abdullahmm/Shivam/subtask2_blindtest_wReadme/bengali/bengali_blind_wav/953881_lmvi5eX2gjrvxKZI_0027.wav,/home/abdullahmm/Shivam/subtask2_blindtest_wReadme/bengali/bengali_blind_wav/953881_lmvi5eX2gjrvxKZI_0027.wav,control alt এবং num pad zero টিপুন,6.0
/home/abdullahmm/Shivam/subtask2_blindtest_wReadme/bengali/bengali_blind_wav/953881_lmvi5eX2gjrvxKZI_0028.wav,/home/abdullahmm/Shivam/subtask2_blindtest_wReadme/bengali/bengali_blind_wav/953881_lmvi5eX2gjrvxKZI_0028.wav,camera নতুন স্থানে চলে আসে,3.0
/home/abdullahmm/Shivam/subtask2_blindtest_wReadme/bengali/bengali_blind_wav/953881_lmvi5eX2gjrvxKZI_0029.wav,/home/abdullahmm/Shivam/subtask2_blindtest_wReadme/bengali/bengali_blind_wav/953881_lmvi5eX2gjrvxKZI_0029.wav,3 d view একই সময়ে camera ভিউতে পরিবর্তিত হয়,5.0
/home/abdullahmm/Shivam/subtask2_blindtest_wReadme/bengali/bengali_blind_wav/953881_lmvi5eX2gjrvxKZI_0030.wav,/home/abdullahmm/Shivam/subtask2_blindtest_wReadme/bengali/bengali_blind_wav/953881_lmvi5eX2gjrvxKZI_0030.wav,blender ক্যামেরায় কিছু navigational কাজ করারও অনুমতি দেয় যেমন rolling panning tracking ইত্যাদি,9.0
/home/abdullahmm/Shivam/subtask2_blindtest_wReadme/bengali/bengali_blind_wav/953881_lmvi5eX2gjrvxKZI_0031.wav,/home/abdullahmm/Shivam/subtask2_blindtest_wReadme/bengali/bengali_blind_wav/953881_lmvi5eX2gjrvxKZI_0031.wav,আমি এখন এগুলি দেখবো,2.0
/home/abdullahmm/Shivam/subtask2_blindtest_wReadme/bengali/bengali_blind_wav/953881_lmvi5eX2gjrvxKZI_0032.wav,/home/abdullahmm/Shivam/subtask2_blindtest_wReadme/bengali/bengali_blind_wav/953881_lmvi5eX2gjrvxKZI_0032.wav,camera নির্বাচনের জন্য . ted box এ right click করুন,5.0
/home/abdullahmm/Shivam/subtask2_blindtest_wReadme/bengali/bengali_blind_wav/953881_lmvi5eX2gjrvxKZI_0033.wav,/home/abdullahmm/Shivam/subtask2_blindtest_wReadme/bengali/bengali_blind_wav/953881_lmvi5eX2gjrvxKZI_0033.wav,এখান থেকে অন্যান্য বস্তু যেভাবে ব্যবহার করবেন তেমনি camera নিপূণভাবে ব্যবহার করতে পারেন,7.0
/home/abdullahmm/Shivam/subtask2_blindtest_wReadme/bengali/bengali_blind_wav/953881_lmvi5eX2gjrvxKZI_0034.wav,/home/abdullahmm/Shivam/subtask2_blindtest_wReadme/bengali/bengali_blind_wav/953881_lmvi5eX2gjrvxKZI_0034.wav,মনে রাখবেন এই কাজগুলি করার সময় আপনার camera ভিউতে হওয়া জরুরী,5.0
/home/abdullahmm/Shivam/subtask2_blindtest_wReadme/bengali/bengali_blind_wav/953881_lmvi5eX2gjrvxKZI_0035.wav,/home/abdullahmm/Shivam/subtask2_blindtest_wReadme/bengali/bengali_blind_wav/953881_lmvi5eX2gjrvxKZI_0035.wav,প্রথমে আমরা camera view roll করা দেখবো,4.0
/home/abdullahmm/Shivam/subtask2_blindtest_wReadme/bengali/bengali_blind_wav/953881_lmvi5eX2gjrvxKZI_0036.wav,/home/abdullahmm/Shivam/subtask2_blindtest_wReadme/bengali/bengali_blind_wav/953881_lmvi5eX2gjrvxKZI_0036.wav,বস্তু rotation মোডে আনার জন্য আপনার keyboard এ r টিপুন,6.0
/home/abdullahmm/Shivam/subtask2_blindtest_wReadme/bengali/bengali_blind_wav/953881_lmvi5eX2gjrvxKZI_0037.wav,/home/abdullahmm/Shivam/subtask2_blindtest_wReadme/bengali/bengali_blind_wav/953881_lmvi5eX2gjrvxKZI_0037.wav,এখন আপনার mouse বাম থেকে ডানে এবং উপর ও নীচে করুন,10.0
/home/abdullahmm/Shivam/subtask2_blindtest_wReadme/bengali/bengali_blind_wav/953881_lmvi5eX2gjrvxKZI_0038.wav,/home/abdullahmm/Shivam/subtask2_blindtest_wReadme/bengali/bengali_blind_wav/953881_lmvi5eX2gjrvxKZI_0038.wav,defaultরূপে এটি camera কীয়ের local z অক্ষতে ঘোরায় অর্থাৎ অক্ষের চারপাশে যা camera ভিউয়ের ভিতরে বা বাইরে আসে,11.0
/home/abdullahmm/Shivam/subtask2_blindtest_wReadme/bengali/bengali_blind_wav/953881_lmvi5eX2gjrvxKZI_0039.wav,/home/abdullahmm/Shivam/subtask2_blindtest_wReadme/bengali/bengali_blind_wav/953881_lmvi5eX2gjrvxKZI_0039.wav,ক্রিয়া বাতিলের জন্য স্ক্রিনে right click বা keyboardএ esc টিপুন,5.0
/home/abdullahmm/Shivam/subtask2_blindtest_wReadme/bengali/bengali_blind_wav/953881_lmvi5eX2gjrvxKZI_0040.wav,/home/abdullahmm/Shivam/subtask2_blindtest_wReadme/bengali/bengali_blind_wav/953881_lmvi5eX2gjrvxKZI_0040.wav,এটি আপনাকে আপনার আগের camera viewতে ফেরত নিয়ে যাবে,6.0
/home/abdullahmm/Shivam/subtask2_blindtest_wReadme/bengali/bengali_blind_wav/953881_lmvi5eX2gjrvxKZI_0041.wav,/home/abdullahmm/Shivam/subtask2_blindtest_wReadme/bengali/bengali_blind_wav/953881_lmvi5eX2gjrvxKZI_0041.wav,এখন পরবর্তী ক্রিয়ায় camera view pan হওয়া দেখবো,5.0
/home/abdullahmm/Shivam/subtask2_blindtest_wReadme/bengali/bengali_blind_wav/953881_lmvi5eX2gjrvxKZI_0042.wav,/home/abdullahmm/Shivam/subtask2_blindtest_wReadme/bengali/bengali_blind_wav/953881_lmvi5eX2gjrvxKZI_0042.wav,panning দুই দিকে আছে বাম থেকে ডানে বা উপর এবং নীচে,6.0
/home/abdullahmm/Shivam/subtask2_blindtest_wReadme/bengali/bengali_blind_wav/953881_lmvi5eX2gjrvxKZI_0043.wav,/home/abdullahmm/Shivam/subtask2_blindtest_wReadme/bengali/bengali_blind_wav/953881_lmvi5eX2gjrvxKZI_0043.wav,বস্তু rotation মোডে আনার জন্য r টিপুন x দুইবার টিপুন,7.0
/home/abdullahmm/Shivam/subtask2_blindtest_wReadme/bengali/bengali_blind_wav/953881_lmvi5eX2gjrvxKZI_0044.wav,/home/abdullahmm/Shivam/subtask2_blindtest_wReadme/bengali/bengali_blind_wav/953881_lmvi5eX2gjrvxKZI_0044.wav,প্রথম x রোটেশনকে global x অক্ষে বন্ধ করে,4.0
/home/abdullahmm/Shivam/subtask2_blindtest_wReadme/bengali/bengali_blind_wav/953881_lmvi5eX2gjrvxKZI_0045.wav,/home/abdullahmm/Shivam/subtask2_blindtest_wReadme/bengali/bengali_blind_wav/953881_lmvi5eX2gjrvxKZI_0045.wav,দ্বিতীয় x রোটেশনকে local x অক্ষে বন্ধ করে,5.0
/home/abdullahmm/Shivam/subtask2_blindtest_wReadme/bengali/bengali_blind_wav/953881_lmvi5eX2gjrvxKZI_0046.wav,/home/abdullahmm/Shivam/subtask2_blindtest_wReadme/bengali/bengali_blind_wav/953881_lmvi5eX2gjrvxKZI_0046.wav,আমরা global এবং local পরিবর্তিত অক্ষ সম্পর্কে পরবর্তী টিউটোরিয়ালে বিস্তারিত ভাবে আলোচনা করব,7.0
/home/abdullahmm/Shivam/subtask2_blindtest_wReadme/bengali/bengali_blind_wav/953881_lmvi5eX2gjrvxKZI_0047.wav,/home/abdullahmm/Shivam/subtask2_blindtest_wReadme/bengali/bengali_blind_wav/953881_lmvi5eX2gjrvxKZI_0047.wav,এখন mouse উপরে এবং নীচে ঘোরান,4.0
/home/abdullahmm/Shivam/subtask2_blindtest_wReadme/bengali/bengali_blind_wav/953881_lmvi5eX2gjrvxKZI_0048.wav,/home/abdullahmm/Shivam/subtask2_blindtest_wReadme/bengali/bengali_blind_wav/953881_lmvi5eX2gjrvxKZI_0048.wav,camera view উপরে এবং নীচে ঘোরে,5.0
/home/abdullahmm/Shivam/subtask2_blindtest_wReadme/bengali/bengali_blind_wav/953881_lmvi5eX2gjrvxKZI_0049.wav,/home/abdullahmm/Shivam/subtask2_blindtest_wReadme/bengali/bengali_blind_wav/953881_lmvi5eX2gjrvxKZI_0049.wav,এখন y দুইবার টিপুন,4.0
/home/abdullahmm/Shivam/subtask2_blindtest_wReadme/bengali/bengali_blind_wav/953881_lmvi5eX2gjrvxKZI_0050.wav,/home/abdullahmm/Shivam/subtask2_blindtest_wReadme/bengali/bengali_blind_wav/953881_lmvi5eX2gjrvxKZI_0050.wav,প্রথম y রোটেশনকে global y অক্ষে বন্ধ করে,5.0
/home/abdullahmm/Shivam/subtask2_blindtest_wReadme/bengali/bengali_blind_wav/953881_lmvi5eX2gjrvxKZI_0051.wav,/home/abdullahmm/Shivam/subtask2_blindtest_wReadme/bengali/bengali_blind_wav/953881_lmvi5eX2gjrvxKZI_0051.wav,দ্বিতীয় y রোটেশনকে local y অক্ষে বন্ধ করে,4.0
/home/abdullahmm/Shivam/subtask2_blindtest_wReadme/bengali/bengali_blind_wav/953881_lmvi5eX2gjrvxKZI_0052.wav,/home/abdullahmm/Shivam/subtask2_blindtest_wReadme/bengali/bengali_blind_wav/953881_lmvi5eX2gjrvxKZI_0052.wav,এখন mouse বাম থেকে ডানে ঘোরান,5.0
/home/abdullahmm/Shivam/subtask2_blindtest_wReadme/bengali/bengali_blind_wav/953881_lmvi5eX2gjrvxKZI_0053.wav,/home/abdullahmm/Shivam/subtask2_blindtest_wReadme/bengali/bengali_blind_wav/953881_lmvi5eX2gjrvxKZI_0053.wav,camera view বাম থেকে ডানে এবং বিপরীতক্রমে ঘোরে,7.0
/home/abdullahmm/Shivam/subtask2_blindtest_wReadme/bengali/bengali_blind_wav/953881_lmvi5eX2gjrvxKZI_0054.wav,/home/abdullahmm/Shivam/subtask2_blindtest_wReadme/bengali/bengali_blind_wav/953881_lmvi5eX2gjrvxKZI_0054.wav,camera ভিউতে ফেরত যেতে right click করুন,4.0
/home/abdullahmm/Shivam/subtask2_blindtest_wReadme/bengali/bengali_blind_wav/953881_lmvi5eX2gjrvxKZI_0055.wav,/home/abdullahmm/Shivam/subtask2_blindtest_wReadme/bengali/bengali_blind_wav/953881_lmvi5eX2gjrvxKZI_0055.wav,এখন আমরা camera dolly করব এটি করার দুটি উপায় আছে,5.0
/home/abdullahmm/Shivam/subtask2_blindtest_wReadme/bengali/bengali_blind_wav/953881_lmvi5eX2gjrvxKZI_0056.wav,/home/abdullahmm/Shivam/subtask2_blindtest_wReadme/bengali/bengali_blind_wav/953881_lmvi5eX2gjrvxKZI_0056.wav,প্রথমে camera ধরার জন্য g টিপুন,4.0
/home/abdullahmm/Shivam/subtask2_blindtest_wReadme/bengali/bengali_blind_wav/953881_lmvi5eX2gjrvxKZI_0057.wav,/home/abdullahmm/Shivam/subtask2_blindtest_wReadme/bengali/bengali_blind_wav/953881_lmvi5eX2gjrvxKZI_0057.wav,mouse wheel বা mmb ধরে রাখুন এবং মাউসকে উপরে এবং নীচে ঘোরান,18.0
/home/abdullahmm/Shivam/subtask2_blindtest_wReadme/bengali/bengali_blind_wav/953881_lmvi5eX2gjrvxKZI_0058.wav,/home/abdullahmm/Shivam/subtask2_blindtest_wReadme/bengali/bengali_blind_wav/953881_lmvi5eX2gjrvxKZI_0058.wav,দ্বিতীয় পথ আপনি এর local z অক্ষের সাথে camera স্থানান্তর করতে পারেন g টিপুন,10.0
/home/abdullahmm/Shivam/subtask2_blindtest_wReadme/bengali/bengali_blind_wav/953881_lmvi5eX2gjrvxKZI_0059.wav,/home/abdullahmm/Shivam/subtask2_blindtest_wReadme/bengali/bengali_blind_wav/953881_lmvi5eX2gjrvxKZI_0059.wav,তারপর camera local z অক্ষে বন্ধ করার জন্য z দুইবার টিপুন,6.0
/home/abdullahmm/Shivam/subtask2_blindtest_wReadme/bengali/bengali_blind_wav/953881_lmvi5eX2gjrvxKZI_0060.wav,/home/abdullahmm/Shivam/subtask2_blindtest_wReadme/bengali/bengali_blind_wav/953881_lmvi5eX2gjrvxKZI_0060.wav,এখন mouse উপরে এবং নীচে ঘোরানো একইরকম প্রভাব দেয়,12.0
/home/abdullahmm/Shivam/subtask2_blindtest_wReadme/bengali/bengali_blind_wav/953881_lmvi5eX2gjrvxKZI_0061.wav,/home/abdullahmm/Shivam/subtask2_blindtest_wReadme/bengali/bengali_blind_wav/953881_lmvi5eX2gjrvxKZI_0061.wav,camera ভিউতে ফেরত যেতে right click করুন,4.0
/home/abdullahmm/Shivam/subtask2_blindtest_wReadme/bengali/bengali_blind_wav/953881_lmvi5eX2gjrvxKZI_0062.wav,/home/abdullahmm/Shivam/subtask2_blindtest_wReadme/bengali/bengali_blind_wav/953881_lmvi5eX2gjrvxKZI_0062.wav,camera view বাম থেকে ডানে বা উপর এবং নীচে track করার অর্থ হল এটিকে local x বা y অক্ষে ঘোরানো,9.0
/home/abdullahmm/Shivam/subtask2_blindtest_wReadme/bengali/bengali_blind_wav/953881_lmvi5eX2gjrvxKZI_0063.wav,/home/abdullahmm/Shivam/subtask2_blindtest_wReadme/bengali/bengali_blind_wav/953881_lmvi5eX2gjrvxKZI_0063.wav,g টিপুন x দুইবার টিপুন এবং mouse বাম থেকে ডানে ঘোরান,11.0
/home/abdullahmm/Shivam/subtask2_blindtest_wReadme/bengali/bengali_blind_wav/953881_lmvi5eX2gjrvxKZI_0064.wav,/home/abdullahmm/Shivam/subtask2_blindtest_wReadme/bengali/bengali_blind_wav/953881_lmvi5eX2gjrvxKZI_0064.wav,camera view বাম থেকে ডানে এবং বিপরীতক্রমে track হয়,7.0
/home/abdullahmm/Shivam/subtask2_blindtest_wReadme/bengali/bengali_blind_wav/953881_lmvi5eX2gjrvxKZI_0065.wav,/home/abdullahmm/Shivam/subtask2_blindtest_wReadme/bengali/bengali_blind_wav/953881_lmvi5eX2gjrvxKZI_0065.wav,এখন y দুইবার টিপুন এবং mouse উপর এবং নীচে ঘোরান,6.0
/home/abdullahmm/Shivam/subtask2_blindtest_wReadme/bengali/bengali_blind_wav/953881_lmvi5eX2gjrvxKZI_0066.wav,/home/abdullahmm/Shivam/subtask2_blindtest_wReadme/bengali/bengali_blind_wav/953881_lmvi5eX2gjrvxKZI_0066.wav,camera view উপর এবং নীচে track করে,5.0
/home/abdullahmm/Shivam/subtask2_blindtest_wReadme/bengali/bengali_blind_wav/953881_lmvi5eX2gjrvxKZI_0067.wav,/home/abdullahmm/Shivam/subtask2_blindtest_wReadme/bengali/bengali_blind_wav/953881_lmvi5eX2gjrvxKZI_0067.wav,camera ভিউতে ফেরত যেতে right click করুন,6.0
/home/abdullahmm/Shivam/subtask2_blindtest_wReadme/bengali/bengali_blind_wav/953881_lmvi5eX2gjrvxKZI_0068.wav,/home/abdullahmm/Shivam/subtask2_blindtest_wReadme/bengali/bengali_blind_wav/953881_lmvi5eX2gjrvxKZI_0068.wav,blender ক্যামেরার জন্য fly মোডে প্রদান করে,6.0
/home/abdullahmm/Shivam/subtask2_blindtest_wReadme/bengali/bengali_blind_wav/953881_lmvi5eX2gjrvxKZI_0069.wav,/home/abdullahmm/Shivam/subtask2_blindtest_wReadme/bengali/bengali_blind_wav/953881_lmvi5eX2gjrvxKZI_0069.wav,fly mode প্রবিষ্ট করার জন্য shift f টিপুন,5.0
/home/abdullahmm/Shivam/subtask2_blindtest_wReadme/bengali/bengali_blind_wav/953881_lmvi5eX2gjrvxKZI_0070.wav,/home/abdullahmm/Shivam/subtask2_blindtest_wReadme/bengali/bengali_blind_wav/953881_lmvi5eX2gjrvxKZI_0070.wav,এখন camera view তিনটি উপায়ে ঘোরাতে পারেন,4.0
/home/abdullahmm/Shivam/subtask2_blindtest_wReadme/bengali/bengali_blind_wav/953881_lmvi5eX2gjrvxKZI_0071.wav,/home/abdullahmm/Shivam/subtask2_blindtest_wReadme/bengali/bengali_blind_wav/953881_lmvi5eX2gjrvxKZI_0071.wav,প্রথমটি হল keyboardর shortcut key ব্যবহার করে,5.0
/home/abdullahmm/Shivam/subtask2_blindtest_wReadme/bengali/bengali_blind_wav/953881_lmvi5eX2gjrvxKZI_0072.wav,/home/abdullahmm/Shivam/subtask2_blindtest_wReadme/bengali/bengali_blind_wav/953881_lmvi5eX2gjrvxKZI_0072.wav,zoom in করার জন্য কিবোর্ডে w টিপুন,11.0
/home/abdullahmm/Shivam/subtask2_blindtest_wReadme/bengali/bengali_blind_wav/953881_lmvi5eX2gjrvxKZI_0073.wav,/home/abdullahmm/Shivam/subtask2_blindtest_wReadme/bengali/bengali_blind_wav/953881_lmvi5eX2gjrvxKZI_0073.wav,zoom out করার জন্য s টিপুন,10.0
/home/abdullahmm/Shivam/subtask2_blindtest_wReadme/bengali/bengali_blind_wav/953881_lmvi5eX2gjrvxKZI_0074.wav,/home/abdullahmm/Shivam/subtask2_blindtest_wReadme/bengali/bengali_blind_wav/953881_lmvi5eX2gjrvxKZI_0074.wav,বাম দিকে যাওয়ার জন্য a টিপুন,11.0
/home/abdullahmm/Shivam/subtask2_blindtest_wReadme/bengali/bengali_blind_wav/953881_lmvi5eX2gjrvxKZI_0075.wav,/home/abdullahmm/Shivam/subtask2_blindtest_wReadme/bengali/bengali_blind_wav/953881_lmvi5eX2gjrvxKZI_0075.wav,ডান দিকে যাওয়ার জন্য d টিপুন,11.0
/home/abdullahmm/Shivam/subtask2_blindtest_wReadme/bengali/bengali_blind_wav/953881_lmvi5eX2gjrvxKZI_0076.wav,/home/abdullahmm/Shivam/subtask2_blindtest_wReadme/bengali/bengali_blind_wav/953881_lmvi5eX2gjrvxKZI_0076.wav,camera ভিউতে ফেরত যেতে right click করুন,3.0
/home/abdullahmm/Shivam/subtask2_blindtest_wReadme/bengali/bengali_blind_wav/953881_lmvi5eX2gjrvxKZI_0077.wav,/home/abdullahmm/Shivam/subtask2_blindtest_wReadme/bengali/bengali_blind_wav/953881_lmvi5eX2gjrvxKZI_0077.wav,দ্বিতীয়টি হল camera view zoom in এবং zoom out করতে fly মোডে mouse wheel বা scroll ব্যবহার করে,8.0
/home/abdullahmm/Shivam/subtask2_blindtest_wReadme/bengali/bengali_blind_wav/953881_lmvi5eX2gjrvxKZI_0078.wav,/home/abdullahmm/Shivam/subtask2_blindtest_wReadme/bengali/bengali_blind_wav/953881_lmvi5eX2gjrvxKZI_0078.wav,fly mode প্রবিষ্ট করার জন্য shift f টিপুন,5.0
/home/abdullahmm/Shivam/subtask2_blindtest_wReadme/bengali/bengali_blind_wav/953881_lmvi5eX2gjrvxKZI_0079.wav,/home/abdullahmm/Shivam/subtask2_blindtest_wReadme/bengali/bengali_blind_wav/953881_lmvi5eX2gjrvxKZI_0079.wav,zoom in করার জন্য mouse wheel উপরের দিকে scroll করুন,7.0
/home/abdullahmm/Shivam/subtask2_blindtest_wReadme/bengali/bengali_blind_wav/953881_lmvi5eX2gjrvxKZI_0080.wav,/home/abdullahmm/Shivam/subtask2_blindtest_wReadme/bengali/bengali_blind_wav/953881_lmvi5eX2gjrvxKZI_0080.wav,shortcutএর জন্য numpad + টিপুন,5.0
/home/abdullahmm/Shivam/subtask2_blindtest_wReadme/bengali/bengali_blind_wav/953881_lmvi5eX2gjrvxKZI_0081.wav,/home/abdullahmm/Shivam/subtask2_blindtest_wReadme/bengali/bengali_blind_wav/953881_lmvi5eX2gjrvxKZI_0081.wav,zoom out করার জন্য mouse wheel নীচের দিকে scroll করুন,8.0
/home/abdullahmm/Shivam/subtask2_blindtest_wReadme/bengali/bengali_blind_wav/953881_lmvi5eX2gjrvxKZI_0082.wav,/home/abdullahmm/Shivam/subtask2_blindtest_wReadme/bengali/bengali_blind_wav/953881_lmvi5eX2gjrvxKZI_0082.wav,shortcutএর জন্য numpad - টিপুন,5.0
/home/abdullahmm/Shivam/subtask2_blindtest_wReadme/bengali/bengali_blind_wav/953881_lmvi5eX2gjrvxKZI_0083.wav,/home/abdullahmm/Shivam/subtask2_blindtest_wReadme/bengali/bengali_blind_wav/953881_lmvi5eX2gjrvxKZI_0083.wav,camera ভিউতে ফেরত যেতে right click করুন,6.0
/home/abdullahmm/Shivam/subtask2_blindtest_wReadme/bengali/bengali_blind_wav/953881_lmvi5eX2gjrvxKZI_0084.wav,/home/abdullahmm/Shivam/subtask2_blindtest_wReadme/bengali/bengali_blind_wav/953881_lmvi5eX2gjrvxKZI_0084.wav,শেষটি হল fly মোডে mouse wheel বা scroll ব্যবহার করে camera view বাম থেকে ডানে এবং বিপরীত ক্রমে ঘোরাতে,10.0
/home/abdullahmm/Shivam/subtask2_blindtest_wReadme/bengali/bengali_blind_wav/953881_lmvi5eX2gjrvxKZI_0085.wav,/home/abdullahmm/Shivam/subtask2_blindtest_wReadme/bengali/bengali_blind_wav/953881_lmvi5eX2gjrvxKZI_0085.wav,fly mode প্রবিষ্ট করার জন্য shift f টিপুন,5.0
/home/abdullahmm/Shivam/subtask2_blindtest_wReadme/bengali/bengali_blind_wav/953881_lmvi5eX2gjrvxKZI_0086.wav,/home/abdullahmm/Shivam/subtask2_blindtest_wReadme/bengali/bengali_blind_wav/953881_lmvi5eX2gjrvxKZI_0086.wav,d টিপুন এবং mouse wheel উপর এবং নীচে scroll করুন,9.0
/home/abdullahmm/Shivam/subtask2_blindtest_wReadme/bengali/bengali_blind_wav/953881_lmvi5eX2gjrvxKZI_0087.wav,/home/abdullahmm/Shivam/subtask2_blindtest_wReadme/bengali/bengali_blind_wav/953881_lmvi5eX2gjrvxKZI_0087.wav,camera view বাম থেকে ডানে এবং বিপরীতক্রমে ঘোরে,15.0
/home/abdullahmm/Shivam/subtask2_blindtest_wReadme/bengali/bengali_blind_wav/953881_lmvi5eX2gjrvxKZI_0088.wav,/home/abdullahmm/Shivam/subtask2_blindtest_wReadme/bengali/bengali_blind_wav/953881_lmvi5eX2gjrvxKZI_0088.wav,camera view বন্ধ করার জন্য screen এ বাম click করুন,5.0
/home/abdullahmm/Shivam/subtask2_blindtest_wReadme/bengali/bengali_blind_wav/953881_lmvi5eX2gjrvxKZI_0089.wav,/home/abdullahmm/Shivam/subtask2_blindtest_wReadme/bengali/bengali_blind_wav/953881_lmvi5eX2gjrvxKZI_0089.wav,এখন এটি আপনার নতুন camera view,5.0
/home/abdullahmm/Shivam/subtask2_blindtest_wReadme/bengali/bengali_blind_wav/953881_lmvi5eX2gjrvxKZI_0090.wav,/home/abdullahmm/Shivam/subtask2_blindtest_wReadme/bengali/bengali_blind_wav/953881_lmvi5eX2gjrvxKZI_0090.wav,এখন আমরা navigation camera ভিউর টিউটোরিয়ালটি শেষ করি,5.0
/home/abdullahmm/Shivam/subtask2_blindtest_wReadme/bengali/bengali_blind_wav/953881_lmvi5eX2gjrvxKZI_0091.wav,/home/abdullahmm/Shivam/subtask2_blindtest_wReadme/bengali/bengali_blind_wav/953881_lmvi5eX2gjrvxKZI_0091.wav,এখন একটি নতুন ফাইলে,2.0
/home/abdullahmm/Shivam/subtask2_blindtest_wReadme/bengali/bengali_blind_wav/953881_lmvi5eX2gjrvxKZI_0092.wav,/home/abdullahmm/Shivam/subtask2_blindtest_wReadme/bengali/bengali_blind_wav/953881_lmvi5eX2gjrvxKZI_0092.wav,camera স্থান বদলান এবং camera view camera roll pan dolly এবং track করে,9.0
/home/abdullahmm/Shivam/subtask2_blindtest_wReadme/bengali/bengali_blind_wav/953881_lmvi5eX2gjrvxKZI_0093.wav,/home/abdullahmm/Shivam/subtask2_blindtest_wReadme/bengali/bengali_blind_wav/953881_lmvi5eX2gjrvxKZI_0093.wav,নতুন camera view নির্বাচনের জন্য fly mode ব্যবহার করুন,6.0
/home/abdullahmm/Shivam/subtask2_blindtest_wReadme/bengali/bengali_blind_wav/953881_lmvi5eX2gjrvxKZI_0094.wav,/home/abdullahmm/Shivam/subtask2_blindtest_wReadme/bengali/bengali_blind_wav/953881_lmvi5eX2gjrvxKZI_0094.wav,এই প্রকল্পটি ভারত সরকারের mhrd এর আইসিটির মাধ্যমে জাতীয় শিক্ষা mission দ্বারা সমর্থিত,8.0
/home/abdullahmm/Shivam/subtask2_blindtest_wReadme/bengali/bengali_blind_wav/953881_lmvi5eX2gjrvxKZI_0096.wav,/home/abdullahmm/Shivam/subtask2_blindtest_wReadme/bengali/bengali_blind_wav/953881_lmvi5eX2gjrvxKZI_0096.wav,কথ্য tutorial প্রকল্প the,3.0
/home/abdullahmm/Shivam/subtask2_blindtest_wReadme/bengali/bengali_blind_wav/953881_lmvi5eX2gjrvxKZI_0097.wav,/home/abdullahmm/Shivam/subtask2_blindtest_wReadme/bengali/bengali_blind_wav/953881_lmvi5eX2gjrvxKZI_0097.wav,কথ্য tutorials ব্যবহার করে কর্মশালার আয়োজন করে,3.0
/home/abdullahmm/Shivam/subtask2_blindtest_wReadme/bengali/bengali_blind_wav/953881_lmvi5eX2gjrvxKZI_0098.wav,/home/abdullahmm/Shivam/subtask2_blindtest_wReadme/bengali/bengali_blind_wav/953881_lmvi5eX2gjrvxKZI_0098.wav,যারা online পরীক্ষা pass করে তাদের প্রশংসাপত্রও দেওয়া হয়,5.0
/home/abdullahmm/Shivam/subtask2_blindtest_wReadme/bengali/bengali_blind_wav/953881_lmvi5eX2gjrvxKZI_0100.wav,/home/abdullahmm/Shivam/subtask2_blindtest_wReadme/bengali/bengali_blind_wav/953881_lmvi5eX2gjrvxKZI_0100.wav,অংশগ্রহনের জন্য ধন্যবাদ,2.0
/home/abdullahmm/Shivam/subtask2_blindtest_wReadme/bengali/bengali_blind_wav/953881_lmvi5eX2gjrvxKZI_0101.wav,/home/abdullahmm/Shivam/subtask2_blindtest_wReadme/bengali/bengali_blind_wav/953881_lmvi5eX2gjrvxKZI_0101.wav,আমি কৌশিক দত্ত বিদায় নিচ্ছি,2.12
/home/abdullahmm/Shivam/subtask2_blindtest_wReadme/bengali/bengali_blind_wav/991650_lFudxaFl7gBhEh2Q_0000.wav,/home/abdullahmm/Shivam/subtask2_blindtest_wReadme/bengali/bengali_blind_wav/991650_lFudxaFl7gBhEh2Q_0000.wav,ম্যাথের এই কথ্য টিউটোরিয়ালে আপনাদের স্বাগত,4.0
/home/abdullahmm/Shivam/subtask2_blindtest_wReadme/bengali/bengali_blind_wav/991650_lFudxaFl7gBhEh2Q_0001.wav,/home/abdullahmm/Shivam/subtask2_blindtest_wReadme/bengali/bengali_blind_wav/991650_lFudxaFl7gBhEh2Q_0001.wav,টিউটোরিয়ালে আমরা শিখব কিভাবে অবকলন এবং অবকলন সমীকরণ সমকলন সমীকরণ এবং logarithm যুক্ত সূত্র লেখা যায়,12.0
/home/abdullahmm/Shivam/subtask2_blindtest_wReadme/bengali/bengali_blind_wav/991650_lFudxaFl7gBhEh2Q_0002.wav,/home/abdullahmm/Shivam/subtask2_blindtest_wReadme/bengali/bengali_blind_wav/991650_lFudxaFl7gBhEh2Q_0002.wav,এর জন্য আমরা পূর্ববর্তী টিউটোরিয়ালে যে math example 1 . odt নামক writer নথিটি তৈরি করেছিলাম সেটিকে খুলুন এখন,12.0
/home/abdullahmm/Shivam/subtask2_blindtest_wReadme/bengali/bengali_blind_wav/991650_lFudxaFl7gBhEh2Q_0003.wav,/home/abdullahmm/Shivam/subtask2_blindtest_wReadme/bengali/bengali_blind_wav/991650_lFudxaFl7gBhEh2Q_0003.wav,scroll করে শেষ পৃষ্ঠায় যান তারপর control enter টিপে নতুন পৃষ্ঠায় যান,8.0
/home/abdullahmm/Shivam/subtask2_blindtest_wReadme/bengali/bengali_blind_wav/991650_lFudxaFl7gBhEh2Q_0004.wav,/home/abdullahmm/Shivam/subtask2_blindtest_wReadme/bengali/bengali_blind_wav/991650_lFudxaFl7gBhEh2Q_0004.wav,লিখুন derivatives and differential equations দুইবার enter key টিপুন,8.0
/home/abdullahmm/Shivam/subtask2_blindtest_wReadme/bengali/bengali_blind_wav/991650_lFudxaFl7gBhEh2Q_0005.wav,/home/abdullahmm/Shivam/subtask2_blindtest_wReadme/bengali/bengali_blind_wav/991650_lFudxaFl7gBhEh2Q_0005.wav,এবার আসুন math চালু করা যাক insert মেনুতে click করুন তারপর অবজেক্টেবং তারপর for,9.0
/home/abdullahmm/Shivam/subtask2_blindtest_wReadme/bengali/bengali_blind_wav/991650_lFudxaFl7gBhEh2Q_0006.wav,/home/abdullahmm/Shivam/subtask2_blindtest_wReadme/bengali/bengali_blind_wav/991650_lFudxaFl7gBhEh2Q_0006.wav,পরবর্তী আলোচনা করার আগে font size বাড়িয়ে 18 . করে দিন,6.0
/home/abdullahmm/Shivam/subtask2_blindtest_wReadme/bengali/bengali_blind_wav/991650_lFudxaFl7gBhEh2Q_0007.wav,/home/abdullahmm/Shivam/subtask2_blindtest_wReadme/bengali/bengali_blind_wav/991650_lFudxaFl7gBhEh2Q_0007.wav,বিন্যাস পরিবর্তন করে বাম ঘেঁষা করুন,3.0
/home/abdullahmm/Shivam/subtask2_blindtest_wReadme/bengali/bengali_blind_wav/991650_lFudxaFl7gBhEh2Q_0008.wav,/home/abdullahmm/Shivam/subtask2_blindtest_wReadme/bengali/bengali_blind_wav/991650_lFudxaFl7gBhEh2Q_0008.wav,এবং পড়ার সুবিধার্থে আমাদের উদাহরণগুলির মাঝে নতুন line এবং ফাঁকা line যোগ করুন,8.0
/home/abdullahmm/Shivam/subtask2_blindtest_wReadme/bengali/bengali_blind_wav/991650_lFudxaFl7gBhEh2Q_0009.wav,/home/abdullahmm/Shivam/subtask2_blindtest_wReadme/bengali/bengali_blind_wav/991650_lFudxaFl7gBhEh2Q_0009.wav,এখন শেখা যাক কিভাবে অবকলন এবং অবকলন সমীকরণ লেখা যায়,8.0
/home/abdullahmm/Shivam/subtask2_blindtest_wReadme/bengali/bengali_blind_wav/991650_lFudxaFl7gBhEh2Q_0010.wav,/home/abdullahmm/Shivam/subtask2_blindtest_wReadme/bengali/bengali_blind_wav/991650_lFudxaFl7gBhEh2Q_0010.wav,এবং সমীকরণগুলি লেখার খুব সহজ পদ্ধতি আছে আমাদের শুধুমাত্র,6.0
/home/abdullahmm/Shivam/subtask2_blindtest_wReadme/bengali/bengali_blind_wav/991650_lFudxaFl7gBhEh2Q_0011.wav,/home/abdullahmm/Shivam/subtask2_blindtest_wReadme/bengali/bengali_blind_wav/991650_lFudxaFl7gBhEh2Q_0011.wav,শুধুমাত্র সেগুলিকে ভগ্নাংশ হিসাবে দেখতে হবে এবং over mark up ব্যবহার করতে হবে উদাহরণস্বরূপ,8.0
/home/abdullahmm/Shivam/subtask2_blindtest_wReadme/bengali/bengali_blind_wav/991650_lFudxaFl7gBhEh2Q_0012.wav,/home/abdullahmm/Shivam/subtask2_blindtest_wReadme/bengali/bengali_blind_wav/991650_lFudxaFl7gBhEh2Q_0012.wav,একটি সম্পূর্ণ derivative df by dx লিখতে সূত্র সম্পাদক উইন্ডোতে mark up লিখতে হবে df over dx এরপর আংশিক derrivative,17.0
/home/abdullahmm/Shivam/subtask2_blindtest_wReadme/bengali/bengali_blind_wav/991650_lFudxaFl7gBhEh2Q_0013.wav,/home/abdullahmm/Shivam/subtask2_blindtest_wReadme/bengali/bengali_blind_wav/991650_lFudxaFl7gBhEh2Q_0013.wav,আমরা partial শব্দটি ব্যবহার করতে পারি এবং এক্ষেত্রে সূত্রটি এরকম হবে del f / del x,12.0
/home/abdullahmm/Shivam/subtask2_blindtest_wReadme/bengali/bengali_blind_wav/991650_lFudxaFl7gBhEh2Q_0014.wav,/home/abdullahmm/Shivam/subtask2_blindtest_wReadme/bengali/bengali_blind_wav/991650_lFudxaFl7gBhEh2Q_0014.wav,partial mark up ব্যবহারের সময় আমাদের দ্বিতীয় ( ব্যবহার করতে হবে,6.0
/home/abdullahmm/Shivam/subtask2_blindtest_wReadme/bengali/bengali_blind_wav/991650_lFudxaFl7gBhEh2Q_0015.wav,/home/abdullahmm/Shivam/subtask2_blindtest_wReadme/bengali/bengali_blind_wav/991650_lFudxaFl7gBhEh2Q_0015.wav,ধূসর বাক্সে আংশিক derivative এর জন্য del চিহ্নটি লক্ষ্য করুন,6.0
/home/abdullahmm/Shivam/subtask2_blindtest_wReadme/bengali/bengali_blind_wav/991650_lFudxaFl7gBhEh2Q_0016.wav,/home/abdullahmm/Shivam/subtask2_blindtest_wReadme/bengali/bengali_blind_wav/991650_lFudxaFl7gBhEh2Q_0016.wav,এখানে আরেকটি উদাহরণ রয়েছে নিউটনের দ্বিতীয় গত,7.0
/home/abdullahmm/Shivam/subtask2_blindtest_wReadme/bengali/bengali_blind_wav/991650_lFudxaFl7gBhEh2Q_0017.wav,/home/abdullahmm/Shivam/subtask2_blindtest_wReadme/bengali/bengali_blind_wav/991650_lFudxaFl7gBhEh2Q_0017.wav,সূত্র যা ত্বরণ এবং বলের মধ্যে সম্পর্ক নিয়ে আলোচনা করে,5.0
/home/abdullahmm/Shivam/subtask2_blindtest_wReadme/bengali/bengali_blind_wav/991650_lFudxaFl7gBhEh2Q_0018.wav,/home/abdullahmm/Shivam/subtask2_blindtest_wReadme/bengali/bengali_blind_wav/991650_lFudxaFl7gBhEh2Q_0018.wav,f সমান m a,4.0
/home/abdullahmm/Shivam/subtask2_blindtest_wReadme/bengali/bengali_blind_wav/991650_lFudxaFl7gBhEh2Q_0019.wav,/home/abdullahmm/Shivam/subtask2_blindtest_wReadme/bengali/bengali_blind_wav/991650_lFudxaFl7gBhEh2Q_0019.wav,এটিকে একটি সাধারণ differential সমীকরণ হিসাবে লেখা যায় f of t সমান m গুন d বর্গ x ভাগ d,15.0
/home/abdullahmm/Shivam/subtask2_blindtest_wReadme/bengali/bengali_blind_wav/991650_lFudxaFl7gBhEh2Q_0020.wav,/home/abdullahmm/Shivam/subtask2_blindtest_wReadme/bengali/bengali_blind_wav/991650_lFudxaFl7gBhEh2Q_0020.wav,t বর্গ লক্ষ্য করুন আমরা ক্রিয়াগুলির ক্রম বোঝাতে অনেকগুলি দ্বিতীয় ( ব্যবহার করেছি সমীকরণটি স্ক্রিনের ঠিক যেমন দেখা যাচ্ছে,11.0
/home/abdullahmm/Shivam/subtask2_blindtest_wReadme/bengali/bengali_blind_wav/991650_lFudxaFl7gBhEh2Q_0021.wav,/home/abdullahmm/Shivam/subtask2_blindtest_wReadme/bengali/bengali_blind_wav/991650_lFudxaFl7gBhEh2Q_0021.wav,সেইরকম দেখতে হবে differential সমীকরণে,5.0
/home/abdullahmm/Shivam/subtask2_blindtest_wReadme/bengali/bengali_blind_wav/991650_lFudxaFl7gBhEh2Q_0022.wav,/home/abdullahmm/Shivam/subtask2_blindtest_wReadme/bengali/bengali_blind_wav/991650_lFudxaFl7gBhEh2Q_0022.wav,আরেকটি উদাহরণ নিয়ে আলোচনা করা যাক,4.0
/home/abdullahmm/Shivam/subtask2_blindtest_wReadme/bengali/bengali_blind_wav/991650_lFudxaFl7gBhEh2Q_0023.wav,/home/abdullahmm/Shivam/subtask2_blindtest_wReadme/bengali/bengali_blind_wav/991650_lFudxaFl7gBhEh2Q_0023.wav,নিউটনের শীতলীকরণ সূত্র,3.0
/home/abdullahmm/Shivam/subtask2_blindtest_wReadme/bengali/bengali_blind_wav/991650_lFudxaFl7gBhEh2Q_0024.wav,/home/abdullahmm/Shivam/subtask2_blindtest_wReadme/bengali/bengali_blind_wav/991650_lFudxaFl7gBhEh2Q_0024.wav,t সময়ে কোনও বস্তুর তাপমাত্রা যদি theta of t হয় তাহলে আমরা differential সমীকরণ হিসাবে লিখতে পারি,10.0
/home/abdullahmm/Shivam/subtask2_blindtest_wReadme/bengali/bengali_blind_wav/991650_lFudxaFl7gBhEh2Q_0025.wav,/home/abdullahmm/Shivam/subtask2_blindtest_wReadme/bengali/bengali_blind_wav/991650_lFudxaFl7gBhEh2Q_0025.wav,d of theta over d of t সমান বিয়োগচিহ্ন k গুন theta বিয়োগ s,12.0
/home/abdullahmm/Shivam/subtask2_blindtest_wReadme/bengali/bengali_blind_wav/991650_lFudxaFl7gBhEh2Q_0026.wav,/home/abdullahmm/Shivam/subtask2_blindtest_wReadme/bengali/bengali_blind_wav/991650_lFudxaFl7gBhEh2Q_0026.wav,যেখানে s হল পারিপার্শ্বিক পরিবেশের তাপমাত্রা,5.0
/home/abdullahmm/Shivam/subtask2_blindtest_wReadme/bengali/bengali_blind_wav/991650_lFudxaFl7gBhEh2Q_0027.wav,/home/abdullahmm/Shivam/subtask2_blindtest_wReadme/bengali/bengali_blind_wav/991650_lFudxaFl7gBhEh2Q_0027.wav,writer ধূসর বাক্সে সমীকরণটি লক্ষ্য করুন,4.0
/home/abdullahmm/Shivam/subtask2_blindtest_wReadme/bengali/bengali_blind_wav/991650_lFudxaFl7gBhEh2Q_0028.wav,/home/abdullahmm/Shivam/subtask2_blindtest_wReadme/bengali/bengali_blind_wav/991650_lFudxaFl7gBhEh2Q_0028.wav,এবার আমাদের কাজটি সংরক্ষণ করে নেওয়া যাক ফাইলে যান এবং,6.0
/home/abdullahmm/Shivam/subtask2_blindtest_wReadme/bengali/bengali_blind_wav/991650_lFudxaFl7gBhEh2Q_0029.wav,/home/abdullahmm/Shivam/subtask2_blindtest_wReadme/bengali/bengali_blind_wav/991650_lFudxaFl7gBhEh2Q_0029.wav,এবার দেখা যাক কিভাবে সমকলন সমীকরণ লেখা যায়,5.0
/home/abdullahmm/Shivam/subtask2_blindtest_wReadme/bengali/bengali_blind_wav/991650_lFudxaFl7gBhEh2Q_0030.wav,/home/abdullahmm/Shivam/subtask2_blindtest_wReadme/bengali/bengali_blind_wav/991650_lFudxaFl7gBhEh2Q_0030.wav,লেখা যায় এবার নতুন পৃষ্ঠায় যেতে writer ধূসর বাক্সের বাইরে ধীরে ধীরে তিনবার click করুন,8.0
/home/abdullahmm/Shivam/subtask2_blindtest_wReadme/bengali/bengali_blind_wav/991650_lFudxaFl7gBhEh2Q_0031.wav,/home/abdullahmm/Shivam/subtask2_blindtest_wReadme/bengali/bengali_blind_wav/991650_lFudxaFl7gBhEh2Q_0031.wav,এবং control enter টিপুন,5.0
/home/abdullahmm/Shivam/subtask2_blindtest_wReadme/bengali/bengali_blind_wav/991650_lFudxaFl7gBhEh2Q_0032.wav,/home/abdullahmm/Shivam/subtask2_blindtest_wReadme/bengali/bengali_blind_wav/991650_lFudxaFl7gBhEh2Q_0032.wav,লিখুন integral equations,3.0
/home/abdullahmm/Shivam/subtask2_blindtest_wReadme/bengali/bengali_blind_wav/991650_lFudxaFl7gBhEh2Q_0033.wav,/home/abdullahmm/Shivam/subtask2_blindtest_wReadme/bengali/bengali_blind_wav/991650_lFudxaFl7gBhEh2Q_0033.wav,দুইবার enter টিপুন,5.0
/home/abdullahmm/Shivam/subtask2_blindtest_wReadme/bengali/bengali_blind_wav/991650_lFudxaFl7gBhEh2Q_0034.wav,/home/abdullahmm/Shivam/subtask2_blindtest_wReadme/bengali/bengali_blind_wav/991650_lFudxaFl7gBhEh2Q_0034.wav,এবার insert object menu থেকে math,6.0
/home/abdullahmm/Shivam/subtask2_blindtest_wReadme/bengali/bengali_blind_wav/991650_lFudxaFl7gBhEh2Q_0035.wav,/home/abdullahmm/Shivam/subtask2_blindtest_wReadme/bengali/bengali_blind_wav/991650_lFudxaFl7gBhEh2Q_0035.wav,খুলুন font size বাড়িয়ে ১৮ . করুন,5.0
/home/abdullahmm/Shivam/subtask2_blindtest_wReadme/bengali/bengali_blind_wav/991650_lFudxaFl7gBhEh2Q_0036.wav,/home/abdullahmm/Shivam/subtask2_blindtest_wReadme/bengali/bengali_blind_wav/991650_lFudxaFl7gBhEh2Q_0036.wav,এবং বিন্যাস পরিবর্তন করে বাম ঘেঁষা করে নিন,3.0
/home/abdullahmm/Shivam/subtask2_blindtest_wReadme/bengali/bengali_blind_wav/991650_lFudxaFl7gBhEh2Q_0037.wav,/home/abdullahmm/Shivam/subtask2_blindtest_wReadme/bengali/bengali_blind_wav/991650_lFudxaFl7gBhEh2Q_0037.wav,সমকলন চিহ্ন লিখতে আমাদের সূত্র সম্পাদক উইন্ডোতে int mark up ব্যবহার করতে হবে,10.0
/home/abdullahmm/Shivam/subtask2_blindtest_wReadme/bengali/bengali_blind_wav/991650_lFudxaFl7gBhEh2Q_0038.wav,/home/abdullahmm/Shivam/subtask2_blindtest_wReadme/bengali/bengali_blind_wav/991650_lFudxaFl7gBhEh2Q_0038.wav,তাহলে ধরা যাক f হল বাস্তব variable x এর একটি function এবং a b x অক্ষের ওপর একটি বাস্তব রেখাংশ তাহলে নির্দিষ্ট সমকলন এভাবে লেখা যেতে পারে integral from a to b f ( x dx,23.0
/home/abdullahmm/Shivam/subtask2_blindtest_wReadme/bengali/bengali_blind_wav/991650_lFudxaFl7gBhEh2Q_0039.wav,/home/abdullahmm/Shivam/subtask2_blindtest_wReadme/bengali/bengali_blind_wav/991650_lFudxaFl7gBhEh2Q_0039.wav,আমরা সমকলন চিহ্ন বোঝাতে int mark up ব্যবহার করেছি,6.0
/home/abdullahmm/Shivam/subtask2_blindtest_wReadme/bengali/bengali_blind_wav/991650_lFudxaFl7gBhEh2Q_0040.wav,/home/abdullahmm/Shivam/subtask2_blindtest_wReadme/bengali/bengali_blind_wav/991650_lFudxaFl7gBhEh2Q_0040.wav,a এবং b সীমা হিসাবে উল্লেখ করতে আমরা from এবং to mark,9.0
/home/abdullahmm/Shivam/subtask2_blindtest_wReadme/bengali/bengali_blind_wav/991650_lFudxaFl7gBhEh2Q_0041.wav,/home/abdullahmm/Shivam/subtask2_blindtest_wReadme/bengali/bengali_blind_wav/991650_lFudxaFl7gBhEh2Q_0041.wav,ব্যবহার করেছি writer,4.0
/home/abdullahmm/Shivam/subtask2_blindtest_wReadme/bengali/bengali_blind_wav/991650_lFudxaFl7gBhEh2Q_0042.wav,/home/abdullahmm/Shivam/subtask2_blindtest_wReadme/bengali/bengali_blind_wav/991650_lFudxaFl7gBhEh2Q_0042.wav,কে সূত্রটি লক্ষ্য করুন এরপর আমরা একটি ঘনক্ষেত্রের ক্ষেত্রফল নির্ণয় করতে জোড়া সমকলন লিখব,9.0
/home/abdullahmm/Shivam/subtask2_blindtest_wReadme/bengali/bengali_blind_wav/991650_lFudxaFl7gBhEh2Q_0043.wav,/home/abdullahmm/Shivam/subtask2_blindtest_wReadme/bengali/bengali_blind_wav/991650_lFudxaFl7gBhEh2Q_0043.wav,সূত্রটি স্ক্রিনে দেখা যাচ্ছে আপনি দেখতে পাচ্ছেন,4.0
/home/abdullahmm/Shivam/subtask2_blindtest_wReadme/bengali/bengali_blind_wav/991650_lFudxaFl7gBhEh2Q_0044.wav,/home/abdullahmm/Shivam/subtask2_blindtest_wReadme/bengali/bengali_blind_wav/991650_lFudxaFl7gBhEh2Q_0044.wav,চূড়া সমকলনের জন্য mark up হল i i n t সহজ না অনুরোধ,8.0
/home/abdullahmm/Shivam/subtask2_blindtest_wReadme/bengali/bengali_blind_wav/991650_lFudxaFl7gBhEh2Q_0045.wav,/home/abdullahmm/Shivam/subtask2_blindtest_wReadme/bengali/bengali_blind_wav/991650_lFudxaFl7gBhEh2Q_0045.wav,একটি ঘনক্ষেত্রের আয়তন নির্ণয় করতে আমরা একটি ত্রিগুণ সমীকরণ লিখতে পারি যথারীতি,8.0
/home/abdullahmm/Shivam/subtask2_blindtest_wReadme/bengali/bengali_blind_wav/991650_lFudxaFl7gBhEh2Q_0046.wav,/home/abdullahmm/Shivam/subtask2_blindtest_wReadme/bengali/bengali_blind_wav/991650_lFudxaFl7gBhEh2Q_0046.wav,ত্রিগুণ সমকলনের জন্য mark up হবে i i i n t,6.0
/home/abdullahmm/Shivam/subtask2_blindtest_wReadme/bengali/bengali_blind_wav/991650_lFudxaFl7gBhEh2Q_0047.wav,/home/abdullahmm/Shivam/subtask2_blindtest_wReadme/bengali/bengali_blind_wav/991650_lFudxaFl7gBhEh2Q_0047.wav,আমরা সমকলনের সীমা উল্লেখ করতে subscript mark up ব্যবহার করতে পারি,8.0
/home/abdullahmm/Shivam/subtask2_blindtest_wReadme/bengali/bengali_blind_wav/991650_lFudxaFl7gBhEh2Q_0048.wav,/home/abdullahmm/Shivam/subtask2_blindtest_wReadme/bengali/bengali_blind_wav/991650_lFudxaFl7gBhEh2Q_0048.wav,এই subscript ব্যবহার করে math সমকলনের নীচের ডানদিকে,6.0
/home/abdullahmm/Shivam/subtask2_blindtest_wReadme/bengali/bengali_blind_wav/991650_lFudxaFl7gBhEh2Q_0049.wav,/home/abdullahmm/Shivam/subtask2_blindtest_wReadme/bengali/bengali_blind_wav/991650_lFudxaFl7gBhEh2Q_0049.wav,এর অক্ষরটি বসায় তাহলে ম্যাথের সমকলন সূত্র এবং সমীকরণ লেখার অনেক পদ্ধতি,7.0
/home/abdullahmm/Shivam/subtask2_blindtest_wReadme/bengali/bengali_blind_wav/991650_lFudxaFl7gBhEh2Q_0050.wav,/home/abdullahmm/Shivam/subtask2_blindtest_wReadme/bengali/bengali_blind_wav/991650_lFudxaFl7gBhEh2Q_0050.wav,এবার আসুন দেখা যাক কিভাবে একটি logarithm যুক্ত সূত্র লেখা যায়,6.0
/home/abdullahmm/Shivam/subtask2_blindtest_wReadme/bengali/bengali_blind_wav/991650_lFudxaFl7gBhEh2Q_0051.wav,/home/abdullahmm/Shivam/subtask2_blindtest_wReadme/bengali/bengali_blind_wav/991650_lFudxaFl7gBhEh2Q_0051.wav,এবার একটি নতুন math ধূসর box বা math অবজেক্টে এগুলি লেখা যাক,5.0
/home/abdullahmm/Shivam/subtask2_blindtest_wReadme/bengali/bengali_blind_wav/991650_lFudxaFl7gBhEh2Q_0052.wav,/home/abdullahmm/Shivam/subtask2_blindtest_wReadme/bengali/bengali_blind_wav/991650_lFudxaFl7gBhEh2Q_0052.wav,লিখুন logarithms এবং দুইবার enter,5.0
/home/abdullahmm/Shivam/subtask2_blindtest_wReadme/bengali/bengali_blind_wav/991650_lFudxaFl7gBhEh2Q_0053.wav,/home/abdullahmm/Shivam/subtask2_blindtest_wReadme/bengali/bengali_blind_wav/991650_lFudxaFl7gBhEh2Q_0053.wav,আবার math শুরু করুন,6.0
/home/abdullahmm/Shivam/subtask2_blindtest_wReadme/bengali/bengali_blind_wav/991650_lFudxaFl7gBhEh2Q_0054.wav,/home/abdullahmm/Shivam/subtask2_blindtest_wReadme/bengali/bengali_blind_wav/991650_lFudxaFl7gBhEh2Q_0054.wav,font size পরিবর্তন করে 18 . করুন,4.0
/home/abdullahmm/Shivam/subtask2_blindtest_wReadme/bengali/bengali_blind_wav/991650_lFudxaFl7gBhEh2Q_0055.wav,/home/abdullahmm/Shivam/subtask2_blindtest_wReadme/bengali/bengali_blind_wav/991650_lFudxaFl7gBhEh2Q_0055.wav,বিন্যাস পরিবর্তন করে বামঘেঁষা করুন,3.0
/home/abdullahmm/Shivam/subtask2_blindtest_wReadme/bengali/bengali_blind_wav/991650_lFudxaFl7gBhEh2Q_0056.wav,/home/abdullahmm/Shivam/subtask2_blindtest_wReadme/bengali/bengali_blind_wav/991650_lFudxaFl7gBhEh2Q_0056.wav,logarithm যুক্ত একটি সহজ সূত্র লখা যাক log 1000 to the base 10 সমান,10.0
/home/abdullahmm/Shivam/subtask2_blindtest_wReadme/bengali/bengali_blind_wav/991650_lFudxaFl7gBhEh2Q_0057.wav,/home/abdullahmm/Shivam/subtask2_blindtest_wReadme/bengali/bengali_blind_wav/991650_lFudxaFl7gBhEh2Q_0057.wav,3 এখানের mark up ছিল,3.0
/home/abdullahmm/Shivam/subtask2_blindtest_wReadme/bengali/bengali_blind_wav/991650_lFudxaFl7gBhEh2Q_0058.wav,/home/abdullahmm/Shivam/subtask2_blindtest_wReadme/bengali/bengali_blind_wav/991650_lFudxaFl7gBhEh2Q_0058.wav,লক্ষ্য করুন আরেকটি উদাহরণ হল log 64 to the base 2,8.0
/home/abdullahmm/Shivam/subtask2_blindtest_wReadme/bengali/bengali_blind_wav/991650_lFudxaFl7gBhEh2Q_0059.wav,/home/abdullahmm/Shivam/subtask2_blindtest_wReadme/bengali/bengali_blind_wav/991650_lFudxaFl7gBhEh2Q_0059.wav,আসুন এখন স্বাভাবিক logarithm এর একটি সমকলন রূপ লেখা যাক,7.0
/home/abdullahmm/Shivam/subtask2_blindtest_wReadme/bengali/bengali_blind_wav/991650_lFudxaFl7gBhEh2Q_0060.wav,/home/abdullahmm/Shivam/subtask2_blindtest_wReadme/bengali/bengali_blind_wav/991650_lFudxaFl7gBhEh2Q_0060.wav,t এর স্বাভাবিক logarithm সমান 1 থেকে t পর্যন্ত 1 ভাগ x dx,10.0
/home/abdullahmm/Shivam/subtask2_blindtest_wReadme/bengali/bengali_blind_wav/991650_lFudxaFl7gBhEh2Q_0061.wav,/home/abdullahmm/Shivam/subtask2_blindtest_wReadme/bengali/bengali_blind_wav/991650_lFudxaFl7gBhEh2Q_0061.wav,এর সমকলন screen এ যেমন দেখা যাচ্ছে মার্কআপটি সেইরূপ,5.0
/home/abdullahmm/Shivam/subtask2_blindtest_wReadme/bengali/bengali_blind_wav/991650_lFudxaFl7gBhEh2Q_0062.wav,/home/abdullahmm/Shivam/subtask2_blindtest_wReadme/bengali/bengali_blind_wav/991650_lFudxaFl7gBhEh2Q_0062.wav,আমাদের উদাহরণগুলি সংরক্ষণ করে নেওয়া,4.0
/home/abdullahmm/Shivam/subtask2_blindtest_wReadme/bengali/bengali_blind_wav/991650_lFudxaFl7gBhEh2Q_0063.wav,/home/abdullahmm/Shivam/subtask2_blindtest_wReadme/bengali/bengali_blind_wav/991650_lFudxaFl7gBhEh2Q_0063.wav,এখন আপনাদের জন্য,2.0
/home/abdullahmm/Shivam/subtask2_blindtest_wReadme/bengali/bengali_blind_wav/991650_lFudxaFl7gBhEh2Q_0064.wav,/home/abdullahmm/Shivam/subtask2_blindtest_wReadme/bengali/bengali_blind_wav/991650_lFudxaFl7gBhEh2Q_0064.wav,অনুশীলনে রয়েছে এই অবকলন সূত্রগুলি লিখুন,4.0
/home/abdullahmm/Shivam/subtask2_blindtest_wReadme/bengali/bengali_blind_wav/991650_lFudxaFl7gBhEh2Q_0065.wav,/home/abdullahmm/Shivam/subtask2_blindtest_wReadme/bengali/bengali_blind_wav/991650_lFudxaFl7gBhEh2Q_0065.wav,d বর্গ y ভাগ d x বর্গ সমান d ভাগ dx of dy ভাগ dx,12.0
/home/abdullahmm/Shivam/subtask2_blindtest_wReadme/bengali/bengali_blind_wav/991650_lFudxaFl7gBhEh2Q_0066.wav,/home/abdullahmm/Shivam/subtask2_blindtest_wReadme/bengali/bengali_blind_wav/991650_lFudxaFl7gBhEh2Q_0066.wav,( শেষ আকারে পরিবর্তনশীল ( ব্যবহার করুন,4.0
/home/abdullahmm/Shivam/subtask2_blindtest_wReadme/bengali/bengali_blind_wav/991650_lFudxaFl7gBhEh2Q_0067.wav,/home/abdullahmm/Shivam/subtask2_blindtest_wReadme/bengali/bengali_blind_wav/991650_lFudxaFl7gBhEh2Q_0067.wav,নিম্নলিখিত সমকলন,2.0
/home/abdullahmm/Shivam/subtask2_blindtest_wReadme/bengali/bengali_blind_wav/991650_lFudxaFl7gBhEh2Q_0068.wav,/home/abdullahmm/Shivam/subtask2_blindtest_wReadme/bengali/bengali_blind_wav/991650_lFudxaFl7gBhEh2Q_0068.wav,উদাহরণটি লিখুন 0 থেকে 1 সীমার মধ্যে ( এক্সের বর্গমূল ( শেষ dx এর সমকলন,11.0
/home/abdullahmm/Shivam/subtask2_blindtest_wReadme/bengali/bengali_blind_wav/991650_lFudxaFl7gBhEh2Q_0069.wav,/home/abdullahmm/Shivam/subtask2_blindtest_wReadme/bengali/bengali_blind_wav/991650_lFudxaFl7gBhEh2Q_0069.wav,তারপর এই জোড়া সমকলনটি লিখুন জোড়া সমকলন,5.0
/home/abdullahmm/Shivam/subtask2_blindtest_wReadme/bengali/bengali_blind_wav/991650_lFudxaFl7gBhEh2Q_0070.wav,/home/abdullahmm/Shivam/subtask2_blindtest_wReadme/bengali/bengali_blind_wav/991650_lFudxaFl7gBhEh2Q_0070.wav,t 2 sin x - 3 y ঘন + 5 dx dy,14.0
/home/abdullahmm/Shivam/subtask2_blindtest_wReadme/bengali/bengali_blind_wav/991650_lFudxaFl7gBhEh2Q_0071.wav,/home/abdullahmm/Shivam/subtask2_blindtest_wReadme/bengali/bengali_blind_wav/991650_lFudxaFl7gBhEh2Q_0071.wav,log,2.0
/home/abdullahmm/Shivam/subtask2_blindtest_wReadme/bengali/bengali_blind_wav/991650_lFudxaFl7gBhEh2Q_0072.wav,/home/abdullahmm/Shivam/subtask2_blindtest_wReadme/bengali/bengali_blind_wav/991650_lFudxaFl7gBhEh2Q_0072.wav,x সূচক p base d সমান p গুণ log x base d এই সূত্রটি ব্যবহার করে log 1024 base 2 এর মান নির্ণয় করুন সূত্রগুলিকে বিন্যস্ত,16.0
/home/abdullahmm/Shivam/subtask2_blindtest_wReadme/bengali/bengali_blind_wav/991650_lFudxaFl7gBhEh2Q_0073.wav,/home/abdullahmm/Shivam/subtask2_blindtest_wReadme/bengali/bengali_blind_wav/991650_lFudxaFl7gBhEh2Q_0073.wav,করুন,2.0
/home/abdullahmm/Shivam/subtask2_blindtest_wReadme/bengali/bengali_blind_wav/991650_lFudxaFl7gBhEh2Q_0074.wav,/home/abdullahmm/Shivam/subtask2_blindtest_wReadme/bengali/bengali_blind_wav/991650_lFudxaFl7gBhEh2Q_0074.wav,এখানেই libre office ম্যাথে অবকলন এবং সমকলন সমীকরণ এবং logarithm সংক্রান্ত এই টিউটোরিয়ালটি সমাপ্ত হল,9.0
/home/abdullahmm/Shivam/subtask2_blindtest_wReadme/bengali/bengali_blind_wav/991650_lFudxaFl7gBhEh2Q_0075.wav,/home/abdullahmm/Shivam/subtask2_blindtest_wReadme/bengali/bengali_blind_wav/991650_lFudxaFl7gBhEh2Q_0075.wav,সারসংক্ষেপে এতে আমরা শিখেছি কিভাবে অবকলন এবং অবকলন সমীকরণ সমকলন,6.0
/home/abdullahmm/Shivam/subtask2_blindtest_wReadme/bengali/bengali_blind_wav/991650_lFudxaFl7gBhEh2Q_0076.wav,/home/abdullahmm/Shivam/subtask2_blindtest_wReadme/bengali/bengali_blind_wav/991650_lFudxaFl7gBhEh2Q_0076.wav,সমীকরণ এবং logarithm যুক্ত সূত্র লেখা যায়,4.0
/home/abdullahmm/Shivam/subtask2_blindtest_wReadme/bengali/bengali_blind_wav/991650_lFudxaFl7gBhEh2Q_0077.wav,/home/abdullahmm/Shivam/subtask2_blindtest_wReadme/bengali/bengali_blind_wav/991650_lFudxaFl7gBhEh2Q_0077.wav,spoken tutorial talk to a teacher প্রকল্পের অংশবিশেষ যা ভারত সরকারের ict mhrd এর national mission on education দ্বারা সমর্থিত,11.0
/home/abdullahmm/Shivam/subtask2_blindtest_wReadme/bengali/bengali_blind_wav/991650_lFudxaFl7gBhEh2Q_0078.wav,/home/abdullahmm/Shivam/subtask2_blindtest_wReadme/bengali/bengali_blind_wav/991650_lFudxaFl7gBhEh2Q_0078.wav,সমর্থিত এই প্রকল্প http : double / spoken,5.0
/home/abdullahmm/Shivam/subtask2_blindtest_wReadme/bengali/bengali_blind_wav/991650_lFudxaFl7gBhEh2Q_0079.wav,/home/abdullahmm/Shivam/subtask2_blindtest_wReadme/bengali/bengali_blind_wav/991650_lFudxaFl7gBhEh2Q_0079.wav,এই বিষয় বিস্তারিত তথ্য এই লিঙ্কএ প্রাপ্তিসাধ্য,6.0
/home/abdullahmm/Shivam/subtask2_blindtest_wReadme/bengali/bengali_blind_wav/991650_lFudxaFl7gBhEh2Q_0080.wav,/home/abdullahmm/Shivam/subtask2_blindtest_wReadme/bengali/bengali_blind_wav/991650_lFudxaFl7gBhEh2Q_0080.wav,প্রাপ্তিসাধ্য আমি অন্তরা এই টিউটোরিয়ালটি অনুবাদ এবং record করেছি এই টিউটোরিয়া্লে অংশগ্রহণ করার জন্য ধন্যবাদ,9.15
