path,text
/home/abdullahm/Shivam//blind_data/401356_C9yyvF8oQKRK8txb_0035.wav,नए page पर जाने के लिए writer gray box के बाहर तीन बार धीरे से click करें
/home/abdullahm/Shivam//blind_data/731203_IfrROqMp8euBDI18_0061.wav,checkout servlet . java पर जाते हैं
/home/abdullahm/Shivam//blind_data/315424_dFWh8NolvyRPEZIi_0094.wav,यह comments प्रविष्ट करने का एक वैकल्पिक तरीका है
/home/abdullahm/Shivam//blind_data/952555_b9A7hrD5hUYxzb1E_0078.wav,यह है localhost : 8080 / my first project / greeting servlet path username = arya और password = arya * 123
/home/abdullahm/Shivam//blind_data/512580_oT2CzZaFTPoHj47K_0050.wav,इस file को text editor में खोलें
/home/abdullahm/Shivam//blind_data/443970_woduWyYl1wumm9Pt_0046.wav,admin section . jsp में हम देख सकते हैं हमारे पास form action = to admin section है
/home/abdullahm/Shivam//blind_data/785686_o9IGdBMefgqASRUb_0105.wav,अतः हम तारीख़ में today और उस समय के साथ केवल एक user rebecca raymond देख सकते हैं अगर
/home/abdullahm/Shivam//blind_data/835472_QHretkXfg8wS2YKf_0051.wav,dvd / cdrom reader writer एक cd या dvd को read या write करने के लिए उपयोग होता है अब computer के fea
/home/abdullahm/Shivam//blind_data/662689_mndbMoheJbWHzF8b_0100.wav,अग्रणी software mnc के corporate social responsibility कार्यक्रम के अंतर्गत योगदान दिया गया है इस spoken tutorial के लिए
/home/abdullahm/Shivam//blind_data/512580_oT2CzZaFTPoHj47K_0063.wav,बंद करे terminal पर निम्न लाइनें type करें
/home/abdullahm/Shivam//blind_data/310356_u0sz1lTfmeW7wW5o_0103.wav,आपका पूर्ण नियत कार्य निम्न प्रकार दिखेगा
/home/abdullahm/Shivam//blind_data/543096_UwcQJEuG2r7AD8vq_0014.wav,करें अब url bar पर click करें और type करें addons . mozilla . org
/home/abdullahm/Shivam//blind_data/930904_pauf66fOYFtqaQ0c_0023.wav,हमने पहले my first project नामक एक सरल project बनाया था
/home/abdullahm/Shivam//blind_data/437963_SWMxcnx8okhoHB4s_0005.wav,एक email भेजना
/home/abdullahm/Shivam//blind_data/443970_woduWyYl1wumm9Pt_0107.wav,अतः मुझे इस line से username मिलता है
/home/abdullahm/Shivam//blind_data/981154_ph1l8Eyc0Sf6TsiC_0011.wav,आपने address bar में gmail address की दाएँ तरफ के पीले star पर ध्यान दिया यह द
/home/abdullahm/Shivam//blind_data/952555_b9A7hrD5hUYxzb1E_0115.wav,यह spoken tutorial project को सारांशित करता है
/home/abdullahm/Shivam//blind_data/135893_9lNAZMRfDfuCN6XC_0054.wav,bio package से seqio module को import करें
/home/abdullahm/Shivam//blind_data/935529_oMCmIa1P3IAPKGyX_0070.wav,हमने पहले ही इसके elements के रूप में coordinate system और graphics icon annotation की चर्चा की है
/home/abdullahm/Shivam//blind_data/334157_201xLiqOYAgU2d7a_0021.wav,यह वो folder बनाता है जो सारी udacity projects data files रखेगा
/home/abdullahm/Shivam//blind_data/846118_m7mB9BC8FPflJgLI_0021.wav,वैकल्पिक रूप से addons manager tab खोलने के लिए आप ctrl + shift + a key एक साथ दबा सकते हैं
/home/abdullahm/Shivam//blind_data/930904_pauf66fOYFtqaQ0c_0062.wav,हम देख सकते हैं कि यहाँ दो parameters हैं जो doget method को passed किये जाते हैं
/home/abdullahm/Shivam//blind_data/443970_woduWyYl1wumm9Pt_0070.wav,और submit button पर click करें
/home/abdullahm/Shivam//blind_data/954326_dI6sOoo6pFXFhJSN_0065.wav,जब आपने ffmpeg को download तथा install कर लिए हो आप सरल commands द्वारा video या audio को एक media file से अलग कर सकते है या audio तथा video को दो अलग media files से एक file में जोड़ सकते है
/home/abdullahm/Shivam//blind_data/310356_u0sz1lTfmeW7wW5o_0047.wav,दूसरा fragment sequence के बारहवें base से अंत तक तक होगा
/home/abdullahm/Shivam//blind_data/848297_1Ex3WEqCQ7VGfqIn_0056.wav,यह play button बिलकुल vcr control play button की तरह व्यवहार करता है
/home/abdullahm/Shivam//blind_data/618242_jN7JwubGvJhIkeYN_0039.wav,अब आप इस page को पढ़ सकते हैं यहाँ तक कि जब आप
/home/abdullahm/Shivam//blind_data/135893_9lNAZMRfDfuCN6XC_0010.wav,python version 1 . 64 और mozilla firefox browser 35 . 0
/home/abdullahm/Shivam//blind_data/908920_LIkOEYXYEAz96aNv_0040.wav,इसको हल करने के लिए हम screen पर दिखने वाला
/home/abdullahm/Shivam//blind_data/452417_njTJ0H4xzGZHdznO_0081.wav,upload किया है इस code का उपयोग करके किसी भी size का dna sequence protein sequence पर translate
/home/abdullahm/Shivam//blind_data/401356_C9yyvF8oQKRK8txb_0075.wav,यहाँ math के लिए कुछ reference links हैं
/home/abdullahm/Shivam//blind_data/172235_akeE0s3aKDyyCvEX_0003.wav,इस tutorial के अनुसरण के लिए आपको स्नातक स्तर की biochemistry या bioinformatics और बुनियाद
/home/abdullahm/Shivam//blind_data/715617_85MWWgmTkIhi4ZHP_0034.wav,यह इस virtual machine के लिए 4 gb ram आवंटित करेगा
/home/abdullahm/Shivam//blind_data/341424_s7qmM57nndNUBRi4_0150.wav,यहाँ attachments हैं
/home/abdullahm/Shivam//blind_data/785686_o9IGdBMefgqASRUb_0086.wav,हमारे docs documents बनाने के लिए google docs हैं spread
/home/abdullahm/Shivam//blind_data/334157_201xLiqOYAgU2d7a_0048.wav,labels को हटाया भी जा सकता है
/home/abdullahm/Shivam//blind_data/731203_IfrROqMp8euBDI18_0054.wav,checkout book पर click करें
/home/abdullahm/Shivam//blind_data/437963_SWMxcnx8okhoHB4s_0077.wav,यह अब आपको verification यानी सत्यापन के अगले भाग पर ले जायेगा
/home/abdullahm/Shivam//blind_data/334157_201xLiqOYAgU2d7a_0089.wav,इस tutorial के लिए इतना ही अब सारांशित करते हैं इस tutorial में हमने सीखा audacity प्रयोग करके editing के basics
/home/abdullahm/Shivam//blind_data/315424_dFWh8NolvyRPEZIi_0149.wav,der time derivative के लिए modelica function है
/home/abdullahm/Shivam//blind_data/315424_dFWh8NolvyRPEZIi_0010.wav,acceleration due to gravity को g द्वारा प्रदर्शित किया गया है और इसे स्थाई माना जाता है
/home/abdullahm/Shivam//blind_data/835472_QHretkXfg8wS2YKf_0078.wav,connection है जो computer को network से जोड़ने की अनुमति देता है lan cable
/home/abdullahm/Shivam//blind_data/341424_s7qmM57nndNUBRi4_0146.wav,या your message has been sent
/home/abdullahm/Shivam//blind_data/755386_f5DL5lLLcrAit2gw_0062.wav,चलिए अपने उदाहरण save करते हैं
/home/abdullahm/Shivam//blind_data/755386_f5DL5lLLcrAit2gw_0000.wav,libreoffice math पर spoken tutorial में आपका स्वागत है
/home/abdullahm/Shivam//blind_data/835472_QHretkXfg8wS2YKf_0043.wav,scroll button घुमाकर scroll ऊपर या नीचे करने में उपयोग होता है computer mouse
/home/abdullahm/Shivam//blind_data/309014_gqEOe0kgNRGLHZph_0061.wav,कितना आसान है उस site पर जाना जहाँ आप पहले गए थे site back up खुद का एक search हो
/home/abdullahm/Shivam//blind_data/437963_SWMxcnx8okhoHB4s_0011.wav,प्रदर्शन के लिए मैं firefox web browser प्रयोग करुँगी
/home/abdullahm/Shivam//blind_data/715617_85MWWgmTkIhi4ZHP_0000.wav,installing ubuntu linux os in a virtual box पर spoken tutorial में आपका स्वागत है इस
/home/abdullahm/Shivam//blind_data/935529_oMCmIa1P3IAPKGyX_0114.wav,canvas में कहीं left click करें और mouse को पकड कर खींचे
/home/abdullahm/Shivam//blind_data/835472_QHretkXfg8wS2YKf_0089.wav,headphone speaker या line out को जोड़ने के लिए उपयोग होता है अब सारे उपकरण
/home/abdullahm/Shivam//blind_data/452417_njTJ0H4xzGZHdznO_0037.wav,उदाहरण के लिए उपरोक्त line में import का i छोटे अक्षरों में और bio का b बड़े अक्षरों में है
/home/abdullahm/Shivam//blind_data/846118_m7mB9BC8FPflJgLI_0088.wav,extension की सुविधाओं के बारे में पता करें और अपने mail खाते से अपठित mail की जांच करने के लिए इनका उपयोग कैसे करें
/home/abdullahm/Shivam//blind_data/930904_pauf66fOYFtqaQ0c_0097.wav,हालाँकि यह संभव है पर बड़े web application को करने के लिए यह मुश्किल है
/home/abdullahm/Shivam//blind_data/785686_o9IGdBMefgqASRUb_0143.wav,save changes button पर और फिर done पर click करें और इस
/home/abdullahm/Shivam//blind_data/981154_ph1l8Eyc0Sf6TsiC_0097.wav,अंततः सीखते हैं कि इस web page को print कैसे करें
/home/abdullahm/Shivam//blind_data/981154_ph1l8Eyc0Sf6TsiC_0121.wav,सभी को bookmark करें
/home/abdullahm/Shivam//blind_data/618242_jN7JwubGvJhIkeYN_0023.wav,के अनुसार भी tabs को व्यवस्थित कर सकते हैं tab पर
/home/abdullahm/Shivam//blind_data/341424_s7qmM57nndNUBRi4_0128.wav,बिल्कुल पहले है जब भी हम content जोड़ते या मिटाते हैं तो हमारा email default drafts folder में स्वतः ही save किया जायेगा
/home/abdullahm/Shivam//blind_data/309014_gqEOe0kgNRGLHZph_0001.wav,इस tutorial में हम फ़ायरफ़ॉक्स interface और tool
/home/abdullahm/Shivam//blind_data/715617_85MWWgmTkIhi4ZHP_0055.wav,यहां virtual machine है ubuntu जिसे हमने अभी बनाया है
/home/abdullahm/Shivam//blind_data/908920_LIkOEYXYEAz96aNv_0079.wav,हमसे जुड़ने के लिए धन्यवाद
/home/abdullahm/Shivam//blind_data/846118_m7mB9BC8FPflJgLI_0003.wav,अब फ़ायरफ़ॉक्स browser खोलें
/home/abdullahm/Shivam//blind_data/341424_s7qmM57nndNUBRi4_0181.wav,हम कार्यशालाएं संचालित करते हैं और online tests pass करने वालों को प्रमाणपत्र देते हैं
/home/abdullahm/Shivam//blind_data/930904_pauf66fOYFtqaQ0c_0119.wav,browser पर वापस आते हैं
/home/abdullahm/Shivam//blind_data/954326_dI6sOoo6pFXFhJSN_0104.wav,audacity open करे narration शुरू करे और ध्यान रखे के वाक्यों के बीच उपयुक्त pause हो
/home/abdullahm/Shivam//blind_data/764823_MO16YTQW1VD8AudW_0020.wav,अब हमारा printer computer से जुड़ गया है
/home/abdullahm/Shivam//blind_data/785686_o9IGdBMefgqASRUb_0141.wav,फिर advanced पर click करें
/home/abdullahm/Shivam//blind_data/315424_dFWh8NolvyRPEZIi_0043.wav,class अब text view में खुलता है
/home/abdullahm/Shivam//blind_data/145704_5CY9t6duxwVCK5NI_0067.wav,चिन्ह है संख्या 5 के बाद नये
/home/abdullahm/Shivam//blind_data/755386_f5DL5lLLcrAit2gw_0074.wav,formulae को format करिये
/home/abdullahm/Shivam//blind_data/309014_gqEOe0kgNRGLHZph_0082.wav,यदि आपके पास अच्छा bandwidth नहीं है तो आप इसे download करके देख सकते हैं
/home/abdullahm/Shivam//blind_data/935529_oMCmIa1P3IAPKGyX_0046.wav,grid में क्षैतिज field को 4 units में बदलें ok पर click करें
/home/abdullahm/Shivam//blind_data/315424_dFWh8NolvyRPEZIi_0089.wav,start और unit attributes पहले ही परिभाषित किए गए हैं
/home/abdullahm/Shivam//blind_data/785686_o9IGdBMefgqASRUb_0000.wav,google drive options के spoken tutorial में आपका स्वागत है इस tutorial
/home/abdullahm/Shivam//blind_data/764823_MO16YTQW1VD8AudW_0055.wav,printer properties dialog box में दोबारा ok पर click करें
/home/abdullahm/Shivam//blind_data/835472_QHretkXfg8wS2YKf_0049.wav,आप दो या अधिक usb ports और एक dvd cdrom या reader writer भी देखेंगे usb ports
/home/abdullahm/Shivam//blind_data/954326_dI6sOoo6pFXFhJSN_0015.wav,अब हम audacity को open करते है applications पर click करे फिर sound and video फिर audacity को run करने के लिए उसे चुने
/home/abdullahm/Shivam//blind_data/715617_85MWWgmTkIhi4ZHP_0093.wav,password textbox के नीचे हम कुछ और options देख सकते हैं मै require my password to login चुनुंगी
/home/abdullahm/Shivam//blind_data/755386_f5DL5lLLcrAit2gw_0015.wav,writer gray box में partial derivatives के लिए del चिन्ह पर ध्यान दें
/home/abdullahm/Shivam//blind_data/310356_u0sz1lTfmeW7wW5o_0032.wav,यदि आप एक नयी sequence चाहते हैं तो उपरोक्त की तरह उसी command के लिए up arrow key दबाएं enter दबाएं
/home/abdullahm/Shivam//blind_data/341424_s7qmM57nndNUBRi4_0163.wav,show details पर click करें
/home/abdullahm/Shivam//blind_data/715617_85MWWgmTkIhi4ZHP_0001.wav,इस tutorial में हम windows base machine पर virtual box में ubuntu linux 16 . 04 संस्थापित करना सीखेंगे
/home/abdullahm/Shivam//blind_data/618242_jN7JwubGvJhIkeYN_0055.wav,the history of email के लिए search करें
/home/abdullahm/Shivam//blind_data/272044_2BqsQz87kAjMhCxB_0035.wav,out करने के लिए here पर click करें अब
/home/abdullahm/Shivam//blind_data/930904_pauf66fOYFtqaQ0c_0102.wav,servlets controller की तरह और jsp s view की तरह कार्य करता है
/home/abdullahm/Shivam//blind_data/755386_f5DL5lLLcrAit2gw_0029.wav,click करें चलिए अब देखते हैं कि कैसे integral equation
/home/abdullahm/Shivam//blind_data/662689_mndbMoheJbWHzF8b_0032.wav,click करता हूँ और दिखाता हूँ कि इसमें क्या है अब हम deployment
/home/abdullahm/Shivam//blind_data/310356_u0sz1lTfmeW7wW5o_0095.wav,इसे सारांशित करते हैं
/home/abdullahm/Shivam//blind_data/910325_DPCsWwNZgf4mmvwU_0094.wav,इसी तरह यह signal के amplification के लिए signal 1 और signal 2 की value को दर्शाता है जिसकी हमने पहले ही चर्चा की है
/home/abdullahm/Shivam//blind_data/715617_85MWWgmTkIhi4ZHP_0064.wav,संस्थापन शुरू करने के लिए नीचे start button पर click करें
/home/abdullahm/Shivam//blind_data/310356_u0sz1lTfmeW7wW5o_0069.wav,type करें len में dna 2 enter दबाएं
/home/abdullahm/Shivam//blind_data/334157_201xLiqOYAgU2d7a_0029.wav,करने के लिए tracks tab पर जाएँ और mix and render चुनें
/home/abdullahm/Shivam//blind_data/835472_QHretkXfg8wS2YKf_0087.wav,port microphone जोड़ने में उपयोग होता है नीला port
/home/abdullahm/Shivam//blind_data/172235_akeE0s3aKDyyCvEX_0078.wav,spoken tutorial project भारत सरकार के mhrd के nmeict द्वारा निधिबद्ध है
/home/abdullahm/Shivam//blind_data/662689_mndbMoheJbWHzF8b_0029.wav,पर click करें हम देख सकते हैं कि
/home/abdullahm/Shivam//blind_data/935529_oMCmIa1P3IAPKGyX_0136.wav,निम्नलिखित link पर उपलब्ध video देखें यह spoken tutorial project को सारांशित करता है
/home/abdullahm/Shivam//blind_data/935529_oMCmIa1P3IAPKGyX_0066.wav,यह हमारे द्वारा properties dialogue box का उपयोग करके icon view में किए गए बदलाव के कारण है
/home/abdullahm/Shivam//blind_data/512580_oT2CzZaFTPoHj47K_0085.wav,पहले छोटे records के लिए records . sort command line में arguments को reverse करें
/home/abdullahm/Shivam//blind_data/618242_jN7JwubGvJhIkeYN_0037.wav,फिर file पर click करें browse करें और save की हुई file को खोलें
/home/abdullahm/Shivam//blind_data/935529_oMCmIa1P3IAPKGyX_0076.wav,ध्यान दें ellipse को सम्मिलित किया गया है और इसकी properties icon annotation के graphical filled में निर्दिष्ट है
/home/abdullahm/Shivam//blind_data/715617_85MWWgmTkIhi4ZHP_0083.wav,नीचे continue button पर click करें
/home/abdullahm/Shivam//blind_data/935529_oMCmIa1P3IAPKGyX_0134.wav,उनकी properties को संशोधित करें और उनके annotation को समझें
/home/abdullahm/Shivam//blind_data/662689_mndbMoheJbWHzF8b_0025.wav,glassfish server select करें ध्यान दे कि
/home/abdullahm/Shivam//blind_data/731203_IfrROqMp8euBDI18_0018.wav,हम admin के रूप में फिर से login करते हैं
/home/abdullahm/Shivam//blind_data/309014_gqEOe0kgNRGLHZph_0039.wav,जैसा एक icon हैं आप जिस भी webpage पर हैं यह button आपको वहाँ से d
/home/abdullahm/Shivam//blind_data/908920_LIkOEYXYEAz96aNv_0042.wav,और c constant है और हम formula में a के लिए 1 b के लिए - 7 और c के लिए 3 रखकर eq
/home/abdullahm/Shivam//blind_data/443970_woduWyYl1wumm9Pt_0100.wav,हमें success greeting page प्राप्त होता है जिस
/home/abdullahm/Shivam//blind_data/141425_wYQaKVNl7bh28u3u_0022.wav,browser window खुलती है
/home/abdullahm/Shivam//blind_data/954326_dI6sOoo6pFXFhJSN_0054.wav,में जो audio format चाहिए उसमें final projects को export करे जैसे के wav mp3 इत्यादि
/home/abdullahm/Shivam//blind_data/309014_gqEOe0kgNRGLHZph_0044.wav,play आता है अब book
/home/abdullahm/Shivam//blind_data/341424_s7qmM57nndNUBRi4_0031.wav,दूसरों को email की blind यानी गुप्त copy mark करने के लिए bcc विकल्प प्रयोग कर सकते हैं
/home/abdullahm/Shivam//blind_data/952555_b9A7hrD5hUYxzb1E_0051.wav,doget method के अंदर type करें
/home/abdullahm/Shivam//blind_data/835472_QHretkXfg8wS2YKf_0094.wav,जब आपका computer पहली बार खुलता है तो आप काले screen पर शब्दों की कुछ लाइनें देखेंगे यह
/home/abdullahm/Shivam//blind_data/935529_oMCmIa1P3IAPKGyX_0095.wav,fill style में color पर click करें
/home/abdullahm/Shivam//blind_data/512580_oT2CzZaFTPoHj47K_0101.wav,i i t bombay से मैं श्रुति आर्य आपसे विदा लेती हूँ हमसे जुड़ने के लिए धन्यवाद
/home/abdullahm/Shivam//blind_data/310356_u0sz1lTfmeW7wW5o_0090.wav,output के लिए type करें dna 3 enter दबाएं
/home/abdullahm/Shivam//blind_data/785686_o9IGdBMefgqASRUb_0028.wav,रूप से my drive menu चयनित किया जायेगा और इसकी विषय वस्तु केंद्र में दिखाई देगी
/home/abdullahm/Shivam//blind_data/910325_DPCsWwNZgf4mmvwU_0058.wav,सबसे पहले sum block को देखते हैं
/home/abdullahm/Shivam//blind_data/334157_201xLiqOYAgU2d7a_0103.wav,यह हमें इस tutorial के अंत में लाता है
/home/abdullahm/Shivam//blind_data/835472_QHretkXfg8wS2YKf_0039.wav,mouse है विशिष्ठ रूप से
/home/abdullahm/Shivam//blind_data/310356_u0sz1lTfmeW7wW5o_0101.wav,नियत कार्य में 30 bases का एक यादृच्छिक dna sequence बनाएं
/home/abdullahm/Shivam//blind_data/785686_o9IGdBMefgqASRUb_0153.wav,विकल्प के साथ users comment text पर click करके उस comment का उत्तर दे सकते हैं comment
/home/abdullahm/Shivam//blind_data/329997_O89uJhZZDPErIcwv_0085.wav,यदि आपके पास अच्छा bandwidth नहीं है तो आप इसे download करके देख
/home/abdullahm/Shivam//blind_data/310356_u0sz1lTfmeW7wW5o_0094.wav,output के लिये type करें dna 4 enter दबाएं
/home/abdullahm/Shivam//blind_data/341424_s7qmM57nndNUBRi4_0068.wav,file को browse करें और चुनें जो आप mail में भेजना चाहते हैं
/home/abdullahm/Shivam//blind_data/272044_2BqsQz87kAjMhCxB_0129.wav,अब success user . jsp पर आते हैं
/home/abdullahm/Shivam//blind_data/272044_2BqsQz87kAjMhCxB_0135.wav,हमें attribute user की value प्राप्त होती है और इसे user object की तरह संचित करते हैं
/home/abdullahm/Shivam//blind_data/715617_85MWWgmTkIhi4ZHP_0073.wav,page ubuntu linux संस्थापन के दौरान महत्वपूर्ण steps में से एक है यहाँ हमे यह तय करना होंगा की हम ubuntu links संस्थापीत करने जा रहे है यह
/home/abdullahm/Shivam//blind_data/846118_m7mB9BC8FPflJgLI_0015.wav,और मौसम की update भी प्रदर्शित करे
/home/abdullahm/Shivam//blind_data/785686_o9IGdBMefgqASRUb_0010.wav,web browser खोलें और अपने gmail account पर login करें
/home/abdullahm/Shivam//blind_data/908920_LIkOEYXYEAz96aNv_0021.wav,greek अक्षर के लिए mark up पर ध्यान दें जो है alpha जोकि सूची के नीचे दर्शाया गया
/home/abdullahm/Shivam//blind_data/715617_85MWWgmTkIhi4ZHP_0015.wav,system type में हम देख सकते हैं कि हम window का 32 bit या 64 bit version का उपयोग कर रहे हैं
/home/abdullahm/Shivam//blind_data/437963_SWMxcnx8okhoHB4s_0112.wav,to वो स्थान है जहाँ हम उस व्यक्ति का email address type करते हैं जिसे हम email भेजना चाहते हैं
/home/abdullahm/Shivam//blind_data/848297_1Ex3WEqCQ7VGfqIn_0091.wav,आदर्श रूप से mouse को बिना हिलाये एक भाग चुनें नहीं तो paste की हुई movie में mouse की गतिविधि का दोहराव हो जायेगा यह देख
/home/abdullahm/Shivam//blind_data/401356_C9yyvF8oQKRK8txb_0068.wav,फिर selection सूची में पहला item चुनें जो पहला factorial formula जो हमने लिखा है दर्शा रहा है
/home/abdullahm/Shivam//blind_data/835472_QHretkXfg8wS2YKf_0066.wav,दर्शाये अनुसार monitor से जोड़ें अब दूसरे
/home/abdullahm/Shivam//blind_data/848297_1Ex3WEqCQ7VGfqIn_0010.wav,अगर आप windows movie maker पहली बार उपयोग कर रहे हैं तो कलैक्शन panel खाली होगा
/home/abdullahm/Shivam//blind_data/329997_O89uJhZZDPErIcwv_0091.wav,अधिक जानकारी दिए गए link पर उपलब्ध है spoken tutorial . org / nmeict intro
/home/abdullahm/Shivam//blind_data/135893_9lNAZMRfDfuCN6XC_0028.wav,with चुनें ok पर click करें
/home/abdullahm/Shivam//blind_data/908920_LIkOEYXYEAz96aNv_0068.wav,अक अलग दर्शाइए alignments और spacing बदल कर steps को
/home/abdullahm/Shivam//blind_data/334157_201xLiqOYAgU2d7a_0013.wav,audio file को edit करने के लिए हमें सबसे पहले इसको audacity में import करने की ज़रुरत है ऐसा करने के लिए file import audio पर जाएँ
/home/abdullahm/Shivam//blind_data/930904_pauf66fOYFtqaQ0c_0082.wav,हम देखते हैं कि text welcome browser पर printed हुआ है
/home/abdullahm/Shivam//blind_data/930904_pauf66fOYFtqaQ0c_0137.wav,भारत सरकार के mhrd के ict के माध्यम से राष्ट्रीय साक्षरता mission द्वारा समर्थित है
/home/abdullahm/Shivam//blind_data/329997_O89uJhZZDPErIcwv_0024.wav,किन्तु हमें इससे बाध्य होने की आवश्यकता नहीं है हम अपनी पसंद का search engine चुन सकते हैं
/home/abdullahm/Shivam//blind_data/954326_dI6sOoo6pFXFhJSN_0028.wav,timeline पर दो stereo tracks है जहाँ narration दिखाई देते है spike या way form
/home/abdullahm/Shivam//blind_data/910325_DPCsWwNZgf4mmvwU_0065.wav,miso एक आंशिक block है जिसका अर्थ है कि यह केवल inherit किया जा सकता है लेकिन instentiate नहीं
/home/abdullahm/Shivam//blind_data/334157_201xLiqOYAgU2d7a_0053.wav,पूरी audio file एक या एक से अधिक बार सुनने के बाद edit करने की संरचना निश्चित की जा सकती है ; ज़रुरत के अनुसार file के भागों को मिटाया या खिसकाया जा सकता है
/home/abdullahm/Shivam//blind_data/908920_LIkOEYXYEAz96aNv_0036.wav,चलिए लिखते हैं solving a quadratic eq
/home/abdullahm/Shivam//blind_data/731203_IfrROqMp8euBDI18_0096.wav,अब देखते हैं कि इस method में हम क्या करते हैं
/home/abdullahm/Shivam//blind_data/272044_2BqsQz87kAjMhCxB_0128.wav,फिर हम success user page की तरह forward होते हैं
/home/abdullahm/Shivam//blind_data/309014_gqEOe0kgNRGLHZph_0018.wav,public करें windows users कृपया tools
/home/abdullahm/Shivam//blind_data/437963_SWMxcnx8okhoHB4s_0047.wav,अब अपना gender चुनें
/home/abdullahm/Shivam//blind_data/848297_1Ex3WEqCQ7VGfqIn_0050.wav,timeline के ऊपर यहाँ अनेक icons हैं जो editing के दौरान मदद कर सकते हैं
/home/abdullahm/Shivam//blind_data/310356_u0sz1lTfmeW7wW5o_0003.wav,यानी टूकडे बनने में एक नयी sequence बनाने के लिए दो sequences को एकसाथ
/home/abdullahm/Shivam//blind_data/452417_njTJ0H4xzGZHdznO_0074.wav,protein sequence के अंत में * देखें यह stop codon दिखाता है उपरोक्त
/home/abdullahm/Shivam//blind_data/662689_mndbMoheJbWHzF8b_0067.wav,sp पर double click करें हम यहाँ source code
/home/abdullahm/Shivam//blind_data/437963_SWMxcnx8okhoHB4s_0062.wav,मैं india में रहती हूँ अतः मेरे location drop down में india प्रदर्शित है
/home/abdullahm/Shivam//blind_data/930904_pauf66fOYFtqaQ0c_0121.wav,हम output welcome देखते हैं इसलिए
/home/abdullahm/Shivam//blind_data/952555_b9A7hrD5hUYxzb1E_0027.wav,table के अंदर हमने एक शीर्षक welcome to library management system सम्मिलित कर लिया है
/home/abdullahm/Shivam//blind_data/952555_b9A7hrD5hUYxzb1E_0032.wav,एक registered user को login करने की अनुमति देता है
/home/abdullahm/Shivam//blind_data/452417_njTJ0H4xzGZHdznO_0041.wav,आगे dna strand का mrna पर coding का transcription
/home/abdullahm/Shivam//blind_data/662689_mndbMoheJbWHzF8b_0083.wav,"hello world प्रदर्शित हुआ है इसको सारांशित कर --Here, listen to audio to fix. Copy 1 off below"
/home/abdullahm/Shivam//blind_data/334157_201xLiqOYAgU2d7a_0016.wav,इस file को aup file यानी audacity projects file की तरह save करें file save project as पर click करके जो
/home/abdullahm/Shivam//blind_data/329997_O89uJhZZDPErIcwv_0029.wav,चलिए searchbar में फिर email type करते हैं और आवर्धक lens पर click
/home/abdullahm/Shivam//blind_data/930904_pauf66fOYFtqaQ0c_0011.wav,netbeans ide उपयोग करके core java और
/home/abdullahm/Shivam//blind_data/731203_IfrROqMp8euBDI18_0109.wav,करते हैं अब इस method पर आते हैं
/home/abdullahm/Shivam//blind_data/315424_dFWh8NolvyRPEZIi_0006.wav,इस tutorial को समझने के लिए आपको physical systems के equation आधारित modelling को जानने की आवश्यकता है
/home/abdullahm/Shivam//blind_data/952555_b9A7hrD5hUYxzb1E_0107.wav,इसे सारांशित करते हैं
/home/abdullahm/Shivam//blind_data/935529_oMCmIa1P3IAPKGyX_0055.wav,इस युग्म की पहली संख्या - 200 है जो canvas के ऊपरी बाएं कोने के क्षैतिज निर्देशांक को दर्शाता है
/home/abdullahm/Shivam//blind_data/329997_O89uJhZZDPErIcwv_0090.wav,सरकार के mhrd मंत्रालय के राष्ट्रीय साक्षरता mission ने ict क े माध्यम से समर्थित किया है इस mission पर
/home/abdullahm/Shivam//blind_data/662689_mndbMoheJbWHzF8b_0004.wav,xml file के बारे में या मैं उपयोग कर
/home/abdullahm/Shivam//blind_data/329997_O89uJhZZDPErIcwv_0003.wav,करें इस tutorial में हम ubuntu 10 . 04 पर firefox version 7 . 0 इस्तेमाल करेंगे
/home/abdullahm/Shivam//blind_data/785686_o9IGdBMefgqASRUb_0007.wav,आवश्कता में आपको gmail की बुनियादी जानकारी होनी चाहिए यदि
/home/abdullahm/Shivam//blind_data/334157_201xLiqOYAgU2d7a_0009.wav,rcam
/home/abdullahm/Shivam//blind_data/662689_mndbMoheJbWHzF8b_0070.wav,sp page है और इसका शीर्षक hello world है जब हम web application
/home/abdullahm/Shivam//blind_data/341424_s7qmM57nndNUBRi4_0133.wav,default to fullscreen विकल्प compose window को बड़ा करेगा
/home/abdullahm/Shivam//blind_data/846118_m7mB9BC8FPflJgLI_0081.wav,फिर आप सबसे अधिक प्रासंगिक या उपयोगी addons को चुन कर संस्थापित कर सकते हैं
/home/abdullahm/Shivam//blind_data/334157_201xLiqOYAgU2d7a_0031.wav,एक track मिटायें
/home/abdullahm/Shivam//blind_data/715617_85MWWgmTkIhi4ZHP_0028.wav,version dropdown से मैं ubuntu 64 bit चुनुंगी
/home/abdullahm/Shivam//blind_data/543096_UwcQJEuG2r7AD8vq_0101.wav,उनको प्रमाणपत्र भी देते हैं जो online test pass करते हैं
/home/abdullahm/Shivam//blind_data/309014_gqEOe0kgNRGLHZph_0085.wav,करते है अधिक जानकारी के लिए कृपया contact @ spoken tutorial . org पर
/home/abdullahm/Shivam//blind_data/437963_SWMxcnx8okhoHB4s_0141.wav,एक नया google account बनाना
/home/abdullahm/Shivam//blind_data/310356_u0sz1lTfmeW7wW5o_0092.wav,एक बार जब आपने अपना sequence object edit कर लिया है तो इसे वापस read only form
/home/abdullahm/Shivam//blind_data/309014_gqEOe0kgNRGLHZph_0020.wav,कोई पसंदीदा webpage type करे बायीं ओर नीचे कोने में close button पर click करके firefox preferences window
/home/abdullahm/Shivam//blind_data/908920_LIkOEYXYEAz96aNv_0053.wav,अगला हम उपरी व्यंजक में - b + or - जोड़ेंगे और उनको हम curly कोष्टकों के भीतर रख देंगे
/home/abdullahm/Shivam//blind_data/272044_2BqsQz87kAjMhCxB_0069.wav,please correct the following error invalid username or password
/home/abdullahm/Shivam//blind_data/731203_IfrROqMp8euBDI18_0106.wav,हम देखेंगे कि हम इस method में क्या करते हैं
/home/abdullahm/Shivam//blind_data/785686_o9IGdBMefgqASRUb_0146.wav,कुछ समय बाद वो document दोबारा खोलते हैं तो हम अन्य shared users के द्वारा किये गए edits देख सक
/home/abdullahm/Shivam//blind_data/835472_QHretkXfg8wS2YKf_0069.wav,अनुसार cpu से जोड़ें फिर इसे
/home/abdullahm/Shivam//blind_data/981154_ph1l8Eyc0Sf6TsiC_0018.wav,folder dropdown पर click करें और choose चुनें
/home/abdullahm/Shivam//blind_data/543096_UwcQJEuG2r7AD8vq_0042.wav,firefox browser restart करने के लिए prompted किया जाएगा
/home/abdullahm/Shivam//blind_data/309014_gqEOe0kgNRGLHZph_0052.wav,yahoo homepage पर जाने के लिए homepage icon पर click करें
/home/abdullahm/Shivam//blind_data/715617_85MWWgmTkIhi4ZHP_0008.wav,n 4 gb या अधिक hard
/home/abdullahm/Shivam//blind_data/952555_b9A7hrD5hUYxzb1E_0020.wav,यह प्रमाणित users को library management system login करने की अनुमति देगा
/home/abdullahm/Shivam//blind_data/145704_5CY9t6duxwVCK5NI_0011.wav,उदाहरण के लिए यदि लिखना है 4 into 3 हम formula editor window में type करते हैं 4 times 3
/home/abdullahm/Shivam//blind_data/443970_woduWyYl1wumm9Pt_0023.wav,book . java book का model है
/home/abdullahm/Shivam//blind_data/715617_85MWWgmTkIhi4ZHP_0029.wav,यदि आपका base machine 32 bit है तो drop down से ubuntu 32 bit चुनें और windows
/home/abdullahm/Shivam//blind_data/172235_akeE0s3aKDyyCvEX_0049.wav,हम चाहते हैं तो यहाँ वो कोड़
/home/abdullahm/Shivam//blind_data/755386_f5DL5lLLcrAit2gw_0053.wav,math को फिर से लाएं
/home/abdullahm/Shivam//blind_data/835472_QHretkXfg8wS2YKf_0027.wav,data से परिणाम उत्पादन की प्रक्रिया का समर्थन करती है उसे output unit कहते हैं monitor और
/home/abdullahm/Shivam//blind_data/341424_s7qmM57nndNUBRi4_0017.wav,हम अपने gmail page पर हैं
/home/abdullahm/Shivam//blind_data/543096_UwcQJEuG2r7AD8vq_0072.wav,अक्सर विज्ञापन हमारे internet अनुभव के साथ हस्तक्षेप करते हैं
/home/abdullahm/Shivam//blind_data/930904_pauf66fOYFtqaQ0c_0129.wav,निम्न link पर उपलब्ध video देखें
/home/abdullahm/Shivam//blind_data/952555_b9A7hrD5hUYxzb1E_0043.wav,अब यह servlet request object से form data को access करने के लिए सक्षम होगा
/home/abdullahm/Shivam//blind_data/731203_IfrROqMp8euBDI18_0143.wav,अब इस method पर आते हैं
/home/abdullahm/Shivam//blind_data/731203_IfrROqMp8euBDI18_0165.wav,spoken tutorials का उपयोग करके कार्यशाला
/home/abdullahm/Shivam//blind_data/731203_IfrROqMp8euBDI18_0007.wav,netbeans ide 7 . 3
/home/abdullahm/Shivam//blind_data/361930_TKM4DsRGN2zuNS6M_0069.wav,अब हम इस tutorial की
/home/abdullahm/Shivam//blind_data/908920_LIkOEYXYEAz96aNv_0035.wav,writer document में हम control + enter दबाकर नये page में जायेंगे
/home/abdullahm/Shivam//blind_data/341424_s7qmM57nndNUBRi4_0182.wav,अधिक जानकारी के लिए हमसे संपर्क करें
/home/abdullahm/Shivam//blind_data/135893_9lNAZMRfDfuCN6XC_0104.wav,tutorial project file भारत सरकार के mhrd के nmeict द्वारा निधिबद्ध है
/home/abdullahm/Shivam//blind_data/315424_dFWh8NolvyRPEZIi_0020.wav,है omedit डिफॉल्ट रूप से welcome perspective में खुलता है
/home/abdullahm/Shivam//blind_data/310356_u0sz1lTfmeW7wW5o_0110.wav,spoken tutorial project भारत सरकार के mhrd के nmeict द्वारा समर्थित है
/home/abdullahm/Shivam//blind_data/310356_u0sz1lTfmeW7wW5o_0037.wav,अतः सामान्य नियमों का अनुसरण करें जैसे कि आप python strings के लिए
/home/abdullahm/Shivam//blind_data/618242_jN7JwubGvJhIkeYN_0048.wav,चिन्ह का चुनाव करें इस dialog box के विविध options के बारे में अन्य tutorial में चर्चा करेंगे
/home/abdullahm/Shivam//blind_data/935529_oMCmIa1P3IAPKGyX_0036.wav,ध्यान दें यहाँ extent grid और component नामक श्रेणियां हैं
/home/abdullahm/Shivam//blind_data/908920_LIkOEYXYEAz96aNv_0030.wav,नहीं हम पहले x और y को जोड़ना चाहते हैं और यह हम x और y के पीछे curly कोष्ठकों को लगाकर कर सकते हैं और mark up ऐसे दिखेगा 5 over x
/home/abdullahm/Shivam//blind_data/272044_2BqsQz87kAjMhCxB_0105.wav,ध्यान दें हमने यह java class packageorg . spokentutorial . model में बनाया है
/home/abdullahm/Shivam//blind_data/910325_DPCsWwNZgf4mmvwU_0007.wav,पहले पुर्व आवश्यक tutorial का उल्लेख हमारी website पर किया गया है कृपया उन्हें देखें
/home/abdullahm/Shivam//blind_data/272044_2BqsQz87kAjMhCxB_0057.wav,अब slides पर वापस आते हैं
/home/abdullahm/Shivam//blind_data/334157_201xLiqOYAgU2d7a_0101.wav,भारत सरकार के mhrd के ict के माध्यम से राष्ट्रीय साक्षरता mission द्वारा समर्थित है
/home/abdullahm/Shivam//blind_data/543096_UwcQJEuG2r7AD8vq_0018.wav,देखते हैं thumbnail आपको दिखाता है कि themes कैसे
/home/abdullahm/Shivam//blind_data/310356_u0sz1lTfmeW7wW5o_0051.wav,शीर्ष command का अनुसरण करें जैसे सामान्य python में कर
/home/abdullahm/Shivam//blind_data/785686_o9IGdBMefgqASRUb_0172.wav,दिए गए link पर उपलब्ध video spoken tutorial project को सारांशित करता है कृपया इसे देखें और download करें
/home/abdullahm/Shivam//blind_data/310356_u0sz1lTfmeW7wW5o_0000.wav,manipulating sequences पर spoken tutorial में आपका स्वागत है
/home/abdullahm/Shivam//blind_data/835472_QHretkXfg8wS2YKf_0132.wav,से मैं श्रुति आर्य आपसे विदा लेती हूँ हमारे साथ जुड़ने के लिए धन्यवाद
/home/abdullahm/Shivam//blind_data/272044_2BqsQz87kAjMhCxB_0164.wav,अब adduser . jsp पर आते हैं
/home/abdullahm/Shivam//blind_data/543096_UwcQJEuG2r7AD8vq_0091.wav,चुके हैं इस tutorial में हमने themes personas और ad
/home/abdullahm/Shivam//blind_data/848297_1Ex3WEqCQ7VGfqIn_0096.wav,जैसा पहले उल्लिखित है आप एक भाषा से दूसरी भाषा में video को कैसे dub करते हैं पर tutorial देखना चाह सकते हैं
/home/abdullahm/Shivam//blind_data/309014_gqEOe0kgNRGLHZph_0035.wav,अब आप google homepage में होंगे
/home/abdullahm/Shivam//blind_data/910325_DPCsWwNZgf4mmvwU_0096.wav,pop up window बंद करें
/home/abdullahm/Shivam//blind_data/981154_ph1l8Eyc0Sf6TsiC_0087.wav,mouse spoken tutorial bookmark पर ले जाएँ अब बा
/home/abdullahm/Shivam//blind_data/361930_TKM4DsRGN2zuNS6M_0065.wav,connection settings dialog box को बंद करने के लिए close button पर click करें फिरसे preference या
/home/abdullahm/Shivam//blind_data/935529_oMCmIa1P3IAPKGyX_0104.wav,वे रंग के rgb तीव्रता के अनुरूप हैं
/home/abdullahm/Shivam//blind_data/935529_oMCmIa1P3IAPKGyX_0002.wav,icon या diagram view में polygon और ellipse कैसे प्रविष्ट करें
/home/abdullahm/Shivam//blind_data/618242_jN7JwubGvJhIkeYN_0051.wav,है यहाँ हमने जो सीखा उसका त्वरित
/home/abdullahm/Shivam//blind_data/512580_oT2CzZaFTPoHj47K_0080.wav,biopython tools उपयोग करके हम file में records को लम्बाई से sort यानि कि
/home/abdullahm/Shivam//blind_data/785686_o9IGdBMefgqASRUb_0009.wav,अब शुरू करते हैं
/home/abdullahm/Shivam//blind_data/785686_o9IGdBMefgqASRUb_0158.wav,ए हम अपनी revision history check सकते हैं इसे खोल
/home/abdullahm/Shivam//blind_data/731203_IfrROqMp8euBDI18_0150.wav,अब इस method पर आते हैं
/home/abdullahm/Shivam//blind_data/341424_s7qmM57nndNUBRi4_0065.wav,अब पहले एक pdf file संलग्न करते हैं जो 1 mb size से छोटी है
/home/abdullahm/Shivam//blind_data/981154_ph1l8Eyc0Sf6TsiC_0099.wav,firefox menu bar से file पर click करें और page set
/home/abdullahm/Shivam//blind_data/981154_ph1l8Eyc0Sf6TsiC_0083.wav,नाम से क्रमबद्ध होते हैं आप book
/home/abdullahm/Shivam//blind_data/452417_njTJ0H4xzGZHdznO_0032.wav,enter दबाएँ screen पर ipython prompt
/home/abdullahm/Shivam//blind_data/935529_oMCmIa1P3IAPKGyX_0010.wav,वे component oriented modeling के लिए drag और drop कार्यक्षमता को सक्षम करते हैं
/home/abdullahm/Shivam//blind_data/315424_dFWh8NolvyRPEZIi_0117.wav,मैं modeling perspective पर वापस जाती हूँ
/home/abdullahm/Shivam//blind_data/543096_UwcQJEuG2r7AD8vq_0107.wav,जुड़ने के लिए धन्यवाद
/home/abdullahm/Shivam//blind_data/935529_oMCmIa1P3IAPKGyX_0015.wav,हम उनमें से प्रत्येक को व्यक्तिगत रूप से देखेंगे
/home/abdullahm/Shivam//blind_data/848297_1Ex3WEqCQ7VGfqIn_0001.wav,यह tutorial windows movie maker प्रयोग करके video को कैसे edit करना है के मूल तत्वों को समझायेगा
/home/abdullahm/Shivam//blind_data/272044_2BqsQz87kAjMhCxB_0032.wav,अब username में type करें arya और password मे type करें aryastar123
/home/abdullahm/Shivam//blind_data/785686_o9IGdBMefgqASRUb_0018.wav,सीखेंगे अतः अब मैं drive पर click करती हूँ यह
/home/abdullahm/Shivam//blind_data/764823_MO16YTQW1VD8AudW_0011.wav,अब cpu को देखते हैं
/home/abdullahm/Shivam//blind_data/952555_b9A7hrD5hUYxzb1E_0105.wav,यूज़र नहीं चाहता कि data की विषयवस्तु url में दिखाई दे
/home/abdullahm/Shivam//blind_data/272044_2BqsQz87kAjMhCxB_0158.wav,यहाँ हमने यह validate किया कि age field valid positive integer रखता है
/home/abdullahm/Shivam//blind_data/141425_wYQaKVNl7bh28u3u_0025.wav,यहाँ visitors home page नामक page के लिए एक link है
/home/abdullahm/Shivam//blind_data/512580_oT2CzZaFTPoHj47K_0087.wav,करते हैं इस tutorial में हमने सीखा sequence रेकॉर्ड objects बनाना
/home/abdullahm/Shivam//blind_data/755386_f5DL5lLLcrAit2gw_0064.wav,कार्य है निम्लिखित derivative formula लिखिए
/home/abdullahm/Shivam//blind_data/401356_C9yyvF8oQKRK8txb_0010.wav,alignment को left में बदलें
/home/abdullahm/Shivam//blind_data/835472_QHretkXfg8wS2YKf_0037.wav,प्रयोग करके आप अनेक programs खोलकर computer के साथ interact कर सकते हैं keyboard comp
/home/abdullahm/Shivam//blind_data/935529_oMCmIa1P3IAPKGyX_0116.wav,ellipse पर right click करें और अपने पसंद की properties बदलने के लिए properties चुनें ok पर click करें
/home/abdullahm/Shivam//blind_data/662689_mndbMoheJbWHzF8b_0003.wav,ptor के बारे में web . x
/home/abdullahm/Shivam//blind_data/341424_s7qmM57nndNUBRi4_0135.wav,सारी formatting जो हमने पहले की थी plain text mode विकल्प उसको हटा देगा और mail को plain text में बदल देगा
/home/abdullahm/Shivam//blind_data/846118_m7mB9BC8FPflJgLI_0095.wav,उनको प्रमाणपत्र भी देते हैं जो online test pass करते हैं
/home/abdullahm/Shivam//blind_data/755386_f5DL5lLLcrAit2gw_0002.wav,इसके लिए चलिए सबसे पहले उदाहरण writer document खोलते हैं जिसको हमने पिछले tutorials में बनाया था mathexample 1 . odt
/home/abdullahm/Shivam//blind_data/272044_2BqsQz87kAjMhCxB_0075.wav,हम set attribute method उपयोग करके request scope में variable error messages set करते हैं
/home/abdullahm/Shivam//blind_data/315424_dFWh8NolvyRPEZIi_0112.wav,time की unit अन्य variables के लिए इ्स्तेमाल units के system पर आधारित है
/home/abdullahm/Shivam//blind_data/512580_oT2CzZaFTPoHj47K_0002.wav,इस tutorial में हम सीखेंगे कि sequence record objects कैसे बनाते हैं
/home/abdullahm/Shivam//blind_data/543096_UwcQJEuG2r7AD8vq_0044.wav,firefox बंद हो जाता है जब यह restart
/home/abdullahm/Shivam//blind_data/437963_SWMxcnx8okhoHB4s_0025.wav,इसके नीचे आप एक link देखेंगे जो कहता है create an account
/home/abdullahm/Shivam//blind_data/755386_f5DL5lLLcrAit2gw_0067.wav,निम्लिखित integral लिखिए
/home/abdullahm/Shivam//blind_data/785686_o9IGdBMefgqASRUb_0170.wav,इसको सारांशित करते हैं
/home/abdullahm/Shivam//blind_data/443970_woduWyYl1wumm9Pt_0011.wav,पसंद का कोई भी web browser प्रयोग कर सकते हैं इस tutorial के अंत
/home/abdullahm/Shivam//blind_data/310356_u0sz1lTfmeW7wW5o_0059.wav,अब हमारे पास दूसरा fragment भी sequence object की तरह ही है
/home/abdullahm/Shivam//blind_data/141425_wYQaKVNl7bh28u3u_0062.wav,अच्छी bandwidth नहीं है तो इसे download करके भी देख सकते हैं
/home/abdullahm/Shivam//blind_data/443970_woduWyYl1wumm9Pt_0089.wav,books की वो list जिनकी current date return date से ज़्यादा हो गयी है
/home/abdullahm/Shivam//blind_data/512580_oT2CzZaFTPoHj47K_0081.wav,कर सकते हैं यहाँ मैंने एक fasta file hemoglobin . fasta खोली है जो छह records रखती है
/home/abdullahm/Shivam//blind_data/848297_1Ex3WEqCQ7VGfqIn_0066.wav,split button पर फिर से click करें ध्यान दें कि clip इस स्थिति पर दोबारा से विभाजित होती है
/home/abdullahm/Shivam//blind_data/452417_njTJ0H4xzGZHdznO_0073.wav,output translate की हुई sequence में stop codons की उपस्थिति से सम्बंधित जानकारी भी दिखाता है
/home/abdullahm/Shivam//blind_data/315424_dFWh8NolvyRPEZIi_0011.wav,पृथ्वी की सतह से दूर किए गए variable को सकारात्मक माना जाता है
/home/abdullahm/Shivam//blind_data/329997_O89uJhZZDPErIcwv_0087.wav,उनको प्रमाणपत्र भी देते हैं जो online test pass
/home/abdullahm/Shivam//blind_data/452417_njTJ0H4xzGZHdznO_0090.wav,दिए हुए dna sequence को protein sequence में translate करें
/home/abdullahm/Shivam//blind_data/452417_njTJ0H4xzGZHdznO_0017.wav,bioinformatic algorithms जैसे blast को run कर
/home/abdullahm/Shivam//blind_data/981154_ph1l8Eyc0Sf6TsiC_0056.wav,अब address bar में g अक्षर type कर
/home/abdullahm/Shivam//blind_data/135893_9lNAZMRfDfuCN6XC_0092.wav,इस tutorial में हमने सीखा ncbi database website से fasta और genbank files download करना और seqio module से parse और read functions उपयोग करना और
/home/abdullahm/Shivam//blind_data/731203_IfrROqMp8euBDI18_0051.wav,username में arya type करें
/home/abdullahm/Shivam//blind_data/935529_oMCmIa1P3IAPKGyX_0094.wav,अब एक बार फिर से circle पर right click करें और properties चुनें
/home/abdullahm/Shivam//blind_data/334157_201xLiqOYAgU2d7a_0086.wav,जाती है projects file को नियमित रूप से save करें
/home/abdullahm/Shivam//blind_data/785686_o9IGdBMefgqASRUb_0119.wav,मैं यह document दो अन्य users के साथ share करती हूँ
/home/abdullahm/Shivam//blind_data/135893_9lNAZMRfDfuCN6XC_0021.wav,cursor को send to विकल्प पर लाएं जो page के ऊपरी दाएं कोने पर है
/home/abdullahm/Shivam//blind_data/715617_85MWWgmTkIhi4ZHP_0080.wav,यहाँ continue button पर click करें
/home/abdullahm/Shivam//blind_data/272044_2BqsQz87kAjMhCxB_0183.wav,field validation
/home/abdullahm/Shivam//blind_data/731203_IfrROqMp8euBDI18_0173.wav,मैं यश वोरा अब आपसे विदा लेता हूँ हमसे जुड़ने के लिए धन्यवाद
/home/abdullahm/Shivam//blind_data/785686_o9IGdBMefgqASRUb_0070.wav,load करना चाहते हैं मैं desktop से xyz . odt file चुनूँगी और open button पर click करुँगी
/home/abdullahm/Shivam//blind_data/309014_gqEOe0kgNRGLHZph_0028.wav,ये हें इसे
/home/abdullahm/Shivam//blind_data/908920_LIkOEYXYEAz96aNv_0024.wav,हैं कि अपने formula में कोष्ठक कैसे प्रयुक्त करते हैं
/home/abdullahm/Shivam//blind_data/443970_woduWyYl1wumm9Pt_0006.wav,यहाँ मैं उपयोग कर रहा हूँ
/home/abdullahm/Shivam//blind_data/954326_dI6sOoo6pFXFhJSN_0071.wav,ls इस directory की files दिखाने के लिए
/home/abdullahm/Shivam//blind_data/662689_mndbMoheJbWHzF8b_0093.wav,project team spoken tutorial
/home/abdullahm/Shivam//blind_data/452417_njTJ0H4xzGZHdznO_0062.wav,हम seq module का built इन transcribe method उपयोग
/home/abdullahm/Shivam//blind_data/662689_mndbMoheJbWHzF8b_0018.wav,category से खुलती है
/home/abdullahm/Shivam//blind_data/329997_O89uJhZZDPErIcwv_0011.wav,type करें google home page आता है
/home/abdullahm/Shivam//blind_data/764823_MO16YTQW1VD8AudW_0059.wav,अब मैं जल्दी दिखाती how कि document कैसे print करते हैं
/home/abdullahm/Shivam//blind_data/272044_2BqsQz87kAjMhCxB_0119.wav,यहाँ harshita username था जो हमने दिया था
/home/abdullahm/Shivam//blind_data/361930_TKM4DsRGN2zuNS6M_0049.wav,dialog box को बंद करने के लिए close पर click करें
/home/abdullahm/Shivam//blind_data/715617_85MWWgmTkIhi4ZHP_0074.wav,एक अच्छा option है यदि हम सीधे virtual box के बिना हमारी machine पर ubuntu संस्थापित कर रहे हैं
/home/abdullahm/Shivam//blind_data/981154_ph1l8Eyc0Sf6TsiC_0058.wav,वही sites हैं जो आपने bookmarked tag या visit की हैं
/home/abdullahm/Shivam//blind_data/731203_IfrROqMp8euBDI18_0056.wav,section page पर वापस जाने के लिए हम here पर click करेंगे
/home/abdullahm/Shivam//blind_data/543096_UwcQJEuG2r7AD8vq_0034.wav,mozilla firefox बंद हो जाता है
/home/abdullahm/Shivam//blind_data/954326_dI6sOoo6pFXFhJSN_0045.wav,label area में x button पर click करके हम एक audio track को हटा सकते है
/home/abdullahm/Shivam//blind_data/334157_201xLiqOYAgU2d7a_0046.wav,time line पर जहाँ cursor स्थित है उस . पर cursor के साथ एक label खुलेगा
/home/abdullahm/Shivam//blind_data/835472_QHretkXfg8wS2YKf_0113.wav,और usb ports भी हैं यहाँ एक video
/home/abdullahm/Shivam//blind_data/935529_oMCmIa1P3IAPKGyX_0142.wav,spoken tutorial projects nmeict mhrd भारत सरकार द्वारा वित्तपोषित है
/home/abdullahm/Shivam//blind_data/145704_5CY9t6duxwVCK5NI_0008.wav,elements window का उपयोग करके आसानी से formula लिख सकते हैं लेकिंन
/home/abdullahm/Shivam//blind_data/764823_MO16YTQW1VD8AudW_0043.wav,model page में मेरा printer model स्वचालित रूप से पाया गया है
/home/abdullahm/Shivam//blind_data/341424_s7qmM57nndNUBRi4_0126.wav,कर सकते हैं अपने email वार्तालाप में कहीं भी ज़रूरत के अनुसार इस विशेषता
/home/abdullahm/Shivam//blind_data/443970_woduWyYl1wumm9Pt_0080.wav,फिर हम सारी borrow की गयी books को iterate करते हैं
/home/abdullahm/Shivam//blind_data/310356_u0sz1lTfmeW7wW5o_0080.wav,किया जा सकता है एक sequence को edit करने के लिए हमें इसे परिवर्तनीय sequence object में बदल
/home/abdullahm/Shivam//blind_data/662689_mndbMoheJbWHzF8b_0065.wav,हमारे ide पर आते हैं हम देख सकते हैं की
/home/abdullahm/Shivam//blind_data/848297_1Ex3WEqCQ7VGfqIn_0051.wav,zoom in button video timeline को खींचता है जिससे video का प्रत्येक frame edit किया जा सके
/home/abdullahm/Shivam//blind_data/401356_C9yyvF8oQKRK8txb_0058.wav,n factorial is = to prod from k = 1 to n of k
/home/abdullahm/Shivam//blind_data/401356_C9yyvF8oQKRK8txb_0024.wav,intersection दोनों sets के लिए समान elements रखता है
/home/abdullahm/Shivam//blind_data/329997_O89uJhZZDPErIcwv_0070.wav,dialog box के बिलकुल नीचे when using location bar suggest नामक एक option है इसको विस्तार में
/home/abdullahm/Shivam//blind_data/452417_njTJ0H4xzGZHdznO_0104.wav,bombay से मैं श्रुति आर्य आपसे विदा लेती हूँ हमसे जुड़ने के लिए धन्यवाद
/home/abdullahm/Shivam//blind_data/141425_wYQaKVNl7bh28u3u_0050.wav,register करने के लिए here पर click करें
/home/abdullahm/Shivam//blind_data/437963_SWMxcnx8okhoHB4s_0082.wav,इसके नीचे यहाँ add a photo यानी photo जोड़ने के लिए एक विक
/home/abdullahm/Shivam//blind_data/272044_2BqsQz87kAjMhCxB_0177.wav,इस प्रकार हम adduser . jsp में fields को validate करते हैं
/home/abdullahm/Shivam//blind_data/930904_pauf66fOYFtqaQ0c_0091.wav,हम मैसेज welcome को अलग format में देखते हैं
/home/abdullahm/Shivam//blind_data/785686_o9IGdBMefgqASRUb_0166.wav,यह कहता है anyone with the link can view
/home/abdullahm/Shivam//blind_data/952555_b9A7hrD5hUYxzb1E_0031.wav,आगे हमारे पास एक सरल login form है यह form
/home/abdullahm/Shivam//blind_data/135893_9lNAZMRfDfuCN6XC_0038.wav,एक file बनाएं text editor के साथ खोलें ध्या
/home/abdullahm/Shivam//blind_data/715617_85MWWgmTkIhi4ZHP_0088.wav,अंतिम चरण login विवरण प्रदान करना है मैं your name filled में spoken भरूंगी
/home/abdullahm/Shivam//blind_data/145704_5CY9t6duxwVCK5NI_0044.wav,click करें यहाँ ok button पर click करके
/home/abdullahm/Shivam//blind_data/715617_85MWWgmTkIhi4ZHP_0010.wav,और virtualization bios पर enable होना चाहिए
/home/abdullahm/Shivam//blind_data/310356_u0sz1lTfmeW7wW5o_0068.wav,नयी sequence की लम्बाई ज्ञात करने के लिए हम len function उपयोग करेंगे
/home/abdullahm/Shivam//blind_data/846118_m7mB9BC8FPflJgLI_0050.wav,addons सूची से एक नया addons संस्थापित करें addons manage
/home/abdullahm/Shivam//blind_data/764823_MO16YTQW1VD8AudW_0000.wav,नमस्कार printer connection के spoken tutorial में आपका स्वागत है
/home/abdullahm/Shivam//blind_data/930904_pauf66fOYFtqaQ0c_0018.wav,इसे servlet container भी कहते हैं
/home/abdullahm/Shivam//blind_data/981154_ph1l8Eyc0Sf6TsiC_0135.wav,इस mission
/home/abdullahm/Shivam//blind_data/172235_akeE0s3aKDyyCvEX_0013.wav,blast को run करने के दो भिन्नभिन्न तरीके हैं
/home/abdullahm/Shivam//blind_data/341424_s7qmM57nndNUBRi4_0136.wav,print विकल्प like हुए mail को default रूप से जुड़े हुए printer को भेजेगा
/home/abdullahm/Shivam//blind_data/935529_oMCmIa1P3IAPKGyX_0051.wav,coordinate system जैसे हमने slides में देखा icon annotation में एक field है
/home/abdullahm/Shivam//blind_data/930904_pauf66fOYFtqaQ0c_0140.wav,उन्होंने इस विषय वस्तु की पुष्टि भी की है मै ये सुरा
/home/abdullahm/Shivam//blind_data/437963_SWMxcnx8okhoHB4s_0001.wav,इस tutorial में हम निम्न सीखेंगे
/home/abdullahm/Shivam//blind_data/272044_2BqsQz87kAjMhCxB_0180.wav,user table पर वापस आते हैं हम देख सकते हैं कि harshita database में जोड़ी जा चुकी है
/home/abdullahm/Shivam//blind_data/846118_m7mB9BC8FPflJgLI_0070.wav,options dialog box बंद करने के लिए close पर click करें ज्यादातर software की तरह
/home/abdullahm/Shivam//blind_data/715617_85MWWgmTkIhi4ZHP_0082.wav,नीचे स्थित textbox में यह kolkata दर्शाता है हमारे चयन के आधार पर यह समय क्षेत्र निर्धारित करेंगा
/home/abdullahm/Shivam//blind_data/315424_dFWh8NolvyRPEZIi_0157.wav,हम spoken tutorial का उपयोग कर कार्यशालाओं का आयोजन करते हैं प्रमाण पत्र देते हैं कृपया हमसे
/home/abdullahm/Shivam//blind_data/715617_85MWWgmTkIhi4ZHP_0016.wav,इसमें यह 64 bit windows है
/home/abdullahm/Shivam//blind_data/618242_jN7JwubGvJhIkeYN_0009.wav,हाँ लेकिन उपयोगकर्ता द्वारा कई tabs न खुलें हों मान्य की आप एक
/home/abdullahm/Shivam//blind_data/272044_2BqsQz87kAjMhCxB_0176.wav,हमारे पास submit button और add user की तरह value भी है
/home/abdullahm/Shivam//blind_data/908920_LIkOEYXYEAz96aNv_0076.wav,यह project spoken - tutorial . org
/home/abdullahm/Shivam//blind_data/341424_s7qmM57nndNUBRi4_0143.wav,share and send button पर click करें
/home/abdullahm/Shivam//blind_data/341424_s7qmM57nndNUBRi4_0173.wav,email प्राप्त कर्ताओं के बारे में जैसे to cc bcc
/home/abdullahm/Shivam//blind_data/908920_LIkOEYXYEAz96aNv_0017.wav,उदाहरणस्वरुप gamma को बड़े अक्षर में लिखने के लिए type करें % gamma या % theta
/home/abdullahm/Shivam//blind_data/443970_woduWyYl1wumm9Pt_0050.wav,अतः query का यह भाग निष्पादित होगा
/home/abdullahm/Shivam//blind_data/935529_oMCmIa1P3IAPKGyX_0133.wav,नियतकार्य के रूप में model के icon view में एक line polygon rectangle और text प्रविष्ट करें
/home/abdullahm/Shivam//blind_data/437963_SWMxcnx8okhoHB4s_0100.wav,ध्यान दे यहाँ तीन tabs हैं उनके बारे में विस्तार में हम आगे आने वाले tutorials में सीखेंगे
/home/abdullahm/Shivam//blind_data/981154_ph1l8Eyc0Sf6TsiC_0022.wav,बदलें tags में email type करें
/home/abdullahm/Shivam//blind_data/848297_1Ex3WEqCQ7VGfqIn_0054.wav,जब भी आप इसे दबाते हैं तो frame head आपके video की शुरुआत में चला जायेगा
/home/abdullahm/Shivam//blind_data/910325_DPCsWwNZgf4mmvwU_0037.wav,sum नामक block को बनाने के लिए miso का विस्तार करें
/home/abdullahm/Shivam//blind_data/329997_O89uJhZZDPErIcwv_0043.wav,dialog के सबसे नीचे एक link है जो है get more search engines इस
/home/abdullahm/Shivam//blind_data/785686_o9IGdBMefgqASRUb_0053.wav,वो करने के चार तरीके हैं पहिला तरीका बायी तरफ़ वाले लाल रंग के new button पर click करना हैं
/home/abdullahm/Shivam//blind_data/315424_dFWh8NolvyRPEZIi_0061.wav,freefall class पर जाएँ
/home/abdullahm/Shivam//blind_data/443970_woduWyYl1wumm9Pt_0121.wav,spoken tutorials का उपयोग करके कार्यशालाएं भी चलाती
/home/abdullahm/Shivam//blind_data/731203_IfrROqMp8euBDI18_0111.wav,फिर हम request dispatcher प्रयोग करके request को success checkout . jsp पर भेजते हैं
/home/abdullahm/Shivam//blind_data/662689_mndbMoheJbWHzF8b_0011.wav,सरण के लिए आपको निम्न के साथ परिचित होना चाहिए netbean
/home/abdullahm/Shivam//blind_data/443970_woduWyYl1wumm9Pt_0017.wav,मैंने books table बना ली है
/home/abdullahm/Shivam//blind_data/764823_MO16YTQW1VD8AudW_0058.wav,अब printer dialog box बंद करते हैं
/home/abdullahm/Shivam//blind_data/846118_m7mB9BC8FPflJgLI_0065.wav,अब scrap book चुनें और preferences पर click करें
/home/abdullahm/Shivam//blind_data/141425_wYQaKVNl7bh28u3u_0002.wav,इस श्रृंखला में हम दर्शा चुके हैं कि basic inventory system कैसे बनाते हैं
/home/abdullahm/Shivam//blind_data/848297_1Ex3WEqCQ7VGfqIn_0071.wav,इस तरह से आप video के भागों को मिटा सकते हैं
/home/abdullahm/Shivam//blind_data/764823_MO16YTQW1VD8AudW_0014.wav,अब printer पर एक निगाह डालते हैं
/home/abdullahm/Shivam//blind_data/272044_2BqsQz87kAjMhCxB_0153.wav,यहाँ भी हम error messages की list देखेंगे
/home/abdullahm/Shivam//blind_data/848297_1Ex3WEqCQ7VGfqIn_0065.wav,मैं playback को फिर से चलाऊंगी और दोबारा उस भाग के अंत पर रोकूंगी जिसे मैं मिटाना चाहती हूँ
/home/abdullahm/Shivam//blind_data/981154_ph1l8Eyc0Sf6TsiC_0096.wav,address जिस क्रम में bookmarks के रूप में जोडे गये थे उसी के अनुसार क्रमबद्ध होते हैं close पर click करें
/home/abdullahm/Shivam//blind_data/785686_o9IGdBMefgqASRUb_0114.wav,click करें दोबारा welcome to google docs line को एक बार copy paste करें अब
/home/abdullahm/Shivam//blind_data/315424_dFWh8NolvyRPEZIi_0064.wav,class की पहली line उसका नाम परिभाषित करता है
/home/abdullahm/Shivam//blind_data/315424_dFWh8NolvyRPEZIi_0138.wav,है इसलिए परिवर्तन किए जाने के बाद class को save करना एक अच्छा अभ्यास है
/home/abdullahm/Shivam//blind_data/930904_pauf66fOYFtqaQ0c_0114.wav,बायीं तरफ projects tab पर click करें
/home/abdullahm/Shivam//blind_data/512580_oT2CzZaFTPoHj47K_0082.wav,प्रत्येक record भिन्नभिन्न लम्बाई का है
/home/abdullahm/Shivam//blind_data/361930_TKM4DsRGN2zuNS6M_0030.wav,पर click करें दिखाई देनेवाले पहले search परिणाम पर right click करें
/home/abdullahm/Shivam//blind_data/935529_oMCmIa1P3IAPKGyX_0137.wav,हम spoken tutorial का उपयोग कर कार्यशालाओं का आयोजन करते हैं कृपया हमसे संपर्क करें
/home/abdullahm/Shivam//blind_data/930904_pauf66fOYFtqaQ0c_0110.wav,और jsp पर click करें
/home/abdullahm/Shivam//blind_data/731203_IfrROqMp8euBDI18_0144.wav,यहाँ उस entry को जिसने book को return किया है checkout table से मिटाने के लिए हम query निष्पादित करते हैं
/home/abdullahm/Shivam//blind_data/135893_9lNAZMRfDfuCN6XC_0071.wav,की लाइनें जो हमने पहले उपयोग की थी प्राप्त करने के लिए up arrow की दबाएं file
/home/abdullahm/Shivam//blind_data/141425_wYQaKVNl7bh28u3u_0036.wav,यहाँ हम चार विकल्प देख सकते हैं
/home/abdullahm/Shivam//blind_data/981154_ph1l8Eyc0Sf6TsiC_0067.wav,देख सकते हैं unsorted folder से yahoo bookmarks चुनें
/home/abdullahm/Shivam//blind_data/452417_njTJ0H4xzGZHdznO_0003.wav,और biopython tools उपयोग करके protein sequence मे dna sequence का translation
/home/abdullahm/Shivam//blind_data/935529_oMCmIa1P3IAPKGyX_0073.wav,मैं omedit पर वापस जाती हूँ
/home/abdullahm/Shivam//blind_data/954326_dI6sOoo6pFXFhJSN_0082.wav,test1 . ogv output file है enter press करे
/home/abdullahm/Shivam//blind_data/785686_o9IGdBMefgqASRUb_0162.wav,अवश्य ही owner होने के नाते हम अपना कार्य अलग रंग में देखेंगे अब
/home/abdullahm/Shivam//blind_data/715617_85MWWgmTkIhi4ZHP_0060.wav,एक नई window pop up होगी और हमें virtual optical disk file या physical optical drive चुनने के लिए कहेगा folder icon पर जाएँ और उसपर click करें
/home/abdullahm/Shivam//blind_data/437963_SWMxcnx8okhoHB4s_0109.wav,बाएं हाथ की तरफ वाले compose button पर click करें
/home/abdullahm/Shivam//blind_data/452417_njTJ0H4xzGZHdznO_0096.wav,ख़ुद पर ध्यान दे ख़ुद stop codon translate नहीं किया जाता
/home/abdullahm/Shivam//blind_data/452417_njTJ0H4xzGZHdznO_0055.wav,sequence object को cdna नामक variable में संचित करें
/home/abdullahm/Shivam//blind_data/543096_UwcQJEuG2r7AD8vq_0024.wav,theme पर click करें इस page पर उपलब्ध themes में से यह एक है
/home/abdullahm/Shivam//blind_data/341424_s7qmM57nndNUBRi4_0074.wav,मेरे पास मेरे desktop पर एक zip file है जिसका size लगभग 30 mb है
/home/abdullahm/Shivam//blind_data/315424_dFWh8NolvyRPEZIi_0062.wav,modelling area के शीर्ष पर जाएँ freefall टैब पर click करें
/home/abdullahm/Shivam//blind_data/172235_akeE0s3aKDyyCvEX_0038.wav,यह scope दिखाता है इसके बारे में विवरण ncbi blast webpage पर उपलब्ध है
/home/abdullahm/Shivam//blind_data/315424_dFWh8NolvyRPEZIi_0000.wav,नमस्कार developing an equation based model पर spoken tutorial में आपका
/home/abdullahm/Shivam//blind_data/908920_LIkOEYXYEAz96aNv_0071.wav,अब हम libre office math में greek character कोष्ठकों और समीकरणों पर इस tutorial के अंत में आ गये हैं
/home/abdullahm/Shivam//blind_data/662689_mndbMoheJbWHzF8b_0073.wav,को my first project की तरह set किया था अब अपने brouser
/home/abdullahm/Shivam//blind_data/443970_woduWyYl1wumm9Pt_0031.wav,greeting servlet java को देखते हैं
/home/abdullahm/Shivam//blind_data/272044_2BqsQz87kAjMhCxB_0060.wav,यह resource html servlet या jsp हो सकता है
/home/abdullahm/Shivam//blind_data/512580_oT2CzZaFTPoHj47K_0092.wav,hiv के genomic sequence से 4587 से 5165 स्थानों तक gene hiv 1 gp 3 को extract करें
/home/abdullahm/Shivam//blind_data/785686_o9IGdBMefgqASRUb_0025.wav,दूसरी वाली वो file है जो हमने अपने आप पहले ही upload की थी
/home/abdullahm/Shivam//blind_data/401356_C9yyvF8oQKRK8txb_0019.wav,अब हम set operations लिख सकते हैं जैसे कि unions और intersections
/home/abdullahm/Shivam//blind_data/785686_o9IGdBMefgqASRUb_0077.wav,edit की हुई file को spoken tutorial folder में कैसे move कर सकते हैं केवल
/home/abdullahm/Shivam//blind_data/437963_SWMxcnx8okhoHB4s_0009.wav,इस tutorial के लिए आपको ज़रुरत है एक working internet connection
/home/abdullahm/Shivam//blind_data/981154_ph1l8Eyc0Sf6TsiC_0066.wav,अब हम menu bar और options को स्पष्ट
/home/abdullahm/Shivam//blind_data/437963_SWMxcnx8okhoHB4s_0015.wav,google calendar और अन्य
/home/abdullahm/Shivam//blind_data/981154_ph1l8Eyc0Sf6TsiC_0076.wav,firefox आपको bookmarks को क्रमबद्ध भी करने देता है
/home/abdullahm/Shivam//blind_data/341424_s7qmM57nndNUBRi4_0099.wav,और attachment
/home/abdullahm/Shivam//blind_data/172235_akeE0s3aKDyyCvEX_0015.wav,biopython में blast को run करने के दो steps हैं
/home/abdullahm/Shivam//blind_data/755386_f5DL5lLLcrAit2gw_0040.wav,और b दर्शाने के लिए हमने markup from और to इस्तेमाल
/home/abdullahm/Shivam//blind_data/785686_o9IGdBMefgqASRUb_0002.wav,document एक spreadsheet और एक presentation बनाना file
/home/abdullahm/Shivam//blind_data/764823_MO16YTQW1VD8AudW_0065.wav,range page की range चुनने की अनुमति देता है जो हम चाहते हैं
/home/abdullahm/Shivam//blind_data/981154_ph1l8Eyc0Sf6TsiC_0064.wav,कि हम bookmarks menu में yahoo india bookmark जोड़ना चाहते हैं
/home/abdullahm/Shivam//blind_data/341424_s7qmM57nndNUBRi4_0002.wav,email प्राप्त कर्ताओं के बारे में जैसे to cc bcc
/home/abdullahm/Shivam//blind_data/272044_2BqsQz87kAjMhCxB_0029.wav,और add library पर click करें
/home/abdullahm/Shivam//blind_data/443970_woduWyYl1wumm9Pt_0055.wav,हम book object में book id set करते हैं
/home/abdullahm/Shivam//blind_data/954326_dI6sOoo6pFXFhJSN_0089.wav,test 2 ogg यहाँ है इसे play करते है section के इस tutorial मे आपका स्वागत है
/home/abdullahm/Shivam//blind_data/141425_wYQaKVNl7bh28u3u_0037.wav,प्रत्येक की कोशिश करें और परिणाम देखें
/home/abdullahm/Shivam//blind_data/930904_pauf66fOYFtqaQ0c_0105.wav,हम इनके बारे में अधिक आने वाले tutorials में सीखेंगे
/home/abdullahm/Shivam//blind_data/272044_2BqsQz87kAjMhCxB_0088.wav,ध्यान दें कि हमने java code को opening tags जो हैं < than sign % sign और closing tag % sign और > than sign में सम्मिलित कर दिया है
/home/abdullahm/Shivam//blind_data/662689_mndbMoheJbWHzF8b_0021.wav,जो खुलती है उसपर project name मे मा
/home/abdullahm/Shivam//blind_data/910325_DPCsWwNZgf4mmvwU_0018.wav,अब हम उदाहरण के माध्यम से block component modeling को समझने का प्रयास करें
/home/abdullahm/Shivam//blind_data/981154_ph1l8Eyc0Sf6TsiC_0133.wav,tutorial talk to a teacher project का हिस्सा है
/home/abdullahm/Shivam//blind_data/954326_dI6sOoo6pFXFhJSN_0093.wav,terminal पर type करते है ffmpeg i test1 . ogv i test2 . ogg acodec libvorbis v codec copy final . ogv
/home/abdullahm/Shivam//blind_data/848297_1Ex3WEqCQ7VGfqIn_0033.wav,जब pause mode में होता है तो frame head मौजूदा स्थिति में रहता है
/home/abdullahm/Shivam//blind_data/401356_C9yyvF8oQKRK8txb_0013.wav,इस screen पर प्रदर्शित formula editor window में 4 उदाहरण sets लिखते हैं
/home/abdullahm/Shivam//blind_data/662689_mndbMoheJbWHzF8b_0064.wav,जब हम my first project को run करते हैं तो हमें jsp page मिलता है जो कहता है hello world अब हम वापस
/home/abdullahm/Shivam//blind_data/437963_SWMxcnx8okhoHB4s_0065.wav,अभी हम ऐसा नहीं करेंगे
/home/abdullahm/Shivam//blind_data/135893_9lNAZMRfDfuCN6XC_0058.wav,fasta parsing के लिए prompt पर निम्न type करें यह
/home/abdullahm/Shivam//blind_data/981154_ph1l8Eyc0Sf6TsiC_0112.wav,options टैब पर click करें और ignore scaling and shrink to fit page width चुनें
/home/abdullahm/Shivam//blind_data/755386_f5DL5lLLcrAit2gw_0075.wav,इसी के साथ हम libreoffice math में differential और integral equations और logarithms पर tutorial के अंत में आ गये हैं
/home/abdullahm/Shivam//blind_data/981154_ph1l8Eyc0Sf6TsiC_0004.wav,अब firefox browser खोलते हैं
/home/abdullahm/Shivam//blind_data/910325_DPCsWwNZgf4mmvwU_0056.wav,interface package में कई अन्य block भी हैं जो कि कार्यक्षमता में miso के समान हैं
/home/abdullahm/Shivam//blind_data/341424_s7qmM57nndNUBRi4_0139.wav,send button पर click करें
/home/abdullahm/Shivam//blind_data/715617_85MWWgmTkIhi4ZHP_0002.wav,यह tutorial windows os वर्जन 10
/home/abdullahm/Shivam//blind_data/954326_dI6sOoo6pFXFhJSN_0083.wav,अब हमने video component को अलग किया है याने video में अब original audio नहीं है चलिए test folder को open करते है
/home/abdullahm/Shivam//blind_data/341424_s7qmM57nndNUBRi4_0061.wav,करने के लिए हम attach files या insert files using drive विकल्पों को प्रयोग कर सकते
/home/abdullahm/Shivam//blind_data/341424_s7qmM57nndNUBRi4_0005.wav,google drive के द्वारा files share करना
/home/abdullahm/Shivam//blind_data/135893_9lNAZMRfDfuCN6XC_0084.wav,एट्रीब्यूट्स जैसे कि gi accession number और description दिखाता है हम
/home/abdullahm/Shivam//blind_data/910325_DPCsWwNZgf4mmvwU_0041.wav,main class में sum और product block के उदाहरण बनाएँ
/home/abdullahm/Shivam//blind_data/952555_b9A7hrD5hUYxzb1E_0088.wav,हमारे पास form action = to greeting servlet path method = to post है
/home/abdullahm/Shivam//blind_data/930904_pauf66fOYFtqaQ0c_0093.wav,इस प्रकार हमने सफलतापूर्वक एक servlet बना लिया है
/home/abdullahm/Shivam//blind_data/930904_pauf66fOYFtqaQ0c_0117.wav,ध्यान दें कि welcome h 1 tags के अंदर है
/home/abdullahm/Shivam//blind_data/272044_2BqsQz87kAjMhCxB_0059.wav,यह interface request को अन्य resource पर प्रेषित करने के लिए सुविधा देता है यह
/home/abdullahm/Shivam//blind_data/315424_dFWh8NolvyRPEZIi_0158.wav,संपर्क करें spoken tutorial project nmeict mhrd भारत सरकार द्वारा वित्त पोषित है
/home/abdullahm/Shivam//blind_data/835472_QHretkXfg8wS2YKf_0099.wav,software है जो cpu को सबसे पहला निर्देश देता है जब computer सबसे पहली बार खुलता है operating system
/home/abdullahm/Shivam//blind_data/437963_SWMxcnx8okhoHB4s_0122.wav,email भेजने के लिए इस पर click करें
/home/abdullahm/Shivam//blind_data/341424_s7qmM57nndNUBRi4_0162.wav,भेजा गया हैं मैं पढ़ने के लिए इसे खोलती हूँ
/home/abdullahm/Shivam//blind_data/401356_C9yyvF8oQKRK8txb_0077.wav,math पर अधिक जानने के लिए आप निम्न website पर भी जा सकते हैं और
/home/abdullahm/Shivam//blind_data/452417_njTJ0H4xzGZHdznO_0100.wav,देख सकते है spoken tutorial project team कार्यशालाएं चलाती है और online test pass करने वालों को प्रमाणपत्र
/home/abdullahm/Shivam//blind_data/334157_201xLiqOYAgU2d7a_0049.wav,labels को मिटाने के लिए text box के अंदर click करें और तब तक backspace दबाएं जब तक label मिट न जाएँ
/home/abdullahm/Shivam//blind_data/512580_oT2CzZaFTPoHj47K_0017.wav,यहाँ एक protein sequence के साथ एक text file है
/home/abdullahm/Shivam//blind_data/145704_5CY9t6duxwVCK5NI_0056.wav,को undo करने के लिए default button का इस्तेमाल करिये
/home/abdullahm/Shivam//blind_data/954326_dI6sOoo6pFXFhJSN_0101.wav,application तथा इसके लिए spoken tutorial जल्द ही website पर उपलब्ध होंगें
/home/abdullahm/Shivam//blind_data/272044_2BqsQz87kAjMhCxB_0064.wav,अब browser पर वापस आते हैं
/home/abdullahm/Shivam//blind_data/145704_5CY9t6duxwVCK5NI_0077.wav,font को arial में बदलें और size 18 . तक
/home/abdullahm/Shivam//blind_data/437963_SWMxcnx8okhoHB4s_0123.wav,ध्यान दें अब inbox में mails की संख्या 4 है
/home/abdullahm/Shivam//blind_data/952555_b9A7hrD5hUYxzb1E_0013.wav,netbeans ide प्रयोग करके core java
/home/abdullahm/Shivam//blind_data/785686_o9IGdBMefgqASRUb_0059.wav,एक एक करके प्रत्येक विकल्प देखेंगे हम
/home/abdullahm/Shivam//blind_data/334157_201xLiqOYAgU2d7a_0060.wav,cursor को उस स्थान पर move करें जहाँ audio के हिस्से को move कराने की ज़रुरत है
/home/abdullahm/Shivam//blind_data/981154_ph1l8Eyc0Sf6TsiC_0091.wav,आपके द्वारा bookmarks sidebar में किए गए परिवर्तन bookmarks menu से भी प्रतिबिंबित होते हैं
/home/abdullahm/Shivam//blind_data/315424_dFWh8NolvyRPEZIi_0116.wav,परिणाम अब delete हो गया है
/home/abdullahm/Shivam//blind_data/135893_9lNAZMRfDfuCN6XC_0085.wav,निम्न की तरह इस record के अलग अलग record भी देख सकते हैं
/home/abdullahm/Shivam//blind_data/908920_LIkOEYXYEAz96aNv_0026.wav,इसलिए हमें संचालन के क्रम को बताने के लिए कोष्ठकों का इस्तेमाल करना होगा उदा
/home/abdullahm/Shivam//blind_data/315424_dFWh8NolvyRPEZIi_0105.wav,variables browser class के variables और parameters से संबंधित जानकारी प्रदर्शित करता है
/home/abdullahm/Shivam//blind_data/755386_f5DL5lLLcrAit2gw_0071.wav,और formula का
/home/abdullahm/Shivam//blind_data/618242_jN7JwubGvJhIkeYN_0052.wav,type browsing offline content को save करना pop up अवरूद्ध सारांश है
/home/abdullahm/Shivam//blind_data/952555_b9A7hrD5hUYxzb1E_0091.wav,हमें उसी प्रकार का output मिला जैसा हमें get method प्रयोग करते समय मिला था
/home/abdullahm/Shivam//blind_data/835472_QHretkXfg8wS2YKf_0077.wav,port है यह wired con
/home/abdullahm/Shivam//blind_data/935529_oMCmIa1P3IAPKGyX_0101.wav,ellipse annotation को समझने के लिए text view पर जाएँ text view पर click करें नीचे scroll करें
/home/abdullahm/Shivam//blind_data/172235_akeE0s3aKDyyCvEX_0026.wav,पहला argument blast program search के लिए उपयोग होता है
/home/abdullahm/Shivam//blind_data/910325_DPCsWwNZgf4mmvwU_0082.wav,product block पर जाएँ text view पर जाएँ
/home/abdullahm/Shivam//blind_data/145704_5CY9t6duxwVCK5NI_0025.wav,इस formula को writer gray
/home/abdullahm/Shivam//blind_data/618242_jN7JwubGvJhIkeYN_0040.wav,ऑफलाईन हूं popups windows हैं जो आपकी अनुमति के बिना अपने आप दि
/home/abdullahm/Shivam//blind_data/618242_jN7JwubGvJhIkeYN_0010.wav,एक विशेष webpage पर हैं यहा link
/home/abdullahm/Shivam//blind_data/848297_1Ex3WEqCQ7VGfqIn_0063.wav,अब मैं split button पर click करुँगी
/home/abdullahm/Shivam//blind_data/437963_SWMxcnx8okhoHB4s_0046.wav,फिर सम्बंधित text boxes में दिन और साल type करें
/home/abdullahm/Shivam//blind_data/930904_pauf66fOYFtqaQ0c_0084.wav,println method में हम html code को pass कर सकते हैं
/home/abdullahm/Shivam//blind_data/361930_TKM4DsRGN2zuNS6M_0003.wav,mozilla firefox में preferences हमें आसानी से पुनरावृत्तीय कार्यों को करने की अनु
/home/abdullahm/Shivam//blind_data/443970_woduWyYl1wumm9Pt_0101.wav,इसमें वो books हैं जो currently user के द्वारा borrow की गयी हैं
/home/abdullahm/Shivam//blind_data/954326_dI6sOoo6pFXFhJSN_0108.wav,dubbed की गयी audio तथा अलग किये video को merge करे याने जोड़े ताकि dubbed tutorial बने
/home/abdullahm/Shivam//blind_data/764823_MO16YTQW1VD8AudW_0036.wav,बाएं हाथ की तरफ computer से जुड़े printer उपकरणों की सूची प्रदर्शित है
/home/abdullahm/Shivam//blind_data/846118_m7mB9BC8FPflJgLI_0018.wav,call करने देता है| यह adobe acrobat के grab और drag function के
/home/abdullahm/Shivam//blind_data/715617_85MWWgmTkIhi4ZHP_0053.wav,यह अब तक उपलब्ध कराए गए विवरणों के साथ एक नया virtual machine base बना देगा इसे बनाने में कुछ समय लग सकता हैं
/home/abdullahm/Shivam//blind_data/910325_DPCsWwNZgf4mmvwU_0029.wav,इन दो inputs के product को output की आवश्यकता है
/home/abdullahm/Shivam//blind_data/930904_pauf66fOYFtqaQ0c_0013.wav,यदि नहीं तो सम्बंधित tutorials के लिए कृपया हमारी website पर जाएँ
/home/abdullahm/Shivam//blind_data/145704_5CY9t6duxwVCK5NI_0005.wav,पहले एक writer document खोलते हैं और फिर math application writer में लाते हैं
/home/abdullahm/Shivam//blind_data/785686_o9IGdBMefgqASRUb_0163.wav,revision history window को बंद करते हैं document
/home/abdullahm/Shivam//blind_data/952555_b9A7hrD5hUYxzb1E_0023.wav,मैंने अपने home page को बनाने के लिए यह page संशोधित किया
/home/abdullahm/Shivam//blind_data/848297_1Ex3WEqCQ7VGfqIn_0076.wav,clip अभी collection panel पर import की गयी है
/home/abdullahm/Shivam//blind_data/315424_dFWh8NolvyRPEZIi_0051.wav,मैं भिन्न नाम freefall 1 का उपयोग कर रही हूँ क्योंकि freefall class पहले ही omedit में खुला है
/home/abdullahm/Shivam//blind_data/785686_o9IGdBMefgqASRUb_0099.wav,आगे मैं यहाँ कुछ content type करती हूँ मानिये welcome to google docs इस doc
/home/abdullahm/Shivam//blind_data/930904_pauf66fOYFtqaQ0c_0087.wav,की पहले ही हमने इस servlet को deployed किया था हमें इसे दोबारा run करने की ज़रूरत नहीं है
/home/abdullahm/Shivam//blind_data/310356_u0sz1lTfmeW7wW5o_0049.wav,string 1 = to dna 1 within ( 0 ; 6
/home/abdullahm/Shivam//blind_data/618242_jN7JwubGvJhIkeYN_0038.wav,url bar में आप देखते हैं कि पता एक internet पता नहीं है किन्तु आपके computer पर एक local location है
/home/abdullahm/Shivam//blind_data/315424_dFWh8NolvyRPEZIi_0133.wav,इस class में दो variables और दो equations हैं
/home/abdullahm/Shivam//blind_data/272044_2BqsQz87kAjMhCxB_0186.wav,यदि आपके पास अच्छी bandwidth नहीं है तो आप इसे download करके भी देख सकते हैं
/home/abdullahm/Shivam//blind_data/309014_gqEOe0kgNRGLHZph_0087.wav,जिसे भारत सरकार के mhrd मंत्रालय के राष्ट्रीय साक्षरता mission ने ict के माध्यम से समर्थित किया है
/home/abdullahm/Shivam//blind_data/954326_dI6sOoo6pFXFhJSN_0063.wav,download पर click करे और नीचे scroll करे तथा उपयुक्त वाले को चुने
/home/abdullahm/Shivam//blind_data/731203_IfrROqMp8euBDI18_0156.wav,हम देख सकते हैं हमें सारी उपलब्ध books की list मिलती है
/home/abdullahm/Shivam//blind_data/848297_1Ex3WEqCQ7VGfqIn_0078.wav,मैं clip पर click करके इसको चुनूँगी और इसे उस स्थिति पर खींचूँगी जहाँ मैं इसे timeline पर दिखाना चाहती
/home/abdullahm/Shivam//blind_data/329997_O89uJhZZDPErIcwv_0082.wav,अब webpage पर सारे video शब्द को चिह्नांकित करने के लिए highlight all पर click करिये
/home/abdullahm/Shivam//blind_data/272044_2BqsQz87kAjMhCxB_0065.wav,username और password type करें जो हमने database में सम्मिलित नहीं किया है
/home/abdullahm/Shivam//blind_data/315424_dFWh8NolvyRPEZIi_0005.wav,लेकिन यह प्रक्रिया windows mac osx या arm पर fossee में समान है
/home/abdullahm/Shivam//blind_data/272044_2BqsQz87kAjMhCxB_0062.wav,अब success greeting jsp पर आते हैं
/home/abdullahm/Shivam//blind_data/309014_gqEOe0kgNRGLHZph_0051.wav,बार चुने ध्यान दें कि gmail bookmark अब bookmarks toolbar में जुड़ गया है
/home/abdullahm/Shivam//blind_data/785686_o9IGdBMefgqASRUb_0088.wav,presentations बनाने के लिए google slides हैं उदाहरण
/home/abdullahm/Shivam//blind_data/755386_f5DL5lLLcrAit2gw_0031.wav,और फिर control enter दबाइए
/home/abdullahm/Shivam//blind_data/662689_mndbMoheJbWHzF8b_0028.wav,पर click करें और फिर finish पर click करें projects tab
/home/abdullahm/Shivam//blind_data/910325_DPCsWwNZgf4mmvwU_0070.wav,यह parameter तब बदला जा सकता है जब block inherant हो
/home/abdullahm/Shivam//blind_data/662689_mndbMoheJbWHzF8b_0089.wav,के बारे में अधिक जानने के लिए
/home/abdullahm/Shivam//blind_data/401356_C9yyvF8oQKRK8txb_0051.wav,यहाँ mark up पर ध्यान दें
/home/abdullahm/Shivam//blind_data/272044_2BqsQz87kAjMhCxB_0025.wav,अब हम jdbc driver को load करते हैं जो java database connectivity driver है
/home/abdullahm/Shivam//blind_data/361930_TKM4DsRGN2zuNS6M_0038.wav,या audio file हो सकती है नियतकार्य के रूप में इन tabs और options को देखें
/home/abdullahm/Shivam//blind_data/437963_SWMxcnx8okhoHB4s_0095.wav,यह किसी भी graphical प्रदर्शन के बिना gmail load करे
/home/abdullahm/Shivam//blind_data/910325_DPCsWwNZgf4mmvwU_0088.wav,ये statement sum और product blocks के instantiation को दर्शाता है
/home/abdullahm/Shivam//blind_data/145704_5CY9t6duxwVCK5NI_0022.wav,writer gray box में गणितीय चिन्ह देखें
/home/abdullahm/Shivam//blind_data/731203_IfrROqMp8euBDI18_0045.wav,पहला साल का वर्तमान दिन है
/home/abdullahm/Shivam//blind_data/618242_jN7JwubGvJhIkeYN_0034.wav,अब file और new tab पर click करके browser window में
/home/abdullahm/Shivam//blind_data/785686_o9IGdBMefgqASRUb_0164.wav,share करने का एक अन्य तरीका है share button पर click करें उपरी
/home/abdullahm/Shivam//blind_data/848297_1Ex3WEqCQ7VGfqIn_0037.wav,ध्यान दें कि frame head एक बार में एक clip पीछे की ओर जाता है
/home/abdullahm/Shivam//blind_data/452417_njTJ0H4xzGZHdznO_0102.wav,spoken tutorial project भारत सरकार के mhrd के nmeict द्वारा निधिबद्ध है
/home/abdullahm/Shivam//blind_data/272044_2BqsQz87kAjMhCxB_0054.wav,हम request पर request dispatcher object प्राप्त करने के लिए get request dispatcher method प्रयोग करते हैं
/home/abdullahm/Shivam//blind_data/952555_b9A7hrD5hUYxzb1E_0121.wav,spoken tutorial project talk to a teacher project का हिस्सा है
/home/abdullahm/Shivam//blind_data/341424_s7qmM57nndNUBRi4_0036.wav,यहाँ एक screenshot है
/home/abdullahm/Shivam//blind_data/135893_9lNAZMRfDfuCN6XC_0089.wav,output gi number और accession number आदि दिखाता है
/home/abdullahm/Shivam//blind_data/272044_2BqsQz87kAjMhCxB_0082.wav,अतः हमें index . jsp पर जाना है
/home/abdullahm/Shivam//blind_data/135893_9lNAZMRfDfuCN6XC_0047.wav,इन files में संचित biological data को biopython libraries उपयोग करके extract और संशोधित किया जा सकता है
/home/abdullahm/Shivam//blind_data/952555_b9A7hrD5hUYxzb1E_0075.wav,अब user यहाँ login करने में सक्षम था लेकिन हमने code के अंदर कोई प्रमाण सम्मिलित नहीं किया है
/home/abdullahm/Shivam//blind_data/452417_njTJ0H4xzGZHdznO_0045.wav,पहली step उपरोक्त coding dna strand के लिये एक sequence object बनाना है
/home/abdullahm/Shivam//blind_data/443970_woduWyYl1wumm9Pt_0129.wav,मैं यश वोरा अब आपसे विदा लेता हूँ हमसे जुडने के लिए धन्यवाद
/home/abdullahm/Shivam//blind_data/835472_QHretkXfg8wS2YKf_0014.wav,unit central processing unit out
/home/abdullahm/Shivam//blind_data/543096_UwcQJEuG2r7AD8vq_0041.wav,होती है install now button पर click करें आपको
/home/abdullahm/Shivam//blind_data/981154_ph1l8Eyc0Sf6TsiC_0131.wav,उनको प्रमाणपत्र भी देते हैं जो online test pass
/home/abdullahm/Shivam//blind_data/341424_s7qmM57nndNUBRi4_0105.wav,यह होने के बाद हम content क्षेत्र में upload की हुई file का link देख सकते हैं
/home/abdullahm/Shivam//blind_data/731203_IfrROqMp8euBDI18_0031.wav,ide पर वापस आते हैं
/home/abdullahm/Shivam//blind_data/662689_mndbMoheJbWHzF8b_0008.wav,jdk 1 . 7 firefox
/home/abdullahm/Shivam//blind_data/618242_jN7JwubGvJhIkeYN_0050.wav,click करे अब हम tutorial की समाप्ति की ओर आ गए
/home/abdullahm/Shivam//blind_data/309014_gqEOe0kgNRGLHZph_0089.wav,सिद्धेश द्वारा अनुवादित है तथा i i t bombay की ओर से मैं रवि कुमार अब आपसे विदा लेता हूँ हमसे जुड़ने के लिए धन्यवाद
/home/abdullahm/Shivam//blind_data/908920_LIkOEYXYEAz96aNv_0010.wav,अब greek characters उदाहरणस्वरुप alpha beta theta और pi गणितीय formula में समान है की
/home/abdullahm/Shivam//blind_data/437963_SWMxcnx8okhoHB4s_0078.wav,अब google से sms द्वारा प्राप्त सत्यापन code को दिए गए text box में type करें
/home/abdullahm/Shivam//blind_data/141425_wYQaKVNl7bh28u3u_0011.wav,और library के users को manage करता है
/home/abdullahm/Shivam//blind_data/908920_LIkOEYXYEAz96aNv_0027.wav,उदाहरणस्वरुप हम कैसे लिखें कि पहले x और y को जोड़ें फिर उत्तर को 5 से भाग दें
/home/abdullahm/Shivam//blind_data/543096_UwcQJEuG2r7AD8vq_0009.wav,पहले load images automatically option सक्षम करें ताकि हम browser में प्रदर्शित image देख सकें
/home/abdullahm/Shivam//blind_data/755386_f5DL5lLLcrAit2gw_0056.wav,left मे align करे एक सरल formula logarithm का इस्तेमाल करते है log 1000 to the base 10 = 3
/home/abdullahm/Shivam//blind_data/145704_5CY9t6duxwVCK5NI_0013.wav,यह markup type करें newline और देखें कि writer gray box area में नई line insert हुई है
/home/abdullahm/Shivam//blind_data/731203_IfrROqMp8euBDI18_0145.wav,फिर हम increment available copies method call करते हैं
/home/abdullahm/Shivam//blind_data/334157_201xLiqOYAgU2d7a_0061.wav,वहाँ click करें और audio के हिस्से को
/home/abdullahm/Shivam//blind_data/835472_QHretkXfg8wS2YKf_0058.wav,ज़्यादा गर्म होने से cpu को नुकसान हो सकता है प्रायः data की क्षति भी हो सकती है यह है कि
/home/abdullahm/Shivam//blind_data/981154_ph1l8Eyc0Sf6TsiC_0117.wav,के बारे में हमने यह भी सीखा कि bookmarks संयोजित कैसे करें firefox page को set up कैसे करें preview और print कैसे करें
/home/abdullahm/Shivam//blind_data/135893_9lNAZMRfDfuCN6XC_0030.wav,4 records दिखाती है चूँकि हमने download के लिए चार files चुनी थी
/home/abdullahm/Shivam//blind_data/141425_wYQaKVNl7bh28u3u_0064.wav,spoken tutorials का उपयोग करके कार्यशालाएं भी चलाती
/home/abdullahm/Shivam//blind_data/618242_jN7JwubGvJhIkeYN_0026.wav,इच्छित स्थान पर है चलिये कुछ
/home/abdullahm/Shivam//blind_data/930904_pauf66fOYFtqaQ0c_0095.wav,हमने html code को दर्शाने के लिए servlet प्रयोग किया
/home/abdullahm/Shivam//blind_data/443970_woduWyYl1wumm9Pt_0075.wav,admin section . java पर जाते हैं
/home/abdullahm/Shivam//blind_data/272044_2BqsQz87kAjMhCxB_0142.wav,अतः मैं दोबारा harshita को जोड़ने की कोशिश करुँगा
/home/abdullahm/Shivam//blind_data/437963_SWMxcnx8okhoHB4s_0097.wav,उन्हें पढ़े या next button पर click करके आगे देखें और फिर उन्हें बंद करें
/home/abdullahm/Shivam//blind_data/310356_u0sz1lTfmeW7wW5o_0075.wav,output sequence dna 2 में उपस्थित alanines की संख्या को दिखाता है
/home/abdullahm/Shivam//blind_data/135893_9lNAZMRfDfuCN6XC_0056.wav,हम सबसे महत्वपूर्ण function parse से शुरू करेंगे
/home/abdullahm/Shivam//blind_data/846118_m7mB9BC8FPflJgLI_0031.wav,वह प्रदर्शित हुये है ध्यान दें कि सूची में पहला name grab and drag एक सटीक mail
/home/abdullahm/Shivam//blind_data/341424_s7qmM57nndNUBRi4_0156.wav,cc में marked किये हुए प्राप्त कर्ता की mail id है
/home/abdullahm/Shivam//blind_data/135893_9lNAZMRfDfuCN6XC_0019.wav,500 से कम base pairs यानी युग्म रखने वाली files चुनूँगी
/home/abdullahm/Shivam//blind_data/272044_2BqsQz87kAjMhCxB_0022.wav,नीचे output button पर click करें
/home/abdullahm/Shivam//blind_data/981154_ph1l8Eyc0Sf6TsiC_0072.wav,अब bookmarks menu पर click करें अब या
/home/abdullahm/Shivam//blind_data/764823_MO16YTQW1VD8AudW_0035.wav,यह new printer dialog box खोलेगा
/home/abdullahm/Shivam//blind_data/764823_MO16YTQW1VD8AudW_0037.wav,यहाँ अपना printer चुनते हैं यानि canon printer और forward पर click करें
/home/abdullahm/Shivam//blind_data/135893_9lNAZMRfDfuCN6XC_0095.wav,bi database से अपनी पसंद के nucleotide sequence के लिए fasta files download करें seq
/home/abdullahm/Shivam//blind_data/334157_201xLiqOYAgU2d7a_0082.wav,ऊँची values noise को पूरी तरह से हटा देंगी लेकिन audio को विकृत कर देंगी
/home/abdullahm/Shivam//blind_data/141425_wYQaKVNl7bh28u3u_0048.wav,अब हम अपने login page पर वापस आते हैं
/home/abdullahm/Shivam//blind_data/952555_b9A7hrD5hUYxzb1E_0093.wav,फिर sign in पर click करें
/home/abdullahm/Shivam//blind_data/401356_C9yyvF8oQKRK8txb_0018.wav,ध्यान दें कि sets के ( लिखने के लिए हम mark up उपयोग कर सकते हैं lbrace और rbrace
/home/abdullahm/Shivam//blind_data/437963_SWMxcnx8okhoHB4s_0049.wav,अगला क्षेत्र mobile phone है
/home/abdullahm/Shivam//blind_data/731203_IfrROqMp8euBDI18_0044.wav,इस class का add function दो parameters लेता है
/home/abdullahm/Shivam//blind_data/315424_dFWh8NolvyRPEZIi_0004.wav,इस tutorial को record करने के लिए मैं उपयोग कर रही हूँ open modelica 1 . 9 . 2 और ubuntu linux operating system 14 . 04
/home/abdullahm/Shivam//blind_data/764823_MO16YTQW1VD8AudW_0041.wav,चूँकि मेरे पास canon printer है यहाँ इस सूची में यह default रूप से चुना गया है
/home/abdullahm/Shivam//blind_data/341424_s7qmM57nndNUBRi4_0142.wav,यह इसलिए क्योंकि हमने वह file उन लोगों को share नहीं की जो इस email में marked किये गए हैं
/home/abdullahm/Shivam//blind_data/452417_njTJ0H4xzGZHdznO_0034.wav,यदि आपको कोई error message नहीं मिलता है तो इसका मतलब biopython संस्थापित हो गया है
/home/abdullahm/Shivam//blind_data/437963_SWMxcnx8okhoHB4s_0079.wav,continue पर click करें
/home/abdullahm/Shivam//blind_data/618242_jN7JwubGvJhIkeYN_0001.wav,इस tutorial में हम इनके बारे में सीखेंगे tabbed browsing offline content को save करना pop up अवरूद्ध करना
/home/abdullahm/Shivam//blind_data/452417_njTJ0H4xzGZHdznO_0095.wav,करना चाहिए ध्यान दें कि हमने translate method में to _ stop argument उपयोग किया है output पर ध्यान दें
/home/abdullahm/Shivam//blind_data/145704_5CY9t6duxwVCK5NI_0041.wav,यहा विभिन्न वर्गो को देखें हम एक तरह का font variables के लिए functions के लिए अन्य font और numbers और text
/home/abdullahm/Shivam//blind_data/272044_2BqsQz87kAjMhCxB_0161.wav,उसी प्रकार हमें यह validate करना है कि अन्य सभी fields भी valid data रखती हैं
/home/abdullahm/Shivam//blind_data/452417_njTJ0H4xzGZHdznO_0058.wav,हम जानते हैं कि हमारा sequence dna fragment है अतः argument की तरह unambiguous dna alphabet
/home/abdullahm/Shivam//blind_data/731203_IfrROqMp8euBDI18_0013.wav,inventories को बनाना और देखना यदि नही
/home/abdullahm/Shivam//blind_data/272044_2BqsQz87kAjMhCxB_0109.wav,हमारे पास default constructor भी है
/home/abdullahm/Shivam//blind_data/764823_MO16YTQW1VD8AudW_0067.wav,all pages विकल्प document के सारे page prints करता है
/home/abdullahm/Shivam//blind_data/315424_dFWh8NolvyRPEZIi_0139.wav,इस class को save करने के लिए file menu पर जाएँ औऱ save पर click करें
/home/abdullahm/Shivam//blind_data/764823_MO16YTQW1VD8AudW_0048.wav,ation मैं इसे default ही रखूंगी और apply पर click करूंगी
/home/abdullahm/Shivam//blind_data/437963_SWMxcnx8okhoHB4s_0038.wav,अब मैं यूज़रनेम में ray . becky . 0808 प्रविष्ट करुँगी
/home/abdullahm/Shivam//blind_data/172235_akeE0s3aKDyyCvEX_0051.wav,करने के लिए file को parse करना parsing में पहली step है input के लिए
/home/abdullahm/Shivam//blind_data/341424_s7qmM57nndNUBRi4_0021.wav,to segment जहाँ हम प्राप्त कर्ताओं का विवरण देते हैं
/home/abdullahm/Shivam//blind_data/952555_b9A7hrD5hUYxzb1E_0118.wav,का उपयोग करके कार्यशालाएं भी चलाती है
/home/abdullahm/Shivam//blind_data/764823_MO16YTQW1VD8AudW_0015.wav,सामान्यतः printer पर आगे या ऊपर power switch होता है
/home/abdullahm/Shivam//blind_data/910325_DPCsWwNZgf4mmvwU_0095.wav,अब इस class को simulate करते हैं simulate button पर click करें
/home/abdullahm/Shivam//blind_data/731203_IfrROqMp8euBDI18_0116.wav,आप अपने आप भिन्न 2 errors को जाँच सकते हैं
/home/abdullahm/Shivam//blind_data/954326_dI6sOoo6pFXFhJSN_0043.wav,time shift tool को चुने
/home/abdullahm/Shivam//blind_data/908920_LIkOEYXYEAz96aNv_0032.wav,अतः कोष्ठकों का इस्तेमाल फॉर्म्युले के संचालन के क्रम को निर्धारित करने में मदद करता है
/home/abdullahm/Shivam//blind_data/341424_s7qmM57nndNUBRi4_0022.wav,यह तीन विकल्प रखता है to cc और bcc
/home/abdullahm/Shivam//blind_data/272044_2BqsQz87kAjMhCxB_0095.wav,इस प्रकार हम error messages को index . jsp पर प्रदर्शित करते हैं
/home/abdullahm/Shivam//blind_data/981154_ph1l8Eyc0Sf6TsiC_0046.wav,बेशक आपने पहले ही edit this bookmark dialog box में remove bookmark button देखा
/home/abdullahm/Shivam//blind_data/935529_oMCmIa1P3IAPKGyX_0135.wav,इसी के साथ हम tutorial के अंत में आते हैं
/home/abdullahm/Shivam//blind_data/662689_mndbMoheJbWHzF8b_0057.wav,दोबारा compile भी करेगा फिर से my
/home/abdullahm/Shivam//blind_data/543096_UwcQJEuG2r7AD8vq_0027.wav,यह आपको theme के बारे में अतिरिक्त जानकारी
/home/abdullahm/Shivam//blind_data/662689_mndbMoheJbWHzF8b_0071.wav,application run करते हैं तो default से server index . jsp देता है याद करें की
/home/abdullahm/Shivam//blind_data/618242_jN7JwubGvJhIkeYN_0013.wav,यह करने के लिए link पर right click करें
/home/abdullahm/Shivam//blind_data/452417_njTJ0H4xzGZHdznO_0013.wav,यह bioinformatics के लिए आवश्यक सबसे बुनियादी से अग्रिम तक कार्य कर सकता है
/home/abdullahm/Shivam//blind_data/309014_gqEOe0kgNRGLHZph_0045.wav,bookmarks bar को देते हैं| bookmarks उन pages पर जाने में मदद करता है
/home/abdullahm/Shivam//blind_data/848297_1Ex3WEqCQ7VGfqIn_0084.wav,विशेषता खास तौर पर dubbing के दौरान उपयोगी होती है
/home/abdullahm/Shivam//blind_data/981154_ph1l8Eyc0Sf6TsiC_0114.wav,पर click करे अगर printer सही ढंग से configure किया है तो printer print शुरु करना चाहिए
/home/abdullahm/Shivam//blind_data/135893_9lNAZMRfDfuCN6XC_0081.wav,ध्यान दें कि हमने parse function के बजाए read function उपयोग किया है enter दबाएं out
/home/abdullahm/Shivam//blind_data/135893_9lNAZMRfDfuCN6XC_0002.wav,tutorial में हम सीखेंगे ncbi database website से fasta और genbank files download करना और
/home/abdullahm/Shivam//blind_data/662689_mndbMoheJbWHzF8b_0088.wav,xml file के बारे में इस vocal tutorial
/home/abdullahm/Shivam//blind_data/755386_f5DL5lLLcrAit2gw_0063.wav,यहाँ आपके लिए एक
/home/abdullahm/Shivam//blind_data/952555_b9A7hrD5hUYxzb1E_0003.wav,method प्रयोग करके parameters pass करना
/home/abdullahm/Shivam//blind_data/172235_akeE0s3aKDyyCvEX_0066.wav,हम इस tutorial के अंत में आ गए हैं
/home/abdullahm/Shivam//blind_data/835472_QHretkXfg8wS2YKf_0122.wav,desktop के अनेक भागों को कैसे जोड़ें निम्न link पर
/home/abdullahm/Shivam//blind_data/141425_wYQaKVNl7bh28u3u_0010.wav,किताबों को जारी करने और वापस रखने को manage करता है
/home/abdullahm/Shivam//blind_data/910325_DPCsWwNZgf4mmvwU_0006.wav,इस tutorial को समझने और अभ्यास करने के लिए आपको modelica में component oriented modeling के ज्ञान की आवश्यकता होंनी चाहिए
/home/abdullahm/Shivam//blind_data/272044_2BqsQz87kAjMhCxB_0102.wav,इस प्रकार हम model को व्यक्तिगत विशेषता के बजाय सम्पूर्ण की तरह मानते हैं
/home/abdullahm/Shivam//blind_data/662689_mndbMoheJbWHzF8b_0014.wav,सम्बंधित tutorials के लिए कृपया हमारी website पर जाएँ अब देखें
/home/abdullahm/Shivam//blind_data/329997_O89uJhZZDPErIcwv_0006.wav,सकता है mozilla firefox के पास अनेक क्रियात्मकताएँ होती हैं जोकि इसे internet पर जानकारी खो
/home/abdullahm/Shivam//blind_data/329997_O89uJhZZDPErIcwv_0083.wav,निम्न link पर उपलब्ध video देखें
/home/abdullahm/Shivam//blind_data/981154_ph1l8Eyc0Sf6TsiC_0040.wav,enter दबाएँ
/home/abdullahm/Shivam//blind_data/618242_jN7JwubGvJhIkeYN_0004.wav,tab browsing का सबसे बड़ा फायदा है कि यह कई browser windows को प्रदर्शित करने की आवश्यकता को समाप्त
/home/abdullahm/Shivam//blind_data/835472_QHretkXfg8wS2YKf_0120.wav,करते हैं इस tutorial मे हमने निम्न सीखा desktop और
/home/abdullahm/Shivam//blind_data/908920_LIkOEYXYEAz96aNv_0039.wav,दिक्कत होगी तो यह quadratic equation है जिसे हम हल करेंगे x2 - 7x + 3 = 0
/home/abdullahm/Shivam//blind_data/329997_O89uJhZZDPErIcwv_0066.wav,यदि हमें यह विशेषता पसंद नहीं आती है हम इसे बंद कर सक
/home/abdullahm/Shivam//blind_data/835472_QHretkXfg8wS2YKf_0130.wav,सरकार के mhrd के ict के माध्यम से राष्ट्रीय साक्षरता mission द्वारा सम
/home/abdullahm/Shivam//blind_data/910325_DPCsWwNZgf4mmvwU_0002.wav,blocks कैसे connect करना है
/home/abdullahm/Shivam//blind_data/334157_201xLiqOYAgU2d7a_0015.wav,file audacity window में खुलती है
/home/abdullahm/Shivam//blind_data/835472_QHretkXfg8wS2YKf_0073.wav,हरे रंग के port से जोड़ सकते हैं प्रकल्पित रूप से
/home/abdullahm/Shivam//blind_data/172235_akeE0s3aKDyyCvEX_0037.wav,क्यूं करना है चूँकि हमारी query nucleotide है हम blastn program उपयोग करेंगे और nt nucleotide data
/home/abdullahm/Shivam//blind_data/935529_oMCmIa1P3IAPKGyX_0022.wav,इस model का पिछले tutorial में उपयोग किया गया था
/home/abdullahm/Shivam//blind_data/452417_njTJ0H4xzGZHdznO_0072.wav,output एक amino acid sequence दिखाता है
/home/abdullahm/Shivam//blind_data/785686_o9IGdBMefgqASRUb_0104.wav,तक यह document किसी के साथ share नहीं हुआ है अतः
/home/abdullahm/Shivam//blind_data/930904_pauf66fOYFtqaQ0c_0033.wav,हम देख सकते हैं class name org . spokentutorial . my servlet है
/home/abdullahm/Shivam//blind_data/908920_LIkOEYXYEAz96aNv_0003.wav,कोष्ठकों का इस्तेमाल करना द्विघाती समीकरण यानि quadratic equation को हल करने
/home/abdullahm/Shivam//blind_data/930904_pauf66fOYFtqaQ0c_0035.wav,ध्यान दें url pattern class name के समान ही name है यानि my servlet
/home/abdullahm/Shivam//blind_data/437963_SWMxcnx8okhoHB4s_0108.wav,अब सीखें कि एक email कैसे लिखते हैं
/home/abdullahm/Shivam//blind_data/309014_gqEOe0kgNRGLHZph_0059.wav,लिए today icon के बगल में + चिन्ह पर click करें google home page पर जाने
/home/abdullahm/Shivam//blind_data/452417_njTJ0H4xzGZHdznO_0005.wav,परिचित होना चाहिये स्नातक स्तर की biochemistry या bio
/home/abdullahm/Shivam//blind_data/662689_mndbMoheJbWHzF8b_0027.wav,विस्तार से सीखेंगे अब next
/home/abdullahm/Shivam//blind_data/935529_oMCmIa1P3IAPKGyX_0097.wav,यह रंग ellipse के अन्दर रंग भरने के लिए रंग को दर्शाता है
/home/abdullahm/Shivam//blind_data/981154_ph1l8Eyc0Sf6TsiC_0075.wav,अब library window बंद करें
/home/abdullahm/Shivam//blind_data/341424_s7qmM57nndNUBRi4_0079.wav,और यह हमें send using google drive का विकल्प देता है
/home/abdullahm/Shivam//blind_data/135893_9lNAZMRfDfuCN6XC_0079.wav,यदि आपकी file एक record रखती है तो parsing के लिए निम्न code type करें
/home/abdullahm/Shivam//blind_data/401356_C9yyvF8oQKRK8txb_0004.wav,क्रमांक द्वारा cross reference equation
/home/abdullahm/Shivam//blind_data/910325_DPCsWwNZgf4mmvwU_0011.wav,उदाहरण के लिए modelica library में pi और pid कंट्रोलर्स के लिए blocks हैं जो अक्सर chemical engineering control application में दिखते हैं
/home/abdullahm/Shivam//blind_data/512580_oT2CzZaFTPoHj47K_0066.wav,file पर जाएँ और text editor में खोलें
/home/abdullahm/Shivam//blind_data/512580_oT2CzZaFTPoHj47K_0055.wav,हम seqio module में convert function उपयोग करके file रूपांतरण कर सकते हैं
/home/abdullahm/Shivam//blind_data/935529_oMCmIa1P3IAPKGyX_0059.wav,अब icon view के properties dialogue box का उपयोग करके extent परिवर्तित करें
/home/abdullahm/Shivam//blind_data/731203_IfrROqMp8euBDI18_0149.wav,फिर हम set return into request method call करते हैं
/home/abdullahm/Shivam//blind_data/731203_IfrROqMp8euBDI18_0097.wav,यहाँ हमें सम्बंधित id की available copies मिलती हैं
/home/abdullahm/Shivam//blind_data/952555_b9A7hrD5hUYxzb1E_0120.wav,अधिक जानकारी के लिए कृपया contact @ spoken tutorial . org पर लिखें
/home/abdullahm/Shivam//blind_data/715617_85MWWgmTkIhi4ZHP_0044.wav,fixed size को आवंटित करेगा जिसे हम परिभाषित करते हैं मै fixed size चुनूंगी
/home/abdullahm/Shivam//blind_data/910325_DPCsWwNZgf4mmvwU_0021.wav,schematics का उपयोग करके इस problem statement को परिभाषित करते हैं
/home/abdullahm/Shivam//blind_data/443970_woduWyYl1wumm9Pt_0125.wav,यह भारत सरकार के mhrd के ict के माध्यम से राष्ट्रीय साक्षरता mission द्वारा
/home/abdullahm/Shivam//blind_data/835472_QHretkXfg8wS2YKf_0071.wav,दिखाए गए की तरह keyboard cable को cpu से जोड़ें keyboard का port
/home/abdullahm/Shivam//blind_data/452417_njTJ0H4xzGZHdznO_0051.wav,यानि उल्लिखित करना है कि क्या अक्षरों का sequence nucleotides या amino acids के लिए ' करता है
/home/abdullahm/Shivam//blind_data/910325_DPCsWwNZgf4mmvwU_0105.wav,हम spoken tutorial का उपयोग करके कार्यशालाओं का आयोजन करते हैं प्रमाणपत्र भी देते हैं कृपया हमसे
/home/abdullahm/Shivam//blind_data/715617_85MWWgmTkIhi4ZHP_0054.wav,एक बार virtual machine बनने के बाद हम इसे बाईं तरफ देख सकते हैं
/home/abdullahm/Shivam//blind_data/952555_b9A7hrD5hUYxzb1E_0108.wav,इस tutorial में हमने सीखा
/home/abdullahm/Shivam//blind_data/846118_m7mB9BC8FPflJgLI_0045.wav,के संदेश अलग से प्रदर्शित नही होते हैं वे
/home/abdullahm/Shivam//blind_data/315424_dFWh8NolvyRPEZIi_0084.wav,double ' में text g की घोषणा के साथ लिखित एक comment है
/home/abdullahm/Shivam//blind_data/954326_dI6sOoo6pFXFhJSN_0076.wav,ऐसा हम command line parameters के इस्तेमाल से भी कर सकते है
/home/abdullahm/Shivam//blind_data/935529_oMCmIa1P3IAPKGyX_0039.wav,left क्षैतिज निर्देशांक से mail खाता है और top ऊर्ध्वाधर निर्देशांक से mail खाता है
/home/abdullahm/Shivam//blind_data/981154_ph1l8Eyc0Sf6TsiC_0120.wav,पांच नई sites पर जाएं
/home/abdullahm/Shivam//blind_data/846118_m7mB9BC8FPflJgLI_0033.wav,ज्यादातर software की तरह कुछ addons में भी enduser license agreements हो सकता है
/home/abdullahm/Shivam//blind_data/715617_85MWWgmTkIhi4ZHP_0098.wav,उस dialogue box में restart now button पर click करें उपर
/home/abdullahm/Shivam//blind_data/172235_akeE0s3aKDyyCvEX_0023.wav,आगे internet पर blast run करने के लिए prompt पर निम्न type करें
/home/abdullahm/Shivam//blind_data/309014_gqEOe0kgNRGLHZph_0010.wav,एक नई window आती है
/home/abdullahm/Shivam//blind_data/935529_oMCmIa1P3IAPKGyX_0016.wav,coordinate system को निम्नलिखित fields के साथ record के रूप में माना जा सकता है extent initial scale preserveaspectratio और grid
/home/abdullahm/Shivam//blind_data/315424_dFWh8NolvyRPEZIi_0016.wav,search बार में omedit type करें
/home/abdullahm/Shivam//blind_data/910325_DPCsWwNZgf4mmvwU_0102.wav,real input और real output connectors हैं जो काफी बार उपयोग किए जाते हैं
/home/abdullahm/Shivam//blind_data/341424_s7qmM57nndNUBRi4_0177.wav,email में एक photo या link प्रविष्ट करना और
/home/abdullahm/Shivam//blind_data/329997_O89uJhZZDPErIcwv_0046.wav,कई सारे search engines दर्शाता है जिसे हम search bar में जोड़ सकते हैं
/home/abdullahm/Shivam//blind_data/443970_woduWyYl1wumm9Pt_0019.wav,मैंने इस table में 10 books सम्मिलित कर ली हैं
/home/abdullahm/Shivam//blind_data/315424_dFWh8NolvyRPEZIi_0119.wav,modelica में class का उपयोग model के साथ समानार्थित किया जाता है
/home/abdullahm/Shivam//blind_data/452417_njTJ0H4xzGZHdznO_0059.wav,object type करें output के लिए type करें cdna enter दबाएं
/home/abdullahm/Shivam//blind_data/981154_ph1l8Eyc0Sf6TsiC_0130.wav,का उपयोग करके कार्यशालाएँ भी चलाती है
/home/abdullahm/Shivam//blind_data/731203_IfrROqMp8euBDI18_0006.wav,ubuntu version 12 . 04
/home/abdullahm/Shivam//blind_data/764823_MO16YTQW1VD8AudW_0082.wav,यह spoken tutorial project को सारांशित करता है
/home/abdullahm/Shivam//blind_data/341424_s7qmM57nndNUBRi4_0087.wav,यह account बनाते समय google team द्वारा share किया गया था
/home/abdullahm/Shivam//blind_data/731203_IfrROqMp8euBDI18_0047.wav,हमने सात दिन जोड़ लिए हैं
/home/abdullahm/Shivam//blind_data/935529_oMCmIa1P3IAPKGyX_0119.wav,ध्यान दें कि एक line यहां प्रविष्ट है इस line की properties को diagram annotation में निर्दिष्ट किया गया है
/home/abdullahm/Shivam//blind_data/846118_m7mB9BC8FPflJgLI_0030.wav,यह भी ध्यान दें कि सभी addons जिनके शीर्षक में drag शब्द है व
/home/abdullahm/Shivam//blind_data/310356_u0sz1lTfmeW7wW5o_0045.wav,यह sequence की शुरुआत से छठे base तक एक fragment extract करेगा
/home/abdullahm/Shivam//blind_data/848297_1Ex3WEqCQ7VGfqIn_0041.wav,ध्यान दें कि frame head एक बार में एक frame चलता है
/home/abdullahm/Shivam//blind_data/135893_9lNAZMRfDfuCN6XC_0024.wav,file को किसी भी file format में save कर सकते हैं जो format dropdown सूची box में सूचीबद्ध है
/home/abdullahm/Shivam//blind_data/785686_o9IGdBMefgqASRUb_0032.wav,menu shared with me है मै इस पर click करती हूँ यदी कोई
/home/abdullahm/Shivam//blind_data/618242_jN7JwubGvJhIkeYN_0019.wav,ctrl + t ध्यान दें कि जब आप नया tab खोलते हैं तो नया tab तुरंत सक्रिय हो
/home/abdullahm/Shivam//blind_data/981154_ph1l8Eyc0Sf6TsiC_0102.wav,portrait के रूप में orientation चुनें
/home/abdullahm/Shivam//blind_data/981154_ph1l8Eyc0Sf6TsiC_0110.wav,आगे range field में all pages चुनें
/home/abdullahm/Shivam//blind_data/785686_o9IGdBMefgqASRUb_0096.wav,यहाँ हम अपने document के लिए एक उचित शीर्षक type कर सकते हैं मैं type
/home/abdullahm/Shivam//blind_data/846118_m7mB9BC8FPflJgLI_0009.wav,अपनी preferences के अनुरूप firefox browser को अनुकूलित करने की अनुमति देता है
/home/abdullahm/Shivam//blind_data/341424_s7qmM57nndNUBRi4_0147.wav,भेजे हुए mail को देखने के लिए view message link पर click करें हम
/home/abdullahm/Shivam//blind_data/341424_s7qmM57nndNUBRi4_0093.wav,अपनी machine से उस file को browse करें और चुनें जो आप upload करना चाहते हैं और open पर click करें
/home/abdullahm/Shivam//blind_data/981154_ph1l8Eyc0Sf6TsiC_0116.wav,bookmarks
/home/abdullahm/Shivam//blind_data/835472_QHretkXfg8wS2YKf_0101.wav,ज़रूरी जाँचें पूरी हो जाती हैं तो आप operating system के interface को देखेंगे यदि आप ubuntu
/home/abdullahm/Shivam//blind_data/981154_ph1l8Eyc0Sf6TsiC_0036.wav,तो आपने bookmark का नाम बदल दिया इसे दूसरे folder में save किया और tag से इसका पता लगाया
/home/abdullahm/Shivam//blind_data/930904_pauf66fOYFtqaQ0c_0089.wav,अतः हम browser पर वापस जाते हैं
/home/abdullahm/Shivam//blind_data/272044_2BqsQz87kAjMhCxB_0019.wav,मैंने पहले से ही इस table में कुछ values डाल दी हैं
/home/abdullahm/Shivam//blind_data/715617_85MWWgmTkIhi4ZHP_0067.wav,default रूप से english चयनित है मैं इस चयन को छोड़ दूंगी
/home/abdullahm/Shivam//blind_data/785686_o9IGdBMefgqASRUb_0126.wav,इन तीन modes को देखने के लिए यहाँ इस button पर click करें can edit can comment can view can
/home/abdullahm/Shivam//blind_data/662689_mndbMoheJbWHzF8b_0102.wav,विदा लेता हूँ हमसे जुड़ने के लिए धन्यवाद
/home/abdullahm/Shivam//blind_data/443970_woduWyYl1wumm9Pt_0033.wav,यदि हाँ तो admin section . jsp पर जाते हैं
/home/abdullahm/Shivam//blind_data/437963_SWMxcnx8okhoHB4s_0043.wav,फिर password confirm करने के लिए इसे दोबारा type
/home/abdullahm/Shivam//blind_data/272044_2BqsQz87kAjMhCxB_0023.wav,हम देख सकते हैं कि यहाँ 15 users हैं
/home/abdullahm/Shivam//blind_data/272044_2BqsQz87kAjMhCxB_0037.wav,हम greeting servlet java पर जायेंगे
/home/abdullahm/Shivam//blind_data/329997_O89uJhZZDPErIcwv_0089.wav,spoken tutorial talk to a teacher project का हिस्सा है जिसे भारत
/home/abdullahm/Shivam//blind_data/341424_s7qmM57nndNUBRi4_0075.wav,एक बार फिर attach files icon पर click करें
/home/abdullahm/Shivam//blind_data/443970_woduWyYl1wumm9Pt_0058.wav,फिर हम arraylist books को request में set करते हैं
/home/abdullahm/Shivam//blind_data/954326_dI6sOoo6pFXFhJSN_0011.wav,अगर ये आप हर एक वाक्य के लिए नहीं कर सकते तो ऐसा दो वाक्यों के संयोजन के लिए भी कर सकते है
/home/abdullahm/Shivam//blind_data/910325_DPCsWwNZgf4mmvwU_0111.wav,स्क्रीप्ट विकास द्वारा अनुवादित है i i t bombay से मैं श्रुति आर्य आपसे विदा लेती हूँ धन्यवाद
/home/abdullahm/Shivam//blind_data/341424_s7qmM57nndNUBRi4_0124.wav,url को बदलने या link को हटाने के लिए हम क्रमशः change या remove विकल्पों पर click कर सकते हैं
/home/abdullahm/Shivam//blind_data/618242_jN7JwubGvJhIkeYN_0028.wav,चलिए search engine google में बदलते हैं
/home/abdullahm/Shivam//blind_data/341424_s7qmM57nndNUBRi4_0161.wav,आप वो message देख सकते हैं जो अभी
/home/abdullahm/Shivam//blind_data/981154_ph1l8Eyc0Sf6TsiC_0137.wav,के लिए धन्यवाद
/home/abdullahm/Shivam//blind_data/935529_oMCmIa1P3IAPKGyX_0108.wav,ध्यान दें कि इन सभी fields को properties dialogue box का उपयोग करके बदला जा सकता है जैसा हमने पहले ही देखा है
/home/abdullahm/Shivam//blind_data/715617_85MWWgmTkIhi4ZHP_0077.wav,यह option संपूर्ण virtual hard disk मिटा देगा और एक partition के रूप में ubuntu os संस्थापित करेगा
/home/abdullahm/Shivam//blind_data/715617_85MWWgmTkIhi4ZHP_0072.wav,मैं इन्हें छोड़ दूंगी और नीचे continue button पर click करूंगी
/home/abdullahm/Shivam//blind_data/731203_IfrROqMp8euBDI18_0066.wav,आगे हम integer के रूप में id से book id को अलग करते हैं
/home/abdullahm/Shivam//blind_data/145704_5CY9t6duxwVCK5NI_0071.wav,नियतकार्य है writer window में markup का इस्तेमाल करते हुए निम्न फ़ॉर्मूले लि
/home/abdullahm/Shivam//blind_data/835472_QHretkXfg8wS2YKf_0025.wav,क्रियान्वित करने को processing कहते हैं फिर data
/home/abdullahm/Shivam//blind_data/272044_2BqsQz87kAjMhCxB_0030.wav,यह उस jdbc driver को load करेगा
/home/abdullahm/Shivam//blind_data/731203_IfrROqMp8euBDI18_0053.wav,ध्यान दें कि available copies की संख्या 9 है
/home/abdullahm/Shivam//blind_data/443970_woduWyYl1wumm9Pt_0064.wav,अतः हम पूरी book list को iterate करेंगे
/home/abdullahm/Shivam//blind_data/662689_mndbMoheJbWHzF8b_0000.wav,creating a java web project के tutorial में आपका स्वागत है इस tutorial में
/home/abdullahm/Shivam//blind_data/512580_oT2CzZaFTPoHj47K_0040.wav,आगे sequence object को fasta file में बदलने के लिए write function के साथ command line type करें
/home/abdullahm/Shivam//blind_data/835472_QHretkXfg8wS2YKf_0098.wav,और hard disk drives और floppy disk drives के बारे में जानकारी bios
/home/abdullahm/Shivam//blind_data/315424_dFWh8NolvyRPEZIi_0087.wav,parameter एक मात्रा है जो simulation के साथ स्थिर रहता है
/home/abdullahm/Shivam//blind_data/715617_85MWWgmTkIhi4ZHP_0020.wav,जैसे कि मैंने पहले बताया कि मेरा windows system 64 bit है इसलिए
/home/abdullahm/Shivam//blind_data/334157_201xLiqOYAgU2d7a_0047.wav,जहाँ ज़रुरत है वहाँ cursor रखें और प्रत्येक नए label के लिए ctrl b दबाएं
/home/abdullahm/Shivam//blind_data/272044_2BqsQz87kAjMhCxB_0117.wav,हमे add user success page मिलता है
/home/abdullahm/Shivam//blind_data/731203_IfrROqMp8euBDI18_0102.wav,फिर हम insertintocheckout को call करते हैं
/home/abdullahm/Shivam//blind_data/910325_DPCsWwNZgf4mmvwU_0072.wav,इस मामले में input एक vector u है जैसा कि हमने पहले ही चर्चा की है
/home/abdullahm/Shivam//blind_data/315424_dFWh8NolvyRPEZIi_0114.wav,आवश्यक plot बनने के बाद यह हमेशा परिणामों को delete करना एक अच्छा अभ्यास होता है
/home/abdullahm/Shivam//blind_data/361930_TKM4DsRGN2zuNS6M_0006.wav,homepage के रूप में set करना है अतः हम edit और preferences
/home/abdullahm/Shivam//blind_data/341424_s7qmM57nndNUBRi4_0154.wav,हम to cc और bcc क्षेत्रों में सारे प्राप्तकर्ताओं के email ids देख सकते हैं
/home/abdullahm/Shivam//blind_data/543096_UwcQJEuG2r7AD8vq_0049.wav,तो tools और addons पर click करें
/home/abdullahm/Shivam//blind_data/952555_b9A7hrD5hUYxzb1E_0040.wav,यह उन users के लिए registration page है जो registered नहीं हैं
/home/abdullahm/Shivam//blind_data/172235_akeE0s3aKDyyCvEX_0007.wav,. 10 python version 2 . 7 . 8
/home/abdullahm/Shivam//blind_data/731203_IfrROqMp8euBDI18_0131.wav,यहाँ हम book id के लिए books table से total copies और available copies select करते हैं
/home/abdullahm/Shivam//blind_data/848297_1Ex3WEqCQ7VGfqIn_0014.wav,अब आपके पास आपके screen पर एक खाली movie project है जिनकी आपको ज़रुरत है वो files आप windows movie maker में
/home/abdullahm/Shivam//blind_data/755386_f5DL5lLLcrAit2gw_0033.wav,और enter दो बार दबाइए
/home/abdullahm/Shivam//blind_data/437963_SWMxcnx8okhoHB4s_0066.wav,अब देखते हैं क्या होता है अगर हम phone verification चुनते हैं
/home/abdullahm/Shivam//blind_data/437963_SWMxcnx8okhoHB4s_0045.wav,dropdown से महीना चुनें
/home/abdullahm/Shivam//blind_data/848297_1Ex3WEqCQ7VGfqIn_0035.wav,जब इस पर click करते हैं तो playback रुक जायेगा लेकिन frame head timeline की शुरुआत में आ जायेगा
/home/abdullahm/Shivam//blind_data/309014_gqEOe0kgNRGLHZph_0021.wav,book बंद करें webpage में कुछ विशिष्ट शब्द को खोजने के लिए edit
/home/abdullahm/Shivam//blind_data/618242_jN7JwubGvJhIkeYN_0041.wav,दिखाई देते हैं firefox preferences window में content tab के माध्यम से हमें popups और popunders दोनों
/home/abdullahm/Shivam//blind_data/272044_2BqsQz87kAjMhCxB_0049.wav,हम ऐसा prepared statement object प्रयोग करके करते हैं
/home/abdullahm/Shivam//blind_data/981154_ph1l8Eyc0Sf6TsiC_0008.wav,हमने gmail के लिए bookmark भी जोड़ा था gmail home page को खो
/home/abdullahm/Shivam//blind_data/437963_SWMxcnx8okhoHB4s_0105.wav,यह नए mails की संख्या को दिखाता है जो आपको प्राप्त हुए हैं
/home/abdullahm/Shivam//blind_data/135893_9lNAZMRfDfuCN6XC_0064.wav,दूसरा file format को निर्दिष्ट करता है
/home/abdullahm/Shivam//blind_data/401356_C9yyvF8oQKRK8txb_0003.wav,factorials लिखें और
/home/abdullahm/Shivam//blind_data/543096_UwcQJEuG2r7AD8vq_0029.wav,d करें addon downloading प्रगति bar प्रदर्शित होता है आगे
/home/abdullahm/Shivam//blind_data/452417_njTJ0H4xzGZHdznO_0022.wav,download से सम्बंधित जानकारी
/home/abdullahm/Shivam//blind_data/145704_5CY9t6duxwVCK5NI_0065.wav,फिर elements window से formats long gap पर click करें
/home/abdullahm/Shivam//blind_data/334157_201xLiqOYAgU2d7a_0019.wav,folder को जाँचें और save पर click करें
/home/abdullahm/Shivam//blind_data/443970_woduWyYl1wumm9Pt_0041.wav,अब मैं आपको दिखाऊंगा कि यह कैसे हुआ
/home/abdullahm/Shivam//blind_data/310356_u0sz1lTfmeW7wW5o_0015.wav,अब मैं terminal खोलती हूँ और ipython interpreter शुरू करती हूँ
/home/abdullahm/Shivam//blind_data/437963_SWMxcnx8okhoHB4s_0106.wav,जब हम एक नया google account बनाते हैं तो हमें google team से कुछ mails प्राप्त होते हैं
/home/abdullahm/Shivam//blind_data/910325_DPCsWwNZgf4mmvwU_0069.wav,nin input की संख्या को दर्शाता है
/home/abdullahm/Shivam//blind_data/361930_TKM4DsRGN2zuNS6M_0010.wav,general panel में अधिक सामान्यतः उपयोगी settings से संबंधित वरीयताएँ हैं जैसे कि firefox homepage की settings file download location की settings
/home/abdullahm/Shivam//blind_data/172235_akeE0s3aKDyyCvEX_0002.wav,और आगे के विश्लेषण के लिए blast output को parse करना
/home/abdullahm/Shivam//blind_data/731203_IfrROqMp8euBDI18_0126.wav,ide पर वापस आते हैं
/home/abdullahm/Shivam//blind_data/443970_woduWyYl1wumm9Pt_0111.wav,आपका success greeting . jsp इस प्रकार दिखेगा
/home/abdullahm/Shivam//blind_data/715617_85MWWgmTkIhi4ZHP_0089.wav,तत्काल computers name और pick a username filled हमारे input के आधार पर भरा जाएगा यदी आप चाहे तो इन value को बदल सकतें हैं
/home/abdullahm/Shivam//blind_data/172235_akeE0s3aKDyyCvEX_0058.wav,निम्न code type करें
/home/abdullahm/Shivam//blind_data/334157_201xLiqOYAgU2d7a_0097.wav,इस spoken tutorial team इस spoken tutorials का उपयोग करके कार्यशालाएं चलाती है
/home/abdullahm/Shivam//blind_data/952555_b9A7hrD5hUYxzb1E_0009.wav,jdk 1 . 7
/home/abdullahm/Shivam//blind_data/443970_woduWyYl1wumm9Pt_0022.wav,मैंने book और checkout के लिए एक model बना लिया है
/home/abdullahm/Shivam//blind_data/452417_njTJ0H4xzGZHdznO_0042.wav,अंततः mrna का protein sequence पर translation
/home/abdullahm/Shivam//blind_data/846118_m7mB9BC8FPflJgLI_0067.wav,हर extension की भिन्न settings होती हैं जो बदली जा सकती हैं
/home/abdullahm/Shivam//blind_data/329997_O89uJhZZDPErIcwv_0041.wav,manage search engines पर click करे
/home/abdullahm/Shivam//blind_data/315424_dFWh8NolvyRPEZIi_0159.wav,यह script विकास द्वारा अनुवादित है i i t bombay से मैं श्रुति आर्य
/home/abdullahm/Shivam//blind_data/952555_b9A7hrD5hUYxzb1E_0042.wav,ध्यान दें कि greeting servlet java उसी package org . spoken tutorial में बनाया गया है
/home/abdullahm/Shivam//blind_data/848297_1Ex3WEqCQ7VGfqIn_0025.wav,यह collection panel में single clip की तरफ दिखाई देगा इसलिए दोबारा video clip पर right click करें और add to timeline विकल्प चुनें
/home/abdullahm/Shivam//blind_data/846118_m7mB9BC8FPflJgLI_0039.wav,firefox browser बंद होता है और फिर से खुलता है
/home/abdullahm/Shivam//blind_data/662689_mndbMoheJbWHzF8b_0081.wav,हम type करेंगे / my first project और enter दबाएं
/home/abdullahm/Shivam//blind_data/618242_jN7JwubGvJhIkeYN_0054.wav,एक नया टैब खोलें search engine को google में बदलें
/home/abdullahm/Shivam//blind_data/618242_jN7JwubGvJhIkeYN_0002.wav,इस tutorial में हम ubuntu 10 . 04 पर firefox version 7 . 0 का उपयोग करेंगे
/home/abdullahm/Shivam//blind_data/662689_mndbMoheJbWHzF8b_0010.wav,web browser उपयोग कर सकते हैं इस tutorial के अनु
/home/abdullahm/Shivam//blind_data/731203_IfrROqMp8euBDI18_0087.wav,अतः यदि method 1 returns करता है तो इसका मतलब उस यूज़र ने यह book पहले ही borrow की है
/home/abdullahm/Shivam//blind_data/341424_s7qmM57nndNUBRi4_0155.wav,देखें कि प्राप्त कर्ताओं को email कैसा दिखेगा
/home/abdullahm/Shivam//blind_data/341424_s7qmM57nndNUBRi4_0164.wav,आप to cc और bcc के प्राप्तकर्ताओं का विवरण देख सकते हैं
/home/abdullahm/Shivam//blind_data/785686_o9IGdBMefgqASRUb_0156.wav,याद करें कि document में इस user को edit की अनुमति थी अतः
/home/abdullahm/Shivam//blind_data/785686_o9IGdBMefgqASRUb_0061.wav,इस पर click करें तुरंत ही यह name पूछता है
/home/abdullahm/Shivam//blind_data/341424_s7qmM57nndNUBRi4_0160.wav,यह bcc में marked किये हुए किसी एक प्राप्तकर्ता की mail id है
/home/abdullahm/Shivam//blind_data/145704_5CY9t6duxwVCK5NI_0047.wav,चलिए base size बढ़ाके 18 . तक कर देते हैं ok पर click करें
/home/abdullahm/Shivam//blind_data/662689_mndbMoheJbWHzF8b_0040.wav,descriptor web . xml नामक एक file है अब वापस id
/home/abdullahm/Shivam//blind_data/764823_MO16YTQW1VD8AudW_0038.wav,फिर यह अपने आप से उपकरण को ढूँढना शुरू करेगा मैं cancel पर click करुँगी
/home/abdullahm/Shivam//blind_data/755386_f5DL5lLLcrAit2gw_0024.wav,यदि theta of t एक वस्तु का समय t पर तापमान है तब हम एक differential equation लिख सकते हैं
/home/abdullahm/Shivam//blind_data/401356_C9yyvF8oQKRK8txb_0025.wav,अतः b intersection d परिणाम है 6
/home/abdullahm/Shivam//blind_data/908920_LIkOEYXYEAz96aNv_0057.wav,= to चिह्न के आस पास दो लम्बी रिक्त स्थानों के साथ और यह
/home/abdullahm/Shivam//blind_data/935529_oMCmIa1P3IAPKGyX_0124.wav,line annotation के fields को आसानी से समझा जा सकता है
/home/abdullahm/Shivam//blind_data/315424_dFWh8NolvyRPEZIi_0096.wav,चर्चा की है der time derivative के लिए modelica function है
/home/abdullahm/Shivam//blind_data/315424_dFWh8NolvyRPEZIi_0028.wav,कृपया इस file को download करें औऱ इसे अपने system पर save करें
/home/abdullahm/Shivam//blind_data/846118_m7mB9BC8FPflJgLI_0061.wav,की प्रत्येक extension के लिए आप preferences निर्धारित कर सकते हैं उनको निष्क्रिय या हटा सकते हैं
/home/abdullahm/Shivam//blind_data/764823_MO16YTQW1VD8AudW_0025.wav,search bar में type करें printing
/home/abdullahm/Shivam//blind_data/935529_oMCmIa1P3IAPKGyX_0143.wav,हम समर्थन के लिए open modelica की development team का धन्यवाद करते हैं यह script विकास द्वारा अनुवादित है i i t bombay से मैं श्रुति आर्य आपसे विदा लेती हूँ धन्यवाद
/home/abdullahm/Shivam//blind_data/731203_IfrROqMp8euBDI18_0124.wav,हम देख सकते हैं कि उपलब्ध प्रतियों की संख्या बड़ा दी गयी है
/home/abdullahm/Shivam//blind_data/437963_SWMxcnx8okhoHB4s_0012.wav,हाल ही में google ने सारे google उत्पादों के लिए एक single account प्रदान किया है जैसे
/home/abdullahm/Shivam//blind_data/846118_m7mB9BC8FPflJgLI_0059.wav,के बारे में जानने के लिए website link पर click करें
/home/abdullahm/Shivam//blind_data/952555_b9A7hrD5hUYxzb1E_0090.wav,अतः my first project पर right click करें और run पर click करें
/home/abdullahm/Shivam//blind_data/512580_oT2CzZaFTPoHj47K_0008.wav,बुनियादी python programming के साथ परिचित होना चाहिए
/home/abdullahm/Shivam//blind_data/715617_85MWWgmTkIhi4ZHP_0023.wav,desktop पर इसे launch करने के लिए virtual box icon पर double clickकरें
/home/abdullahm/Shivam//blind_data/361930_TKM4DsRGN2zuNS6M_0067.wav,आखिर हो जायेंगी
/home/abdullahm/Shivam//blind_data/731203_IfrROqMp8euBDI18_0105.wav,फिर हम decrement available copies method call करते हैं
/home/abdullahm/Shivam//blind_data/908920_LIkOEYXYEAz96aNv_0048.wav,enter दबाइए और लिखिए quadratic formula फिर enter दबाइए
/home/abdullahm/Shivam//blind_data/334157_201xLiqOYAgU2d7a_0039.wav,एक . पर label जोड़ने के लिए cursor से . चुनें tracks tab पर जाएँ
/home/abdullahm/Shivam//blind_data/361930_TKM4DsRGN2zuNS6M_0073.wav,अपने homepage को spoken tutorial . org में बदलें अपनी default download
/home/abdullahm/Shivam//blind_data/272044_2BqsQz87kAjMhCxB_0002.wav,के database के साथ interact कर
/home/abdullahm/Shivam//blind_data/930904_pauf66fOYFtqaQ0c_0043.wav,servlet servlet container में deploy हुआ है
/home/abdullahm/Shivam//blind_data/341424_s7qmM57nndNUBRi4_0159.wav,यह to और cc के प्राप्तकर्ताओं को दिखाता है लेकिन bcc के नहीं दिखाता
/home/abdullahm/Shivam//blind_data/329997_O89uJhZZDPErIcwv_0074.wav,चलिए वापस address bar पर चलते हैं और type करें gma ध्यान दीजिये कि कोई भी सुझाव नहीं
/home/abdullahm/Shivam//blind_data/731203_IfrROqMp8euBDI18_0057.wav,फिर से checkout या return book पर click करें
/home/abdullahm/Shivam//blind_data/543096_UwcQJEuG2r7AD8vq_0037.wav,अब दूसरी theme चुनें
/home/abdullahm/Shivam//blind_data/315424_dFWh8NolvyRPEZIi_0014.wav,अब मैं omedit पर जाती हूँ मैंने पहले ही इसे अपने system पर रखा है
/home/abdullahm/Shivam//blind_data/272044_2BqsQz87kAjMhCxB_0098.wav,अब देखते हैं की model क्या है
/home/abdullahm/Shivam//blind_data/309014_gqEOe0kgNRGLHZph_0003.wav,करेंगे चलिए अब firefox interface को देखते हैं
/home/abdullahm/Shivam//blind_data/145704_5CY9t6duxwVCK5NI_0016.wav,और लिखें x > = y यहाँ
/home/abdullahm/Shivam//blind_data/715617_85MWWgmTkIhi4ZHP_0024.wav,virtual box window के शीर्ष पर नीले रंग के new आइकन पर जाएँ और उस पर click करें
/home/abdullahm/Shivam//blind_data/935529_oMCmIa1P3IAPKGyX_0056.wav,इसी तरह - 100 उसी बिंदु के ऊर्ध्वाधर निर्देशांक को दर्शाता है
/home/abdullahm/Shivam//blind_data/910325_DPCsWwNZgf4mmvwU_0100.wav,नियतकार्य के रूप में real input real output see so और mo blocks के लिए code देखें
/home/abdullahm/Shivam//blind_data/361930_TKM4DsRGN2zuNS6M_0070.wav,समाप्ति की ओर आ गए है इस tutorial में हमने सीखा कि general preferences और privacy preferences को कैसे set करें
/home/abdullahm/Shivam//blind_data/618242_jN7JwubGvJhIkeYN_0058.wav,फिर से the history of email के लिए search करें
/home/abdullahm/Shivam//blind_data/334157_201xLiqOYAgU2d7a_0080.wav,noise removal noise reduction level को चुनें
/home/abdullahm/Shivam//blind_data/361930_TKM4DsRGN2zuNS6M_0035.wav,content panel में websites कैसे प्रदर्शित होती हैं इससे संबंधित वरीयताएँ हैं
/home/abdullahm/Shivam//blind_data/930904_pauf66fOYFtqaQ0c_0027.wav,new पर जाएँ और servlets पर click करें
/home/abdullahm/Shivam//blind_data/935529_oMCmIa1P3IAPKGyX_0106.wav,extent coordinate system के extent filed के संदर्भ में समान है
/home/abdullahm/Shivam//blind_data/141425_wYQaKVNl7bh28u3u_0042.wav,और उन किताबों की सूची है जिनकी वापसी date बीत चुकी है
/home/abdullahm/Shivam//blind_data/930904_pauf66fOYFtqaQ0c_0098.wav,और स्वीकार्य अभ्यास नहीं है
/home/abdullahm/Shivam//blind_data/341424_s7qmM57nndNUBRi4_0121.wav,text के नीचे छोटी pop window खुलती है
/home/abdullahm/Shivam//blind_data/662689_mndbMoheJbWHzF8b_0080.wav,application को type करना ज़रूरी है जो उस instance पर deploy की गयी है अतः
/home/abdullahm/Shivam//blind_data/981154_ph1l8Eyc0Sf6TsiC_0055.wav,की address bar पर नाम type करें address bar पर click करें प्रदर्शित address को चुनें और इसे delete करें
/home/abdullahm/Shivam//blind_data/309014_gqEOe0kgNRGLHZph_0069.wav,bar है जो हमें हमारी site load होने का status बताता है
/home/abdullahm/Shivam//blind_data/846118_m7mB9BC8FPflJgLI_0056.wav,click करे दाएँ panel अब आपके computer पर संस्थापित किये हुए extensions दिखाता है
/home/abdullahm/Shivam//blind_data/135893_9lNAZMRfDfuCN6XC_0049.wav,files से data extract करना parsing कहलाता है
/home/abdullahm/Shivam//blind_data/930904_pauf66fOYFtqaQ0c_0060.wav,इसको dopost method से भी हटाते हैं
/home/abdullahm/Shivam//blind_data/981154_ph1l8Eyc0Sf6TsiC_0109.wav,यहां हम general tab में generic printer option चुनेंगे
/home/abdullahm/Shivam//blind_data/141425_wYQaKVNl7bh28u3u_0004.wav,श्रृंखला को सीखने के लिए आपको जानकारी होना ज़रूरी है
/home/abdullahm/Shivam//blind_data/341424_s7qmM57nndNUBRi4_0140.wav,screen पर हमें निम्न message मिलता है
/home/abdullahm/Shivam//blind_data/954326_dI6sOoo6pFXFhJSN_0102.wav,अभी के लिए बस इतना ही चलिए इस tutorial को संक्षिप्त में बताते हैं
/home/abdullahm/Shivam//blind_data/731203_IfrROqMp8euBDI18_0164.wav,spoken tutorial project team
/home/abdullahm/Shivam//blind_data/846118_m7mB9BC8FPflJgLI_0087.wav,पर स्थापित करें इस
/home/abdullahm/Shivam//blind_data/437963_SWMxcnx8okhoHB4s_0149.wav,अधिक जानकारी के लिए कृपया हमें लिखें
/home/abdullahm/Shivam//blind_data/715617_85MWWgmTkIhi4ZHP_0032.wav,ram के size को आवंटित करने के लिए slider या text box का प्रयोग करें
/home/abdullahm/Shivam//blind_data/731203_IfrROqMp8euBDI18_0133.wav,फिर हम जांचते हैं कि क्या available copies total copies से अधिक हैं
/home/abdullahm/Shivam//blind_data/835472_QHretkXfg8wS2YKf_0127.wav,online test pass करने वालों को प्रमाणपत्र देते हैं
/home/abdullahm/Shivam//blind_data/764823_MO16YTQW1VD8AudW_0004.wav,और canon printer
/home/abdullahm/Shivam//blind_data/310356_u0sz1lTfmeW7wW5o_0033.wav,output के लिए variable नाम dna1 type करें enter दबाएं
/home/abdullahm/Shivam//blind_data/443970_woduWyYl1wumm9Pt_0034.wav,हमने पहले भी देखा है कि request dispatcher प्रयोग करके अन्य page पर कैसे जाते हैं
/home/abdullahm/Shivam//blind_data/764823_MO16YTQW1VD8AudW_0046.wav,अब forward पर दोबारा click करें
/home/abdullahm/Shivam//blind_data/135893_9lNAZMRfDfuCN6XC_0062.wav,यह सामान्यतः for loop के साथ उपयोग किया जाता है
/home/abdullahm/Shivam//blind_data/141425_wYQaKVNl7bh28u3u_0020.wav,एक बहुत आसान system है
/home/abdullahm/Shivam//blind_data/785686_o9IGdBMefgqASRUb_0057.wav,अब new विकल्प के साथ खोज करते हैं new button पर click करें
/home/abdullahm/Shivam//blind_data/135893_9lNAZMRfDfuCN6XC_0101.wav,कृपया इसे download करें और देखें
/home/abdullahm/Shivam//blind_data/755386_f5DL5lLLcrAit2gw_0012.wav,पूर्ण derivative df by dx लिखने के लिए formula editor window में mark up होगा df over dx
/home/abdullahm/Shivam//blind_data/512580_oT2CzZaFTPoHj47K_0007.wav,स्नातक स्तर की biochemistry या bioinformatics और
/home/abdullahm/Shivam//blind_data/981154_ph1l8Eyc0Sf6TsiC_0029.wav,करने के लिए ctrl और d की भी दबा सकते हैं
/home/abdullahm/Shivam//blind_data/512580_oT2CzZaFTPoHj47K_0043.wav,दूसरा fasta file लिखने के लिए file नाम है
/home/abdullahm/Shivam//blind_data/443970_woduWyYl1wumm9Pt_0083.wav,हमने request से checkout प्राप्त किया
/home/abdullahm/Shivam//blind_data/437963_SWMxcnx8okhoHB4s_0090.wav,अब continue to gmail button पर click करें यह
/home/abdullahm/Shivam//blind_data/341424_s7qmM57nndNUBRi4_0010.wav,इस प्रदर्शन के लिए मैं firefox web browser प्रयोग कर रही हूँ
/home/abdullahm/Shivam//blind_data/835472_QHretkXfg8wS2YKf_0003.wav,दो प्रकार के computers होते हैं
/home/abdullahm/Shivam//blind_data/755386_f5DL5lLLcrAit2gw_0001.wav,इस tutorial में हम सीखेंगे कि कैसे derivatives और differential equations लिखें integral equations और logarithms के साथ formulae कैसे लिखें
/home/abdullahm/Shivam//blind_data/512580_oT2CzZaFTPoHj47K_0059.wav,file genbank format में hiv genome रखती है
/home/abdullahm/Shivam//blind_data/329997_O89uJhZZDPErIcwv_0027.wav,dropdown box में से yahoo चुनिए
/home/abdullahm/Shivam//blind_data/309014_gqEOe0kgNRGLHZph_0037.wav,google homepage पर वापस जाने के लिए forward arrow पर click करें
/home/abdullahm/Shivam//blind_data/512580_oT2CzZaFTPoHj47K_0032.wav,text file से sequence id और description copy करें और terminal पर सम्बंधित लाइनों पर इसे paste करें
/home/abdullahm/Shivam//blind_data/785686_o9IGdBMefgqASRUb_0081.wav,पर click करना my drive में sub folders दिखायेगा देख
/home/abdullahm/Shivam//blind_data/341424_s7qmM57nndNUBRi4_0043.wav,अब निम्न की तरह प्राप्त कर्ताओं का address प्रविष्ट करते हैं
/home/abdullahm/Shivam//blind_data/835472_QHretkXfg8wS2YKf_0103.wav,यदि आप windows user हैं तो आप ऐसा screen देखेंगे
/home/abdullahm/Shivam//blind_data/334157_201xLiqOYAgU2d7a_0024.wav,अब और कोई audio file खोलते हैं
/home/abdullahm/Shivam//blind_data/309014_gqEOe0kgNRGLHZph_0068.wav,अब क्या करता है browser window में नीचली तरफ़ status bar
/home/abdullahm/Shivam//blind_data/315424_dFWh8NolvyRPEZIi_0002.wav,variables और equations को घोषित कैसे करना है
/home/abdullahm/Shivam//blind_data/141425_wYQaKVNl7bh28u3u_0057.wav,आप mvc architecture को विस्तार में भी सीखेंगे और आप
/home/abdullahm/Shivam//blind_data/618242_jN7JwubGvJhIkeYN_0015.wav,आप देखते हैं कि उसी browser window में मौजूदा tab की दायीं ओर एक नया tab खुलता है अतः अपने window
/home/abdullahm/Shivam//blind_data/910325_DPCsWwNZgf4mmvwU_0106.wav,संपर्क करे यदि आपके पास इस spoken tutorial में प्रश्न हैं तो कृपया उल्लेख किए गए webpage पर जाएँ
/home/abdullahm/Shivam//blind_data/785686_o9IGdBMefgqASRUb_0035.wav,हाल ही में google ने google photos को drive में access करने के लिए एक shortcut link बनाया है
/home/abdullahm/Shivam//blind_data/452417_njTJ0H4xzGZHdznO_0066.wav,output के लिए type करें mrna enter दबाएं
/home/abdullahm/Shivam//blind_data/935529_oMCmIa1P3IAPKGyX_0014.wav,इसलिए icon and diagram annotations को coordinate system के साथ records के रूप में और fields के रूप में graphics माना जा सकता है
/home/abdullahm/Shivam//blind_data/172235_akeE0s3aKDyyCvEX_0029.wav,query sequence के लिए input gi number या fasta file की form में हो सकता है या यह sequence record object भी हो सकता है
/home/abdullahm/Shivam//blind_data/443970_woduWyYl1wumm9Pt_0077.wav,अतः menuselection is = to list borrowed books
/home/abdullahm/Shivam//blind_data/272044_2BqsQz87kAjMhCxB_0162.wav,अगर error messages list खाली नहीं है तो हम adduser . jsp पर ही error messages प्रदर्शित करेंगे
/home/abdullahm/Shivam//blind_data/512580_oT2CzZaFTPoHj47K_0079.wav,file आपके home folder में hiv_geneseq . fasta की तरह save की जाती है enter दबाएं
/home/abdullahm/Shivam//blind_data/755386_f5DL5lLLcrAit2gw_0036.wav,और alignment को left
/home/abdullahm/Shivam//blind_data/981154_ph1l8Eyc0Sf6TsiC_0100.wav,चुनें page setup dialog box दिखाई देता है
/home/abdullahm/Shivam//blind_data/341424_s7qmM57nndNUBRi4_0106.wav,अब email में images प्रविष्ट करने के लिए insert photo विकल्प पर click करें
/home/abdullahm/Shivam//blind_data/329997_O89uJhZZDPErIcwv_0064.wav,होता है drop down सूची से gmail link को चुनिए cont
/home/abdullahm/Shivam//blind_data/543096_UwcQJEuG2r7AD8vq_0021.wav,themes की श्रेणिया देंखे और अन्य users द्वारा दिये गये rating देखें जिन्होंने theme का
/home/abdullahm/Shivam//blind_data/401356_C9yyvF8oQKRK8txb_0044.wav,हम इसका विवरण बाद में सीखेंगे
/home/abdullahm/Shivam//blind_data/437963_SWMxcnx8okhoHB4s_0029.wav,अब सम्बंधित text boxes में हमें अपना first name और last name प्रविष्ट करना है
/home/abdullahm/Shivam//blind_data/334157_201xLiqOYAgU2d7a_0023.wav,यह बाएं panel पर label में भी उल्लिखित किया जायेगा
/home/abdullahm/Shivam//blind_data/315424_dFWh8NolvyRPEZIi_0039.wav,किया जाएगा modeling area के शीर्ष पर जाएँ
/home/abdullahm/Shivam//blind_data/981154_ph1l8Eyc0Sf6TsiC_0082.wav,click करें sort by name चुनें bookmarks
/home/abdullahm/Shivam//blind_data/764823_MO16YTQW1VD8AudW_0054.wav,ok पर click करें
/home/abdullahm/Shivam//blind_data/145704_5CY9t6duxwVCK5NI_0033.wav,ध्यान दें कि सभी मध्य में हैं और उनके बीच ज्यादा space नहीं है
/home/abdullahm/Shivam//blind_data/846118_m7mB9BC8FPflJgLI_0011.wav,और browser की क्षमताओं का विस्तार करते हैं
/home/abdullahm/Shivam//blind_data/785686_o9IGdBMefgqASRUb_0121.wav,share with others dialog box दिखता है people
/home/abdullahm/Shivam//blind_data/952555_b9A7hrD5hUYxzb1E_0082.wav,अतः ide पर वापस आते हैं
/home/abdullahm/Shivam//blind_data/401356_C9yyvF8oQKRK8txb_0045.wav,अभी के लिए math object पर दो बार click करें
/home/abdullahm/Shivam//blind_data/272044_2BqsQz87kAjMhCxB_0152.wav,add user servlet . java खोलें
/home/abdullahm/Shivam//blind_data/272044_2BqsQz87kAjMhCxB_0168.wav,हम जांचते हैं कि यह value null के बराबर है या नहीं यदि
/home/abdullahm/Shivam//blind_data/785686_o9IGdBMefgqASRUb_0174.wav,spoken tutorial project भारत सरकार के mhrd के nmeict द्वारा निधिबद्ध है इस mission पर अधिक जानकारी इस link पर उपलब्ध है i i t bombay
/home/abdullahm/Shivam//blind_data/731203_IfrROqMp8euBDI18_0017.wav,अतः browser पर जाते हैं
/home/abdullahm/Shivam//blind_data/618242_jN7JwubGvJhIkeYN_0061.wav,project को सारांशित करता है
/home/abdullahm/Shivam//blind_data/755386_f5DL5lLLcrAit2gw_0007.wav,अलाइनमेंट को left में
/home/abdullahm/Shivam//blind_data/715617_85MWWgmTkIhi4ZHP_0063.wav,अब हमें पिछले screen पर redirect कर दिया जाएगा ध्यान दे की ubuntu 16 . 04 . 5 desktop amd 64 . iso अब चुना गया है
/home/abdullahm/Shivam//blind_data/731203_IfrROqMp8euBDI18_0163.wav,यदि आपके पास अच्छी bandwidth नहीं है तो आप इसे download करके भी देख सकते हैं
/home/abdullahm/Shivam//blind_data/329997_O89uJhZZDPErIcwv_0032.wav,परिणाम अब gmail नहीं है इसकी जगह पर सबसे उपर परिणाम yahoo mail है पुनः search bar के
/home/abdullahm/Shivam//blind_data/910325_DPCsWwNZgf4mmvwU_0109.wav,spoken tutorial project nmeict mhrd भारत सरकार द्वारा समर्थित है
/home/abdullahm/Shivam//blind_data/512580_oT2CzZaFTPoHj47K_0013.wav,हमने file की विषय वस्तु को पढ़ने के लिए पहले ही parse और read functions के बारे में सीखा है
/home/abdullahm/Shivam//blind_data/334157_201xLiqOYAgU2d7a_0098.wav,online test pass करने वालों को प्रमाणपत्र देते हैं
/home/abdullahm/Shivam//blind_data/141425_wYQaKVNl7bh28u3u_0015.wav,एक केन्द्रीय server पर सदस्यता जानकारी बनाए रखने के लिए समय
/home/abdullahm/Shivam//blind_data/715617_85MWWgmTkIhi4ZHP_0087.wav,नीचे continue पर click करें अन्य
/home/abdullahm/Shivam//blind_data/272044_2BqsQz87kAjMhCxB_0067.wav,फिर sign in पर click करें
/home/abdullahm/Shivam//blind_data/272044_2BqsQz87kAjMhCxB_0018.wav,मैंने इसमें users नामक एक table बना ली है
/home/abdullahm/Shivam//blind_data/954326_dI6sOoo6pFXFhJSN_0009.wav,पहली चीज़ जो आपको करनी है वह है के मूल याने original video को सुने
/home/abdullahm/Shivam//blind_data/715617_85MWWgmTkIhi4ZHP_0107.wav,साथ हम tutorial के अंत में पहुंचते हैं संक्षेप मैं
/home/abdullahm/Shivam//blind_data/731203_IfrROqMp8euBDI18_0062.wav,हमने error messages list set कर दी है
/home/abdullahm/Shivam//blind_data/785686_o9IGdBMefgqASRUb_0100.wav,document में कुछ भी जोड़ा जाना संशोधन करना या मिटाया जाना अपने आप ही save हो जाये
/home/abdullahm/Shivam//blind_data/954326_dI6sOoo6pFXFhJSN_0113.wav,इस tutorial में शामिल होने के लिए धन्यवाद
/home/abdullahm/Shivam//blind_data/315424_dFWh8NolvyRPEZIi_0056.wav,मैं annotation section delete करती हूँ
/home/abdullahm/Shivam//blind_data/910325_DPCsWwNZgf4mmvwU_0091.wav,nin miso में input vector u के आयाम के लिए एक parameter है
/home/abdullahm/Shivam//blind_data/315424_dFWh8NolvyRPEZIi_0088.wav,real integer boolean और string datatypes modelica में समर्थित हैं
/home/abdullahm/Shivam//blind_data/848297_1Ex3WEqCQ7VGfqIn_0079.wav,आती हुँ मैं mouse को छोड़ूंगी और मेरी clip मौजूदा स्थिति में जोड़ी जाती है
/home/abdullahm/Shivam//blind_data/952555_b9A7hrD5hUYxzb1E_0096.wav,यह localhost : 8080 / my first project / greeting servlet path है
/home/abdullahm/Shivam//blind_data/315424_dFWh8NolvyRPEZIi_0007.wav,mass m के bowl की गति को simulate करते हैं जो free fall due to gravity में है
/home/abdullahm/Shivam//blind_data/145704_5CY9t6duxwVCK5NI_0001.wav,हैं इस tutorial में निम्न के बारे में
/home/abdullahm/Shivam//blind_data/272044_2BqsQz87kAjMhCxB_0100.wav,software application में अन्तर्निहित data के logical structure को दर्शाता है
/home/abdullahm/Shivam//blind_data/846118_m7mB9BC8FPflJgLI_0080.wav,आप असंख्य add on के बारे में जानने के लिए get add on option का उपयोग कर सकते हैं
/home/abdullahm/Shivam//blind_data/785686_o9IGdBMefgqASRUb_0138.wav,bakey अंततः share करने की इस प्रक्रिया को पूरा करने के लिए send button
/home/abdullahm/Shivam//blind_data/310356_u0sz1lTfmeW7wW5o_0083.wav,अब sequence object edit किया जा सकता है आ
/home/abdullahm/Shivam//blind_data/731203_IfrROqMp8euBDI18_0003.wav,एक book issue करना
/home/abdullahm/Shivam//blind_data/935529_oMCmIa1P3IAPKGyX_0071.wav,graphics record में निम्नलिखित चीजें हो सकती हैं line rectangle ellipse polygon text और bitmap
/home/abdullahm/Shivam//blind_data/731203_IfrROqMp8euBDI18_0035.wav,यहाँ हम request dispatcher प्रयोग करके request को checkout . jsp पर forward करते हैं
/home/abdullahm/Shivam//blind_data/310356_u0sz1lTfmeW7wW5o_0007.wav,एक sequence object को एक परिवर्तनीय sequence object में बदलने में
/home/abdullahm/Shivam//blind_data/141425_wYQaKVNl7bh28u3u_0034.wav,ये हम एक librarian की तरह login करेंगे यानी admin की तरह
/home/abdullahm/Shivam//blind_data/315424_dFWh8NolvyRPEZIi_0059.wav,इस file के लिए उपयुक्त स्थान चुनें और इसे save करें
/home/abdullahm/Shivam//blind_data/846118_m7mB9BC8FPflJgLI_0078.wav,हमने extensions के बारे में sub कुछ सीखा
/home/abdullahm/Shivam//blind_data/401356_C9yyvF8oQKRK8txb_0053.wav,इसके लिए सबसे पहले writer gray box के बाहर धीरे से तीन बार click करें
/home/abdullahm/Shivam//blind_data/731203_IfrROqMp8euBDI18_0080.wav,हम जांचते हैं कि वही book उसी user को पहले भी दी जा चुकीं है या नहीं
/home/abdullahm/Shivam//blind_data/543096_UwcQJEuG2r7AD8vq_0062.wav,url bar पर click करें और type करें addons . mozilla . org / firefox / personas
/home/abdullahm/Shivam//blind_data/930904_pauf66fOYFtqaQ0c_0108.wav,my first project पर right click करें
/home/abdullahm/Shivam//blind_data/310356_u0sz1lTfmeW7wW5o_0020.wav,अब 20 bases के एक dna sequence के लिए एक sequence object उत्पन्न करते हैं
/home/abdullahm/Shivam//blind_data/910325_DPCsWwNZgf4mmvwU_0038.wav,हमने पिछले tutorial में एक class को विस्तारित करने के बारे में सीखा है
/home/abdullahm/Shivam//blind_data/846118_m7mB9BC8FPflJgLI_0022.wav,add ons manager में बायाँ panel उपलब्ध options प्रदर्शित करता है
/home/abdullahm/Shivam//blind_data/910325_DPCsWwNZgf4mmvwU_0079.wav,variables y और u इस block का एक हिस्सा हैं क्योंकि यह miso inherit करता है
/home/abdullahm/Shivam//blind_data/731203_IfrROqMp8euBDI18_0117.wav,अब हम book को return करते हैं अतः browser पर जाते हैं
/home/abdullahm/Shivam//blind_data/401356_C9yyvF8oQKRK8txb_0069.wav,अब insert reference tool में reference चुनें और insert पर एक बार click करें और close करें
/home/abdullahm/Shivam//blind_data/309014_gqEOe0kgNRGLHZph_0014.wav,ते है यह text बड़ा कर देगा mozilla firefox
/home/abdullahm/Shivam//blind_data/172235_akeE0s3aKDyyCvEX_0022.wav,prompt पर निम्न type करें bio . blast package से import ncbi www module enter दबाएं
/home/abdullahm/Shivam//blind_data/731203_IfrROqMp8euBDI18_0026.wav,steps पिछले दो विकल्पों के समान ही हैं
/home/abdullahm/Shivam//blind_data/401356_C9yyvF8oQKRK8txb_0027.wav,इसके लिए mark up है c subset a
/home/abdullahm/Shivam//blind_data/334157_201xLiqOYAgU2d7a_0077.wav,यह दिखायेगा कि noise sample हटाया गया है
/home/abdullahm/Shivam//blind_data/954326_dI6sOoo6pFXFhJSN_0012.wav,याने के पहले वाक्य के अंत में अगर कोई बेमेल है तो sink दूसरा वाक्य पूरा होने पर सही हो जाए यह
/home/abdullahm/Shivam//blind_data/543096_UwcQJEuG2r7AD8vq_0067.wav,persona पर click करें यह आपको उस page पर ले जायेगा जो चुने हुए persona का
/home/abdullahm/Shivam//blind_data/309014_gqEOe0kgNRGLHZph_0040.wav,home page पर ले जाएगा यह function उपयोगी है जब आप किसी विशेष site या search e
/home/abdullahm/Shivam//blind_data/715617_85MWWgmTkIhi4ZHP_0114.wav,यह script विकास द्वारा अनुवादित है i i t bombay से मैं ज्योति सोलंकी आपसे विदा लेती हूँ हमसे जुड़ने के लिए धन्यवाद
/home/abdullahm/Shivam//blind_data/981154_ph1l8Eyc0Sf6TsiC_0095.wav,अब views sort और sort by added पर click
/home/abdullahm/Shivam//blind_data/731203_IfrROqMp8euBDI18_0148.wav,books table को update करने के लिए हम query निष्पादित करते हैं
/home/abdullahm/Shivam//blind_data/341424_s7qmM57nndNUBRi4_0103.wav,screen के निचले बाएं कोने पर upload button पर click करें
/home/abdullahm/Shivam//blind_data/952555_b9A7hrD5hUYxzb1E_0034.wav,tutorial को रोकें और पिछले tutorial में समझाया हुआ एक नया servlet बनायें
/home/abdullahm/Shivam//blind_data/952555_b9A7hrD5hUYxzb1E_0033.wav,form बनाने से पहले आपको greeting servlet नामक एक servlet बनाना पड़ेगा
/home/abdullahm/Shivam//blind_data/543096_UwcQJEuG2r7AD8vq_0000.wav,mozilla firefox में themes पर इस spoken tutorial में आपका स्वागत है इस tutorial
/home/abdullahm/Shivam//blind_data/437963_SWMxcnx8okhoHB4s_0126.wav,अब इसको देखते हैं
/home/abdullahm/Shivam//blind_data/272044_2BqsQz87kAjMhCxB_0070.wav,अब इसके लिए code देखते हैं
/home/abdullahm/Shivam//blind_data/543096_UwcQJEuG2r7AD8vq_0011.wav,में preferences dialog box में content tab चुनें
/home/abdullahm/Shivam//blind_data/361930_TKM4DsRGN2zuNS6M_0061.wav,ता है default रूप से use system proxy settings radio button चुनित होता
/home/abdullahm/Shivam//blind_data/731203_IfrROqMp8euBDI18_0030.wav,अब हम उसी के लिए code देखेंगे
/home/abdullahm/Shivam//blind_data/908920_LIkOEYXYEAz96aNv_0004.wav,की प्रक्रिया को लिखना चलिए सीखते हैं की कैसे math का इस्ते
/home/abdullahm/Shivam//blind_data/764823_MO16YTQW1VD8AudW_0084.wav,spoken tutorial project team spoken tutorial का उपयोग करके कार्यशालाएँ चलाती है online test pass करने वाले को प्रमाणपत्र देते हैं अधिक जानकारी के लिए कृपया contact @ spoken tutorial . org पर लीखें
/home/abdullahm/Shivam//blind_data/401356_C9yyvF8oQKRK8txb_0072.wav,और ध्यान दें कि cursor उस जगह आ गया है जहाँ हमने पहला formula लिखा
/home/abdullahm/Shivam//blind_data/910325_DPCsWwNZgf4mmvwU_0046.wav,कर सकते हैं अब omedit पर जाएँ
/home/abdullahm/Shivam//blind_data/272044_2BqsQz87kAjMhCxB_0086.wav,पहले हम attribute error messages की value प्राप्त करते हैं
/home/abdullahm/Shivam//blind_data/731203_IfrROqMp8euBDI18_0015.wav,पिछले tutorial में हमने देखा कि admin section कैसे कार्य करता है
/home/abdullahm/Shivam//blind_data/315424_dFWh8NolvyRPEZIi_0048.wav,new modelica class चुनें
/home/abdullahm/Shivam//blind_data/930904_pauf66fOYFtqaQ0c_0101.wav,servlets और jsp एक साथ विषयवस्तु से प्रस्तुति को अलग करने के काम आते हैं
/home/abdullahm/Shivam//blind_data/437963_SWMxcnx8okhoHB4s_0092.wav,करेगा आपके internet की speed के आधार पर यह कुछ समय ले सकता
/home/abdullahm/Shivam//blind_data/361930_TKM4DsRGN2zuNS6M_0044.wav,को चुनें इस option को चुनने का मतलब है कि आपने जो भी browse किया है उसकी जानकारी इस computer में नहीं रहेगी
/home/abdullahm/Shivam//blind_data/315424_dFWh8NolvyRPEZIi_0099.wav,प्रत्येक equation ; के साथ समाप्त होना चाहिए
/home/abdullahm/Shivam//blind_data/437963_SWMxcnx8okhoHB4s_0118.wav,आगे content यानी विषय वस्तु क्षेत्र है
/home/abdullahm/Shivam//blind_data/315424_dFWh8NolvyRPEZIi_0018.wav,omedit icon पर click करके आप इस तरह की window देखते हैं
/home/abdullahm/Shivam//blind_data/785686_o9IGdBMefgqASRUb_0065.wav,folders हमारी files को बेहतर तरह से व्यवस्थित करने में मदद करते हैं
/home/abdullahm/Shivam//blind_data/437963_SWMxcnx8okhoHB4s_0088.wav,और मेरी स्थिति में यह दिखाता है welcome rebecca
/home/abdullahm/Shivam//blind_data/443970_woduWyYl1wumm9Pt_0004.wav,borrow की गयी book की जानकारी निकालना
/home/abdullahm/Shivam//blind_data/785686_o9IGdBMefgqASRUb_0020.wav,में सबसे ऊपर हम एक search bar देख सकते हैं
/home/abdullahm/Shivam//blind_data/329997_O89uJhZZDPErIcwv_0092.wav,i i t bombay की ओर से मैं रवि कुमार अब आपसे विदा लेता हूँ धन्यवाद हमसे जुड़ने के लिए धन्यवाद
/home/abdullahm/Shivam//blind_data/334157_201xLiqOYAgU2d7a_0034.wav,अब ctrl key को दबाकर रखें और अपने mouse पर scroll wheel का प्रयोग करके zoom in और zoom out करें
/home/abdullahm/Shivam//blind_data/401356_C9yyvF8oQKRK8txb_0052.wav,यहाँ एक नए math math object में हम अपना नया formula लिखते हैं
/home/abdullahm/Shivam//blind_data/785686_o9IGdBMefgqASRUb_0063.wav,default रूप से यह folder my drive में दिखेगा हम
/home/abdullahm/Shivam//blind_data/272044_2BqsQz87kAjMhCxB_0182.wav,database connectivity और
/home/abdullahm/Shivam//blind_data/954326_dI6sOoo6pFXFhJSN_0109.wav,spoken tutorial talk two a teacher project का हिस्सा है और जो www . spoken tutorial . org द्वारा समन्वित है तथा i i t bombay द्वारा विकसित किया है
/home/abdullahm/Shivam//blind_data/981154_ph1l8Eyc0Sf6TsiC_0073.wav,bookmark bookmarks menu पर दिखाई देता है
/home/abdullahm/Shivam//blind_data/910325_DPCsWwNZgf4mmvwU_0057.wav,अब मैं बेहतर दृश्यता के लिए omedit window को बाईं तरफ स्थानांतरित करती हूँ
/home/abdullahm/Shivam//blind_data/930904_pauf66fOYFtqaQ0c_0083.wav,अब वापस netbeans ide पर जाते हैं
/home/abdullahm/Shivam//blind_data/443970_woduWyYl1wumm9Pt_0039.wav,हम देख सकते हैं कि हमारे पास सारी books की list है
/home/abdullahm/Shivam//blind_data/272044_2BqsQz87kAjMhCxB_0155.wav,फिर हमने integer type का age user घोषित किया और हमने इसे - 1 से initialize किया
/home/abdullahm/Shivam//blind_data/341424_s7qmM57nndNUBRi4_0078.wav,the file you are trying to send exceeds the 25 mb attachment limit
/home/abdullahm/Shivam//blind_data/145704_5CY9t6duxwVCK5NI_0009.wav,लेकिन formula को तेज़ी से लिखने का एक तरीका यह है कि formula editor में सीधे mark up language लिखना क्यों कि formula के लिए mark up
/home/abdullahm/Shivam//blind_data/731203_IfrROqMp8euBDI18_0069.wav,फिर यदि इनमे से कोई एक null नहीं है तो हम इसे प्रमाणित करते हैं
/home/abdullahm/Shivam//blind_data/443970_woduWyYl1wumm9Pt_0067.wav,इस प्रकार हम books की list प्रदर्शित करते हैं
/home/abdullahm/Shivam//blind_data/341424_s7qmM57nndNUBRi4_0057.wav,मैंने ऐसे अपने text को format किया
/home/abdullahm/Shivam//blind_data/935529_oMCmIa1P3IAPKGyX_0118.wav,अब मैं diagram view को समझाती हूँ diagram view पर click करें
/home/abdullahm/Shivam//blind_data/981154_ph1l8Eyc0Sf6TsiC_0024.wav,आप एक bookmark के साथ कई tags जोड़ सकतें
/home/abdullahm/Shivam//blind_data/731203_IfrROqMp8euBDI18_0019.wav,हम देख सकते हैं कि हमारे पास admin section page में दो अन्य विकल्प हैं list users और checkout या return book
/home/abdullahm/Shivam//blind_data/731203_IfrROqMp8euBDI18_0137.wav,book id 1 पर click करें फिर
/home/abdullahm/Shivam//blind_data/341424_s7qmM57nndNUBRi4_0063.wav,आप 25 megabytes तक के size की file संलग्न कर सकते हैं
/home/abdullahm/Shivam//blind_data/785686_o9IGdBMefgqASRUb_0120.wav,इसके लिए ऊपरी दायीं तरफ share button पर click करें share
/home/abdullahm/Shivam//blind_data/910325_DPCsWwNZgf4mmvwU_0048.wav,मैंने पहले ही omedit में arithmetic operations using blocks पैकेज खोला है
/home/abdullahm/Shivam//blind_data/310356_u0sz1lTfmeW7wW5o_0043.wav,इतना कैसे संचित करते है उदाहरण के लिए हम dna sequence को दो स्थितियों पर slice करें
/home/abdullahm/Shivam//blind_data/145704_5CY9t6duxwVCK5NI_0055.wav,फिर से हम विभिन्न वर्गों से spacing प्रकार चुन सकते हैं चलिए category button पर click करते हैं या अपने बदलवों कों
/home/abdullahm/Shivam//blind_data/172235_akeE0s3aKDyyCvEX_0005.wav,दिए गए link पर python tutorials पर जाएँ
/home/abdullahm/Shivam//blind_data/452417_njTJ0H4xzGZHdznO_0031.wav,ipython interpreter शुरू करें type करें ipython और
/home/abdullahm/Shivam//blind_data/145704_5CY9t6duxwVCK5NI_0079.wav,इसी के साथ हम libreoffice math में mark language तथा formula format करने के इस tutorial की समाप्ति की ओर आ गये हैं
/home/abdullahm/Shivam//blind_data/315424_dFWh8NolvyRPEZIi_0146.wav,ध्यान दें class सफलतापूर्वक simulate हो gi है क्योंकि equations की संख्या variables की संख्या के बराबर है
/home/abdullahm/Shivam//blind_data/848297_1Ex3WEqCQ7VGfqIn_0099.wav,आशा करती हूँ कि यह जानकारी आपके लिए सहायक है cdeep i i t bombay से मैं श्रुति आर्य आपसे विदा लेती हूँ हमसे जुड़ने के लिए धन्यवाद
/home/abdullahm/Shivam//blind_data/835472_QHretkXfg8wS2YKf_0079.wav,दूसरा सिरा modem या wifi router से जोड़ते हैं आप wifi connection
/home/abdullahm/Shivam//blind_data/764823_MO16YTQW1VD8AudW_0077.wav,printer की settings को configure यानि स्थापित करना
/home/abdullahm/Shivam//blind_data/341424_s7qmM57nndNUBRi4_0047.wav,subject line पर click करें और अपने email का एक छोटा सा विवरण प्रविष्ट करें
/home/abdullahm/Shivam//blind_data/309014_gqEOe0kgNRGLHZph_0073.wav,अब content area को देखते हैं यही पर
/home/abdullahm/Shivam//blind_data/309014_gqEOe0kgNRGLHZph_0078.wav,अपने homepage को www .spoken tutorial . org में बदलें और उसे देखें
/home/abdullahm/Shivam//blind_data/954326_dI6sOoo6pFXFhJSN_0100.wav,सूचीबद्ध गतिविधियां है extract audio extract video तथा merge
/home/abdullahm/Shivam//blind_data/981154_ph1l8Eyc0Sf6TsiC_0104.wav,settings कैसे लागू किए गए हैं यह जांच करने के लिए file पर click करें और print preview चुनें
/home/abdullahm/Shivam//blind_data/272044_2BqsQz87kAjMhCxB_0138.wav,हमने request object पर get username method उपयोग किया है
/home/abdullahm/Shivam//blind_data/731203_IfrROqMp8euBDI18_0063.wav,हमने error messages को request में set किया है
/home/abdullahm/Shivam//blind_data/145704_5CY9t6duxwVCK5NI_0063.wav,यहाँ हम subscripts और superscripts alignments matrix new lines और gaps
/home/abdullahm/Shivam//blind_data/401356_C9yyvF8oQKRK8txb_0028.wav,वहां तीसरे icon पर click करके elements window जाँच कर आप अधिक set operations को लिखना सीख सकते हैं
/home/abdullahm/Shivam//blind_data/401356_C9yyvF8oQKRK8txb_0011.wav,अब सीखतें हैं कि set operations कैसे लिखें
/home/abdullahm/Shivam//blind_data/848297_1Ex3WEqCQ7VGfqIn_0059.wav,मैं यहाँ zoom in करुँगी एक बार जब आपने video import कर लिया है तो इसे शुरू से अंत तक play करें और उन भागों को ध्यान में रखें जो आप edit करना चाहते हैं
/home/abdullahm/Shivam//blind_data/452417_njTJ0H4xzGZHdznO_0007.wav,python programming दिए गए link पर python tutorials को देखें
/home/abdullahm/Shivam//blind_data/715617_85MWWgmTkIhi4ZHP_0050.wav,फिर hard disk size आवंटित करने के लिए slider या textbox का उपयोग करें
/home/abdullahm/Shivam//blind_data/930904_pauf66fOYFtqaQ0c_0133.wav,spoken tutorials का उपयोग करके कार्यशालाएं भी चलाती है
/home/abdullahm/Shivam//blind_data/309014_gqEOe0kgNRGLHZph_0011.wav,कुछ लोगों को browser में छोटे
/home/abdullahm/Shivam//blind_data/135893_9lNAZMRfDfuCN6XC_0077.wav,ध्यान दें genbank format sequence को dna sequence की तरह निर्दिष्ट करता है
/home/abdullahm/Shivam//blind_data/437963_SWMxcnx8okhoHB4s_0053.wav,अगर आपके पास नहीं है तो इसे खाली छोड़ दें
/home/abdullahm/Shivam//blind_data/930904_pauf66fOYFtqaQ0c_0026.wav,my first project पर right click करें
/home/abdullahm/Shivam//blind_data/731203_IfrROqMp8euBDI18_0092.wav,फिर checkout book पर click करें
/home/abdullahm/Shivam//blind_data/334157_201xLiqOYAgU2d7a_0070.wav,आप देखेंगे कि वहाँ पहले से ही एक value है यह इस file के लिए optimal यानी सर्वोत्कृष्ट amplification यानि प्रवर्धन है आप जो amount चाहते हैं वो प्रविष्ट कर सकते हैं
/home/abdullahm/Shivam//blind_data/543096_UwcQJEuG2r7AD8vq_0016.wav,themes enter दबाए यह हमें mozilla firefox addons के लिए
/home/abdullahm/Shivam//blind_data/272044_2BqsQz87kAjMhCxB_0079.wav,यदि हाँ तो हम value को variable id में संचित करते हैं
/home/abdullahm/Shivam//blind_data/954326_dI6sOoo6pFXFhJSN_0073.wav,i switch ffmpeg से कहता है के इसके बाद तुरंत जो file है वह input file है यहाँ compiling . wmv input file है अगर i
/home/abdullahm/Shivam//blind_data/848297_1Ex3WEqCQ7VGfqIn_0043.wav,अब मैं इसे प्रदर्शित करती हूँ मैं frame head को यहाँ लाऊँगी और split button पर click करुँगी
/home/abdullahm/Shivam//blind_data/910325_DPCsWwNZgf4mmvwU_0107.wav,हम लोकप्रिय किताबों से हल किए गए उदाहरणों के coding का समन्वय करते हैं हम योगदानकर्ताओं को मान दे देते हैं कृपया हमारी website पर जाएं
/home/abdullahm/Shivam//blind_data/731203_IfrROqMp8euBDI18_0067.wav,हम username और book id को प्रमाणित करते हैं
/home/abdullahm/Shivam//blind_data/135893_9lNAZMRfDfuCN6XC_0083.wav,यह sequence record object की तरह sequence और अन्य
/home/abdullahm/Shivam//blind_data/731203_IfrROqMp8euBDI18_0135.wav,अब एक user के लिए book return करते हैं जिसने book borrow नहीं की है
/home/abdullahm/Shivam//blind_data/835472_QHretkXfg8wS2YKf_0083.wav,modem या अन्य serial उपकरणों को जोड़ने के लिए उपयोग होते हैं आप देखेंगे की
/home/abdullahm/Shivam//blind_data/981154_ph1l8Eyc0Sf6TsiC_0045.wav,rk हम delete कैसे करें
/home/abdullahm/Shivam//blind_data/981154_ph1l8Eyc0Sf6TsiC_0043.wav,इसी तरह चार अधिक sites bookmark करें spoken tutorial yahoo firefox add ons और ubuntu ध्यान दे कि हमनें
/home/abdullahm/Shivam//blind_data/930904_pauf66fOYFtqaQ0c_0002.wav,web server web container
/home/abdullahm/Shivam//blind_data/910325_DPCsWwNZgf4mmvwU_0097.wav,libraries browser में my sum का विस्तार करें y चुनें
/home/abdullahm/Shivam//blind_data/361930_TKM4DsRGN2zuNS6M_0047.wav,when using the location bar suggest field में drop down open करें और no
/home/abdullahm/Shivam//blind_data/512580_oT2CzZaFTPoHj47K_0037.wav,यह id और description के साथ sequence
/home/abdullahm/Shivam//blind_data/272044_2BqsQz87kAjMhCxB_0007.wav,jdk 1 . 7
/home/abdullahm/Shivam//blind_data/329997_O89uJhZZDPErIcwv_0053.wav,एक find bar दिखता है find bar के text box में gmail type करें जब
/home/abdullahm/Shivam//blind_data/543096_UwcQJEuG2r7AD8vq_0028.wav,देनेवाले page पर ले जाता है theme को संस्थापित करने के लिए add to firefox button पर
/home/abdullahm/Shivam//blind_data/443970_woduWyYl1wumm9Pt_0104.wav,अब हम greeting servlet java पर जाते हैं
/home/abdullahm/Shivam//blind_data/135893_9lNAZMRfDfuCN6XC_0001.wav,data पर इस tutorial में आपका स्वागत है इस
/home/abdullahm/Shivam//blind_data/731203_IfrROqMp8euBDI18_0000.wav,issuing and returning a book के spoken tutorial में आपका स्वागत है
/home/abdullahm/Shivam//blind_data/846118_m7mB9BC8FPflJgLI_0079.wav,अब आप firefox में अधिक कार्यशीलता जोड़कर कार्यों को कारगर बनाने के लिए extensions का उपयोग कर सकते हैं
/home/abdullahm/Shivam//blind_data/930904_pauf66fOYFtqaQ0c_0118.wav,अब file save करें
/home/abdullahm/Shivam//blind_data/662689_mndbMoheJbWHzF8b_0052.wav,webapp node भी है अब हम
/home/abdullahm/Shivam//blind_data/341424_s7qmM57nndNUBRi4_0104.wav,यह upload होना शुरू होगा लेकिन आपकी internet की speed के आधार पर यह कुछ समय ले सकता है
/home/abdullahm/Shivam//blind_data/954326_dI6sOoo6pFXFhJSN_0035.wav,time shift tool को चुने
/home/abdullahm/Shivam//blind_data/452417_njTJ0H4xzGZHdznO_0053.wav,prompt पर type करें from bio . alphabet import iupac enter दबाएं
/home/abdullahm/Shivam//blind_data/981154_ph1l8Eyc0Sf6TsiC_0079.wav,bookmarks sidebar बाएं panel में खुलता है
/home/abdullahm/Shivam//blind_data/543096_UwcQJEuG2r7AD8vq_0043.wav,restart now button पर click करें
/home/abdullahm/Shivam//blind_data/731203_IfrROqMp8euBDI18_0059.wav,हम अभी इसके लिए code देखेंगे
/home/abdullahm/Shivam//blind_data/848297_1Ex3WEqCQ7VGfqIn_0034.wav,दूसरा button playback को stop यानी रोकने के लिए है
/home/abdullahm/Shivam//blind_data/315424_dFWh8NolvyRPEZIi_0012.wav,स्वतंत्र रूप से गिरने वाले body के लिए equations of motion निम्नानुसार है dh / dt = v dv / dt = g
/home/abdullahm/Shivam//blind_data/731203_IfrROqMp8euBDI18_0079.wav,फिर हम book issued में method की return की हुई value संचित करते हैं यह
/home/abdullahm/Shivam//blind_data/715617_85MWWgmTkIhi4ZHP_0043.wav,dynamically allocated option उपयोग के आधार पर hard disk storage का विस्तार करेगा
/home/abdullahm/Shivam//blind_data/981154_ph1l8Eyc0Sf6TsiC_0078.wav,menu bar से view पर click करें sidebar चुनें और फिर bookmarks पर click करें
/home/abdullahm/Shivam//blind_data/930904_pauf66fOYFtqaQ0c_0090.wav,refresh
/home/abdullahm/Shivam//blind_data/361930_TKM4DsRGN2zuNS6M_0031.wav,save link as पर click
/home/abdullahm/Shivam//blind_data/310356_u0sz1lTfmeW7wW5o_0017.wav,prompt पर type करें ipython और enter दबाएं
/home/abdullahm/Shivam//blind_data/145704_5CY9t6duxwVCK5NI_0028.wav,अब एक function के साथ integral की कोशिश करते हैं f x d x integral लिखने के लिए markup है 5 int fx dx newline
/home/abdullahm/Shivam//blind_data/141425_wYQaKVNl7bh28u3u_0072.wav,मैं यश वोरा आपसे विदा लेता हूँ हमसे जुड़ने के लिए धन्यवाद
/home/abdullahm/Shivam//blind_data/443970_woduWyYl1wumm9Pt_0116.wav,और logged इन users द्वारा borrow की गयी books प्रदर्शित करना
/home/abdullahm/Shivam//blind_data/334157_201xLiqOYAgU2d7a_0075.wav,noise removal
/home/abdullahm/Shivam//blind_data/141425_wYQaKVNl7bh28u3u_0040.wav,आगे हमारे पास list borrowed books है
/home/abdullahm/Shivam//blind_data/910325_DPCsWwNZgf4mmvwU_0063.wav,मैं थोडा सा पीछे जाती हूँ और miso block का प्रदर्शन करती हूँ
/home/abdullahm/Shivam//blind_data/341424_s7qmM57nndNUBRi4_0055.wav,ये विकल्प वास्तव में किसी भी word processor application की तरह ही हैं
/home/abdullahm/Shivam//blind_data/785686_o9IGdBMefgqASRUb_0050.wav,trash menu से empty trash विकल्प को चुनकर सारी files को पूर्ण रूप से मिटा सकते हैं trash
/home/abdullahm/Shivam//blind_data/930904_pauf66fOYFtqaQ0c_0109.wav,new पर जाएँ
/home/abdullahm/Shivam//blind_data/172235_akeE0s3aKDyyCvEX_0033.wav,ये arguments भिन्नभिन्न parameters के समान होते हैं जो आप blast web page पर
/home/abdullahm/Shivam//blind_data/145704_5CY9t6duxwVCK5NI_0021.wav,और markup है 2 a ऊपरी तरफ . करता हुआ arrow 10 new line और enter press करें
/home/abdullahm/Shivam//blind_data/952555_b9A7hrD5hUYxzb1E_0071.wav,मैं username में arya type करुँगा
/home/abdullahm/Shivam//blind_data/512580_oT2CzZaFTPoHj47K_0004.wav,file formats में कैसे बदलते हैं
/home/abdullahm/Shivam//blind_data/145704_5CY9t6duxwVCK5NI_0035.wav,सभी formulae को बाईं ओर align करते हैं
/home/abdullahm/Shivam//blind_data/846118_m7mB9BC8FPflJgLI_0026.wav,यह कुछ addons की सूची भी देता है जिन्हें आप
/home/abdullahm/Shivam//blind_data/437963_SWMxcnx8okhoHB4s_0058.wav,हम इन दो विकल्पों में से किसी एक के साथ आगे बढ़ सकते हैं
/home/abdullahm/Shivam//blind_data/981154_ph1l8Eyc0Sf6TsiC_0074.wav,सीधे library विन्डो से bookmark खोलने के लिए उस पर double click करें
/home/abdullahm/Shivam//blind_data/315424_dFWh8NolvyRPEZIi_0129.wav,हम आने वाले tutorials में इस problem को सुधारने के बारे में सीखेंगे
/home/abdullahm/Shivam//blind_data/662689_mndbMoheJbWHzF8b_0033.wav,descriptor के बारे में सीखते हैं web application का
/home/abdullahm/Shivam//blind_data/662689_mndbMoheJbWHzF8b_0015.wav,netbeans ide उपयोग करके सरल java web project कैसे बनायें इसके लिए हम
/home/abdullahm/Shivam//blind_data/315424_dFWh8NolvyRPEZIi_0022.wav,modeling perspective पर click करें
/home/abdullahm/Shivam//blind_data/908920_LIkOEYXYEAz96aNv_0061.wav,the coefficient of the x squared term b is the coefficient of the x term c is the constant उसके बाद एक newline
/home/abdullahm/Shivam//blind_data/908920_LIkOEYXYEAz96aNv_0001.wav,इस tutorial में हम निम्न के बारे में सीखेंगे
/home/abdullahm/Shivam//blind_data/848297_1Ex3WEqCQ7VGfqIn_0087.wav,मिटाती है मिटाने वाले भागों के बारे में उपरोक्त समझायी गयी प्रक्रिया का अनुसरण करके video के उस भाग को चुनें जो आप बढ़ाने चाहते हैं
/home/abdullahm/Shivam//blind_data/329997_O89uJhZZDPErIcwv_0042.wav,ये manage search engine list dialog box खुलता है
/home/abdullahm/Shivam//blind_data/835472_QHretkXfg8wS2YKf_0107.wav,इसे laptop कहते हैं ये है
/home/abdullahm/Shivam//blind_data/512580_oT2CzZaFTPoHj47K_0096.wav,कृपया इसे down
/home/abdullahm/Shivam//blind_data/785686_o9IGdBMefgqASRUb_0034.wav,दिखाई देगा अभी तक किसी ने भी मेरे साथ कोई file share नहीं की है इसलिए यह खाली है
/home/abdullahm/Shivam//blind_data/310356_u0sz1lTfmeW7wW5o_0021.wav,prompt पर type करें import random enter दबाएं
/home/abdullahm/Shivam//blind_data/361930_TKM4DsRGN2zuNS6M_0002.wav,इस tutorial में हम ubuntu 10 . 04 पर firefox version 7 . 0 का इस्तेमाल कर रहे हैं
/home/abdullahm/Shivam//blind_data/848297_1Ex3WEqCQ7VGfqIn_0030.wav,जब video play किया जाता है तो यह display panel पर दिखाई देगा आप ध्यान देंगे कि display panel पर नीचे vcr controls हैं
/home/abdullahm/Shivam//blind_data/764823_MO16YTQW1VD8AudW_0042.wav,अब forward पर click करें
/home/abdullahm/Shivam//blind_data/437963_SWMxcnx8okhoHB4s_0142.wav,google account प्रयोग करके gmail को login करना
/home/abdullahm/Shivam//blind_data/315424_dFWh8NolvyRPEZIi_0027.wav,अब हम spoken tutorial webpage पर code files link में उपलब्ध freefall class का उपयोग करेंगे
/home/abdullahm/Shivam//blind_data/715617_85MWWgmTkIhi4ZHP_0081.wav,where are you page पर आएँ मैं india मैं हुं तो मै india को click करुंगी
/home/abdullahm/Shivam//blind_data/272044_2BqsQz87kAjMhCxB_0124.wav,पहले हमें get parameter method प्रयोग करके form parameters प्राप्त होता है
/home/abdullahm/Shivam//blind_data/172235_akeE0s3aKDyyCvEX_0020.wav,prompt पर type करें ipython और enter दबाएं
/home/abdullahm/Shivam//blind_data/731203_IfrROqMp8euBDI18_0121.wav,अन्य checkout या return के लिए here पर click करें अद्
/home/abdullahm/Shivam//blind_data/135893_9lNAZMRfDfuCN6XC_0082.wav,put insulin . fasta file के लिए contents दिखाता है
/home/abdullahm/Shivam//blind_data/452417_njTJ0H4xzGZHdznO_0083.wav,इसे सारांशित करते हैं इस tutorial में हम
/home/abdullahm/Shivam//blind_data/930904_pauf66fOYFtqaQ0c_0075.wav,बायीं तरफ projects tab में my servlet . java पर right click करें
/home/abdullahm/Shivam//blind_data/764823_MO16YTQW1VD8AudW_0024.wav,सबसे ऊपर बाएं हाथ की तरफ launcher bar पर dash home icon पर click करें
/home/abdullahm/Shivam//blind_data/141425_wYQaKVNl7bh28u3u_0016.wav,और संसाधनों को save करने में और
/home/abdullahm/Shivam//blind_data/848297_1Ex3WEqCQ7VGfqIn_0088.wav,करते हैं मैं इसे दिखाऊँगी मैं framehead को यहाँ लाऊँगी यहाँ video को विभाजित करें play करें और रोकें video को दोबारा विभाजित करें काटे गए भाग को चुनें right click करें और copy चुनें frame head को उस स्थिति पर लाएं जहाँ आप इसे paste करना चाहते हैं right click करें और paste चुनें
/home/abdullahm/Shivam//blind_data/272044_2BqsQz87kAjMhCxB_0076.wav,यहाँ error messages attribute name हैं
/home/abdullahm/Shivam//blind_data/437963_SWMxcnx8okhoHB4s_0028.wav,दायीं तरफ हम एक form देख सकते हैं जहाँ हमें अपने account का और व्यक्तिगत विवरण भरना है
/home/abdullahm/Shivam//blind_data/443970_woduWyYl1wumm9Pt_0094.wav,अब मैं आपको एक सामान्य user के लिए interface दिखाता हूँ अतः
/home/abdullahm/Shivam//blind_data/662689_mndbMoheJbWHzF8b_0076.wav,glassfish server का home page प्रदर्शित होता है यहाँ 808
/home/abdullahm/Shivam//blind_data/662689_mndbMoheJbWHzF8b_0042.wav,nodes से web . xml file को प्राप्त करने में सक्षम नहीं हैं ide के subsc
/home/abdullahm/Shivam//blind_data/341424_s7qmM57nndNUBRi4_0152.wav,address के नीचे एक उल्टा त्रिकोण है जो header विवरणों को दिखाता है
/home/abdullahm/Shivam//blind_data/731203_IfrROqMp8euBDI18_0001.wav,इस tutorial में हम निम्न करना सीखेंगे
/home/abdullahm/Shivam//blind_data/341424_s7qmM57nndNUBRi4_0132.wav,more options button पर click करें जो trash icon के बाद है
/home/abdullahm/Shivam//blind_data/341424_s7qmM57nndNUBRi4_0144.wav,screen पर हम दोनों में से कोई एक messages देखे
/home/abdullahm/Shivam//blind_data/452417_njTJ0H4xzGZHdznO_0043.wav,उदाहरण के लिए हम इस slide पर प्रदर्शित coding dna strand उपयोग करेंगे
/home/abdullahm/Shivam//blind_data/910325_DPCsWwNZgf4mmvwU_0031.wav,ध्यान दें कि दोनों signal और amplification योग को 2 inputs और 1 output के साथ block की आवश्यकता है
/home/abdullahm/Shivam//blind_data/785686_o9IGdBMefgqASRUb_0058.wav,निम्न विकल्प दिखायेगा folder file upload google docs sheets slides और अन्य हम
/home/abdullahm/Shivam//blind_data/662689_mndbMoheJbWHzF8b_0087.wav,निष्पादित करना और web
/home/abdullahm/Shivam//blind_data/329997_O89uJhZZDPErIcwv_0080.wav,यह खोजे पहले परिणाम पर click करें
/home/abdullahm/Shivam//blind_data/662689_mndbMoheJbWHzF8b_0090.wav,निम्न link पर उपलब्ध video देखें
/home/abdullahm/Shivam//blind_data/952555_b9A7hrD5hUYxzb1E_0112.wav,doget और dopost methods के बीच अंतर
/home/abdullahm/Shivam//blind_data/341424_s7qmM57nndNUBRi4_0169.wav,आशा करती हूँ कि आप स्पष्ट रूप से अंतर देखने में सक्षम होंगे
/home/abdullahm/Shivam//blind_data/764823_MO16YTQW1VD8AudW_0001.wav,इस tutorial में हम printer को computer से जोड़ना सीखेंगे
/home/abdullahm/Shivam//blind_data/848297_1Ex3WEqCQ7VGfqIn_0075.wav,यह वो file है जो मैं import करना चाहती हूँ अतः मैं इसे चुनूँगी और import button पर click करुँगी
/home/abdullahm/Shivam//blind_data/952555_b9A7hrD5hUYxzb1E_0011.wav,आप अपनी पसंद का कोई भी web browser प्रयोग कर सकते हैं इस tutorial
/home/abdullahm/Shivam//blind_data/361930_TKM4DsRGN2zuNS6M_0080.wav,tutorial project team spoken tutorial का उपयोग करके कार्यशाला
/home/abdullahm/Shivam//blind_data/908920_LIkOEYXYEAz96aNv_0002.wav,greek characters का इस्तेमाल करना जैसे alpha beta theta और pi
/home/abdullahm/Shivam//blind_data/401356_C9yyvF8oQKRK8txb_0090.wav,i i t bombay से मैं श्रुति आर्य आपसे विदा लेती हूँ हमसे जुड़ने के लिए धन्यवाद
/home/abdullahm/Shivam//blind_data/764823_MO16YTQW1VD8AudW_0040.wav,ज़्यादातर स्थितियों में default विकल्प कार्य करेगा
/home/abdullahm/Shivam//blind_data/930904_pauf66fOYFtqaQ0c_0008.wav,firefox web browser 21 . 0
/home/abdullahm/Shivam//blind_data/309014_gqEOe0kgNRGLHZph_0012.wav,अक्षर को देखने में परेशानी होती है view zoom और zoom in पर click करके
/home/abdullahm/Shivam//blind_data/135893_9lNAZMRfDfuCN6XC_0033.wav,के बाद sequence आती है उस
/home/abdullahm/Shivam//blind_data/443970_woduWyYl1wumm9Pt_0035.wav,अब browser पर वापस जाते हैं
/home/abdullahm/Shivam//blind_data/309014_gqEOe0kgNRGLHZph_0032.wav,bar कहते है url पर click करें और जो address पहले से ही मौजूद है उसे delete करें
/home/abdullahm/Shivam//blind_data/835472_QHretkXfg8wS2YKf_0024.wav,निर्देश देता है उन्हें संसाधित करता है और output या परिणाम देता है operations को
/home/abdullahm/Shivam//blind_data/401356_C9yyvF8oQKRK8txb_0039.wav,लेकिन वहां math object को writer में लाने के लिए दूसरा तरीका है
/home/abdullahm/Shivam//blind_data/145704_5CY9t6duxwVCK5NI_0036.wav,format menu पर click करते हैं और alignment को चुनें
/home/abdullahm/Shivam//blind_data/935529_oMCmIa1P3IAPKGyX_0000.wav,नमस्कार icon and diagram views पर spoken tutorial में आपका स्वागत है
/home/abdullahm/Shivam//blind_data/315424_dFWh8NolvyRPEZIi_0068.wav,मैं आपको दिखाती हूँ कि variables कैसे घोषित
/home/abdullahm/Shivam//blind_data/341424_s7qmM57nndNUBRi4_0112.wav,अगला विकल्प insert link है अब इस पर click करें
/home/abdullahm/Shivam//blind_data/334157_201xLiqOYAgU2d7a_0091.wav,रचना और edit करना audio को cut delete move करना audio amplify करना background noise हटाना
/home/abdullahm/Shivam//blind_data/543096_UwcQJEuG2r7AD8vq_0083.wav,करे mozilla firefox बंद होकर restart होगा
/home/abdullahm/Shivam//blind_data/310356_u0sz1lTfmeW7wW5o_0050.wav,string1 पहला fragment संचित करने के लिए variable है
/home/abdullahm/Shivam//blind_data/329997_O89uJhZZDPErIcwv_0086.wav,spoken tutorial project team spoken tutorial का उपयोग करके कार्यशालाएँ भी चलाते हैं
/home/abdullahm/Shivam//blind_data/361930_TKM4DsRGN2zuNS6M_0074.wav,location को home folder में ब
/home/abdullahm/Shivam//blind_data/731203_IfrROqMp8euBDI18_0141.wav,यहाँ हम जांचते हैं यदि book issued 1 के = है
/home/abdullahm/Shivam//blind_data/910325_DPCsWwNZgf4mmvwU_0062.wav,पता हैं हमने पिछले tutorial में class inheritance या class extension के बारे में सीखा है
/home/abdullahm/Shivam//blind_data/272044_2BqsQz87kAjMhCxB_0150.wav,अब देखते हैं कि यह कैसे हुआ
/home/abdullahm/Shivam//blind_data/512580_oT2CzZaFTPoHj47K_0054.wav,अतः कभीकभी sequence file formats के बीच अंतर रूपांतरण की ज़रुरत होती है
/home/abdullahm/Shivam//blind_data/835472_QHretkXfg8wS2YKf_0065.wav,cpu से जोड़ते हैं power cable को
/home/abdullahm/Shivam//blind_data/310356_u0sz1lTfmeW7wW5o_0011.wav,इस tutorial को record करने के लिए मैं उपयोग कर रही हूँ ubuntu os version 14 . 10
/home/abdullahm/Shivam//blind_data/785686_o9IGdBMefgqASRUb_0101.wav,ऊपर help menu के आगे message देखें all changes saved in drive
/home/abdullahm/Shivam//blind_data/135893_9lNAZMRfDfuCN6XC_0012.wav,files database websites से download की जा सकती हैं किसी
/home/abdullahm/Shivam//blind_data/437963_SWMxcnx8okhoHB4s_0034.wav,अगर username पहले दिया जा चूका है तो हम निम्न message देखेंगे
/home/abdullahm/Shivam//blind_data/334157_201xLiqOYAgU2d7a_0088.wav,हमने यह भाग पिछले tutorial में पहले ही पढ़ लिया है कृपया विवरण के लिए इसको देखें
/home/abdullahm/Shivam//blind_data/785686_o9IGdBMefgqASRUb_0142.wav,अब libreoffice user के लिए हम sharing mode को can comment में बदलेंगे अंततः
/home/abdullahm/Shivam//blind_data/135893_9lNAZMRfDfuCN6XC_0003.wav,sequence input / output module में functions उपयोग करके data files parse करना
/home/abdullahm/Shivam//blind_data/935529_oMCmIa1P3IAPKGyX_0084.wav,line style का उपयोग border line के properties को बदलने के लिए किया जाता है
/home/abdullahm/Shivam//blind_data/930904_pauf66fOYFtqaQ0c_0106.wav,अब netbeans ide को वापस खोलते हैं
/home/abdullahm/Shivam//blind_data/731203_IfrROqMp8euBDI18_0012.wav,java servlets के basics और jsp का
/home/abdullahm/Shivam//blind_data/662689_mndbMoheJbWHzF8b_0036.wav,अनुरोधों को serve करने के लिए उन्हें कैसे उपयोग करता है web server
/home/abdullahm/Shivam//blind_data/952555_b9A7hrD5hUYxzb1E_0064.wav,फिर से my first project पर right click करें run पर click करें अतः
/home/abdullahm/Shivam//blind_data/543096_UwcQJEuG2r7AD8vq_0071.wav,firefox इस persona को स्वतः संस्थापित करता है
/home/abdullahm/Shivam//blind_data/512580_oT2CzZaFTPoHj47K_0016.wav,अब मैं दिखाती हु कि write function को कैसे उपयोग करते हैं
/home/abdullahm/Shivam//blind_data/662689_mndbMoheJbWHzF8b_0072.wav,हमने पहले भी context path नामक कुछ देखा था हमने context path
/home/abdullahm/Shivam//blind_data/952555_b9A7hrD5hUYxzb1E_0089.wav,अब हम फिर से इस project को run करेंगे
/home/abdullahm/Shivam//blind_data/764823_MO16YTQW1VD8AudW_0083.wav,अच्छी bandwidth न मिलने पर आप इसे download करके देख सकते हैं
/home/abdullahm/Shivam//blind_data/785686_o9IGdBMefgqASRUb_0111.wav,इसे दोबारा खोलने के लिए इस पर double click करें
/home/abdullahm/Shivam//blind_data/908920_LIkOEYXYEAz96aNv_0051.wav,अतः हम सबसे पहले सबसे भीतरी square root function लिखेंगे
/home/abdullahm/Shivam//blind_data/315424_dFWh8NolvyRPEZIi_0076.wav,h की unit metre है
/home/abdullahm/Shivam//blind_data/437963_SWMxcnx8okhoHB4s_0134.wav,ऊपर दायीं तरफ आप अपनी email id देखेंगे
/home/abdullahm/Shivam//blind_data/310356_u0sz1lTfmeW7wW5o_0089.wav,dna 3 ( में 6 : 10 = double ' में a t g c enter दबाएं
/home/abdullahm/Shivam//blind_data/662689_mndbMoheJbWHzF8b_0035.wav,की classes resources और configuration और webserver web
/home/abdullahm/Shivam//blind_data/272044_2BqsQz87kAjMhCxB_0042.wav,फिर हम driver को अपने program में register करते हैं
/home/abdullahm/Shivam//blind_data/731203_IfrROqMp8euBDI18_0138.wav,return book पर click करें
/home/abdullahm/Shivam//blind_data/935529_oMCmIa1P3IAPKGyX_0057.wav,दूसरा युग्म सफेद स्थान के नीचे दायें कोने के निर्देशांक का प्रतिनिधित्व करता है
/home/abdullahm/Shivam//blind_data/341424_s7qmM57nndNUBRi4_0008.wav,इस tutorial के लिए आपको एक कार्यकारी internet कनैक्शन और एक web browser
/home/abdullahm/Shivam//blind_data/910325_DPCsWwNZgf4mmvwU_0015.wav,connectors blocks के बीच interface के रूप में कार्य करते हैं
/home/abdullahm/Shivam//blind_data/135893_9lNAZMRfDfuCN6XC_0102.wav,spoken tutorial project team कार्यशालाएं चलाती है और online test pass करने वालों को प्रमाणपत्र देती है
/home/abdullahm/Shivam//blind_data/715617_85MWWgmTkIhi4ZHP_0101.wav,यह इस virtual machine को शुरू करेगा और हमें login page पर ले जाएगा
/home/abdullahm/Shivam//blind_data/981154_ph1l8Eyc0Sf6TsiC_0035.wav,type करें ध्यान दें कि my gmail page site सूची में पहले विकल्प के रूप में दिखाई गयी है
/home/abdullahm/Shivam//blind_data/981154_ph1l8Eyc0Sf6TsiC_0041.wav,अब address bar के दाहिने कोने में star पर click करें
/home/abdullahm/Shivam//blind_data/315424_dFWh8NolvyRPEZIi_0015.wav,ubantu linux operating system पर omedit खोलने के लिए dash home icon पर click करें जो कि launcher में ऊपरी बाईं ओऱ प्रदर्शित है
/home/abdullahm/Shivam//blind_data/935529_oMCmIa1P3IAPKGyX_0001.wav,इस tutorial में हम सीखेंगे कि class के icon and diagram views को कैसे निर्दिष्ट करें
/home/abdullahm/Shivam//blind_data/141425_wYQaKVNl7bh28u3u_0070.wav,library management system अग्रणी software mnc के corporate social responsibility कार्यक्रम के अंतर्गत योगदान दिया गया है
/home/abdullahm/Shivam//blind_data/315424_dFWh8NolvyRPEZIi_0086.wav,अब slides पर वापस जाएँ
/home/abdullahm/Shivam//blind_data/715617_85MWWgmTkIhi4ZHP_0048.wav,दाईं ओर भी हम एक folder icon देख सकते हैं
/home/abdullahm/Shivam//blind_data/361930_TKM4DsRGN2zuNS6M_0083.wav,spoken tutorial talk to a teacher project का हिस्सा है
/home/abdullahm/Shivam//blind_data/272044_2BqsQz87kAjMhCxB_0113.wav,browser पर वापस आते हैं
/home/abdullahm/Shivam//blind_data/981154_ph1l8Eyc0Sf6TsiC_0053.wav,अपने बनाये हुए bookmarks आप कैसे access कर सकते
/home/abdullahm/Shivam//blind_data/785686_o9IGdBMefgqASRUb_0127.wav,edit विकल्प अन्य users को document में बदलाव करने की अनुमति देता है can comment
/home/abdullahm/Shivam//blind_data/309014_gqEOe0kgNRGLHZph_0048.wav,पीले रंग का हो जाता है फिर से sta
/home/abdullahm/Shivam//blind_data/981154_ph1l8Eyc0Sf6TsiC_0068.wav,बायाँ mouse button दबाएँ और bookmark को bookmarks menu पर drag करें सुनिश्चित करें cursor bookmarks menu पर हो
/home/abdullahm/Shivam//blind_data/952555_b9A7hrD5hUYxzb1E_0050.wav,अतः netbeans ide पर जाते हैं
/home/abdullahm/Shivam//blind_data/908920_LIkOEYXYEAz96aNv_0013.wav,उदाहरणस्वरुप pi लिखने के लिए हम formula editor में केवल % pi लिखते हैं
/home/abdullahm/Shivam//blind_data/443970_woduWyYl1wumm9Pt_0059.wav,फिर हम request dispatcher प्रयोग करके request को list books . jsp की ओर भेजते है
/home/abdullahm/Shivam//blind_data/935529_oMCmIa1P3IAPKGyX_0072.wav,अब हम चर्चा करेंगे कि इन items को icon and diagram views में कैसे प्रविष्ट करना है
/home/abdullahm/Shivam//blind_data/145704_5CY9t6duxwVCK5NI_0062.wav,ते हैं tool tip यहाँ पर कहता है format
/home/abdullahm/Shivam//blind_data/662689_mndbMoheJbWHzF8b_0060.wav,है और hello world दिखता है यह इसलिए
/home/abdullahm/Shivam//blind_data/731203_IfrROqMp8euBDI18_0070.wav,हम user exists method प्रयोग करके यह जांचते हैं कि user system में है या नहीं
/home/abdullahm/Shivam//blind_data/731203_IfrROqMp8euBDI18_0112.wav,यदि available copies 0 हैं तो हम print करते हैं there are no copies of the requested book available
/home/abdullahm/Shivam//blind_data/835472_QHretkXfg8wS2YKf_0057.wav,भागों को ठंडा करने के लिए हवा का प्रवाह देते हैं अन्यथा दस
/home/abdullahm/Shivam//blind_data/731203_IfrROqMp8euBDI18_0094.wav,अब वापस ide पर जाते हैं
/home/abdullahm/Shivam//blind_data/272044_2BqsQz87kAjMhCxB_0139.wav,scriptlet tags प्रयोग करके हमने यह किया
/home/abdullahm/Shivam//blind_data/512580_oT2CzZaFTPoHj47K_0001.wav,writing sequence files पर इस tutorial में आपका स्वागत है
/home/abdullahm/Shivam//blind_data/310356_u0sz1lTfmeW7wW5o_0030.wav,output के लिए type करें dna 1 enter दबाएं
/home/abdullahm/Shivam//blind_data/361930_TKM4DsRGN2zuNS6M_0068.wav,आखिर में हम advanced panel में update tab का उपयोग करके firefox को update कर सकते हैं
/home/abdullahm/Shivam//blind_data/910325_DPCsWwNZgf4mmvwU_0086.wav,मैं main class पर जाती हूँ
/home/abdullahm/Shivam//blind_data/935529_oMCmIa1P3IAPKGyX_0088.wav,line style में pattern dropdown menu पर click करें
/home/abdullahm/Shivam//blind_data/141425_wYQaKVNl7bh28u3u_0029.wav,अतः अब हम एक member की तरह login करते हैं यानी एक user की तरह जो पहले से ही registered हो चुका है
/home/abdullahm/Shivam//blind_data/437963_SWMxcnx8okhoHB4s_0101.wav,बायीं तरफ हम कुछ label किये हुए menu items देख सकते हैं
/home/abdullahm/Shivam//blind_data/401356_C9yyvF8oQKRK8txb_0022.wav,और परिणामी set 1 2 6 4 और 5 है जो दोनों sets में पृथक elements रखता है
/home/abdullahm/Shivam//blind_data/618242_jN7JwubGvJhIkeYN_0068.wav,इस mission पर अधिक जानकारी दिए गए link पर उपलब्ध है spoken tutorial . org / nmeict intro यह script
/home/abdullahm/Shivam//blind_data/618242_jN7JwubGvJhIkeYN_0006.wav,चीजों से मुक्त रखने में मदद करता है प्रत्येक टैब browser के संपूर्ण दिखने वाले क्षेत्र
/home/abdullahm/Shivam//blind_data/172235_akeE0s3aKDyyCvEX_0017.wav,प्राप्त करें दूसरा आगे के विश्लेषण के लिए blast output को parse करें
/home/abdullahm/Shivam//blind_data/848297_1Ex3WEqCQ7VGfqIn_0036.wav,अब मैं frame head को यहाँ लाती हूँ तीसरा button एक बार में एक clip को rewind करने का है
/home/abdullahm/Shivam//blind_data/846118_m7mB9BC8FPflJgLI_0099.wav,mission पर अधिक जानकारी दिए गए link पर उपलब्ध है
/home/abdullahm/Shivam//blind_data/952555_b9A7hrD5hUYxzb1E_0002.wav,jsp प्रयोग करके simple login form बनाना
/home/abdullahm/Shivam//blind_data/785686_o9IGdBMefgqASRUb_0023.wav,केंद्र में हम दो files देख सकते हैं पहला
/home/abdullahm/Shivam//blind_data/910325_DPCsWwNZgf4mmvwU_0077.wav,अब मैं आपको यह बताती हूं कि miso block का diagram view कैसे दिखता है
/home/abdullahm/Shivam//blind_data/401356_C9yyvF8oQKRK8txb_0048.wav,mark up fact factorial symbol दर्शाता है
/home/abdullahm/Shivam//blind_data/272044_2BqsQz87kAjMhCxB_0154.wav,फिर हम set attribute method प्रयोग करके request scope में variable error msgs set करते हैं
/home/abdullahm/Shivam//blind_data/618242_jN7JwubGvJhIkeYN_0031.wav,link पर click करके इस page को खोलें
/home/abdullahm/Shivam//blind_data/329997_O89uJhZZDPErIcwv_0026.wav,करें हम देख सकते हैं कि yahoo और bing सहित लोकप्रिय search एन्जिनो के चिन्हों का एक dropdown box दिखाई पड़ता है
/home/abdullahm/Shivam//blind_data/662689_mndbMoheJbWHzF8b_0050.wav,source code देख सकते हैं यहाँ हमारे पास
/home/abdullahm/Shivam//blind_data/764823_MO16YTQW1VD8AudW_0072.wav,अगर हम copies में 2 प्रविष्ट करते हैं तो चुने हुए page की दो प्रतियाँ print की जाएँगी
/home/abdullahm/Shivam//blind_data/908920_LIkOEYXYEAz96aNv_0078.wav,click करें i i t bombay की ओर से मैं रवि कुमार अब आपसे विदा
/home/abdullahm/Shivam//blind_data/764823_MO16YTQW1VD8AudW_0045.wav,drivers section में भी यह दिखाता है कि driver मेरे printer के लिए ठीक है
/home/abdullahm/Shivam//blind_data/930904_pauf66fOYFtqaQ0c_0015.wav,web ब्राउज़र एक system है जो internet पर endusers को विषयवस्तु प्रदान करता है
/home/abdullahm/Shivam//blind_data/145704_5CY9t6duxwVCK5NI_0032.wav,हैं हमारे like हुए फोर्मुले को format कैसे करें
/home/abdullahm/Shivam//blind_data/846118_m7mB9BC8FPflJgLI_0014.wav,वस्तुओं की कीमतों की तुलना compare
/home/abdullahm/Shivam//blind_data/309014_gqEOe0kgNRGLHZph_0074.wav,आप webpage के content देखेंगे जिसे आप देख रहे हैं
/home/abdullahm/Shivam//blind_data/361930_TKM4DsRGN2zuNS6M_0028.wav,पहले जैसे हमारी settings स्वचालित रूप से save होगी
/home/abdullahm/Shivam//blind_data/272044_2BqsQz87kAjMhCxB_0175.wav,इसी प्रकार आपको अन्य fields के लिए करना है
/home/abdullahm/Shivam//blind_data/145704_5CY9t6duxwVCK5NI_0081.wav,formula लिखने के लिए mark up language तथा formula format करना याने fonts alignment और spacing
/home/abdullahm/Shivam//blind_data/930904_pauf66fOYFtqaQ0c_0055.wav,अभी के लिए हम do post देखेंगे
/home/abdullahm/Shivam//blind_data/981154_ph1l8Eyc0Sf6TsiC_0026.wav,site को bookmark करते हैआप इसे gifts books या toys इन शब्दों के साथ
/home/abdullahm/Shivam//blind_data/437963_SWMxcnx8okhoHB4s_0125.wav,यहाँ वो mail है जो मैंने खुद को भेजा है
/home/abdullahm/Shivam//blind_data/361930_TKM4DsRGN2zuNS6M_0054.wav,उपयोग करता है advanced panel में कुछ महत्वपूर्ण firefox settings
/home/abdullahm/Shivam//blind_data/309014_gqEOe0kgNRGLHZph_0006.wav,होना चाहिए mozilla firefox interface को इन 6 विशिष्ट क्षेत्रों में विभाजित कर सकते हैं
/home/abdullahm/Shivam//blind_data/341424_s7qmM57nndNUBRi4_0064.wav,इससे बड़े size की files को भेजने के लिए आप insert files using drive विकल्प प्रयोग कर सकते हैं
/home/abdullahm/Shivam//blind_data/981154_ph1l8Eyc0Sf6TsiC_0118.wav,यहां आपके लिए एक नियतकार्य है एक
/home/abdullahm/Shivam//blind_data/315424_dFWh8NolvyRPEZIi_0103.wav,इस window को plotting perspective नाम से जाना जाता है
/home/abdullahm/Shivam//blind_data/954326_dI6sOoo6pFXFhJSN_0058.wav,अब आपको edit metadata नामक एक box मिलेगा यहाँ आप artist का नाम दे सकते है और अन्य जानकारी भी
/home/abdullahm/Shivam//blind_data/315424_dFWh8NolvyRPEZIi_0050.wav,ता है इस dialogue box के name filled में freefall type करें
/home/abdullahm/Shivam//blind_data/315424_dFWh8NolvyRPEZIi_0065.wav,इस class का नाम freefall है
/home/abdullahm/Shivam//blind_data/764823_MO16YTQW1VD8AudW_0026.wav,printer icon प्रदर्शित होगा
/home/abdullahm/Shivam//blind_data/512580_oT2CzZaFTPoHj47K_0039.wav,bio package से seqio module import करें
/home/abdullahm/Shivam//blind_data/310356_u0sz1lTfmeW7wW5o_0087.wav,output देखें पाँचवें स्थान पर cytosine alanine से बदल गया है
/home/abdullahm/Shivam//blind_data/848297_1Ex3WEqCQ7VGfqIn_0004.wav,आपको movie clip का audio सुनने के लिए headset और speakers की ज़रुरत होगी
/home/abdullahm/Shivam//blind_data/272044_2BqsQz87kAjMhCxB_0000.wav,database and validation के spoken tutorial में आपका स्वागत है इस tutorial
/home/abdullahm/Shivam//blind_data/835472_QHretkXfg8wS2YKf_0118.wav,adapter के माध्यम से बिजली से संचालित होता है और इसमें एक charge होने वाली battery होती है आतः
/home/abdullahm/Shivam//blind_data/272044_2BqsQz87kAjMhCxB_0061.wav,अब वापस ide पर आते हैं
/home/abdullahm/Shivam//blind_data/715617_85MWWgmTkIhi4ZHP_0017.wav,आपके system type के आधार पर इस link से उपयुक्त ubuntu linux 16 . 04 iso download करें http : double / releases . ubuntu . com / 16 . 04
/home/abdullahm/Shivam//blind_data/755386_f5DL5lLLcrAit2gw_0043.wav,formula इस screen पर दर्शाया गया है जैसा
/home/abdullahm/Shivam//blind_data/341424_s7qmM57nndNUBRi4_0145.wav,your message is sending
/home/abdullahm/Shivam//blind_data/452417_njTJ0H4xzGZHdznO_0101.wav,देती हैं अधिक जानकारी के लिए कृपया हमें लिखें
/home/abdullahm/Shivam//blind_data/543096_UwcQJEuG2r7AD8vq_0064.wav,यह हमें mozilla firefox addons के personas page पर ले जाता
/home/abdullahm/Shivam//blind_data/731203_IfrROqMp8euBDI18_0113.wav,अब success checkout . jsp पर आते हैं
/home/abdullahm/Shivam//blind_data/715617_85MWWgmTkIhi4ZHP_0090.wav,फिर choose a password text box में अपने ubuntu linux os के लिए password type करें मै spoken type करूंगी
/home/abdullahm/Shivam//blind_data/848297_1Ex3WEqCQ7VGfqIn_0015.wav,port कर सकते है movie task panel अनेक विकल्प रखता है capture video edit movie और finish movie इनमें मुख्य हैं
/home/abdullahm/Shivam//blind_data/401356_C9yyvF8oQKRK8txb_0017.wav,और प्रत्येक elements के साथ set d
/home/abdullahm/Shivam//blind_data/764823_MO16YTQW1VD8AudW_0033.wav,यह बताता है there are no printers configured yet
/home/abdullahm/Shivam//blind_data/452417_njTJ0H4xzGZHdznO_0050.wav,आगे strand में स्पष्ट रूप से अक्षरों का उल्लेख करें जब अपना sequence object बना रहे हों
/home/abdullahm/Shivam//blind_data/954326_dI6sOoo6pFXFhJSN_0068.wav,ls command प्रेसेंट directory की सभी files तथा folders दिखाता है मैं
/home/abdullahm/Shivam//blind_data/930904_pauf66fOYFtqaQ0c_0116.wav,अब editor में hello world को welcome से बदलें
/home/abdullahm/Shivam//blind_data/135893_9lNAZMRfDfuCN6XC_0055.wav,पर type करें from bio import seqio enter दबाएं
/home/abdullahm/Shivam//blind_data/952555_b9A7hrD5hUYxzb1E_0025.wav,ढांचे के अंदर हमारे पास border = 1 के साथ एक table है
/home/abdullahm/Shivam//blind_data/401356_C9yyvF8oQKRK8txb_0087.wav,spoken tutorial project talk to a teacher project का हिस्सा है यह भारत सरकार के mhrd के ict के माध्यम से राष्ट्रीय साक्षरता mission द्वारा समर्थित है
/home/abdullahm/Shivam//blind_data/910325_DPCsWwNZgf4mmvwU_0022.wav,यह आंकड़ा block के लिए एक schematic दिखाता है जो input के रूप में दो signal लेता है और उनका योग वापस करता है
/home/abdullahm/Shivam//blind_data/618242_jN7JwubGvJhIkeYN_0016.wav,window को बंद किए बिना या हटाये बिना आप उसी window में अन्य नया webpage खोल सकते हैं
/home/abdullahm/Shivam//blind_data/952555_b9A7hrD5hUYxzb1E_0049.wav,request object पर get parameter method प्रयोग करके ऐसा हुआ है
/home/abdullahm/Shivam//blind_data/543096_UwcQJEuG2r7AD8vq_0100.wav,उपयोग करके कार्यशालाएँ भी चलाती है
/home/abdullahm/Shivam//blind_data/954326_dI6sOoo6pFXFhJSN_0057.wav,gg format पर click करुँगी फिर save पर click करुँगी
/home/abdullahm/Shivam//blind_data/954326_dI6sOoo6pFXFhJSN_0025.wav,record करने के लिए record button पर click करे और narration को शुरू करे
/home/abdullahm/Shivam//blind_data/315424_dFWh8NolvyRPEZIi_0109.wav,मैं आपको दिखाती हूँ कि plot कैसे बनाना है h चुनें
/home/abdullahm/Shivam//blind_data/443970_woduWyYl1wumm9Pt_0027.wav,अतः मैं username और password में admin type करुँगा फिर sign in पर click करें
/home/abdullahm/Shivam//blind_data/952555_b9A7hrD5hUYxzb1E_0126.wav,मैं यश वोरा अब आपसे विदा लेता हूँ हमसे जुड़ने के लिए धन्यवाद धन्यवाद
/home/abdullahm/Shivam//blind_data/272044_2BqsQz87kAjMhCxB_0145.wav,यहाँ मैंने अभी एक form भर दिया है
/home/abdullahm/Shivam//blind_data/785686_o9IGdBMefgqASRUb_0066.wav,इन्हें अतः हम अलगअलग folders जैसे personal work आदि बना सकते हैं किसी
/home/abdullahm/Shivam//blind_data/401356_C9yyvF8oQKRK8txb_0059.wav,mark up prod पर ध्यान दें जो परिणाम दर्शाता है summation के लिए sigma के समान
/home/abdullahm/Shivam//blind_data/512580_oT2CzZaFTPoHj47K_0009.wav,ये link पर python tutorials को देखें
/home/abdullahm/Shivam//blind_data/981154_ph1l8Eyc0Sf6TsiC_0020.wav,एक new folder बनता है
/home/abdullahm/Shivam//blind_data/835472_QHretkXfg8wS2YKf_0030.wav,cpu keyboard
/home/abdullahm/Shivam//blind_data/981154_ph1l8Eyc0Sf6TsiC_0115.wav,अब हम इस tutorial के अंत में आ चुके हैं इस tutorial में हमने सीखा
/home/abdullahm/Shivam//blind_data/848297_1Ex3WEqCQ7VGfqIn_0049.wav,अभी मैं video के आगे वाले - button को दबाकर video timeline को समाप्त कर दूंगी
/home/abdullahm/Shivam//blind_data/543096_UwcQJEuG2r7AD8vq_0032.wav,एक संदेश प्रदर्शित होता है कि theme संस्थापित होगी जैसे ही आप firefox restart करें
/home/abdullahm/Shivam//blind_data/329997_O89uJhZZDPErIcwv_0005.wav,खोजना कोई विशिष्ट website के लिए या कोई अन्य जानकारी के लिए खोज कर
/home/abdullahm/Shivam//blind_data/930904_pauf66fOYFtqaQ0c_0111.wav,एक नई jsp window खुलती है
/home/abdullahm/Shivam//blind_data/731203_IfrROqMp8euBDI18_0088.wav,अब browser पर वापस आते हैं
/home/abdullahm/Shivam//blind_data/401356_C9yyvF8oQKRK8txb_0029.wav,view > elements > set operations पर जाएँ
/home/abdullahm/Shivam//blind_data/835472_QHretkXfg8wS2YKf_0091.wav,और cpu के power supply buttons खोलें अब monitor पर
/home/abdullahm/Shivam//blind_data/437963_SWMxcnx8okhoHB4s_0072.wav,dropdown से देश के झंडे को चुनें मैं india चुन रही हूँ
/home/abdullahm/Shivam//blind_data/910325_DPCsWwNZgf4mmvwU_0020.wav,एक signal अलगअलग input के रूप में lan और इसे constant द्वारा amplify करें
/home/abdullahm/Shivam//blind_data/910325_DPCsWwNZgf4mmvwU_0075.wav,real input और real output modelica library के एक ही पैकेज में miso के रूप में मौजूद हैं
/home/abdullahm/Shivam//blind_data/908920_LIkOEYXYEAz96aNv_0006.wav,हमने formula like थे उसपर double click करें
/home/abdullahm/Shivam//blind_data/310356_u0sz1lTfmeW7wW5o_0076.wav,एक विशिष्ट base या string का भाग ज्ञात करने के लिए हम find function उपयोग करेंगे
/home/abdullahm/Shivam//blind_data/952555_b9A7hrD5hUYxzb1E_0110.wav,method प्रयोग करके parameters pass करना
/home/abdullahm/Shivam//blind_data/443970_woduWyYl1wumm9Pt_0079.wav,checkout table से borrow की गयी books की जानकारी निकालने के लिए हम query को निष्पादित करते हैं
/home/abdullahm/Shivam//blind_data/764823_MO16YTQW1VD8AudW_0005.wav,अब मैं आपको computer के अनेक भागों के बारे में जल्दी से बताउंगी
/home/abdullahm/Shivam//blind_data/310356_u0sz1lTfmeW7wW5o_0024.wav,prompt पर type करें from bio . seek import seek enter दबाएं
/home/abdullahm/Shivam//blind_data/361930_TKM4DsRGN2zuNS6M_0001.wav,इस tutorial में हम सीखेंगे कि general preferences और privacy preferences को कैसे set करें
/home/abdullahm/Shivam//blind_data/452417_njTJ0H4xzGZHdznO_0071.wav,अगर उल्लिखित नहीं है तो translate method standard genetic code उपयोग करके rna या dna sequence को translate करता है
/home/abdullahm/Shivam//blind_data/935529_oMCmIa1P3IAPKGyX_0081.wav,extent 1 x ellipse पर सबसे बाएँ बिंदु का क्षैतिज निर्देशांक है
/home/abdullahm/Shivam//blind_data/935529_oMCmIa1P3IAPKGyX_0027.wav,icon view पर जाएँ यदि यह diagram या text view में खुला है
/home/abdullahm/Shivam//blind_data/755386_f5DL5lLLcrAit2gw_0046.wav,तिहरे integral के लिए mark up होगा i i i n t हम एक
/home/abdullahm/Shivam//blind_data/443970_woduWyYl1wumm9Pt_0002.wav,admin page पर जाने के लिए login page को संशोधित करना
/home/abdullahm/Shivam//blind_data/272044_2BqsQz87kAjMhCxB_0131.wav,code की इस line को jsp इन directive कहते हैं
/home/abdullahm/Shivam//blind_data/764823_MO16YTQW1VD8AudW_0075.wav,यह हमें इस tutorial के अंत में लाता है हमने सीखा
/home/abdullahm/Shivam//blind_data/755386_f5DL5lLLcrAit2gw_0051.wav,चलिए यह एक नये math gray box या math object में लिखें
/home/abdullahm/Shivam//blind_data/341424_s7qmM57nndNUBRi4_0053.wav,यदि नहीं तो formatting toolbar को access करें formatting options button पर click करें
/home/abdullahm/Shivam//blind_data/452417_njTJ0H4xzGZHdznO_0021.wav,यह code और कार्यों को अलगअलग प्रक्रियाओं में विभाजित करने के लिए code
/home/abdullahm/Shivam//blind_data/715617_85MWWgmTkIhi4ZHP_0097.wav,एक बार संस्थापना पूरा होने के बाद हम एक dialogue box देख सकते हैं जो installation complete कहता है उस
/home/abdullahm/Shivam//blind_data/952555_b9A7hrD5hUYxzb1E_0095.wav,अब url को देखें
/home/abdullahm/Shivam//blind_data/135893_9lNAZMRfDfuCN6XC_0063.wav,यह दो arguments स्वीकार कर सकता है पहला वाला data पढ़ने के लिए file name है दूसरा
/home/abdullahm/Shivam//blind_data/662689_mndbMoheJbWHzF8b_0013.wav,html यदि नहीं तो
/home/abdullahm/Shivam//blind_data/731203_IfrROqMp8euBDI18_0158.wav,सारे users की list बनाना
/home/abdullahm/Shivam//blind_data/785686_o9IGdBMefgqASRUb_0004.wav,sharing विकल्प इस tuto
/home/abdullahm/Shivam//blind_data/329997_O89uJhZZDPErIcwv_0047.wav,आप अपनी आवश्यकतानुसार कोई सा भी search engine जोड़ सकते हैं
/home/abdullahm/Shivam//blind_data/952555_b9A7hrD5hUYxzb1E_0097.wav,यहाँ हम request के url में form data को नहीं देखते हैं
/home/abdullahm/Shivam//blind_data/141425_wYQaKVNl7bh28u3u_0056.wav,application बनाने के लिए हम jsp और servlets का उपयोग करेंगे
/home/abdullahm/Shivam//blind_data/930904_pauf66fOYFtqaQ0c_0092.wav,अब ide पर वापस आते हैं
/home/abdullahm/Shivam//blind_data/135893_9lNAZMRfDfuCN6XC_0080.wav,यहाँ हम single record के साथ पहले save की हुई fasta file उपयोग करेंगे जोकि उदाहरण के लिए insulin . fasta है ध्यान
/home/abdullahm/Shivam//blind_data/846118_m7mB9BC8FPflJgLI_0076.wav,प्रदर्शित नहीं होता है अंततः अगर आप extension का उपयोग नहीं करना चाहते हैं तो disable पर button click करें
/home/abdullahm/Shivam//blind_data/341424_s7qmM57nndNUBRi4_0028.wav,दूसरों को email की एक copy mark करने के लिए cc विकल्प प्रयोग करें
/home/abdullahm/Shivam//blind_data/954326_dI6sOoo6pFXFhJSN_0079.wav,terminal window में ffmpeg command का इस्तेमाल करके मूल याने original spoken tutorial से video अवयव याने video component अलग कर सकते है
/home/abdullahm/Shivam//blind_data/835472_QHretkXfg8wS2YKf_0061.wav,को psu भी कहते हैं यह computer को power देता है अब अनेक भागों
/home/abdullahm/Shivam//blind_data/437963_SWMxcnx8okhoHB4s_0008.wav,हम कुछ महत्वपूर्ण mailboxes जैसे inbox के बारे में भी सीखेंगे
/home/abdullahm/Shivam//blind_data/715617_85MWWgmTkIhi4ZHP_0104.wav,ubuntu को बंद करने के लिए ऊपरी दाएं कोने में power icon पर click करें
/home/abdullahm/Shivam//blind_data/135893_9lNAZMRfDfuCN6XC_0088.wav,इस record के लिए पहचानकर्ताओं को देखने के लिए type करें record . identer दबाएं
/home/abdullahm/Shivam//blind_data/272044_2BqsQz87kAjMhCxB_0171.wav,फिर हमारे पास form है
/home/abdullahm/Shivam//blind_data/755386_f5DL5lLLcrAit2gw_0035.wav,save math को open करते हैं font size को बढ़ाके 18 . तक करें
/home/abdullahm/Shivam//blind_data/309014_gqEOe0kgNRGLHZph_0004.wav,firefox में सभी features हैं जो एक आधुनिक browser में होने चाहिए
/home/abdullahm/Shivam//blind_data/310356_u0sz1lTfmeW7wW5o_0055.wav,दबाए output sequence object की तरह पहला fragment दिखाता है
/home/abdullahm/Shivam//blind_data/952555_b9A7hrD5hUYxzb1E_0047.wav,form data request object में रहेगा
/home/abdullahm/Shivam//blind_data/512580_oT2CzZaFTPoHj47K_0014.wav,इस tutorial में हम सीखेंगे कि एक file पर sequences लिखने के लिए write function कैसे उपयोग कर
/home/abdullahm/Shivam//blind_data/361930_TKM4DsRGN2zuNS6M_0024.wav,downloads option में show the downloads window when downloading a file check box में click करके
/home/abdullahm/Shivam//blind_data/401356_C9yyvF8oQKRK8txb_0014.wav,5 elements के साथ set a set
/home/abdullahm/Shivam//blind_data/437963_SWMxcnx8okhoHB4s_0040.wav,अब इस account के लिए हमें एक password बनाना है
/home/abdullahm/Shivam//blind_data/341424_s7qmM57nndNUBRi4_0038.wav,हम प्राप्तकर्ताओं के क्षेत्र जैसे to cc और bcc में कितनी भी email ids जोड़ सकते हैं
/home/abdullahm/Shivam//blind_data/272044_2BqsQz87kAjMhCxB_0143.wav,हम देख सकते हैं कि हमें एक error message प्राप्त होता है please correct the following errors duplicate entry harshita for key username
/home/abdullahm/Shivam//blind_data/443970_woduWyYl1wumm9Pt_0014.wav,fields का database और validation यदि
/home/abdullahm/Shivam//blind_data/172235_akeE0s3aKDyyCvEX_0006.wav,इस tutorial को record करने के लिए मैं उपयोग कर रही हूँ ubuntu operating system version 14
/home/abdullahm/Shivam//blind_data/935529_oMCmIa1P3IAPKGyX_0044.wav,grid grid के आकार का प्रतीक है
/home/abdullahm/Shivam//blind_data/952555_b9A7hrD5hUYxzb1E_0081.wav,अब post method प्रयोग करके हम उपरोक्त के समान ही कोशिश कर सकते हैं
/home/abdullahm/Shivam//blind_data/952555_b9A7hrD5hUYxzb1E_0059.wav,आगे हम output में user name print करेंगे
/home/abdullahm/Shivam//blind_data/145704_5CY9t6duxwVCK5NI_0017.wav,आम formulae की गिणती भी करेंगें
/home/abdullahm/Shivam//blind_data/910325_DPCsWwNZgf4mmvwU_0064.wav,miso tab पर जाएँ text view पर जाएँ
/home/abdullahm/Shivam//blind_data/846118_m7mB9BC8FPflJgLI_0052.wav,प्रबंधन करे अर्थात उन्हें जोड़ना delete
/home/abdullahm/Shivam//blind_data/272044_2BqsQz87kAjMhCxB_0016.wav,मैंने mysql server शुरू कर दिया है
/home/abdullahm/Shivam//blind_data/141425_wYQaKVNl7bh28u3u_0009.wav,library management system एक system है जो
/home/abdullahm/Shivam//blind_data/848297_1Ex3WEqCQ7VGfqIn_0020.wav,बहुत बड़ा है तो windows movie maker अपने आप से उसे छोटे clips में विभाजित
/home/abdullahm/Shivam//blind_data/272044_2BqsQz87kAjMhCxB_0141.wav,पहले से ही database में उपस्थित user को हम जोड़ने की कोशिश करेंगे
/home/abdullahm/Shivam//blind_data/930904_pauf66fOYFtqaQ0c_0139.wav,library management system अग्रणी software mnc के corporate social responsibility कार्यक्रम के अंतर्गत योगदान दिया गया है इस spoken tutorial के लिए
/home/abdullahm/Shivam//blind_data/764823_MO16YTQW1VD8AudW_0032.wav,अब printing dialog box खुलता है
/home/abdullahm/Shivam//blind_data/272044_2BqsQz87kAjMhCxB_0163.wav,हमने यह भी देखा कि request dispatcher प्रयोग करके यह कैसे होता है
/home/abdullahm/Shivam//blind_data/341424_s7qmM57nndNUBRi4_0157.wav,आप वो message देख सकते हैं जो अभी भेजा है मैं इसे पढ़ने के लिए खोलती हू
/home/abdullahm/Shivam//blind_data/954326_dI6sOoo6pFXFhJSN_0097.wav,हम original spoken tutorial के मौजूदा audio की जगह dub की हुई audio को in editing packages के इस्तेमाल से ला सकते है जैसे के kdenlive kino lives इत्यादि
/home/abdullahm/Shivam//blind_data/272044_2BqsQz87kAjMhCxB_0051.wav,हम परिणाम को result set object में संचित करते हैं
/home/abdullahm/Shivam//blind_data/341424_s7qmM57nndNUBRi4_0080.wav,send using google drive button पर click करें
/home/abdullahm/Shivam//blind_data/135893_9lNAZMRfDfuCN6XC_0106.wav,मैं श्रुति आर्य आपसे विदा लेती हूँ हमसे जुड़ने के लिए धन्यवाद
/home/abdullahm/Shivam//blind_data/930904_pauf66fOYFtqaQ0c_0010.wav,इस tutorial के अनुसरण के लिए आपको निम्न के साथ परिचित होना चाहिए
/home/abdullahm/Shivam//blind_data/309014_gqEOe0kgNRGLHZph_0065.wav,search box में
/home/abdullahm/Shivam//blind_data/135893_9lNAZMRfDfuCN6XC_0023.wav,destination शीर्षक में file विकल्प पर click करें आप एक
/home/abdullahm/Shivam//blind_data/329997_O89uJhZZDPErIcwv_0033.wav,search engine चिह्न पर click करिये
/home/abdullahm/Shivam//blind_data/310356_u0sz1lTfmeW7wW5o_0097.wav,बनाना निर्दिष्ट स्थानों पर एक dna sequence slice करना
/home/abdullahm/Shivam//blind_data/731203_IfrROqMp8euBDI18_0058.wav,हम देख सकते हैं कि available copies की संख्या कम होकर 8 हो गयी है
/home/abdullahm/Shivam//blind_data/135893_9lNAZMRfDfuCN6XC_0065.wav,output के लिए enter key दो बार दबाएं
/home/abdullahm/Shivam//blind_data/361930_TKM4DsRGN2zuNS6M_0075.wav,अपनी when using the location bar suggest setting को history और bookmarks में बदलें
/home/abdullahm/Shivam//blind_data/715617_85MWWgmTkIhi4ZHP_0084.wav,अब हमें अपना keyboard layout चुनना है
/home/abdullahm/Shivam//blind_data/715617_85MWWgmTkIhi4ZHP_0066.wav,पहली screen जो हम देखते हैं उसमें तीन options हैं
/home/abdullahm/Shivam//blind_data/315424_dFWh8NolvyRPEZIi_0108.wav,description column variable declarations के साथ double ' में like comments को प्रदर्शित करता है
/home/abdullahm/Shivam//blind_data/952555_b9A7hrD5hUYxzb1E_0069.wav,यहाँ हम बहुत सरल login form देख सकते हैं
/home/abdullahm/Shivam//blind_data/310356_u0sz1lTfmeW7wW5o_0048.wav,पहला fragment accept करने के लिए prompt पर निम्न command type करें
/home/abdullahm/Shivam//blind_data/846118_m7mB9BC8FPflJgLI_0083.wav,के अंत में आ चुके हैं
/home/abdullahm/Shivam//blind_data/662689_mndbMoheJbWHzF8b_0092.wav,नहीं है तो आप इसे download करके भी देख सकते हैं spoken tutorial
/home/abdullahm/Shivam//blind_data/662689_mndbMoheJbWHzF8b_0024.wav,click करें server में
/home/abdullahm/Shivam//blind_data/618242_jN7JwubGvJhIkeYN_0011.wav,firefox for desktop
/home/abdullahm/Shivam//blind_data/334157_201xLiqOYAgU2d7a_0093.wav,जहाँ ज़रूरी है उसे तेज़ और धीरे करें
/home/abdullahm/Shivam//blind_data/981154_ph1l8Eyc0Sf6TsiC_0006.wav,अक्सर उपयोग के page पर navigate करने के लिए bookmarks आपकी मदद करते हैं
/home/abdullahm/Shivam//blind_data/755386_f5DL5lLLcrAit2gw_0037.wav,में बदल दें integral चिन्ह लिखने के लिए हमें केवल formula editor window में mark up int इस्तेमाल करना होगा
/home/abdullahm/Shivam//blind_data/315424_dFWh8NolvyRPEZIi_0095.wav,freely falling body के लिए दो equations of motion को यहां शामिल किया गया है जैसा कि हमने पहले ही
/home/abdullahm/Shivam//blind_data/443970_woduWyYl1wumm9Pt_0081.wav,और checkout attribute की तरह request में इसको set करते हैं
/home/abdullahm/Shivam//blind_data/731203_IfrROqMp8euBDI18_0038.wav,सिवाय इसके कि प्रत्येक book के सामने एक radio button है
/home/abdullahm/Shivam//blind_data/315424_dFWh8NolvyRPEZIi_0111.wav,default रूप से simulation 0 से 1 unit तक चलाया जाता है
/home/abdullahm/Shivam//blind_data/309014_gqEOe0kgNRGLHZph_0038.wav,url bar के दायीं ओर घर के आकार
/home/abdullahm/Shivam//blind_data/910325_DPCsWwNZgf4mmvwU_0090.wav,हमने पिछले tutorial में इस features पर चर्चा की
/home/abdullahm/Shivam//blind_data/309014_gqEOe0kgNRGLHZph_0047.wav,page load होने पर url bar के दाईं ओर जो star का चिन्ह है उस पर click करें आप देखते हैं कि star
/home/abdullahm/Shivam//blind_data/952555_b9A7hrD5hUYxzb1E_0056.wav,ध्यान दें कि यह username वो नेम है जो हमने form tag में user name के लिए जोड़ा है
/home/abdullahm/Shivam//blind_data/954326_dI6sOoo6pFXFhJSN_0107.wav,ffmpeg commands के इस्तेमाल से original tutorial से video को अलग करे
/home/abdullahm/Shivam//blind_data/437963_SWMxcnx8okhoHB4s_0143.wav,एक email लिखना
/home/abdullahm/Shivam//blind_data/952555_b9A7hrD5hUYxzb1E_0035.wav,ध्यान दें कि servlet नेम greeting servlet है
/home/abdullahm/Shivam//blind_data/954326_dI6sOoo6pFXFhJSN_0005.wav,है आप इसे निःशुल्क इस site से download कर सकते हैं और audacity . sourcecode . net / download
/home/abdullahm/Shivam//blind_data/141425_wYQaKVNl7bh28u3u_0032.wav,हमारे पास user द्वारा इस समय उधार ली गयी किताबों की भी सूची है
/home/abdullahm/Shivam//blind_data/512580_oT2CzZaFTPoHj47K_0088.wav,sequence input output module का write function उपयोग करके sequences files लिखना
/home/abdullahm/Shivam//blind_data/731203_IfrROqMp8euBDI18_0110.wav,इस method में हम request में checkout attribute set करते हैं
/home/abdullahm/Shivam//blind_data/731203_IfrROqMp8euBDI18_0125.wav,हम इसके लिए code देखेंगे
/home/abdullahm/Shivam//blind_data/310356_u0sz1lTfmeW7wW5o_0041.wav,प्रायः आपको sequence के केवल एक भाग के लिए भी कार्य करने की ज़रुरत हो सकती
/home/abdullahm/Shivam//blind_data/443970_woduWyYl1wumm9Pt_0057.wav,फिर हम object को books list में जोड़ते हैं
/home/abdullahm/Shivam//blind_data/935529_oMCmIa1P3IAPKGyX_0117.wav,इसी तरह आप tool bar का उपयोग करके line polygon rectangle और text प्रविष्ट कर सकते हैं
/home/abdullahm/Shivam//blind_data/315424_dFWh8NolvyRPEZIi_0153.wav,किया जाता है हम initial equation के बारे में विस्तार से बाद में जानेंगे
/home/abdullahm/Shivam//blind_data/272044_2BqsQz87kAjMhCxB_0039.wav,पहले हमें get parameter method का उपयोग करके request से username और password मिलता है
/home/abdullahm/Shivam//blind_data/910325_DPCsWwNZgf4mmvwU_0023.wav,चीजों को सरल बनाने के लिए signal 1 को t चुनें जो समय दर्शाता है
/home/abdullahm/Shivam//blind_data/835472_QHretkXfg8wS2YKf_0106.wav,top इतना हल्का और छोटा होता है कि उसको आसानी से गोद में रखकर काम कर सकते हैं अथा
/home/abdullahm/Shivam//blind_data/930904_pauf66fOYFtqaQ0c_0127.wav,jsp बनाना
/home/abdullahm/Shivam//blind_data/935529_oMCmIa1P3IAPKGyX_0035.wav,एक dialogue box pop up प्रदर्शित होता है
/home/abdullahm/Shivam//blind_data/954326_dI6sOoo6pFXFhJSN_0029.wav,stereo tracks में बाई ओर एक single label area है तथा दाए तरफ दो wave forms है जोकि दो input channels है left channel तथा right channel एक
/home/abdullahm/Shivam//blind_data/329997_O89uJhZZDPErIcwv_0017.wav,field हैं इसके बदले में आप searchbar field पर सीधे जाने के लिए ctrl + k press कर सकते हैं
/home/abdullahm/Shivam//blind_data/443970_woduWyYl1wumm9Pt_0117.wav,spoken tutorial project पर अधिक जानने के लिए निम्न link पर उपलब्ध video देखें
/home/abdullahm/Shivam//blind_data/755386_f5DL5lLLcrAit2gw_0050.wav,चलिए अब देखते हैं कि कैसे logarithms सहित formulae लिखें चलिए
/home/abdullahm/Shivam//blind_data/401356_C9yyvF8oQKRK8txb_0061.wav,और screen पर प्रदर्शित factorial definition को दो conditional formula की तरह पुनः लिखें
/home/abdullahm/Shivam//blind_data/835472_QHretkXfg8wS2YKf_0125.wav,न मिलाने पर आप इसे download करके देख सकते हैं
/home/abdullahm/Shivam//blind_data/952555_b9A7hrD5hUYxzb1E_0102.wav,यूज़र चाहता है कि data की विषयवस्तु url में दिखाई दे
/home/abdullahm/Shivam//blind_data/954326_dI6sOoo6pFXFhJSN_0010.wav,फिर script को इस तरह से अनुवाद करे के हर एक वाक्य का narration time वही हो या उससे कम जो मूल script में उस वाक्य के लिए है
/home/abdullahm/Shivam//blind_data/543096_UwcQJEuG2r7AD8vq_0085.wav,उसका का उपयोग करने से नकारात्मक परिणाम हो सकते हैं
/home/abdullahm/Shivam//blind_data/935529_oMCmIa1P3IAPKGyX_0034.wav,circle के बगल में canvas पर right click करें properties चुनें
/home/abdullahm/Shivam//blind_data/401356_C9yyvF8oQKRK8txb_0032.wav,अब हम factorial functions लिखते हैं
/home/abdullahm/Shivam//blind_data/908920_LIkOEYXYEAz96aNv_0009.wav,यह बेहतर दृश्यता के लिए writer window को बढ़ाएगा
/home/abdullahm/Shivam//blind_data/764823_MO16YTQW1VD8AudW_0085.wav,spoken tutorial project talk to a teacher project का हिस्सा है यह भारत सरकार के mhrd के ict के माध्यम से राष्ट्रीय साक्षरता mission द्वारा समर्पित है इस mission पर अधिक जानकारी spoken tutorial . org / namict intro पर उपलब्ध है
/home/abdullahm/Shivam//blind_data/272044_2BqsQz87kAjMhCxB_0066.wav,अतः मैं username में abc और password में abc123 * type करता हूँ
/home/abdullahm/Shivam//blind_data/835472_QHretkXfg8wS2YKf_0000.wav,computers के spoken tutorial में आपका स्वागत है इस tutorial में
/home/abdullahm/Shivam//blind_data/437963_SWMxcnx8okhoHB4s_0116.wav,यहाँ हम mail के बारे में एक संक्षिप्त subject line type कर सकते हैं
/home/abdullahm/Shivam//blind_data/443970_woduWyYl1wumm9Pt_0071.wav,हम सारी issued books की list देखते हैं
/home/abdullahm/Shivam//blind_data/361930_TKM4DsRGN2zuNS6M_0058.wav,number click करें यह con
/home/abdullahm/Shivam//blind_data/835472_QHretkXfg8wS2YKf_0092.wav,power on button दबाएं और फिर सि
/home/abdullahm/Shivam//blind_data/764823_MO16YTQW1VD8AudW_0049.wav,हमारा printer सफलतापूर्वक computer से जुड़ गया है
/home/abdullahm/Shivam//blind_data/846118_m7mB9BC8FPflJgLI_0066.wav,ध्यान दें कि scrap book options dialog box grab and drag preferences dialog box से अलग है इसलिये
/home/abdullahm/Shivam//blind_data/835472_QHretkXfg8wS2YKf_0072.wav,आम तौर पर purple रंग का होता है आप mouse को
/home/abdullahm/Shivam//blind_data/443970_woduWyYl1wumm9Pt_0060.wav,अब हम list books . jsp पर आते हैं
/home/abdullahm/Shivam//blind_data/512580_oT2CzZaFTPoHj47K_0076.wav,ये अलगअलग genes fasta या कोई अन्य formats में save किये जा सकते हैं
/home/abdullahm/Shivam//blind_data/930904_pauf66fOYFtqaQ0c_0125.wav,web server और web container के बारे में
/home/abdullahm/Shivam//blind_data/310356_u0sz1lTfmeW7wW5o_0061.wav,variable dna 2 में नया sequence संचित करें
/home/abdullahm/Shivam//blind_data/935529_oMCmIa1P3IAPKGyX_0069.wav,मैं slides पर वापस जाती हूँ
/home/abdullahm/Shivam//blind_data/848297_1Ex3WEqCQ7VGfqIn_0045.wav,अब मैं timeline का layout यानी विन्यास समझाती हूँ
/home/abdullahm/Shivam//blind_data/935529_oMCmIa1P3IAPKGyX_0063.wav,left field को 15000 परिवर्तित करें ok पर click करें
/home/abdullahm/Shivam//blind_data/731203_IfrROqMp8euBDI18_0147.wav,यहाँ हमने available copies को 1 से बढ़ाया है
/home/abdullahm/Shivam//blind_data/172235_akeE0s3aKDyyCvEX_0067.wav,संक्षेप में
/home/abdullahm/Shivam//blind_data/452417_njTJ0H4xzGZHdznO_0079.wav,strand में बदलें coding strand के लिए उपरोक्त प्रदर्शित की तरह
/home/abdullahm/Shivam//blind_data/785686_o9IGdBMefgqASRUb_0051.wav,menu में सारी files स्वतः ही 30 दिन बाद google server से पूर्ण रूप से मिटा दी जाएँगी आपसे
/home/abdullahm/Shivam//blind_data/835472_QHretkXfg8wS2YKf_0033.wav,computer screen है जैसा हम इसे कहते हैं यह tv screen की
/home/abdullahm/Shivam//blind_data/618242_jN7JwubGvJhIkeYN_0035.wav,नया tab खोलें अब इस नये टैब window में अपना save किया हुआ page खोलें
/home/abdullahm/Shivam//blind_data/341424_s7qmM57nndNUBRi4_0120.wav,अब मैं hyperlink किये हुए text पर click करती हूँ
/home/abdullahm/Shivam//blind_data/935529_oMCmIa1P3IAPKGyX_0105.wav,fill pattern interior में भरे जाने वाले pattern को निर्दिष्ट करता है
/home/abdullahm/Shivam//blind_data/835472_QHretkXfg8wS2YKf_0111.wav,cd dvd reader writer और mike और
/home/abdullahm/Shivam//blind_data/145704_5CY9t6duxwVCK5NI_0060.wav,चलिए view menu से ele
/home/abdullahm/Shivam//blind_data/835472_QHretkXfg8wS2YKf_0105.wav,table और compact computers हैं एक lap
/home/abdullahm/Shivam//blind_data/310356_u0sz1lTfmeW7wW5o_0001.wav,इस tutorial में हम biopython tools उपयोग करेंगे एक यादृच्छिक dna sequence बनाने के लिए
/home/abdullahm/Shivam//blind_data/935529_oMCmIa1P3IAPKGyX_0079.wav,origin x ellipse के केंद्र का क्षैतिज निर्देशांक है
/home/abdullahm/Shivam//blind_data/715617_85MWWgmTkIhi4ZHP_0078.wav,फिर नीचे install now button पर click करें right
/home/abdullahm/Shivam//blind_data/835472_QHretkXfg8wS2YKf_0012.wav,अंदर सारे operations नियंत्रित करता है computer की basic
/home/abdullahm/Shivam//blind_data/443970_woduWyYl1wumm9Pt_0123.wav,अधिक जानकारी के लिए कृपया contact @ spoken tutorial . org पर लिखें
/home/abdullahm/Shivam//blind_data/755386_f5DL5lLLcrAit2gw_0065.wav,d squared y / dx squared = d / dx of dyy dx आरोह कू
/home/abdullahm/Shivam//blind_data/910325_DPCsWwNZgf4mmvwU_0061.wav,यह statement miso block को अपने स्थान से modelica library में प्राप्त करने के लिए प्रयोग किया जाता है
/home/abdullahm/Shivam//blind_data/731203_IfrROqMp8euBDI18_0104.wav,यहाँ हम book id username और return date को checkout table में संचित करते हैं
/home/abdullahm/Shivam//blind_data/908920_LIkOEYXYEAz96aNv_0052.wav,और mark up है square root of b squared - 4 ac कोष्ठकों में
/home/abdullahm/Shivam//blind_data/908920_LIkOEYXYEAz96aNv_0000.wav,libre office math पर spoken tutorial में आपका स्वागत है
/home/abdullahm/Shivam//blind_data/334157_201xLiqOYAgU2d7a_0008.wav,e aiff sun au next
/home/abdullahm/Shivam//blind_data/981154_ph1l8Eyc0Sf6TsiC_0025.wav,में है उदाहरण के लिए जब आप एक shopping
/home/abdullahm/Shivam//blind_data/930904_pauf66fOYFtqaQ0c_0022.wav,ide के बायीं तरफ projects tab पर click करें
/home/abdullahm/Shivam//blind_data/272044_2BqsQz87kAjMhCxB_0165.wav,यहाँ भी हमने पहले user . java import किया
/home/abdullahm/Shivam//blind_data/715617_85MWWgmTkIhi4ZHP_0005.wav,record किया गया है शुरू करने से पहले कृपया सुनिश्चित करें कि आप intern
/home/abdullahm/Shivam//blind_data/452417_njTJ0H4xzGZHdznO_0085.wav,python की महत्वपूर्वक विशेषताएं linux os पर download और संस्थापन से सम्बंधित
/home/abdullahm/Shivam//blind_data/310356_u0sz1lTfmeW7wW5o_0004.wav,जोडने मै याने की श्रेणीबध्द करने में sequence की लम्बाई ज्ञात
/home/abdullahm/Shivam//blind_data/443970_woduWyYl1wumm9Pt_0090.wav,code देखने के लिए ide पर वापस आते हैं
/home/abdullahm/Shivam//blind_data/341424_s7qmM57nndNUBRi4_0149.wav,अब हम एक एक करके दोबारा जाँचते हैं
/home/abdullahm/Shivam//blind_data/930904_pauf66fOYFtqaQ0c_0113.wav,और finish पर click करें
/home/abdullahm/Shivam//blind_data/341424_s7qmM57nndNUBRi4_0179.wav,दिए गए link पर उपलब्ध video spoken tutorial project को सारांशित करता है
/home/abdullahm/Shivam//blind_data/315424_dFWh8NolvyRPEZIi_0019.wav,इस window को welcome perspective नाम से जाना जाता है
/home/abdullahm/Shivam//blind_data/437963_SWMxcnx8okhoHB4s_0093.wav,अगर हमारा internet धीमा है तो हम load basic html पर click कर सकते हैं
/home/abdullahm/Shivam//blind_data/848297_1Ex3WEqCQ7VGfqIn_0095.wav,अतः अपने video को edit करने के लिए windows movie maker की इन विशेषताओं का उपयोग करें
/home/abdullahm/Shivam//blind_data/334157_201xLiqOYAgU2d7a_0058.wav,audio के एक हिस्से को दूसरे भाग तक ले जाने के लिए audio का वह भाग चुनें जो ले जाने की ज़रुरत है उसे left click करें drag करें और फिर छोड़ें फिर keyboard shortcut ctrl x प्रयोग करके उस भाग को cut करें
/home/abdullahm/Shivam//blind_data/755386_f5DL5lLLcrAit2gw_0078.wav,spoken tutorial project talk to a teacher project का हिस्सा है
/home/abdullahm/Shivam//blind_data/908920_LIkOEYXYEAz96aNv_0025.wav,formula के संचालन के क्रम की जानकारी नहीं होती है
/home/abdullahm/Shivam//blind_data/731203_IfrROqMp8euBDI18_0146.wav,अब इस method पर आते हैं
/home/abdullahm/Shivam//blind_data/935529_oMCmIa1P3IAPKGyX_0004.wav,आप इस tutorial का अभ्यास करने के लिए निम्नलिखित operating systems में से किसी एक का उपयोग कर सकते हैं linux windows mac os x या arm पर fossee os
/home/abdullahm/Shivam//blind_data/785686_o9IGdBMefgqASRUb_0145.wav,अमानिये कि दोनों users ने share किये हुए document में कुछ संशोधन किये हैं जब हम
/home/abdullahm/Shivam//blind_data/272044_2BqsQz87kAjMhCxB_0083.wav,हमने पहले ही देखा है कि request dispatcher को उपयोग करके अन्य page पर कैसे जाना हैं
/home/abdullahm/Shivam//blind_data/329997_O89uJhZZDPErIcwv_0058.wav,हम देख सकते हैं कि search किए text के सारे उदाहरण contents क्षेत्र में चिह्नांकित हो गये हैं mozilla firefox
/home/abdullahm/Shivam//blind_data/334157_201xLiqOYAgU2d7a_0050.wav,इसको करने का दूसरा तरीका है tracks edit labels पर जाएँ
/home/abdullahm/Shivam//blind_data/910325_DPCsWwNZgf4mmvwU_0005.wav,आप निम्न में से किसी भी operating system का उपयोग कर सकते हैं
/home/abdullahm/Shivam//blind_data/764823_MO16YTQW1VD8AudW_0022.wav,अब हम अपने computer का उपयोग printer को configure यानि स्थापित करने में करते हैं
/home/abdullahm/Shivam//blind_data/952555_b9A7hrD5hUYxzb1E_0087.wav,आप अभी इस code को देख सकते हैं
/home/abdullahm/Shivam//blind_data/512580_oT2CzZaFTPoHj47K_0035.wav,enter दबाएं
/home/abdullahm/Shivam//blind_data/846118_m7mB9BC8FPflJgLI_0037.wav,जब आप mozilla firefox restart करेंगे
/home/abdullahm/Shivam//blind_data/315424_dFWh8NolvyRPEZIi_0042.wav,text view पर जाने के लिए इस पर click करें
/home/abdullahm/Shivam//blind_data/755386_f5DL5lLLcrAit2gw_0070.wav,double integral from t of 2 sin x – 3 y cubed + 5 dx dy
/home/abdullahm/Shivam//blind_data/443970_woduWyYl1wumm9Pt_0038.wav,फिर submit button पर click करते हैं
/home/abdullahm/Shivam//blind_data/755386_f5DL5lLLcrAit2gw_0060.wav,natural log dam of t = to integral of 1 by x tx from 1 to t
/home/abdullahm/Shivam//blind_data/981154_ph1l8Eyc0Sf6TsiC_0136.wav,हमसे जुड़ने
/home/abdullahm/Shivam//blind_data/341424_s7qmM57nndNUBRi4_0032.wav,इस विकल्प में to और cc वाले प्राप्तकर्ता bcc में जोड़े हुए प्राप्तकर्ताओं को नहीं देख सकते
/home/abdullahm/Shivam//blind_data/930904_pauf66fOYFtqaQ0c_0054.wav,अतः हमारे पास दो methods doget और dopost बचे हैं
/home/abdullahm/Shivam//blind_data/785686_o9IGdBMefgqASRUb_0144.wav,document को बंद करें
/home/abdullahm/Shivam//blind_data/341424_s7qmM57nndNUBRi4_0114.wav,text to display क्षेत्र में वो text type करें जो आप link की तरह
/home/abdullahm/Shivam//blind_data/952555_b9A7hrD5hUYxzb1E_0053.wav,आगे हम form data parameters को पुनः प्राप्त करेंगे
/home/abdullahm/Shivam//blind_data/341424_s7qmM57nndNUBRi4_0051.wav,gmail हमारे email के ढाँचे में text पर बुनियादी formatting करने की सुविधा देता है
/home/abdullahm/Shivam//blind_data/272044_2BqsQz87kAjMhCxB_0063.wav,यहाँ हम success message you have successfully logged in प्रदर्शित कर रहे हैं
/home/abdullahm/Shivam//blind_data/443970_woduWyYl1wumm9Pt_0078.wav,steps वैसी ही हैं जैसे हमने list books के लिए देखी थी
/home/abdullahm/Shivam//blind_data/443970_woduWyYl1wumm9Pt_0065.wav,यहाँ हम book की book id दर्शाते हैं
/home/abdullahm/Shivam//blind_data/315424_dFWh8NolvyRPEZIi_0107.wav,unit column variables की units को निर्दिष्ट करता है जैसे कि unit विशेषता का उपयोग कर परिभाषित किया गया है
/home/abdullahm/Shivam//blind_data/135893_9lNAZMRfDfuCN6XC_0009.wav,python interpretor version 2 . 3 . 0 py
/home/abdullahm/Shivam//blind_data/785686_o9IGdBMefgqASRUb_0090.wav,नया document बनाने के लिए new button पर click करें और google docs विकल्प चुनें
/home/abdullahm/Shivam//blind_data/618242_jN7JwubGvJhIkeYN_0067.wav,जिसे भारत सरकार के mhrd मंत्रालय के राष्ट्रीय साक्षरता mission ने ict के माध्यम से समर्थित किया है
/home/abdullahm/Shivam//blind_data/952555_b9A7hrD5hUYxzb1E_0007.wav,ubuntu version 12 . 04
/home/abdullahm/Shivam//blind_data/272044_2BqsQz87kAjMhCxB_0115.wav,registration page में सारी fields type करें
/home/abdullahm/Shivam//blind_data/334157_201xLiqOYAgU2d7a_0045.wav,क्रमागत ctrl b उसी track पर नए labels खोलेगा
/home/abdullahm/Shivam//blind_data/543096_UwcQJEuG2r7AD8vq_0059.wav,personas + अधिक नियंत्रण देने के लिए
/home/abdullahm/Shivam//blind_data/310356_u0sz1lTfmeW7wW5o_0028.wav,करें उस command को variable dna 1 में संचित करें
/home/abdullahm/Shivam//blind_data/309014_gqEOe0kgNRGLHZph_0063.wav,search box में type कर सकते हैं यह फिर उसे खोजने के लिये history मे ढूँढेंगा
/home/abdullahm/Shivam//blind_data/437963_SWMxcnx8okhoHB4s_0061.wav,location dropdown में default रूप से देश जिसमें आप रहते हैं दिखाया गया है
/home/abdullahm/Shivam//blind_data/543096_UwcQJEuG2r7AD8vq_0026.wav,continue to download button पर click करें
/home/abdullahm/Shivam//blind_data/329997_O89uJhZZDPErIcwv_0063.wav,खुला करने की कोशिश कर रहा है यह gma से शुरू होने वाली websites की एक dropdown सूची खोल
/home/abdullahm/Shivam//blind_data/315424_dFWh8NolvyRPEZIi_0057.wav,अब आप यहाँ आवश्यक जानकारी type कर सकते हैं और इस class को save करें
/home/abdullahm/Shivam//blind_data/662689_mndbMoheJbWHzF8b_0101.wav,उन्होंने इस विषय वस्तु की पुष्टि भी की है मैं यह सोराबात
/home/abdullahm/Shivam//blind_data/618242_jN7JwubGvJhIkeYN_0018.wav,कर के भी नया tab खोल सकते हैं इसके लिए shortcut keys हैं
/home/abdullahm/Shivam//blind_data/135893_9lNAZMRfDfuCN6XC_0004.wav,इस tutorial के अनुसरण के लिए आपको स्नातक स्तर की biochemistry या bioinformatics और कोई
/home/abdullahm/Shivam//blind_data/952555_b9A7hrD5hUYxzb1E_0084.wav,अब println statement को hello from post method से बदलें
/home/abdullahm/Shivam//blind_data/272044_2BqsQz87kAjMhCxB_0084.wav,दें कि exception के अवस्था का संचलन करने के लिए हमने इस code को try catch block में सम्मिलित कर
/home/abdullahm/Shivam//blind_data/341424_s7qmM57nndNUBRi4_0172.wav,इस tutorial में हमने सीखा
/home/abdullahm/Shivam//blind_data/981154_ph1l8Eyc0Sf6TsiC_0034.wav,अब address bar में email tag
/home/abdullahm/Shivam//blind_data/334157_201xLiqOYAgU2d7a_0018.wav,अपनी file को नाम दें यहाँ मैं editing in audacity type
/home/abdullahm/Shivam//blind_data/715617_85MWWgmTkIhi4ZHP_0052.wav,नीचे create button पर click करें
/home/abdullahm/Shivam//blind_data/272044_2BqsQz87kAjMhCxB_0125.wav,व्यक्तिगत attributes के साथ user model के instance की तरह हम variable user को initialize करते हैं
/home/abdullahm/Shivam//blind_data/785686_o9IGdBMefgqASRUb_0075.wav,तरह हम folder upload विकल्प प्रयोग करके drive पर एक folder upload कर सकते हैं यह
/home/abdullahm/Shivam//blind_data/512580_oT2CzZaFTPoHj47K_0047.wav,मैं आपको चेतावनी
/home/abdullahm/Shivam//blind_data/715617_85MWWgmTkIhi4ZHP_0058.wav,default रूप से virtual machine power off mode में होगी
/home/abdullahm/Shivam//blind_data/848297_1Ex3WEqCQ7VGfqIn_0007.wav,सबसे ऊपर शीर्ष पर आप main menu देखेंगे
/home/abdullahm/Shivam//blind_data/141425_wYQaKVNl7bh28u3u_0039.wav,यहाँ हम library में उपलब्ध सारी किताबों की सूची प्राप्त कर सकते हैं
/home/abdullahm/Shivam//blind_data/731203_IfrROqMp8euBDI18_0020.wav,अब ide पर आते हैं
/home/abdullahm/Shivam//blind_data/329997_O89uJhZZDPErIcwv_0001.wav,आपका स्वागत है इस tutorial में हम सीखेंगे कि कैसे search इस्तेमाल करें search engine को नियंत्रित करें find bar का इस्तेमाल
/home/abdullahm/Shivam//blind_data/443970_woduWyYl1wumm9Pt_0052.wav,आगे हम books की जानकारी संचित करने के लिए arraylist बनाते हैं
/home/abdullahm/Shivam//blind_data/755386_f5DL5lLLcrAit2gw_0014.wav,हमें curly कोष्ठकों का इस्तेमाल करना होगा जब हम mark up partial इस्तेमाल करेंगे
/home/abdullahm/Shivam//blind_data/981154_ph1l8Eyc0Sf6TsiC_0127.wav,यह spoken tutorial project को सारांशित करता है
/home/abdullahm/Shivam//blind_data/543096_UwcQJEuG2r7AD8vq_0019.wav,प्रदर्शित होंगी यहाँ
/home/abdullahm/Shivam//blind_data/910325_DPCsWwNZgf4mmvwU_0012.wav,एक block class में variables का सही कारण होना चाहिए या तो input या output
/home/abdullahm/Shivam//blind_data/908920_LIkOEYXYEAz96aNv_0012.wav,हम प्रतिशत चिह्न के आगे अंग्रेजी में character का name इस्तेमाल करके इन्हें सीधे लिख सकते हैं
/home/abdullahm/Shivam//blind_data/315424_dFWh8NolvyRPEZIi_0029.wav,इस class को खोलने के लिए menu bar में file मैन्यू पर जाएँ
/home/abdullahm/Shivam//blind_data/952555_b9A7hrD5hUYxzb1E_0016.wav,सम्बंधित tutorials के लिए कृपया हमारी website पर जाएँ
/home/abdullahm/Shivam//blind_data/145704_5CY9t6duxwVCK5NI_0078.wav,और चिह्नों के बीच में अधिक रिक्त स्थान दीजिये
/home/abdullahm/Shivam//blind_data/512580_oT2CzZaFTPoHj47K_0028.wav,from bio . seq module import seq class
/home/abdullahm/Shivam//blind_data/785686_o9IGdBMefgqASRUb_0110.wav,एक बार फिर हम my drive में हैं और हम यहाँ अपनी file देख सकते हैं इस
/home/abdullahm/Shivam//blind_data/334157_201xLiqOYAgU2d7a_0027.wav,वैकल्पिक रूप से बाएं कोने पर जो x है उसे click करके tracks हटायें
/home/abdullahm/Shivam//blind_data/910325_DPCsWwNZgf4mmvwU_0081.wav,यह input के रूप में array लेता है और इसके elements का योग देता है
/home/abdullahm/Shivam//blind_data/910325_DPCsWwNZgf4mmvwU_0016.wav,वे model input और output signal के लिए उपयोग किये जाते हैं
/home/abdullahm/Shivam//blind_data/731203_IfrROqMp8euBDI18_0085.wav,यदि book id होती है तो variable book already issued को 1 set करें
/home/abdullahm/Shivam//blind_data/334157_201xLiqOYAgU2d7a_0056.wav,slow किया जा सकता है अनचाही आवाज़ें जैसे हकलाने और खाँसी की जो बोलने के दोहराये हुए के और लम्बी ख़ामोशी के साथ नहीं आती उनको मिटाया जा सकता है
/home/abdullahm/Shivam//blind_data/910325_DPCsWwNZgf4mmvwU_0040.wav,main नामक class बनाएँ
/home/abdullahm/Shivam//blind_data/662689_mndbMoheJbWHzF8b_0095.wav,वालों को प्रमाणपत्र भी देते हैं अधिक जानकारी के
/home/abdullahm/Shivam//blind_data/309014_gqEOe0kgNRGLHZph_0086.wav,लिखें spoken tutorial talk to a teacher project का हिस्सा है
/home/abdullahm/Shivam//blind_data/846118_m7mB9BC8FPflJgLI_0027.wav,स्थापित कर सकते हैं अब हम नया addon grab and drag
/home/abdullahm/Shivam//blind_data/361930_TKM4DsRGN2zuNS6M_0019.wav,ने कि gmail login page homepage है
/home/abdullahm/Shivam//blind_data/401356_C9yyvF8oQKRK8txb_0078.wav,अंततः यहाँ आपके लिए एक नियत कार्य है writer document का उपयोग करें
/home/abdullahm/Shivam//blind_data/452417_njTJ0H4xzGZHdznO_0076.wav,biopython में transcribe method केवल coding dna strand पर कार्य करता
/home/abdullahm/Shivam//blind_data/443970_woduWyYl1wumm9Pt_0102.wav,यह जानकारी रखती है जैसे transaction id user name book id और return date
/home/abdullahm/Shivam//blind_data/443970_woduWyYl1wumm9Pt_0025.wav,अब browser पर आते हैं
/home/abdullahm/Shivam//blind_data/981154_ph1l8Eyc0Sf6TsiC_0044.wav,bookmarks को folder में save नहीं किया है और हमारे द्वारा बनाए bookma
/home/abdullahm/Shivam//blind_data/618242_jN7JwubGvJhIkeYN_0057.wav,search engine को bing में बदलें
/home/abdullahm/Shivam//blind_data/618242_jN7JwubGvJhIkeYN_0007.wav,को cover कर लेता है जब प्रदर्शित होता है या खुले browser window का लगातार आकार बदलने और खिसकाने की आवश्यक
/home/abdullahm/Shivam//blind_data/543096_UwcQJEuG2r7AD8vq_0069.wav,आपको सतर्क करने के लिए ऊपर एक notification bar दिखाई देता है कि नई theme संस्थापित हो gi है
/home/abdullahm/Shivam//blind_data/361930_TKM4DsRGN2zuNS6M_0052.wav,दायें होती हैं sync panel आपके firefox sync account का
/home/abdullahm/Shivam//blind_data/755386_f5DL5lLLcrAit2gw_0054.wav,और font को 18 . तक बदल दें
/home/abdullahm/Shivam//blind_data/731203_IfrROqMp8euBDI18_0132.wav,हम total copies और available copies को tot copies और avail copies में संचित करते हैं
/home/abdullahm/Shivam//blind_data/512580_oT2CzZaFTPoHj47K_0084.wav,sort किये हुए sequences के साथ नयी file आपके home folder में sorted _ hemoglobin . fasta से save की जाएगी
/home/abdullahm/Shivam//blind_data/785686_o9IGdBMefgqASRUb_0160.wav,देख सकते हैं कि 0808 i am becky ने कुछ बदलाव किये और यह अलग रंग में दिखता है हम
/home/abdullahm/Shivam//blind_data/401356_C9yyvF8oQKRK8txb_0009.wav,आगे जाने से पहले font size 18 . तक बढ़ाएं
/home/abdullahm/Shivam//blind_data/272044_2BqsQz87kAjMhCxB_0074.wav,पहले हमने error messages की सूची को initialize किया है
/home/abdullahm/Shivam//blind_data/930904_pauf66fOYFtqaQ0c_0025.wav,अब इस project के अंदर एक सरल servlet बनाते हैं
/home/abdullahm/Shivam//blind_data/662689_mndbMoheJbWHzF8b_0061.wav,कि जब हम project run करते हैं तो web application दिखाया हुआ page प्रस्तुत करती है अब यह
/home/abdullahm/Shivam//blind_data/309014_gqEOe0kgNRGLHZph_0067.wav,ge आता है sidebar के ऊपरी दाएँ कोने में छोटे x पर click करके sidebar हटा सकते हैं चलिए अब देखते हैं status bar
/home/abdullahm/Shivam//blind_data/329997_O89uJhZZDPErIcwv_0039.wav,box को बंद करने के लिए ok पर click करिये
/home/abdullahm/Shivam//blind_data/935529_oMCmIa1P3IAPKGyX_0012.wav,अब icon and diagram annotations के syntax को समझने का प्रयास करें
/home/abdullahm/Shivam//blind_data/731203_IfrROqMp8euBDI18_0119.wav,फिर return book पर click करें
/home/abdullahm/Shivam//blind_data/846118_m7mB9BC8FPflJgLI_0028.wav,संस्थापित करेंगे सबसे पहले ऊपर से दाएँ कोने में स्थित search bar में grab and drag type करें enter दबाएँ
/home/abdullahm/Shivam//blind_data/764823_MO16YTQW1VD8AudW_0086.wav,इस tutorial को देखने के लिए धन्यवाद
/home/abdullahm/Shivam//blind_data/443970_woduWyYl1wumm9Pt_0051.wav,हम books table से books निकालने की query को निष्पादित करते हैं
/home/abdullahm/Shivam//blind_data/334157_201xLiqOYAgU2d7a_0042.wav,वैकल्पिक रूप से . पर click करें
/home/abdullahm/Shivam//blind_data/764823_MO16YTQW1VD8AudW_0076.wav,printer को computer से जोड़ना
/home/abdullahm/Shivam//blind_data/848297_1Ex3WEqCQ7VGfqIn_0067.wav,मैं वापस इस पर जाउंगी जिससे आप इसे देख सकें अब मैं इस पर click करके इसे चुनूँगी और keyboard पर delete button दबाऊँगी
/home/abdullahm/Shivam//blind_data/329997_O89uJhZZDPErIcwv_0031.wav,ध्यान दीजिये की परिणाम पिछली बार से थोड़े अलग हैं सबसे उपर
/home/abdullahm/Shivam//blind_data/715617_85MWWgmTkIhi4ZHP_0033.wav,चूंकि unit mb में है मैं text box में 4048 type करूंगी यह इस
/home/abdullahm/Shivam//blind_data/135893_9lNAZMRfDfuCN6XC_0069.wav,समान steps genbank file की parsing के लिए दोहराई जा सकती हैं
/home/abdullahm/Shivam//blind_data/785686_o9IGdBMefgqASRUb_0137.wav,ते हैं मैं type करुँगी please find attached a document for testing purpose kindly modify or suggest as per the permission given to you thanks hare
/home/abdullahm/Shivam//blind_data/172235_akeE0s3aKDyyCvEX_0070.wav,नियत कार्य में अपनी पसंद के port in sequence के लिए blast search run करें
/home/abdullahm/Shivam//blind_data/935529_oMCmIa1P3IAPKGyX_0098.wav,अब fill pattern dropdown menu पर click करें
/home/abdullahm/Shivam//blind_data/930904_pauf66fOYFtqaQ0c_0081.wav,यहाँ my first project context name है और my servlet path url pattern है जो हमने set किया था
/home/abdullahm/Shivam//blind_data/334157_201xLiqOYAgU2d7a_0010.wav,mp3 ogg vorbis
/home/abdullahm/Shivam//blind_data/145704_5CY9t6duxwVCK5NI_0080.wav,संक्षेप में हमने निम्न विषय सीखे
/home/abdullahm/Shivam//blind_data/309014_gqEOe0kgNRGLHZph_0013.wav,page को zoom करते हैं या तो ctrl + + + press कर सकते
/home/abdullahm/Shivam//blind_data/135893_9lNAZMRfDfuCN6XC_0052.wav,ctrl alt और t keys दबाकर terminal खोलें from
/home/abdullahm/Shivam//blind_data/361930_TKM4DsRGN2zuNS6M_0021.wav,edit और preferences पर click करें
/home/abdullahm/Shivam//blind_data/315424_dFWh8NolvyRPEZIi_0073.wav,start विशेषता variable के आरंभिक value को निर्दिष्ट करता है
/home/abdullahm/Shivam//blind_data/835472_QHretkXfg8wS2YKf_0096.wav,computer की central processing unit के बारे में computer की
/home/abdullahm/Shivam//blind_data/935529_oMCmIa1P3IAPKGyX_0028.wav,बेहतर दृश्यता के लिए मैं om edit window को बाईं ओर स्थानांतरित करती हूँ
/home/abdullahm/Shivam//blind_data/512580_oT2CzZaFTPoHj47K_0012.wav,ipython interpretor version 2 . 3 . 0 और biopython version 1 . 64
/home/abdullahm/Shivam//blind_data/145704_5CY9t6duxwVCK5NI_0018.wav,अतः हम type करेंगे 1 x > than = to y new line enter press करें
/home/abdullahm/Shivam//blind_data/731203_IfrROqMp8euBDI18_0049.wav,अब browser पर वापस आते हैं
/home/abdullahm/Shivam//blind_data/512580_oT2CzZaFTPoHj47K_0057.wav,मेरे home folder से एक genbank file lan
/home/abdullahm/Shivam//blind_data/785686_o9IGdBMefgqASRUb_0152.wav,और यहाँ हम resolve button देख सकते हैं can edit
/home/abdullahm/Shivam//blind_data/452417_njTJ0H4xzGZHdznO_0039.wav,इसमें निम्न steps होते हैं
/home/abdullahm/Shivam//blind_data/954326_dI6sOoo6pFXFhJSN_0017.wav,menu आप कई विकल्प याने options देख सकते है जैसे के file edit view transport tracks इत्यादि
/home/abdullahm/Shivam//blind_data/452417_njTJ0H4xzGZHdznO_0080.wav,code का अनुसरण करें biopython में methods उपयोग करके हमने dna sequence को protein sequence पर trans
/home/abdullahm/Shivam//blind_data/930904_pauf66fOYFtqaQ0c_0078.wav,ok पर click करें
/home/abdullahm/Shivam//blind_data/329997_O89uJhZZDPErIcwv_0056.wav,previous पर click करने से शब्द के पिछले उदाहरण पर ध्यान चला जाएगा
/home/abdullahm/Shivam//blind_data/443970_woduWyYl1wumm9Pt_0040.wav,इसमें सारी जानकारी जैसे book id bookname author name isbn publisher total copies और available copies है
/home/abdullahm/Shivam//blind_data/361930_TKM4DsRGN2zuNS6M_0050.wav,आपकी गोपनीयता अब पूरी तरह से सुरक्षित
/home/abdullahm/Shivam//blind_data/543096_UwcQJEuG2r7AD8vq_0070.wav,notification bar के दाएँ तरफ छोटे cross चिह्न पर click करें
/home/abdullahm/Shivam//blind_data/785686_o9IGdBMefgqASRUb_0019.wav,नयी टैब में google drive page खोलेगा पेज
/home/abdullahm/Shivam//blind_data/618242_jN7JwubGvJhIkeYN_0044.wav,edit और preference
/home/abdullahm/Shivam//blind_data/952555_b9A7hrD5hUYxzb1E_0026.wav,यहाँ आप code पर एक नज़र डाल सकते हैं
/home/abdullahm/Shivam//blind_data/715617_85MWWgmTkIhi4ZHP_0030.wav,के नीचे next button पर click करें
/home/abdullahm/Shivam//blind_data/309014_gqEOe0kgNRGLHZph_0081.wav,project को सारांशित करता है
/home/abdullahm/Shivam//blind_data/731203_IfrROqMp8euBDI18_0021.wav,हम देख सकते हैं admin section . jsp में दो अन्य radio buttons हैं
/home/abdullahm/Shivam//blind_data/172235_akeE0s3aKDyyCvEX_0019.wav,ctrl alt और t keys एकसाथ दबाकर terminal खोलें
/home/abdullahm/Shivam//blind_data/135893_9lNAZMRfDfuCN6XC_0027.wav,screen पर एक dialog box दिखता है
/home/abdullahm/Shivam//blind_data/334157_201xLiqOYAgU2d7a_0094.wav,निम्न link पर उपलब्ध video देखें
/home/abdullahm/Shivam//blind_data/908920_LIkOEYXYEAz96aNv_0077.wav,द्वारा संचालित है इस mission पर अधिक जानकारी के लिए उपलब्ध link पर संपर्क
/home/abdullahm/Shivam//blind_data/910325_DPCsWwNZgf4mmvwU_0078.wav,अब sum block पर वापस जाएँ और जहां से हमने छोड़ा था वहां से शुरू करें
/home/abdullahm/Shivam//blind_data/310356_u0sz1lTfmeW7wW5o_0102.wav,biopython tools उपयोग करके gc % और sequence के molecular weight यानि आणविक भार की ने
/home/abdullahm/Shivam//blind_data/145704_5CY9t6duxwVCK5NI_0027.wav,4 sum a _ n new line enter press करें
/home/abdullahm/Shivam//blind_data/731203_IfrROqMp8euBDI18_0074.wav,from integer variable user exists को 0 से initialize करते हैं
/home/abdullahm/Shivam//blind_data/272044_2BqsQz87kAjMhCxB_0090.wav,इसमें java code है जो हर बार निष्पादित होता है जब jsp का उपयोग किया जाता है
/home/abdullahm/Shivam//blind_data/935529_oMCmIa1P3IAPKGyX_0091.wav,इसे 0 . 5 unit में बदलें
/home/abdullahm/Shivam//blind_data/952555_b9A7hrD5hUYxzb1E_0116.wav,यदि आपके पास अच्छी bandwidth नहीं है तो आप इसे download करके भी देख सकते हैं
/home/abdullahm/Shivam//blind_data/731203_IfrROqMp8euBDI18_0169.wav,यह भारत सरकार के mhrd के ict के माध्यम से राष्ट्रीय साक्षरता mission द्वारा
/home/abdullahm/Shivam//blind_data/731203_IfrROqMp8euBDI18_0157.wav,अतः इस tutorial में हमने सीखा
/home/abdullahm/Shivam//blind_data/755386_f5DL5lLLcrAit2gw_0004.wav,अब लिखिए derivatives and differential equations और enter button दो बार press करें
/home/abdullahm/Shivam//blind_data/930904_pauf66fOYFtqaQ0c_0037.wav,फिर finish पर click करें
/home/abdullahm/Shivam//blind_data/341424_s7qmM57nndNUBRi4_0151.wav,और यहाँ url link है
/home/abdullahm/Shivam//blind_data/715617_85MWWgmTkIhi4ZHP_0045.wav,आगे बढ़ने के लिए next button पर click करें
/home/abdullahm/Shivam//blind_data/618242_jN7JwubGvJhIkeYN_0059.wav,history of email or ray tomlinson link को save करें और एक offline document के रूप में देखने के लिए इसे नये टtab में save करें
/home/abdullahm/Shivam//blind_data/443970_woduWyYl1wumm9Pt_0073.wav,मैं ide पर वापस आऊँगा
/home/abdullahm/Shivam//blind_data/452417_njTJ0H4xzGZHdznO_0069.wav,आगे इस mrna को सम्बंधित protein sequence पर translate करने के लिए translate method उपयोग करें
/home/abdullahm/Shivam//blind_data/731203_IfrROqMp8euBDI18_0155.wav,हम देख सकते हैं हमारे पास visitors home page नामक एक link है
/home/abdullahm/Shivam//blind_data/272044_2BqsQz87kAjMhCxB_0046.wav,हम जांचते हैं कि username और password वही हैं जिसे form में प्रविष्ट किये गए हैं
/home/abdullahm/Shivam//blind_data/662689_mndbMoheJbWHzF8b_0039.wav,तक map करता है जिसे अनुरोध का संचलन करना है deploy
/home/abdullahm/Shivam//blind_data/272044_2BqsQz87kAjMhCxB_0151.wav,ide पर वापस आते हैं
/home/abdullahm/Shivam//blind_data/272044_2BqsQz87kAjMhCxB_0033.wav,फिर sign in पर click करें
/home/abdullahm/Shivam//blind_data/341424_s7qmM57nndNUBRi4_0062.wav,सारे mail में files को attachment की तरह भेजने की सुविधा होती है
/home/abdullahm/Shivam//blind_data/755386_f5DL5lLLcrAit2gw_0042.wav,अगला एक उदाहरण दोहरा integral formula आयतफलकी का घनफल यानि cuboid का volume हल करने के लिए लिखते हैं
/home/abdullahm/Shivam//blind_data/785686_o9IGdBMefgqASRUb_0060.wav,folder विकल्प प्रयोग करके एक folder बना सकते हैं
/home/abdullahm/Shivam//blind_data/452417_njTJ0H4xzGZHdznO_0018.wav,होता है यह sequence पर सामान्य operations करने के लिए tools रखता है
/home/abdullahm/Shivam//blind_data/618242_jN7JwubGvJhIkeYN_0062.wav,यदि आपके पास अच्छा bandwidth नहीं है तो आप इसे download करके देख सकते हैं
/home/abdullahm/Shivam//blind_data/952555_b9A7hrD5hUYxzb1E_0024.wav,हम इसका title home page रखते हैं
/home/abdullahm/Shivam//blind_data/848297_1Ex3WEqCQ7VGfqIn_0008.wav,जैसेजैसे हम आगे बढ़ेंगे तो हम देखेंगे कि यह अनेक विकल्प रखता है
/home/abdullahm/Shivam//blind_data/172235_akeE0s3aKDyyCvEX_0036.wav,वापस आएं हमारा query sequence nucleotide है या protein sequence है इस आधार पर हमें उपयुक्त blast program उप
/home/abdullahm/Shivam//blind_data/401356_C9yyvF8oQKRK8txb_0008.wav,अब math को call करते हैं
/home/abdullahm/Shivam//blind_data/145704_5CY9t6duxwVCK5NI_0083.wav,यह project
/home/abdullahm/Shivam//blind_data/952555_b9A7hrD5hUYxzb1E_0015.wav,java servlets के basics और jsp यदी नही तो
/home/abdullahm/Shivam//blind_data/952555_b9A7hrD5hUYxzb1E_0058.wav,अतः अगली line पर type करें string space password = request . get parameter ( double ' ;
/home/abdullahm/Shivam//blind_data/141425_wYQaKVNl7bh28u3u_0019.wav,दिखाता हूँ इसके लिए मैं netbeans ide खोलूंगा यह हमारे पास
/home/abdullahm/Shivam//blind_data/543096_UwcQJEuG2r7AD8vq_0035.wav,जब यह restart होता है नई themes लागू होती हैं
/home/abdullahm/Shivam//blind_data/272044_2BqsQz87kAjMhCxB_0097.wav,database में user को जोड़ने से पहले हमें user table के लिए एक model बनाना पड़ता है
/home/abdullahm/Shivam//blind_data/935529_oMCmIa1P3IAPKGyX_0139.wav,हम लोकप्रिय पुस्तकों के हल उदाहरणों के coding का समन्वय करते हैं कृपया दिखाए गए website पर जाएँ
/home/abdullahm/Shivam//blind_data/981154_ph1l8Eyc0Sf6TsiC_0032.wav,यहाँ my gmail page bookmark
/home/abdullahm/Shivam//blind_data/272044_2BqsQz87kAjMhCxB_0118.wav,हमें your request to add harshita was successful message मिलता है
/home/abdullahm/Shivam//blind_data/764823_MO16YTQW1VD8AudW_0044.wav,यह ( में recommended की तरह दर्शाया गया है
/home/abdullahm/Shivam//blind_data/309014_gqEOe0kgNRGLHZph_0016.wav,out पर click करे default रूप से firefox एक homepage प्रदर्शित
/home/abdullahm/Shivam//blind_data/930904_pauf66fOYFtqaQ0c_0124.wav,इस tutorial में हमने निम्न सीखा
/home/abdullahm/Shivam//blind_data/835472_QHretkXfg8wS2YKf_0086.wav,jacks देखते हैं गुलाबी रंग का po
/home/abdullahm/Shivam//blind_data/764823_MO16YTQW1VD8AudW_0002.wav,इस tutorial के लिए मैं उपयोग कर रही हूँ
/home/abdullahm/Shivam//blind_data/848297_1Ex3WEqCQ7VGfqIn_0090.wav,यह हमेशा अच्छा रहता है कि clip को लंबे समय तक बड़ा lan और फिर editing के अंत से उस भाग को काट दें जिसकी आपको ज़रुरत नहीं है
/home/abdullahm/Shivam//blind_data/401356_C9yyvF8oQKRK8txb_0070.wav,अतः हमारे text के बाद parentheses में number 1 दिखाई दिया है और हमने यह कर दिया है
/home/abdullahm/Shivam//blind_data/952555_b9A7hrD5hUYxzb1E_0006.wav,उपयोग कर रहा हूँ
/home/abdullahm/Shivam//blind_data/437963_SWMxcnx8okhoHB4s_0071.wav,यह phone verification page पर ले जायेगा
/home/abdullahm/Shivam//blind_data/329997_O89uJhZZDPErIcwv_0054.wav,जैसे ही हम type करते हैं हम देख सकते हैं कि इस text का पहला उदाहरण contents क्षेत्र में चिह्नांकित हुआ है
/home/abdullahm/Shivam//blind_data/731203_IfrROqMp8euBDI18_0152.wav,फिर request dispatcher प्रयोग करके हम success return page को forward करते हैं success return pa
/home/abdullahm/Shivam//blind_data/361930_TKM4DsRGN2zuNS6M_0005.wav,उदाहरण के लिए मानिए कि हमें अपना email login page को
/home/abdullahm/Shivam//blind_data/315424_dFWh8NolvyRPEZIi_0001.wav,स्वागत है इस tutorial में हम सीखेंगे कि omedit में textual model कैसे बनाना है और इसे simulate कैसे करना है
/home/abdullahm/Shivam//blind_data/437963_SWMxcnx8okhoHB4s_0098.wav,यह आपके gmail account का default या standard view है
/home/abdullahm/Shivam//blind_data/361930_TKM4DsRGN2zuNS6M_0020.wav,अब सीखते है कि mozilla firefox downloads कैसे संभालता है
/home/abdullahm/Shivam//blind_data/731203_IfrROqMp8euBDI18_0041.wav,हमारे पास book की return date set करने के लिए date field भी है
/home/abdullahm/Shivam//blind_data/935529_oMCmIa1P3IAPKGyX_0038.wav,left और top नाम वाले filled canvas के शीर्ष बाएँ कोने के निर्देशांक से mail खाते हैं
/home/abdullahm/Shivam//blind_data/954326_dI6sOoo6pFXFhJSN_0006.wav,मैं ubuntu10 . 04 संस्करण वाले operating system का इस्तेमाल कर रही हूँ
/home/abdullahm/Shivam//blind_data/835472_QHretkXfg8wS2YKf_0040.wav,है इसमें दो click होने वाले buttons और उनके बीच में एक scroll button है via mouse
/home/abdullahm/Shivam//blind_data/329997_O89uJhZZDPErIcwv_0075.wav,इसी के साथ हम mozilla firefom के search और autocomplete विशेषताओं के tutorial के अंत में आ गये हैं
/home/abdullahm/Shivam//blind_data/908920_LIkOEYXYEAz96aNv_0020.wav,और सूची में से greek अक्षर पर double click करें
/home/abdullahm/Shivam//blind_data/935529_oMCmIa1P3IAPKGyX_0129.wav,जबकि diagram view component oriented modeling में काफी प्रयोग किया जाता है
/home/abdullahm/Shivam//blind_data/543096_UwcQJEuG2r7AD8vq_0003.wav,इन में से एक कस्टमाइजेशन है
/home/abdullahm/Shivam//blind_data/935529_oMCmIa1P3IAPKGyX_0113.wav,अब नए ellipse को प्रविष्ट करने के लिए toolbar में ellipse button पर click करें
/home/abdullahm/Shivam//blind_data/835472_QHretkXfg8wS2YKf_0007.wav,अपने आकार के निरपेक्ष पाँच प्रमुख कार्यों को कार्यान्वित करता है ये input के मा
/home/abdullahm/Shivam//blind_data/315424_dFWh8NolvyRPEZIi_0013.wav,t = 0 समय पर h की value 30 meter है और t = 0 समय पर v की value 0 है
/home/abdullahm/Shivam//blind_data/731203_IfrROqMp8euBDI18_0123.wav,checkout या return book पर click करें
/home/abdullahm/Shivam//blind_data/437963_SWMxcnx8okhoHB4s_0027.wav,अब हम google account creation page पर हैं
/home/abdullahm/Shivam//blind_data/401356_C9yyvF8oQKRK8txb_0041.wav,अब हम नया math object देख रहे हैं जो कहता है e is = m c squared
/home/abdullahm/Shivam//blind_data/846118_m7mB9BC8FPflJgLI_0046.wav,scrap book bar मै प्रदर्शित होतें हैं restart now पर click करें
/home/abdullahm/Shivam//blind_data/272044_2BqsQz87kAjMhCxB_0099.wav,एक model
/home/abdullahm/Shivam//blind_data/341424_s7qmM57nndNUBRi4_0039.wav,लेकिन प्रति दिन अधिकतम प्राप्तकर्ताओं की सीमा 500 है
/home/abdullahm/Shivam//blind_data/785686_o9IGdBMefgqASRUb_0006.wav,मैं firefox web browser प्रयोग करुँगी
/home/abdullahm/Shivam//blind_data/437963_SWMxcnx8okhoHB4s_0085.wav,कुछ समय के लिए मैं इन steps को छोड़ रही हूँ
/home/abdullahm/Shivam//blind_data/930904_pauf66fOYFtqaQ0c_0130.wav,यह spoken tutorial project को सारांशित करता है
/home/abdullahm/Shivam//blind_data/981154_ph1l8Eyc0Sf6TsiC_0027.wav,tag कर सकते हैं done पर click करें
/home/abdullahm/Shivam//blind_data/715617_85MWWgmTkIhi4ZHP_0059.wav,virtual machine ubuntu चुनें फिर शीर्ष पर हरे रंग के arrow के साथ start button पर click करें
/home/abdullahm/Shivam//blind_data/785686_o9IGdBMefgqASRUb_0017.wav,tutorial में हम विशेष रूप से drive के बारे में
/home/abdullahm/Shivam//blind_data/731203_IfrROqMp8euBDI18_0115.wav,फिर सफल checkout के लिए हम message प्रदर्शित करते हैं
/home/abdullahm/Shivam//blind_data/452417_njTJ0H4xzGZHdznO_0061.wav,अब coding dna strand को सम्बंधित mrna में transcribe करते हैं
/home/abdullahm/Shivam//blind_data/135893_9lNAZMRfDfuCN6XC_0018.wav,प्रदर्शन के लिए मैं homo sapiens insulin mrna नाम के साथ 4 files चुनूँगी मैं
/home/abdullahm/Shivam//blind_data/329997_O89uJhZZDPErIcwv_0051.wav,जब gmail homepage load हो जाता है edit पर click करिये और फिर
/home/abdullahm/Shivam//blind_data/141425_wYQaKVNl7bh28u3u_0026.wav,link पर click करें
/home/abdullahm/Shivam//blind_data/334157_201xLiqOYAgU2d7a_0032.wav,file को zoom इन या zoom out करने के लिए cursor click करें जहाँ आपको file पर zoom करने की आवश्यकता है और edit panel पर zoom in या zoom out button पर click करें
/home/abdullahm/Shivam//blind_data/785686_o9IGdBMefgqASRUb_0091.wav,यह नयी tab में एक खाली document खोलेगा हम देख
/home/abdullahm/Shivam//blind_data/401356_C9yyvF8oQKRK8txb_0084.wav,set operations लिखें
/home/abdullahm/Shivam//blind_data/785686_o9IGdBMefgqASRUb_0072.wav,यह file के size और internet की speed के आधार पर कुछ समय ले सकता है
/home/abdullahm/Shivam//blind_data/715617_85MWWgmTkIhi4ZHP_0110.wav,निम्नलिखित link पर video spoken tutorial project को सारांशित करता है कृपया इसे download करें और देखें
/home/abdullahm/Shivam//blind_data/952555_b9A7hrD5hUYxzb1E_0057.wav,उसी प्रकार हम password को भी पुनः प्राप्त करेंगे
/home/abdullahm/Shivam//blind_data/401356_C9yyvF8oQKRK8txb_0054.wav,इस page के अंत में जाने के लिए दो या तीन बार down arrow key दबाएं
/home/abdullahm/Shivam//blind_data/543096_UwcQJEuG2r7AD8vq_0048.wav,यदि किसी कारण से आप default theme पर वापस जाना चाहते हैं
/home/abdullahm/Shivam//blind_data/172235_akeE0s3aKDyyCvEX_0080.wav,मैं श्रुति आर्य आपसे विदा लेती हूँ हमसे जुड़ने के लिए धन्यवाद
/home/abdullahm/Shivam//blind_data/437963_SWMxcnx8okhoHB4s_0036.wav,google हमारे दिए गए first और last names पर आधारित कुछ usernames भी सुझाएगा
/home/abdullahm/Shivam//blind_data/272044_2BqsQz87kAjMhCxB_0103.wav,अब netbeans ide पर वापस जाते हैं
/home/abdullahm/Shivam//blind_data/172235_akeE0s3aKDyyCvEX_0053.wav,आगे bio . blast package से ncbi xml module को import करें
/home/abdullahm/Shivam//blind_data/846118_m7mB9BC8FPflJgLI_0025.wav,ons को परिभाषित करता है और आपको बताता है की add on के साथ कैसे आरंभ करें
/home/abdullahm/Shivam//blind_data/341424_s7qmM57nndNUBRi4_0102.wav,हम इसे ऐसे ही छोड़ देंगे
/home/abdullahm/Shivam//blind_data/334157_201xLiqOYAgU2d7a_0002.wav,audacity में audio file कैसे खोलें
/home/abdullahm/Shivam//blind_data/310356_u0sz1lTfmeW7wW5o_0082.wav,output के लिए type करें dna 3 enter दब
/home/abdullahm/Shivam//blind_data/341424_s7qmM57nndNUBRi4_0009.wav,ज़रुरत होगी
/home/abdullahm/Shivam//blind_data/334157_201xLiqOYAgU2d7a_0022.wav,tracks को देखें अगर वहाँ केवल एक track है तो audio mono में है
/home/abdullahm/Shivam//blind_data/785686_o9IGdBMefgqASRUb_0131.wav,ता है अब 0808 i am becky को can edit
/home/abdullahm/Shivam//blind_data/764823_MO16YTQW1VD8AudW_0023.wav,अब desktop पर जाते हैं
/home/abdullahm/Shivam//blind_data/910325_DPCsWwNZgf4mmvwU_0053.wav,modelica library का विस्तार करें
/home/abdullahm/Shivam//blind_data/512580_oT2CzZaFTPoHj47K_0094.wav,आपका पूर्ण नियत कार्य निम्न code रखेगा
/home/abdullahm/Shivam//blind_data/437963_SWMxcnx8okhoHB4s_0069.wav,फिर i agree to the google terms and privacy policy check box पर click करें
/home/abdullahm/Shivam//blind_data/755386_f5DL5lLLcrAit2gw_0013.wav,अगला partial derivative के लिए हम partial शब्द का इस्तेमाल कर सकते हैं और markup up इस प्रकार दिखेगा del f over del x
/home/abdullahm/Shivam//blind_data/785686_o9IGdBMefgqASRUb_0168.wav,अब हम यह link किसी भी email id को भेज सकते हैं जिसका मतलब है कि कोई भी जिसके पास यह link है उस document को देख सक
/home/abdullahm/Shivam//blind_data/443970_woduWyYl1wumm9Pt_0007.wav,ubuntu version 12 . 04
/home/abdullahm/Shivam//blind_data/835472_QHretkXfg8wS2YKf_0002.wav,भागों को जोड़ना भी सीखेंगे सामान्यतः
/home/abdullahm/Shivam//blind_data/930904_pauf66fOYFtqaQ0c_0046.wav,अब netbeans ide पर वापस आते हैं
/home/abdullahm/Shivam//blind_data/908920_LIkOEYXYEAz96aNv_0007.wav,यह math formula editor और elements window open करेगा चलिये formula edit
/home/abdullahm/Shivam//blind_data/310356_u0sz1lTfmeW7wW5o_0060.wav,अब श्रेणीबद्ध करते हैं यानि कि दो strings को एकसाथ जोड़कर एक नया fragment बनाते हैं
/home/abdullahm/Shivam//blind_data/172235_akeE0s3aKDyyCvEX_0075.wav,होता है कृपया इसे download करके देखें
/home/abdullahm/Shivam//blind_data/437963_SWMxcnx8okhoHB4s_0139.wav,यह इस tutorial के अंत में लाता है
/home/abdullahm/Shivam//blind_data/309014_gqEOe0kgNRGLHZph_0072.wav,statusbar हमें यह जानने में मदद करता है कि क्यों एक विशेष site load नहीं हो रही है site को load होने में कितना time लगेगा इत्यादि
/home/abdullahm/Shivam//blind_data/341424_s7qmM57nndNUBRi4_0097.wav,ध्यान दें कि नीचे दायीं तरफ दो buttons हैं जो बताते हैं
/home/abdullahm/Shivam//blind_data/135893_9lNAZMRfDfuCN6XC_0046.wav,सरल करें file को insulin . fasta की तरह save करें
/home/abdullahm/Shivam//blind_data/437963_SWMxcnx8okhoHB4s_0039.wav,यह स्वीकार्य है जो दिखाता है कि user name उपलब्ध है
/home/abdullahm/Shivam//blind_data/329997_O89uJhZZDPErIcwv_0016.wav,navigation toolbar पर url bar के बगल में एक searchbar field
/home/abdullahm/Shivam//blind_data/846118_m7mB9BC8FPflJgLI_0069.wav,तो इसका मतलब है कि इसके लिए कोई preferences नहीं है strap book
/home/abdullahm/Shivam//blind_data/930904_pauf66fOYFtqaQ0c_0009.wav,आप अपने चुनाव का कोई भी web browser उपयोग कर सकते हैं इस
/home/abdullahm/Shivam//blind_data/764823_MO16YTQW1VD8AudW_0006.wav,यह cpu है
/home/abdullahm/Shivam//blind_data/835472_QHretkXfg8wS2YKf_0090.wav,रण जोड़ने के बाद computer चलाते हैं सबसे पहले monitor
/home/abdullahm/Shivam//blind_data/334157_201xLiqOYAgU2d7a_0085.wav,बढ़ाता हैं hiss और hmm की आवाज़ें भी बड़
/home/abdullahm/Shivam//blind_data/981154_ph1l8Eyc0Sf6TsiC_0042.wav,google website bookmark हो gi है
/home/abdullahm/Shivam//blind_data/310356_u0sz1lTfmeW7wW5o_0031.wav,output उस यादृच्छिक dna sequence के लिए sequence object दिखाता है
/home/abdullahm/Shivam//blind_data/954326_dI6sOoo6pFXFhJSN_0050.wav,डाइअलॉग box open होगा ok पर click करे
/home/abdullahm/Shivam//blind_data/785686_o9IGdBMefgqASRUb_0175.wav,bombay से मैं श्रुति आर्य आपसे विदा लेती हूँ इस tutorial को देखने के लिए और हमसे जुड़ने के लिए धन्यवाद
/home/abdullahm/Shivam//blind_data/715617_85MWWgmTkIhi4ZHP_0049.wav,यदि आप किसी अन्य स्थान पर इस virtual disk image को save करना चाहते हैं तो इस icon पर click करें और आगे बढ़ें मैं इस प्रदर्शन के लिए इस भाग को छोड़ रही हूँ
/home/abdullahm/Shivam//blind_data/954326_dI6sOoo6pFXFhJSN_0086.wav,अब command type करते है ffmpeg i functions _ hindi . ogv v n acodec copy test2 . ogg
/home/abdullahm/Shivam//blind_data/272044_2BqsQz87kAjMhCxB_0087.wav,यह request पर get attribute method उपयोग करके किया गया है
/home/abdullahm/Shivam//blind_data/334157_201xLiqOYAgU2d7a_0057.wav,मिटाने के लिए selection tool को चुनें और audio के जिस भाग को मिटाने की ज़रुरत है उसे चुनें left click करके drag करके और फिर छोड़ें audio के उस भाग को मिटाने के लिए delete दबाएं
/home/abdullahm/Shivam//blind_data/437963_SWMxcnx8okhoHB4s_0127.wav,show details arrow पर click करें
/home/abdullahm/Shivam//blind_data/310356_u0sz1lTfmeW7wW5o_0062.wav,type करें dna 2 = to string 1 + string 2 enter दबाएं
/home/abdullahm/Shivam//blind_data/785686_o9IGdBMefgqASRUb_0078.wav,इस तरह से file को folder में खीचें और छोड़ें तब
/home/abdullahm/Shivam//blind_data/935529_oMCmIa1P3IAPKGyX_0062.wav,canvas पर right click करें और properties चुनें
/home/abdullahm/Shivam//blind_data/764823_MO16YTQW1VD8AudW_0060.wav,एक document खोलें
/home/abdullahm/Shivam//blind_data/141425_wYQaKVNl7bh28u3u_0033.wav,अब logut करें
/home/abdullahm/Shivam//blind_data/952555_b9A7hrD5hUYxzb1E_0010.wav,firefox web browser 21 . 0
/home/abdullahm/Shivam//blind_data/981154_ph1l8Eyc0Sf6TsiC_0071.wav,mouse सूचक menu पर रखें और बायाँ mouse button छोड दें
/home/abdullahm/Shivam//blind_data/848297_1Ex3WEqCQ7VGfqIn_0018.wav,दोनों चुनाव import file dialogue box खोलेंगे यहाँ आप वो video चुन सकते हैं जो आप file का नाम और पथ निर्दिष्ट करके edit करना चाहते
/home/abdullahm/Shivam//blind_data/172235_akeE0s3aKDyyCvEX_0012.wav,program databases के sequences की nucleotide या protein sequences से तुलना करता है और match के सांख्यिकीय महत्व की गणना करता है
/home/abdullahm/Shivam//blind_data/930904_pauf66fOYFtqaQ0c_0016.wav,इसे internet server भी कहते हैं
/home/abdullahm/Shivam//blind_data/846118_m7mB9BC8FPflJgLI_0038.wav,restart now पर click करें
/home/abdullahm/Shivam//blind_data/930904_pauf66fOYFtqaQ0c_0096.wav,ध्यान दें कि हमारे पास java code के अंदर html code है
/home/abdullahm/Shivam//blind_data/334157_201xLiqOYAgU2d7a_0068.wav,या amplification box में और बढ़ाकर उसके आधार पर कि आप आवाज़ को जितना कम करना चाहते हैं और ok पर click करें
/home/abdullahm/Shivam//blind_data/930904_pauf66fOYFtqaQ0c_0057.wav,अतः doget method के अंदर हम कुछ code type करेंगे
/home/abdullahm/Shivam//blind_data/543096_UwcQJEuG2r7AD8vq_0054.wav,enable button पर click करे restart now
/home/abdullahm/Shivam//blind_data/334157_201xLiqOYAgU2d7a_0012.wav,audacity help box खुलता है ok पर click करें
/home/abdullahm/Shivam//blind_data/731203_IfrROqMp8euBDI18_0120.wav,हमें message मिलता है कि book सफलतापूर्वक return की जा चुकी है
/home/abdullahm/Shivam//blind_data/341424_s7qmM57nndNUBRi4_0050.wav,spoken tutorial project is helping to bridge the digital divide
/home/abdullahm/Shivam//blind_data/981154_ph1l8Eyc0Sf6TsiC_0015.wav,address bar में पीले star पर click करें
/home/abdullahm/Shivam//blind_data/848297_1Ex3WEqCQ7VGfqIn_0074.wav,अतः import video पर click करके मैं इसे collection panel में import करुँगी
/home/abdullahm/Shivam//blind_data/452417_njTJ0H4xzGZHdznO_0010.wav,. three ipython version 0 . 12 . 1 और
/home/abdullahm/Shivam//blind_data/935529_oMCmIa1P3IAPKGyX_0131.wav,अब मैं slides पर वापस जाती हूँ
/home/abdullahm/Shivam//blind_data/715617_85MWWgmTkIhi4ZHP_0037.wav,hard disk page पर हमें यह तय करना होगा कि किस प्रकार की virtual hard disk हम उपयोग करने जा रहे हैं मै एक
/home/abdullahm/Shivam//blind_data/952555_b9A7hrD5hUYxzb1E_0001.wav,हम निम्न करना सीखेंगे
/home/abdullahm/Shivam//blind_data/272044_2BqsQz87kAjMhCxB_0132.wav,jsp directive opening tag < than sign % sign और @ sign के साथ शुरू होता है और closing tag % sign और > than sign के साथ समाप्त होता है
/home/abdullahm/Shivam//blind_data/315424_dFWh8NolvyRPEZIi_0041.wav,तीसरा button text view है
/home/abdullahm/Shivam//blind_data/715617_85MWWgmTkIhi4ZHP_0085.wav,डिफ़ॉल्ट रूप से english us दोनों side पर चुना जाएगा यदि
/home/abdullahm/Shivam//blind_data/908920_LIkOEYXYEAz96aNv_0060.wav,अगला चलिए bakey text को formula editor window में निम्लिखित तरह से लिखते हैं where a
/home/abdullahm/Shivam//blind_data/145704_5CY9t6duxwVCK5NI_0015.wav,अच्छे से नज़र आने के लिए enter key एक बार press करते हैं
/home/abdullahm/Shivam//blind_data/662689_mndbMoheJbWHzF8b_0099.wav,पर अधिक जानकारी spoken tutorial . org /
/home/abdullahm/Shivam//blind_data/315424_dFWh8NolvyRPEZIi_0081.wav,parameter एक मात्रा है जो simulation में स्थिर रहता है
/home/abdullahm/Shivam//blind_data/785686_o9IGdBMefgqASRUb_0098.wav,शीर्षक में बदलाव पर ध्यान दें
/home/abdullahm/Shivam//blind_data/935529_oMCmIa1P3IAPKGyX_0127.wav,ctrl + s दबाकर model को save करें
/home/abdullahm/Shivam//blind_data/543096_UwcQJEuG2r7AD8vq_0086.wav,कुछ sites आपको प्रवेश करने की अनुमति नहीं देती जब adblocker on रहता है
/home/abdullahm/Shivam//blind_data/272044_2BqsQz87kAjMhCxB_0027.wav,libraries पर right click करें और add library पर click करें
/home/abdullahm/Shivam//blind_data/512580_oT2CzZaFTPoHj47K_0041.wav,write function तीन arguments लेता है
/home/abdullahm/Shivam//blind_data/662689_mndbMoheJbWHzF8b_0084.wav,इते हैं
/home/abdullahm/Shivam//blind_data/908920_LIkOEYXYEAz96aNv_0069.wav,format करीए जहाँ कहीं भी आवश्यकता हो लम्बे रिक्त स्थान और नई lines जो
/home/abdullahm/Shivam//blind_data/543096_UwcQJEuG2r7AD8vq_0006.wav,ubuntu 10 . 04 पर फ़ायरफ़ॉक्स वर्ज़न 7 . 0 का इस्तेमाल कर रहे हैं
/home/abdullahm/Shivam//blind_data/908920_LIkOEYXYEAz96aNv_0064.wav,mark up इस तरह से screen पे दिखेगा अतः कोष्ठकों का इस्तेमाल करके हमने संख्याओं को समीकरण में रख दिया
/home/abdullahm/Shivam//blind_data/341424_s7qmM57nndNUBRi4_0178.wav,compose window विकल्पों के बारे में
/home/abdullahm/Shivam//blind_data/731203_IfrROqMp8euBDI18_0086.wav,फिर हमें book already issued की value return होती है
/home/abdullahm/Shivam//blind_data/954326_dI6sOoo6pFXFhJSN_0111.wav,अधिक जानकारी दिए गए link पर उपलब्ध है http : double / spoken - tutorial . org / nmeict - intro
/home/abdullahm/Shivam//blind_data/315424_dFWh8NolvyRPEZIi_0156.wav,निम्नलिखित link पर video देखें यह spoken tutorial projects को सारांशित करता है
/home/abdullahm/Shivam//blind_data/785686_o9IGdBMefgqASRUb_0027.wav,पास निम्न menus हैं new my drive shared with me google photos resend start और trash default
/home/abdullahm/Shivam//blind_data/930904_pauf66fOYFtqaQ0c_0073.wav,फिर file save करने के लिए ctrl s दबाएं
/home/abdullahm/Shivam//blind_data/930904_pauf66fOYFtqaQ0c_0066.wav,हम html response को client को वापस भेजने के लिए response object प्रयोग करेंगे
/home/abdullahm/Shivam//blind_data/835472_QHretkXfg8wS2YKf_0028.wav,printer कुछ output उपकरण हैं सामान्यतः एक
/home/abdullahm/Shivam//blind_data/437963_SWMxcnx8okhoHB4s_0032.wav,username अद्वितीय होना चाहिए और अक्षरों या alphanumeric संयोजन से बनाया जा सकता है
/home/abdullahm/Shivam//blind_data/910325_DPCsWwNZgf4mmvwU_0026.wav,यह दो inputs और एक output के साथ पिछले case के समान है
/home/abdullahm/Shivam//blind_data/443970_woduWyYl1wumm9Pt_0087.wav,अब browser पर वापस आते हैं
/home/abdullahm/Shivam//blind_data/361930_TKM4DsRGN2zuNS6M_0079.wav,download करके देख सकते हैं spoken
/home/abdullahm/Shivam//blind_data/835472_QHretkXfg8wS2YKf_0001.wav,हम कम्प्यूटर के अनेक भागों के बारे में सीखेंगे हम अनेक भाग
/home/abdullahm/Shivam//blind_data/785686_o9IGdBMefgqASRUb_0011.wav,मैंने ऐसा पहले ही कर लिया है
/home/abdullahm/Shivam//blind_data/930904_pauf66fOYFtqaQ0c_0032.wav,add information to deployment descriptor पर click करें
/home/abdullahm/Shivam//blind_data/512580_oT2CzZaFTPoHj47K_0068.wav,भले ही हम convert function उपयोग करके file formats को आसानी से बदल सकते हैं लेकिन यह सीमायें रखता है
/home/abdullahm/Shivam//blind_data/981154_ph1l8Eyc0Sf6TsiC_0113.wav,print
/home/abdullahm/Shivam//blind_data/443970_woduWyYl1wumm9Pt_0036.wav,यहाँ हमारे पास दो विकल्प हैं
/home/abdullahm/Shivam//blind_data/764823_MO16YTQW1VD8AudW_0008.wav,keyboard
/home/abdullahm/Shivam//blind_data/272044_2BqsQz87kAjMhCxB_0194.wav,library management system अग्रणी software mnc के corporate social responsibility कार्यक्रम के अंतर्गत योगदान दिया गया है इस
/home/abdullahm/Shivam//blind_data/908920_LIkOEYXYEAz96aNv_0037.wav,equation और insert object
/home/abdullahm/Shivam//blind_data/908920_LIkOEYXYEAz96aNv_0049.wav,एक जटिल formulae को हल करने के लिए अच्छा तरीका यह है कि formulae के सबसे भीतरी elements से शुरुआत करें
/home/abdullahm/Shivam//blind_data/272044_2BqsQz87kAjMhCxB_0130.wav,पहले हमने user . java को imported किया है
/home/abdullahm/Shivam//blind_data/848297_1Ex3WEqCQ7VGfqIn_0021.wav,कर देंगा ctrl a दबाकर उन सबको चुनें अब किसी clip पर right click करें और add to timeline सबविकल्प चुनें
/home/abdullahm/Shivam//blind_data/145704_5CY9t6duxwVCK5NI_0068.wav,खाली स्थान पर ध्यान दीजिए| अतः यह तरीके हैं जिससे हम अपने फ़ॉ
/home/abdullahm/Shivam//blind_data/145704_5CY9t6duxwVCK5NI_0086.wav,हमसे जुड़ने के लिए धन्यवाद
/home/abdullahm/Shivam//blind_data/443970_woduWyYl1wumm9Pt_0099.wav,और sign in पर click करें
/home/abdullahm/Shivam//blind_data/908920_LIkOEYXYEAz96aNv_0015.wav,उदाहरण स्वरुप alpha को छोटे अक्षर में लिखने के लिए type करें % alpha या % beta
/home/abdullahm/Shivam//blind_data/310356_u0sz1lTfmeW7wW5o_0079.wav,सामान्यतः एक sequence object को edit नहीं
/home/abdullahm/Shivam//blind_data/954326_dI6sOoo6pFXFhJSN_0091.wav,terminal window पर वापस चलते है ctrl l press करके screen को clear करते है अब
/home/abdullahm/Shivam//blind_data/930904_pauf66fOYFtqaQ0c_0034.wav,हम देख सकते हैं servlet name class name के समान ही है जो my servlet है
/home/abdullahm/Shivam//blind_data/437963_SWMxcnx8okhoHB4s_0119.wav,यहाँ हमें अपना वो message लिखना है जो हम भेजना चाहते हैं
/home/abdullahm/Shivam//blind_data/981154_ph1l8Eyc0Sf6TsiC_0129.wav,spoken tutorial
/home/abdullahm/Shivam//blind_data/785686_o9IGdBMefgqASRUb_0040.wav,अगर हमने किसी file या document को important mark किया है तो file इस menu में दिखाई देगी अब
/home/abdullahm/Shivam//blind_data/310356_u0sz1lTfmeW7wW5o_0073.wav,करेंगे उदाहरण के लिए sequence में उपस्थित alanines की संख्या को गिनने के लिए निम्न command type करें dna2 . count ( में double ' में अक्षर a
/home/abdullahm/Shivam//blind_data/334157_201xLiqOYAgU2d7a_0026.wav,track को पूरी तरह से हटाने के लिए track को चुनें tracks tab पर click करें और remove tracks चुनें
/home/abdullahm/Shivam//blind_data/981154_ph1l8Eyc0Sf6TsiC_0122.wav,सभी bookmarks को एक नये folder में save करें book
/home/abdullahm/Shivam//blind_data/272044_2BqsQz87kAjMhCxB_0190.wav,पत्र भी‌ देते हैं अधिक जानकारी के लिए कृपया contact @ spoken tutorial . org पर लिखें
/home/abdullahm/Shivam//blind_data/309014_gqEOe0kgNRGLHZph_0000.wav,mozilla firefox interface और toolbars पर tutorial में आपका स्वागत है
/home/abdullahm/Shivam//blind_data/846118_m7mB9BC8FPflJgLI_0042.wav,grab and drag extension extension tab के दायें panel मे प्रदर्शित होता हैं पिछले चरणों का अनुकरण करे
/home/abdullahm/Shivam//blind_data/437963_SWMxcnx8okhoHB4s_0073.wav,दिए गए text box में अपना mobile number प्रविष्ट करें
/home/abdullahm/Shivam//blind_data/141425_wYQaKVNl7bh28u3u_0003.wav,हम library management system का उदाहरण उपयोग कर चुके हैं इस श्रृंख
/home/abdullahm/Shivam//blind_data/329997_O89uJhZZDPErIcwv_0037.wav,विषय पर click करिए दायीं और के buttons अब सक्रिय हो गयें है remove buttons पर click करिये
/home/abdullahm/Shivam//blind_data/618242_jN7JwubGvJhIkeYN_0025.wav,mouse button को छोड़ दें tab अब
/home/abdullahm/Shivam//blind_data/272044_2BqsQz87kAjMhCxB_0149.wav,हम देखते हैं हमें एक error message मिलता है the age must be a positive integer
/home/abdullahm/Shivam//blind_data/310356_u0sz1lTfmeW7wW5o_0042.wav,हैं अब देखते हैं कि string के भागों को कैसे extract करते हैं और उन्हें sequence objects
/home/abdullahm/Shivam//blind_data/329997_O89uJhZZDPErIcwv_0049.wav,हम find bar की मदद से contents क्षेत्र में किसी विशिष्ट text की खोज कर सकते हैं
/home/abdullahm/Shivam//blind_data/341424_s7qmM57nndNUBRi4_0042.wav,default रूप से cursor to क्षेत्र में है
/home/abdullahm/Shivam//blind_data/952555_b9A7hrD5hUYxzb1E_0008.wav,netbeans ide 7 . 3
/home/abdullahm/Shivam//blind_data/452417_njTJ0H4xzGZHdznO_0077.wav,होता है यद्यपि वास्तविक biological systems में transcription की प्रक्रिया template strand के साथ शुरू होती है
/home/abdullahm/Shivam//blind_data/910325_DPCsWwNZgf4mmvwU_0104.wav,निम्नलिखित link पर उपलब्ध video देखें यह spoken tutorial project को सारांशित करता है
/home/abdullahm/Shivam//blind_data/785686_o9IGdBMefgqASRUb_0012.wav,ऊपरी दायीं तरफ हम अपने name के आगे एक grid icon देख सकते हैं
/home/abdullahm/Shivam//blind_data/135893_9lNAZMRfDfuCN6XC_0050.wav,अधिकतर file formats seqio module में उपलब्ध functions उपयोग करके parse किये जा सकते हैं
/home/abdullahm/Shivam//blind_data/315424_dFWh8NolvyRPEZIi_0152.wav,initial equations section का उपयोग प्रारंभिक conditions को प्रविष्ट करने के लिए
/home/abdullahm/Shivam//blind_data/334157_201xLiqOYAgU2d7a_0052.wav,ok पर click करें
/home/abdullahm/Shivam//blind_data/715617_85MWWgmTkIhi4ZHP_0025.wav,खुली हुई create virtual machine में हम name and operating system page देख सकते हैं
/home/abdullahm/Shivam//blind_data/952555_b9A7hrD5hUYxzb1E_0122.wav,यह भारत सरकार के mhrd के ict के माध्यम से राष्ट्रीय साक्षरता mission द्वारा समर्थित है
/home/abdullahm/Shivam//blind_data/848297_1Ex3WEqCQ7VGfqIn_0044.wav,ध्यान दें कि अब clip मौजूदा स्थिति पर दो clips में विभाजित होती है यह एक बहुत सक्षम editing tool है
/home/abdullahm/Shivam//blind_data/443970_woduWyYl1wumm9Pt_0024.wav,और checkout . java checkout का model है
/home/abdullahm/Shivam//blind_data/315424_dFWh8NolvyRPEZIi_0151.wav,उदाहरण के लिए d e r h = v को v = d e r h के रूप में लिखा जा सकता है
/home/abdullahm/Shivam//blind_data/361930_TKM4DsRGN2zuNS6M_0062.wav,है यह option आपके operating system के लिए configure की gi settings का उपयोग
/home/abdullahm/Shivam//blind_data/930904_pauf66fOYFtqaQ0c_0072.wav,writer . println ( और double ' में welcome
/home/abdullahm/Shivam//blind_data/954326_dI6sOoo6pFXFhJSN_0094.wav,और enter press करे यह
/home/abdullahm/Shivam//blind_data/715617_85MWWgmTkIhi4ZHP_0105.wav,प्रदर्शित पॉपअप में बड़े shut down button पर click करें
/home/abdullahm/Shivam//blind_data/443970_woduWyYl1wumm9Pt_0113.wav,admin page पर जाने के लिए login page को संशोधित करना
/home/abdullahm/Shivam//blind_data/341424_s7qmM57nndNUBRi4_0098.wav,insert as drive link
/home/abdullahm/Shivam//blind_data/315424_dFWh8NolvyRPEZIi_0148.wav,मैं slides पर वापस जाती हूँ
/home/abdullahm/Shivam//blind_data/512580_oT2CzZaFTPoHj47K_0038.wav,दिखाता है हम उपरोक्त sequence record object को fasta file में बदलने के लिए write function उपयोग करेंगे
/home/abdullahm/Shivam//blind_data/443970_woduWyYl1wumm9Pt_0061.wav,इस page में admin books की list देख सकता है
/home/abdullahm/Shivam//blind_data/452417_njTJ0H4xzGZHdznO_0088.wav,mrna का protein sequence पर translation
/home/abdullahm/Shivam//blind_data/954326_dI6sOoo6pFXFhJSN_0042.wav,अब हम देखेंगे के कैसे इन narrations को जोड़े याने merge करे या तो इन्हें एक single track पर कैसे लाए
/home/abdullahm/Shivam//blind_data/135893_9lNAZMRfDfuCN6XC_0087.wav,file में उपस्थित sequence दिखाता है इस
/home/abdullahm/Shivam//blind_data/443970_woduWyYl1wumm9Pt_0015.wav,यदि नहीं तो सम्बंधित tutorials के लिए कृपया हमारी website पर जाएँ
/home/abdullahm/Shivam//blind_data/341424_s7qmM57nndNUBRi4_0058.wav,formatting toolbar को छुपाने के लिए formatting options button पर click करें
/home/abdullahm/Shivam//blind_data/910325_DPCsWwNZgf4mmvwU_0009.wav,block modelica में एक विशिष्ट class है
/home/abdullahm/Shivam//blind_data/935529_oMCmIa1P3IAPKGyX_0009.wav,icon view को icon annotation का उपयोग करके निर्दिष्ट किया गया है जबकि diagram view को diagram annotation का उपयोग करके निर्दिष्ट किया गया है
/home/abdullahm/Shivam//blind_data/848297_1Ex3WEqCQ7VGfqIn_0002.wav,microsoft windows का एक घटक windows moviemaker एक editing software है जो सारे windows versions me xp या vista के लिए उपलब्ध है
/home/abdullahm/Shivam//blind_data/846118_m7mB9BC8FPflJgLI_0097.wav,spoken tutorial talk to a teacher project का हिस्सा है जिसे
/home/abdullahm/Shivam//blind_data/731203_IfrROqMp8euBDI18_0078.wav,वरना अगर यूज़र है तो हम book already issued method को call करते हैं
/home/abdullahm/Shivam//blind_data/952555_b9A7hrD5hUYxzb1E_0055.wav,string space username = request . get parameter ( और double ' में username और ;
/home/abdullahm/Shivam//blind_data/543096_UwcQJEuG2r7AD8vq_0012.wav,load images automatically box check करें
/home/abdullahm/Shivam//blind_data/543096_UwcQJEuG2r7AD8vq_0045.wav,होता है नई theme लागू होती हैं तो हम देख
/home/abdullahm/Shivam//blind_data/785686_o9IGdBMefgqASRUb_0049.wav,मिटाया जाना अस्थायी है हम
/home/abdullahm/Shivam//blind_data/981154_ph1l8Eyc0Sf6TsiC_0134.wav,इसे भारत सरकार के mhrd के राष्ट्रीय साक्षरता mission ने ict के माध्यम से समर्थित किया है
/home/abdullahm/Shivam//blind_data/755386_f5DL5lLLcrAit2gw_0025.wav,d of theta over d of t = - k गुणा theta - s जहां s
/home/abdullahm/Shivam//blind_data/310356_u0sz1lTfmeW7wW5o_0063.wav,कृपया ध्यान दें हम असंगत alphabets की sequences को नहीं जोड़ सकते
/home/abdullahm/Shivam//blind_data/848297_1Ex3WEqCQ7VGfqIn_0052.wav,zoom out button video timeline को ख़त्म करता है जिससे आप पूरे video को timeline पर देख सकें
/home/abdullahm/Shivam//blind_data/315424_dFWh8NolvyRPEZIi_0150.wav,यहाँ equations के लिए कोई डेटा flow दिशा नहीं है
/home/abdullahm/Shivam//blind_data/443970_woduWyYl1wumm9Pt_0114.wav,book की जानकारी निकालना
/home/abdullahm/Shivam//blind_data/910325_DPCsWwNZgf4mmvwU_0003.wav,modelica library से blocks का उपयोग कैसे करना है
/home/abdullahm/Shivam//blind_data/835472_QHretkXfg8wS2YKf_0121.wav,laptop के अनेक भागों के बारे में और
/home/abdullahm/Shivam//blind_data/145704_5CY9t6duxwVCK5NI_0076.wav,x summation के लिए limits निर्धारित करने के लिए operators वर्ग का इस्तेमाल करें
/home/abdullahm/Shivam//blind_data/935529_oMCmIa1P3IAPKGyX_0068.wav,coordinate system जैसे scale factor के अन्य fields की चर्चा इस tutorial के दायरे से परे है
/home/abdullahm/Shivam//blind_data/935529_oMCmIa1P3IAPKGyX_0075.wav,circle को ellipse annotation के जरिए प्राप्त किया जाता है पहले इसकी properties को बदलते हैं
/home/abdullahm/Shivam//blind_data/910325_DPCsWwNZgf4mmvwU_0068.wav,इस class का प्रयोग केवल diagram view के लिए ही किया जाता है और इसलिए इसकी चर्चा नहीं की जानी चाहिए
/home/abdullahm/Shivam//blind_data/452417_njTJ0H4xzGZHdznO_0093.wav,लगता है जैसा कि प्रकृति में होता है stop codon frame में पहले तक dna
/home/abdullahm/Shivam//blind_data/662689_mndbMoheJbWHzF8b_0007.wav,d 7 . 3 jd
/home/abdullahm/Shivam//blind_data/145704_5CY9t6duxwVCK5NI_0052.wav,format menu पर click करें और spacing चुनें
/home/abdullahm/Shivam//blind_data/731203_IfrROqMp8euBDI18_0014.wav,तो सम्बंधित tutorials के लिए कृपया हमारी website पर जाएँ
/home/abdullahm/Shivam//blind_data/329997_O89uJhZZDPErIcwv_0021.wav,हम देख सकते हैं कि सबसे उपर परिणाम gmail के लिए है email from google
/home/abdullahm/Shivam//blind_data/930904_pauf66fOYFtqaQ0c_0006.wav,netbeans ide 7 . 3
/home/abdullahm/Shivam//blind_data/715617_85MWWgmTkIhi4ZHP_0095.wav,संस्थापन के साथ आगे बढ़ने के लिए continue पर click करें
/home/abdullahm/Shivam//blind_data/715617_85MWWgmTkIhi4ZHP_0113.wav,spoken tutorial project को nmeict mhrd भारत सरकार द्वारा वित्त पोषित किया जाता है इस mission पर अधिक जानकारी इस link पर उपलब्ध है
/home/abdullahm/Shivam//blind_data/835472_QHretkXfg8wS2YKf_0010.wav,करता है यह output
/home/abdullahm/Shivam//blind_data/662689_mndbMoheJbWHzF8b_0066.wav,कि webinf folder के अंदर यहाँ index . jsp है index . jsp
/home/abdullahm/Shivam//blind_data/954326_dI6sOoo6pFXFhJSN_0008.wav,software को ubuntu links में कैसे install करे इस पर ज्यादा जानकारी के लिए इस website पर मौजूद ubuntu के spoken tutorials को देखे
/home/abdullahm/Shivam//blind_data/135893_9lNAZMRfDfuCN6XC_0066.wav,put में identifier line इसके बाद file में शामिल sequence और file में सारे records के लिए sequence की length भी दिखती है
/home/abdullahm/Shivam//blind_data/334157_201xLiqOYAgU2d7a_0062.wav,वो paste करे यह निम्न प्रकार भी किया जा सकता है या तो keyboard shortcut ctrl v से
/home/abdullahm/Shivam//blind_data/341424_s7qmM57nndNUBRi4_0013.wav,सम्बंधित text boxes में username और password प्रविष्ट करें
/home/abdullahm/Shivam//blind_data/135893_9lNAZMRfDfuCN6XC_0105.wav,इस mission पर अधिक जानकारी दर्शाये link पर उपलब्ध है IIT Bombay से
/home/abdullahm/Shivam//blind_data/315424_dFWh8NolvyRPEZIi_0123.wav,general tab में stop time field पर जाएँ इसे 5 units में बदलें
/home/abdullahm/Shivam//blind_data/715617_85MWWgmTkIhi4ZHP_0070.wav,अन्यथा install ubuntu पर click करें मैं install ubuntu option पर click करुंगी
/home/abdullahm/Shivam//blind_data/334157_201xLiqOYAgU2d7a_0096.wav,अच्छी bandwidth न मिलने पर आप इसे download करके देख सकते हैं
/home/abdullahm/Shivam//blind_data/341424_s7qmM57nndNUBRi4_0006.wav,एक email में एक photo या link प्रविष्ट करना
/home/abdullahm/Shivam//blind_data/835472_QHretkXfg8wS2YKf_0034.wav,तरह दिखाई देता है यह है कंप्यु
/home/abdullahm/Shivam//blind_data/172235_akeE0s3aKDyyCvEX_0069.wav,और bio . blast . record module उपयोग कर के blast output को parse करना
/home/abdullahm/Shivam//blind_data/662689_mndbMoheJbWHzF8b_0009.wav,web browser 21 . 0 आप अपनी पसंद का कोई भी
/home/abdullahm/Shivam//blind_data/785686_o9IGdBMefgqASRUb_0093.wav,पर ध्यान दें कि document का शीर्षक untitled document है यह
/home/abdullahm/Shivam//blind_data/512580_oT2CzZaFTPoHj47K_0006.wav,यांनी के छाटतें हैं इस tutorial के अनुसरण के लिए आपको
/home/abdullahm/Shivam//blind_data/908920_LIkOEYXYEAz96aNv_0073.wav,greek characters का इस्तेमाल करना जैसे alpha beta theta
/home/abdullahm/Shivam//blind_data/848297_1Ex3WEqCQ7VGfqIn_0003.wav,अगर आपके pc पर यह नहीं है तो आप इसे www . microsoft . com / downloads से free download कर सकते हैं
/home/abdullahm/Shivam//blind_data/141425_wYQaKVNl7bh28u3u_0069.wav,इस mission पर अधिक जानकारी निम्न link पर उपलब्ध है
/home/abdullahm/Shivam//blind_data/341424_s7qmM57nndNUBRi4_0077.wav,हमें popup message मिलेगा
/home/abdullahm/Shivam//blind_data/731203_IfrROqMp8euBDI18_0023.wav,अब browser पर वापस आते हैं
/home/abdullahm/Shivam//blind_data/315424_dFWh8NolvyRPEZIi_0052.wav,ध्यान दें कि दो classes का एक ही नाम नहीं हो सकता है
/home/abdullahm/Shivam//blind_data/731203_IfrROqMp8euBDI18_0004.wav,एक book वापस करना
/home/abdullahm/Shivam//blind_data/954326_dI6sOoo6pFXFhJSN_0041.wav,cylab console window को खोलिए ये दूसरा narration एक और stereo track में आएगा उसी तरह आप अलग अलग narration record कर सकते है जो अलग अलग tracks में दिखाई देंगे आप
/home/abdullahm/Shivam//blind_data/443970_woduWyYl1wumm9Pt_0020.wav,मैंने borrow की गयी books को संचित करने के लिए checkout table बना ली है
/home/abdullahm/Shivam//blind_data/512580_oT2CzZaFTPoHj47K_0060.wav,यह genbank file file के पहले भाग में genome में सारे genes के विवरण रखती है
/home/abdullahm/Shivam//blind_data/846118_m7mB9BC8FPflJgLI_0068.wav,अगर एक extension के लिए preferences button दिखाई नहीं देता है
/home/abdullahm/Shivam//blind_data/930904_pauf66fOYFtqaQ0c_0115.wav,हम web page folder में welcome . jsp web सकते हैं
/home/abdullahm/Shivam//blind_data/172235_akeE0s3aKDyyCvEX_0041.wav,आपके internet की speed के आधार पर यह blast की खोज को पूरा करने के लिए कुछ समय ले सकता है
/home/abdullahm/Shivam//blind_data/543096_UwcQJEuG2r7AD8vq_0096.wav,निम्न link पर उपलब्ध video देखें
/home/abdullahm/Shivam//blind_data/135893_9lNAZMRfDfuCN6XC_0037.wav,file format में genbank चुनें एक
/home/abdullahm/Shivam//blind_data/437963_SWMxcnx8okhoHB4s_0054.wav,छोड़ दे अब शेष विवरण देखते हैं
/home/abdullahm/Shivam//blind_data/952555_b9A7hrD5hUYxzb1E_0125.wav,spoken tutorial के लिए उन्होंने इस विषय वस्तु की पुष्टि भी की है
/home/abdullahm/Shivam//blind_data/755386_f5DL5lLLcrAit2gw_0027.wav,writer gray box में equation पर ध्यान दें
/home/abdullahm/Shivam//blind_data/443970_woduWyYl1wumm9Pt_0012.wav,अनुसरण के लिए आपको निम्न का ज्ञान होना चाहिए
/home/abdullahm/Shivam//blind_data/315424_dFWh8NolvyRPEZIi_0130.wav,मैं freefall पर right click करके इस परिणाम को delete करती हूँ और delete result चुनती हूँ
/home/abdullahm/Shivam//blind_data/908920_LIkOEYXYEAz96aNv_0067.wav,दो नतीजों को अलग steps को पूरा करिये
/home/abdullahm/Shivam//blind_data/846118_m7mB9BC8FPflJgLI_0049.wav,manager खोलें get addon options मे featured
/home/abdullahm/Shivam//blind_data/401356_C9yyvF8oQKRK8txb_0002.wav,set operations लिखें
/home/abdullahm/Shivam//blind_data/309014_gqEOe0kgNRGLHZph_0083.wav,spoken tutorial project team spoken tutorial का उपयोग करके कार्यशालाएँ भी चलाते हैं
/home/abdullahm/Shivam//blind_data/141425_wYQaKVNl7bh28u3u_0005.wav,netbeans ide उपयोग करके core java और
/home/abdullahm/Shivam//blind_data/437963_SWMxcnx8okhoHB4s_0148.wav,हम कार्यशालाएँ चलाते हैं और online tests pass करने वालों को प्रमाणपत्र देते हैं
/home/abdullahm/Shivam//blind_data/145704_5CY9t6duxwVCK5NI_0057.wav,चलिए अब ok button पर click करते हैं
/home/abdullahm/Shivam//blind_data/437963_SWMxcnx8okhoHB4s_0132.wav,अब ध्यान दें कि inbox में बिना पढ़े हुए mails की संख्या 3 है
/home/abdullahm/Shivam//blind_data/835472_QHretkXfg8wS2YKf_0076.wav,cable है और यह lan
/home/abdullahm/Shivam//blind_data/443970_woduWyYl1wumm9Pt_0049.wav,हमने list books पर click किया
/home/abdullahm/Shivam//blind_data/935529_oMCmIa1P3IAPKGyX_0086.wav,यह आपको border का रंग बदलने की अनुमति देता है
/home/abdullahm/Shivam//blind_data/401356_C9yyvF8oQKRK8txb_0036.wav,control enter दबाएं
/home/abdullahm/Shivam//blind_data/755386_f5DL5lLLcrAit2gw_0059.wav,चलिए अब natural logarithm का integral वर्णन देखते हैं
/home/abdullahm/Shivam//blind_data/315424_dFWh8NolvyRPEZIi_0078.wav,v ball के वेग को प्रदर्शित करता है यह real datatype का है
/home/abdullahm/Shivam//blind_data/731203_IfrROqMp8euBDI18_0037.wav,यह page list books . jsp के समान है
/home/abdullahm/Shivam//blind_data/930904_pauf66fOYFtqaQ0c_0079.wav,जब browser window खुले url को देखें
/home/abdullahm/Shivam//blind_data/846118_m7mB9BC8FPflJgLI_0073.wav,पर click करेअगर updates पाए जाते हैं तो update button प्रदर्शित होता है
/home/abdullahm/Shivam//blind_data/848297_1Ex3WEqCQ7VGfqIn_0046.wav,timeline तीन वर्गों में विभाजित होता है video audio या music और title overlay video के आगे + button पर click करें
/home/abdullahm/Shivam//blind_data/145704_5CY9t6duxwVCK5NI_0020.wav,अब लिखते हैं a to the power of 2
/home/abdullahm/Shivam//blind_data/401356_C9yyvF8oQKRK8txb_0065.wav,और type करें an example of factorial is provided here
/home/abdullahm/Shivam//blind_data/731203_IfrROqMp8euBDI18_0025.wav,इसके पास सारी जानकारी है जैसे first name surname age gender और username
/home/abdullahm/Shivam//blind_data/172235_akeE0s3aKDyyCvEX_0056.wav,blast record वो सारी जानकारी रखता है जो आप blast output से extract करना चाहते हैं
/home/abdullahm/Shivam//blind_data/930904_pauf66fOYFtqaQ0c_0030.wav,package name में org . spoken tutorial type करें फिर next पर click करें
/home/abdullahm/Shivam//blind_data/361930_TKM4DsRGN2zuNS6M_0034.wav,tabs panel में tabs browsing feature से संबंधित वरीयताएँ हैं
/home/abdullahm/Shivam//blind_data/543096_UwcQJEuG2r7AD8vq_0007.wav,अब firefox browser खोलते हैं
/home/abdullahm/Shivam//blind_data/315424_dFWh8NolvyRPEZIi_0136.wav,ध्यान दें कि freefall tab में class के नाम के बगल में star दिखाई देता है
/home/abdullahm/Shivam//blind_data/272044_2BqsQz87kAjMhCxB_0181.wav,इस tutorial में हमने सीखा
/home/abdullahm/Shivam//blind_data/310356_u0sz1lTfmeW7wW5o_0091.wav,output दिखाता है कि 6 से 9 तक की स्थितियों पर 4 bases नए bases a t g c से बदले ग हैं
/home/abdullahm/Shivam//blind_data/954326_dI6sOoo6pFXFhJSN_0112.wav,i i t bombay की तरफ से मैं सकीना शेख आपसे विदा लेती हूँ इस
/home/abdullahm/Shivam//blind_data/731203_IfrROqMp8euBDI18_0024.wav,हम list users के radio button पर click करते हैं
/home/abdullahm/Shivam//blind_data/954326_dI6sOoo6pFXFhJSN_0095.wav,encode कर रहा है अब terminal को clear करते है
/home/abdullahm/Shivam//blind_data/846118_m7mB9BC8FPflJgLI_0048.wav,रोकें और यह नियतकार्य करें firefox browser में addons
/home/abdullahm/Shivam//blind_data/846118_m7mB9BC8FPflJgLI_0074.wav,add on update करने के लिए उस पर click करें
/home/abdullahm/Shivam//blind_data/755386_f5DL5lLLcrAit2gw_0011.wav,प्रदान करता है हमें बस इन्हें fraction fraction की तरह संसाधित करना है और mark up over इस्तेमाल करिये उदाहरणस्वरूप
/home/abdullahm/Shivam//blind_data/835472_QHretkXfg8wS2YKf_0124.wav,project को सारांशित करता है अच्छी bandwidth
/home/abdullahm/Shivam//blind_data/341424_s7qmM57nndNUBRi4_0131.wav,यह क्रिया drafts folder से भी email को हटा देगी
/home/abdullahm/Shivam//blind_data/145704_5CY9t6duxwVCK5NI_0043.wav,सूची में से arial black को चुनें और ok button पर
/home/abdullahm/Shivam//blind_data/315424_dFWh8NolvyRPEZIi_0102.wav,popup window बंद करें
/home/abdullahm/Shivam//blind_data/272044_2BqsQz87kAjMhCxB_0178.wav,आप add user page पर भिन्न errors को करके देख सकते हैं
/home/abdullahm/Shivam//blind_data/954326_dI6sOoo6pFXFhJSN_0024.wav,मैं यहाँ record करने वाली हूँ
/home/abdullahm/Shivam//blind_data/272044_2BqsQz87kAjMhCxB_0077.wav,हमने एक string variable id को null से initialize किया है
/home/abdullahm/Shivam//blind_data/341424_s7qmM57nndNUBRi4_0153.wav,मैं इस पर click करती हूँ
/home/abdullahm/Shivam//blind_data/310356_u0sz1lTfmeW7wW5o_0067.wav,output एक नयी sequence दिखाता है जो string 1 और string 2 का संयोजन है
/home/abdullahm/Shivam//blind_data/145704_5CY9t6duxwVCK5NI_0019.wav,ध्यान दें कि writer gray box refreshed हुआ है और contents मध्य में आए हैं
/home/abdullahm/Shivam//blind_data/935529_oMCmIa1P3IAPKGyX_0099.wav,fill pattern . horizontal चुनें और ok पर click करें
/home/abdullahm/Shivam//blind_data/935529_oMCmIa1P3IAPKGyX_0018.wav,यहाँ icon या diagram annotation के syntax को प्रदर्शित करने वाला एक उदाहरण है
/home/abdullahm/Shivam//blind_data/315424_dFWh8NolvyRPEZIi_0074.wav,h की प्रारंभिक value 30 unit है
/home/abdullahm/Shivam//blind_data/848297_1Ex3WEqCQ7VGfqIn_0058.wav,अभी तक मैंने windows movie maker screen के basic layout यानी मौलिक विन्यास समझाया है अब अपनी timeline पर वापस आते हैं और सीखते हैं कि video के कुछ भागों को कैसे जोड़ते और हटा
/home/abdullahm/Shivam//blind_data/952555_b9A7hrD5hUYxzb1E_0094.wav,ध्यान दें कि हमें hello from post method arya मिला है
/home/abdullahm/Shivam//blind_data/981154_ph1l8Eyc0Sf6TsiC_0119.wav,mozilla firefox window खोलें
/home/abdullahm/Shivam//blind_data/715617_85MWWgmTkIhi4ZHP_0021.wav,इसलिए मैंने इस प्रदर्शन के लिए ubuntu - 16 . 04 . 5 - desktop - amd 64 . iso file download किया है subs
/home/abdullahm/Shivam//blind_data/835472_QHretkXfg8wS2YKf_0104.wav,अब संक्षिप्त रूप से laptop देखते हैं laptops port
/home/abdullahm/Shivam//blind_data/341424_s7qmM57nndNUBRi4_0096.wav,करुँगी file जोड़ने के बाद हमें उल्लेख करना है कि इसे अपने mail में कैसे प्रविष्ट करना है
/home/abdullahm/Shivam//blind_data/731203_IfrROqMp8euBDI18_0042.wav,हम आज की date से एक सप्ताह आगे की return date set करते हैं
/home/abdullahm/Shivam//blind_data/952555_b9A7hrD5hUYxzb1E_0041.wav,अब हम अपने greeting servlet java पर जाते हैं
/home/abdullahm/Shivam//blind_data/935529_oMCmIa1P3IAPKGyX_0026.wav,model icon view में खुला है
/home/abdullahm/Shivam//blind_data/910325_DPCsWwNZgf4mmvwU_0054.wav,blocks interfaces पर जाएँ थोडा सा नीचे scroll करें
/home/abdullahm/Shivam//blind_data/443970_woduWyYl1wumm9Pt_0013.wav,java servlets के basics और jsp
/home/abdullahm/Shivam//blind_data/662689_mndbMoheJbWHzF8b_0031.wav,बारे में संबद्ध नहीं हैं लेकीन मैं इस पर
/home/abdullahm/Shivam//blind_data/935529_oMCmIa1P3IAPKGyX_0047.wav,ध्यान दें कि canvas में grid का आकार बढ़ गया है
/home/abdullahm/Shivam//blind_data/952555_b9A7hrD5hUYxzb1E_0114.wav,निम्न link पर उपलब्ध video देखें
/home/abdullahm/Shivam//blind_data/543096_UwcQJEuG2r7AD8vq_0103.wav,spoken tutorial talk to a teacher project का हिस्सा है
/home/abdullahm/Shivam//blind_data/172235_akeE0s3aKDyyCvEX_0050.wav,हैं terminal पर वापस आएं अगली step है data extract
/home/abdullahm/Shivam//blind_data/846118_m7mB9BC8FPflJgLI_0002.wav,यहाँ हम ubuntu 10 . 04 पर firefox version 7 . 0 का इस्तेमाल कर रहे हैं
/home/abdullahm/Shivam//blind_data/935529_oMCmIa1P3IAPKGyX_0138.wav,यदि आपके पास इस spoken tutorial में प्रश्न हैं तो कृपया निम्नलिखित website पर जाएं
/home/abdullahm/Shivam//blind_data/145704_5CY9t6duxwVCK5NI_0006.wav,यदि writer पहले से ही open है फिर insert menu पर click करें और फिर object पर click करें और formula
/home/abdullahm/Shivam//blind_data/908920_LIkOEYXYEAz96aNv_0023.wav,अन्य greek अक्षरों का mark up जानने के लिए symbols catalog का अन्वेषण करें चलिये अब
/home/abdullahm/Shivam//blind_data/272044_2BqsQz87kAjMhCxB_0085.wav,किया हैं अब हम देखेंगे कि error messages variable को index . jsp में कैसे लाते हैं
/home/abdullahm/Shivam//blind_data/315424_dFWh8NolvyRPEZIi_0045.wav,हम बाद में icon view और diagram view के बारे में अधिक जानेंगे
/home/abdullahm/Shivam//blind_data/908920_LIkOEYXYEAz96aNv_0070.wav,जोडें निम्नलिखित फ़ॉर्मूला लिखिए pi 3 . 1 4 1 5 9 के समान या बराबर है
/home/abdullahm/Shivam//blind_data/334157_201xLiqOYAgU2d7a_0000.wav,नमस्कार audacity प्रयोग करके editing के tutorial में आपका स्वागत है
/home/abdullahm/Shivam//blind_data/341424_s7qmM57nndNUBRi4_0029.wav,to और cc के सारे प्राप्त कर्ता अन्य सभी प्राप्त कर्ताओं को देख सकते हैं
/home/abdullahm/Shivam//blind_data/512580_oT2CzZaFTPoHj47K_0093.wav,file hiv . gb इस tutorial के code files में शामिल की गयी है
/home/abdullahm/Shivam//blind_data/334157_201xLiqOYAgU2d7a_0059.wav,हम edit tool panel में cut button पर भी click कर सकते हैं या edit cut विकल्प पर click करें
/home/abdullahm/Shivam//blind_data/361930_TKM4DsRGN2zuNS6M_0053.wav,प्रबन्ध या set करता है firefox sync हमारी history bookmarks और passwords सभी विभिन्न डिवाइस में उप
/home/abdullahm/Shivam//blind_data/755386_f5DL5lLLcrAit2gw_0080.wav,यह project spoken - tutorial . org द्वारा संचालित है
/home/abdullahm/Shivam//blind_data/452417_njTJ0H4xzGZHdznO_0044.wav,यह छोटे protein sequence के लिए code करता है
/home/abdullahm/Shivam//blind_data/361930_TKM4DsRGN2zuNS6M_0084.wav,जिसे भारत सरकार के mhrd मंत्रालय के राष्ट्रीय साक्षरता mission ने
/home/abdullahm/Shivam//blind_data/310356_u0sz1lTfmeW7wW5o_0109.wav,और प्रमाणपत्र देते हैं कृपया हमसे संपर्क करें
/home/abdullahm/Shivam//blind_data/135893_9lNAZMRfDfuCN6XC_0068.wav,अतः output इसे dna sequence की तरह निर्दिष्ट नहीं करता है
/home/abdullahm/Shivam//blind_data/172235_akeE0s3aKDyyCvEX_0057.wav,अब हम अपनी blast report में सारे hits की कुछ जानकारी print करते हैं जो एक विशेष threshold से बड़ी है
/home/abdullahm/Shivam//blind_data/141425_wYQaKVNl7bh28u3u_0044.wav,यहाँ हम उन सभी users की सूची प्राप्त कर सकते हैं जो library में registered हो चुके हैं
/home/abdullahm/Shivam//blind_data/334157_201xLiqOYAgU2d7a_0004.wav,receive करें और export करें इस tutorial के लिए मैं उपयोग कर रही हूँ ubuntu linux version 10 . 04 operating system और audacity ver
/home/abdullahm/Shivam//blind_data/145704_5CY9t6duxwVCK5NI_0034.wav,format में बदलाव करने के लिए हम ऊपर मौजूद format menu का उपयोग कर सकते हैं
/home/abdullahm/Shivam//blind_data/361930_TKM4DsRGN2zuNS6M_0063.wav,proxy settings खुद से enter करने के लिए manual proxy configuration button पर click करें
/home/abdullahm/Shivam//blind_data/543096_UwcQJEuG2r7AD8vq_0082.wav,restart now button पर click
/home/abdullahm/Shivam//blind_data/785686_o9IGdBMefgqASRUb_0083.wav,दैनिक कार्य के लिए हम documents spreadsheets और presentations प्रयोग करते हैं
/home/abdullahm/Shivam//blind_data/443970_woduWyYl1wumm9Pt_0005.wav,logged in users के द्वारा ली गयी books प्रदर्शित करना
/home/abdullahm/Shivam//blind_data/981154_ph1l8Eyc0Sf6TsiC_0002.wav,करना firefox page को setup करना preview और print करना
/home/abdullahm/Shivam//blind_data/315424_dFWh8NolvyRPEZIi_0030.wav,open model या library file पर click करें
/home/abdullahm/Shivam//blind_data/272044_2BqsQz87kAjMhCxB_0170.wav,यदि नहीं तो user model प्रयोग करके हमें attribute user from request की value प्राप्त होगी
/home/abdullahm/Shivam//blind_data/141425_wYQaKVNl7bh28u3u_0067.wav,spoken tutorial project talk to a teacher project का हिस्सा है
/home/abdullahm/Shivam//blind_data/981154_ph1l8Eyc0Sf6TsiC_0103.wav,apply पर click करें
/home/abdullahm/Shivam//blind_data/848297_1Ex3WEqCQ7VGfqIn_0069.wav,movie maker यह अपने आप करता है जिससे video में निरंतरता बनी रहे
/home/abdullahm/Shivam//blind_data/341424_s7qmM57nndNUBRi4_0035.wav,email भेजने वाला प्राप्त कर्ताओं की पूरी सूची देख सकता है
/home/abdullahm/Shivam//blind_data/731203_IfrROqMp8euBDI18_0089.wav,अब यह जांचने की कोशिश करें कि वही book उसी यूज़र द्वारा ली गयी है
/home/abdullahm/Shivam//blind_data/315424_dFWh8NolvyRPEZIi_0080.wav,g acceleration due to gravity को प्रदर्शित करता है यह real datatype है और इसकी unit meter per second square है
/home/abdullahm/Shivam//blind_data/954326_dI6sOoo6pFXFhJSN_0044.wav,audio clip पर right click करके उसे चुने और पहली audio track के अंत में ले आए याने drag and drop करे इसी तरह सभी clips के लिए
/home/abdullahm/Shivam//blind_data/543096_UwcQJEuG2r7AD8vq_0033.wav,restart now पर click करें
/home/abdullahm/Shivam//blind_data/145704_5CY9t6duxwVCK5NI_0026.wav,box में देखें ठीक है अब an के लिए एक summation चिन्ह लिखते हैं to denote a1 + a2 + a3 से लेकर + an अतः mark up है
/home/abdullahm/Shivam//blind_data/310356_u0sz1lTfmeW7wW5o_0072.wav,ऐसा करने के लिए हम count function उपयोग
/home/abdullahm/Shivam//blind_data/341424_s7qmM57nndNUBRi4_0018.wav,अब एक email लिखने के लिए उपलब्ध विकल्पों को देखते हैं
/home/abdullahm/Shivam//blind_data/135893_9lNAZMRfDfuCN6XC_0022.wav,arrow के साथ छोटे चयनित button पर click करें जो send to button के पास है choose
/home/abdullahm/Shivam//blind_data/437963_SWMxcnx8okhoHB4s_0135.wav,अगर आपने account बनाते समय photo uploaded किया था तो आप वह यहाँ देखेंगे
/home/abdullahm/Shivam//blind_data/981154_ph1l8Eyc0Sf6TsiC_0084.wav,marks को स्वतः से भी पुनःव्यवस्थित कर
/home/abdullahm/Shivam//blind_data/952555_b9A7hrD5hUYxzb1E_0099.wav,अब हम सीखते हैं कि कब get method और कब post method प्रयोग करें
/home/abdullahm/Shivam//blind_data/135893_9lNAZMRfDfuCN6XC_0035.wav,editor बंद करें पहले check
/home/abdullahm/Shivam//blind_data/731203_IfrROqMp8euBDI18_0160.wav,एक book return करना
/home/abdullahm/Shivam//blind_data/443970_woduWyYl1wumm9Pt_0003.wav,book की सारी जानकारी निकलना
/home/abdullahm/Shivam//blind_data/846118_m7mB9BC8FPflJgLI_0024.wav,panel बाएं panel में चुनित option की जानकारी प्रदर्शित करता है तो दायाँ panel addon
/home/abdullahm/Shivam//blind_data/452417_njTJ0H4xzGZHdznO_0047.wav,एक sequence object बनाने के लिए bio package से seq module import करें
/home/abdullahm/Shivam//blind_data/437963_SWMxcnx8okhoHB4s_0059.wav,मैं puzzle verification के साथ जाऊँगी
/home/abdullahm/Shivam//blind_data/930904_pauf66fOYFtqaQ0c_0103.wav,servlets java code के अंदर html code रखता है
/home/abdullahm/Shivam//blind_data/172235_akeE0s3aKDyyCvEX_0000.wav,biopython tools उपयोग करके blast पर इस tutorial में आपका स्वागत है
/home/abdullahm/Shivam//blind_data/785686_o9IGdBMefgqASRUb_0154.wav,thread को हटाने के लिए resolve button पर click करें हमें
/home/abdullahm/Shivam//blind_data/785686_o9IGdBMefgqASRUb_0036.wav,हम इस tutorial के लिए इस विकल्प को छोड़ देंगे
/home/abdullahm/Shivam//blind_data/910325_DPCsWwNZgf4mmvwU_0098.wav,ध्यान दें कि यह एक ऐसा plot उत्पन्न करता है जो दिए गए signal values के अनुसार है
/home/abdullahm/Shivam//blind_data/315424_dFWh8NolvyRPEZIi_0053.wav,specialization dropdown menu पर click करें class चुनें ok पर click करें
/home/abdullahm/Shivam//blind_data/272044_2BqsQz87kAjMhCxB_0021.wav,इसके लिए users पर right click करें और view data पर click करें
/home/abdullahm/Shivam//blind_data/135893_9lNAZMRfDfuCN6XC_0073.wav,format बदलकर genbank करें शि
/home/abdullahm/Shivam//blind_data/785686_o9IGdBMefgqASRUb_0045.wav,अतः एक बार फिर file पर right click करें और make a copy विकल्प चुनें
/home/abdullahm/Shivam//blind_data/618242_jN7JwubGvJhIkeYN_0049.wav,close button पर
/home/abdullahm/Shivam//blind_data/618242_jN7JwubGvJhIkeYN_0033.wav,s पर click करें search . html नाम से desktop पर file save करें
/home/abdullahm/Shivam//blind_data/910325_DPCsWwNZgf4mmvwU_0014.wav,हमने पिछले tutorial में connect statement के बारे में सीखा है
/home/abdullahm/Shivam//blind_data/835472_QHretkXfg8wS2YKf_0015.wav,unit input unit
/home/abdullahm/Shivam//blind_data/452417_njTJ0H4xzGZHdznO_0089.wav,अब एक नियत कार्य
/home/abdullahm/Shivam//blind_data/848297_1Ex3WEqCQ7VGfqIn_0039.wav,ध्यान दें कि frame head एक बार में एक clip आगे जाता है
/home/abdullahm/Shivam//blind_data/437963_SWMxcnx8okhoHB4s_0010.wav,औए एक web browser की
/home/abdullahm/Shivam//blind_data/329997_O89uJhZZDPErIcwv_0084.wav,यह spoken tutorial project को सारांशित करता है
/home/abdullahm/Shivam//blind_data/662689_mndbMoheJbWHzF8b_0091.wav,project को सारांशित करता है यदि आपके पास अच्छी band
/home/abdullahm/Shivam//blind_data/910325_DPCsWwNZgf4mmvwU_0044.wav,मैंने पहले ही आवश्यक blocks बना दिए हैं और उन्हें arithmetic operations using blocks नामक file में package किया है
/home/abdullahm/Shivam//blind_data/981154_ph1l8Eyc0Sf6TsiC_0081.wav,bookmarks sidebar से unsorted bookmarks folder चुनें और उस पर दायाँ
/home/abdullahm/Shivam//blind_data/952555_b9A7hrD5hUYxzb1E_0061.wav,out . println ( और double ' में hello from get method + username
/home/abdullahm/Shivam//blind_data/954326_dI6sOoo6pFXFhJSN_0052.wav,यह स्थान के लिए पूछेगा जहाँ इसे save करना है मैं desktop चुनूंगी और save पर click करुँगी
/home/abdullahm/Shivam//blind_data/715617_85MWWgmTkIhi4ZHP_0038.wav,नई virtual machine बना रही हूँ इसलिए मैं अब create a virtual hard disk now का चयन करूंगी
/home/abdullahm/Shivam//blind_data/334157_201xLiqOYAgU2d7a_0035.wav,audio file अनचाहे भागों को हटाने के लिए cut copy paste delete की जा सकती है और उसमें कुछ विशेष effects भी डाले जा सकते हैं
/home/abdullahm/Shivam//blind_data/437963_SWMxcnx8okhoHB4s_0067.wav,skip this verification phone verification may be required check box पर click करें
/home/abdullahm/Shivam//blind_data/835472_QHretkXfg8wS2YKf_0045.wav,के अनेक भाग देखते हैं cpu के अन्द
/home/abdullahm/Shivam//blind_data/341424_s7qmM57nndNUBRi4_0108.wav,हम अपने computer से यह image का website address देकर photos upload कर सकते हैं
/home/abdullahm/Shivam//blind_data/437963_SWMxcnx8okhoHB4s_0037.wav,हम अपनी पसंद का कोई भी username दे सकते हैं और उपलब्धता जाँचें
/home/abdullahm/Shivam//blind_data/731203_IfrROqMp8euBDI18_0046.wav,दूसरा दिनों की संख्या है जो वर्तमान दिन में जोड़ी जानी है
/home/abdullahm/Shivam//blind_data/310356_u0sz1lTfmeW7wW5o_0035.wav,sequence objects के बारे में
/home/abdullahm/Shivam//blind_data/135893_9lNAZMRfDfuCN6XC_0029.wav,editor में file खुलती है file
/home/abdullahm/Shivam//blind_data/543096_UwcQJEuG2r7AD8vq_0005.wav,इस tutorial में हम button का look और layout बदल सकता है
/home/abdullahm/Shivam//blind_data/764823_MO16YTQW1VD8AudW_0028.wav,ubuntu के पुराने versions में system
/home/abdullahm/Shivam//blind_data/310356_u0sz1lTfmeW7wW5o_0093.wav,बदले निम्न type करें dna 4 = dna 3 . 2 seek खोलें और बंद करें enter दबाएं
/home/abdullahm/Shivam//blind_data/334157_201xLiqOYAgU2d7a_0043.wav,ctrl b दबाएं
/home/abdullahm/Shivam//blind_data/848297_1Ex3WEqCQ7VGfqIn_0062.wav,मैं playback को यहाँ रोकूंगी क्योंकि यह उस भाग की शुरुआत है जो मैं मिटाना चाहती हूँ
/home/abdullahm/Shivam//blind_data/935529_oMCmIa1P3IAPKGyX_0092.wav,ok पर click करें
/home/abdullahm/Shivam//blind_data/315424_dFWh8NolvyRPEZIi_0144.wav,मैं equation को उसकी जगह पर वापस करती हूँ और toolbar में save button पर click करती हूँ
/home/abdullahm/Shivam//blind_data/443970_woduWyYl1wumm9Pt_0045.wav,पहला वाला सारी books की list है
/home/abdullahm/Shivam//blind_data/910325_DPCsWwNZgf4mmvwU_0047.wav,मैं सबसे पहले arithmetic operations using blocks package का प्रदर्शन करूंगी औऱ फिर miso block के syntax को प्रदर्शित करूँगी
/home/abdullahm/Shivam//blind_data/835472_QHretkXfg8wS2YKf_0133.wav,धन्यवाद एक
/home/abdullahm/Shivam//blind_data/443970_woduWyYl1wumm9Pt_0119.wav,यदि आपके पास अच्छी bandwidth नहीं है तो आप इसे download करके भी देख सकते हैं
/home/abdullahm/Shivam//blind_data/437963_SWMxcnx8okhoHB4s_0129.wav,यहाँ वो date और time है जब email भेजा गया था
/home/abdullahm/Shivam//blind_data/512580_oT2CzZaFTPoHj47K_0074.wav,prompt पर वापस जाने के लिए की board पर q दबाएं
/home/abdullahm/Shivam//blind_data/785686_o9IGdBMefgqASRUb_0150.wav,मैं एक सुझाव को स्वीकार करती हूँ और दूसरे को छोड़ देती हूँ हम यह​
/home/abdullahm/Shivam//blind_data/401356_C9yyvF8oQKRK8txb_0043.wav,मतलब इस document में कहीं भी हम इस formula को number 1 के साथ cross reference कर सकते हैं
/home/abdullahm/Shivam//blind_data/361930_TKM4DsRGN2zuNS6M_0029.wav,browsers search bar में flowers type करें और दाईं ओर आवर्धक lens चिन्ह
/home/abdullahm/Shivam//blind_data/910325_DPCsWwNZgf4mmvwU_0027.wav,अपने signal के लिए एक input चुनते हैं
/home/abdullahm/Shivam//blind_data/329997_O89uJhZZDPErIcwv_0076.wav,इस tutorial में हमने सीखा कि कैसे खोज करें search engine को नियंत्रित करें find bar का इस्तेमाल करना auto complete और address bar का इस्तेमाल करना
/home/abdullahm/Shivam//blind_data/930904_pauf66fOYFtqaQ0c_0076.wav,फिर run file पर click करें
/home/abdullahm/Shivam//blind_data/930904_pauf66fOYFtqaQ0c_0000.wav,java servlets और jsp s के spoken tutorial में आपका स्वागत है
/home/abdullahm/Shivam//blind_data/310356_u0sz1lTfmeW7wW5o_0029.wav,अतः ध्यान दें इस command में एक double ' के बजाय दो single ' उपयोग करें enter दबाएं
/home/abdullahm/Shivam//blind_data/452417_njTJ0H4xzGZHdznO_0029.wav,ये ctrl alt और t keys एकसाथ दबाकर terminal खोलें
/home/abdullahm/Shivam//blind_data/172235_akeE0s3aKDyyCvEX_0016.wav,पहला आपकी query sequence के लिए blast run करें और कुछ output
/home/abdullahm/Shivam//blind_data/315424_dFWh8NolvyRPEZIi_0024.wav,मैं modeling area के रूप में बाईं ओर libraries browser नीचे messages browser और उपर toolbar के बीच क्षेत्र को संदर्भित कर रही हूँ
/home/abdullahm/Shivam//blind_data/935529_oMCmIa1P3IAPKGyX_0096.wav,color palette में black चुनें ok पर click करें
/home/abdullahm/Shivam//blind_data/662689_mndbMoheJbWHzF8b_0055.wav,पर click करें या किसी भी पहले
/home/abdullahm/Shivam//blind_data/764823_MO16YTQW1VD8AudW_0034.wav,ऊपरी बाएं कोने पर हरे + sign के साथ एक add button है इस पर click करें
/home/abdullahm/Shivam//blind_data/315424_dFWh8NolvyRPEZIi_0055.wav,आप नए class को खोलने के लिए new modelica class नामक tool का उपयोग भी कर सकते हैं
/home/abdullahm/Shivam//blind_data/315424_dFWh8NolvyRPEZIi_0075.wav,unit attribute variable की unit निर्दिष्ट करता है
/home/abdullahm/Shivam//blind_data/329997_O89uJhZZDPErIcwv_0057.wav,highlight all option पर click करिये
/home/abdullahm/Shivam//blind_data/930904_pauf66fOYFtqaQ0c_0077.wav,हमें एक set servlet execution uri dialog box मिलता है
/home/abdullahm/Shivam//blind_data/315424_dFWh8NolvyRPEZIi_0120.wav,एक ही प्रभाव का निर्माण करने के लिए यहां class के बजाय model का उपयोग कर सकते हैं
/home/abdullahm/Shivam//blind_data/309014_gqEOe0kgNRGLHZph_0053.wav,gmail bookmark पर click करें यह आपको gmail login page पर ले जाएगा आप उन sites के
/home/abdullahm/Shivam//blind_data/981154_ph1l8Eyc0Sf6TsiC_0123.wav,mask को उल्टे वर्णमाला क्रम में संयोजित करें
/home/abdullahm/Shivam//blind_data/952555_b9A7hrD5hUYxzb1E_0072.wav,और password में arya * 123
/home/abdullahm/Shivam//blind_data/341424_s7qmM57nndNUBRi4_0049.wav,content क्षेत्र में अब message type करते हैं
/home/abdullahm/Shivam//blind_data/618242_jN7JwubGvJhIkeYN_0027.wav,बुनियादी operations देखते हैं जिनकी mozilla firefox हमें करने की अनुमति देता है
/home/abdullahm/Shivam//blind_data/272044_2BqsQz87kAjMhCxB_0012.wav,netbeans ide से mysql database को जोड़ना
/home/abdullahm/Shivam//blind_data/172235_akeE0s3aKDyyCvEX_0040.wav,हैं enter दबाएं
/home/abdullahm/Shivam//blind_data/172235_akeE0s3aKDyyCvEX_0046.wav,file पर click करें और file की विषय वस्तु को जाँचें
/home/abdullahm/Shivam//blind_data/662689_mndbMoheJbWHzF8b_0056.wav,compile की हुई file को और अन्य बने outputs को मिटा देगा यह applications को
/home/abdullahm/Shivam//blind_data/785686_o9IGdBMefgqASRUb_0128.wav,विकल्प अन्य users को बदलावों का सुझाव देने की अनुमति देता है can
/home/abdullahm/Shivam//blind_data/315424_dFWh8NolvyRPEZIi_0160.wav,आपसे विदा लेती हूँ धन्यवाद
/home/abdullahm/Shivam//blind_data/935529_oMCmIa1P3IAPKGyX_0130.wav,हम आने वाले tutorial में component oriented modeling के बारे में अधिक सीखेंगे
/home/abdullahm/Shivam//blind_data/309014_gqEOe0kgNRGLHZph_0027.wav,यह function बहुत उपयोगी है जब webpage में एक बड़े text में से कुछ खोज रहे
/home/abdullahm/Shivam//blind_data/272044_2BqsQz87kAjMhCxB_0167.wav,फिर हमें get attribute method प्रयोग करके attribute की value error messages प्राप्त होती है
/home/abdullahm/Shivam//blind_data/910325_DPCsWwNZgf4mmvwU_0073.wav,इसी तरह real output एक connector है जो real output signal को दर्शाता है
/home/abdullahm/Shivam//blind_data/848297_1Ex3WEqCQ7VGfqIn_0032.wav,पहला button play या pause का है जब यह play mode में होता है तो frame head आगे की ओर जाता है
/home/abdullahm/Shivam//blind_data/135893_9lNAZMRfDfuCN6XC_0043.wav,human insulin gene complete cds file चुनें
/home/abdullahm/Shivam//blind_data/952555_b9A7hrD5hUYxzb1E_0037.wav,यह form दो input elements रखता है username और password
/home/abdullahm/Shivam//blind_data/846118_m7mB9BC8FPflJgLI_0016.wav,and drag extension संस्थापित करें
/home/abdullahm/Shivam//blind_data/309014_gqEOe0kgNRGLHZph_0080.wav,निम्न link पर उपलब्ध video देखें
/home/abdullahm/Shivam//blind_data/952555_b9A7hrD5hUYxzb1E_0109.wav,jsp प्रयोग करके simple login form बनाना doget
/home/abdullahm/Shivam//blind_data/981154_ph1l8Eyc0Sf6TsiC_0088.wav,mouse button दबाएँ और bookmark को bookmarks sidebar के ubuntu and free software folder तक drag करें
/home/abdullahm/Shivam//blind_data/935529_oMCmIa1P3IAPKGyX_0089.wav,यह आपको border के pattern को बदलने की अनुमति देता है मैंने solid line चुना
/home/abdullahm/Shivam//blind_data/315424_dFWh8NolvyRPEZIi_0093.wav,equation class के equation section की शुरूआत का प्रतीक है
/home/abdullahm/Shivam//blind_data/341424_s7qmM57nndNUBRi4_0060.wav,files और documents को दूसरों के साथ share
/home/abdullahm/Shivam//blind_data/731203_IfrROqMp8euBDI18_0136.wav,user name में mdhusein type करें
/home/abdullahm/Shivam//blind_data/785686_o9IGdBMefgqASRUb_0116.wav,अगर विविध revisions नहीं दिखते तो नीचे show more detailed revisions button पर click करें
/home/abdullahm/Shivam//blind_data/272044_2BqsQz87kAjMhCxB_0185.wav,यह spoken tutorial project को सारांशित करता है
/home/abdullahm/Shivam//blind_data/341424_s7qmM57nndNUBRi4_0066.wav,attach file icon पर click करें जो एक paper clip की तरह दिखता है
/home/abdullahm/Shivam//blind_data/341424_s7qmM57nndNUBRi4_0085.wav,default रूप से files जो पहले ही upload की गयीं हैं my drive tab में उपलब्ध होंगी
/home/abdullahm/Shivam//blind_data/764823_MO16YTQW1VD8AudW_0071.wav,copies विकल्प वह है जहाँ हम अपनी इच्छानुसार प्रतियों की संख्या चुनते हैं
/home/abdullahm/Shivam//blind_data/785686_o9IGdBMefgqASRUb_0079.wav,अब बायीं तरफ my drive विकल्प को पास से देखें ध्यान
/home/abdullahm/Shivam//blind_data/334157_201xLiqOYAgU2d7a_0079.wav,दोबारा click करें effect
/home/abdullahm/Shivam//blind_data/543096_UwcQJEuG2r7AD8vq_0105.wav,इस mission पर अधिक जानकारी दिए गए link पर उपलब्ध है
/home/abdullahm/Shivam//blind_data/361930_TKM4DsRGN2zuNS6M_0076.wav,निम्न link पर उपलब्ध video देखें
/home/abdullahm/Shivam//blind_data/443970_woduWyYl1wumm9Pt_0048.wav,यहाँ यह उस विकल्प को चुनता है जिस पर हम click करते हैं
/home/abdullahm/Shivam//blind_data/341424_s7qmM57nndNUBRi4_0109.wav,अभी के लिए मैं कोई भी image upload नहीं करना चाहती
/home/abdullahm/Shivam//blind_data/930904_pauf66fOYFtqaQ0c_0017.wav,web container web server का component है जो java servlets के साथ interacts करता है
/home/abdullahm/Shivam//blind_data/981154_ph1l8Eyc0Sf6TsiC_0085.wav,करते है bookmarks sidebar से bookmarks menu folder पर click करें और उसे खोलें
/home/abdullahm/Shivam//blind_data/764823_MO16YTQW1VD8AudW_0003.wav,ubuntu linux 12 . 10 operating system
/home/abdullahm/Shivam//blind_data/452417_njTJ0H4xzGZHdznO_0035.wav,यहाँ मैं आपको याद दिला दूँ कि python language case sensitive है
/home/abdullahm/Shivam//blind_data/910325_DPCsWwNZgf4mmvwU_0001.wav,इस tutorial में हम सीखेंगे कि blocks कैसे परिभाषित करना है
/home/abdullahm/Shivam//blind_data/785686_o9IGdBMefgqASRUb_0085.wav,संभव है हाँ यह संभव है google drive में भी हम office suite की तरह ही documents spreadsheets और presentations बना सकते हैं अतः हमारे
/home/abdullahm/Shivam//blind_data/910325_DPCsWwNZgf4mmvwU_0032.wav,modelica library में पहले से ही एक miso नामक block है जो multiple input single output है
/home/abdullahm/Shivam//blind_data/835472_QHretkXfg8wS2YKf_0005.wav,आजकल tablet pcs या tabs भी बहुत लोकप्रिय हैं computer के
/home/abdullahm/Shivam//blind_data/764823_MO16YTQW1VD8AudW_0016.wav,और printer के पीछे एक power slot और एक usb port होता है एक print
/home/abdullahm/Shivam//blind_data/715617_85MWWgmTkIhi4ZHP_0092.wav,कृपया इस password को note करें यह ubuntu linux os के लिए admin password है
/home/abdullahm/Shivam//blind_data/935529_oMCmIa1P3IAPKGyX_0031.wav,ध्यान दें कि canvas grid में विभाजित है
/home/abdullahm/Shivam//blind_data/662689_mndbMoheJbWHzF8b_0077.wav,0 default course है जिस पर server machine पर run करता है यह glass
/home/abdullahm/Shivam//blind_data/846118_m7mB9BC8FPflJgLI_0047.wav,scrap book firefox में संस्थापित हो चुका है इस tutorial को
/home/abdullahm/Shivam//blind_data/848297_1Ex3WEqCQ7VGfqIn_0070.wav,हमेशा याद रखें कि जब भी आप clip का एक भाग मिटाते हैं तो video के साथ audio दोनों मिट जाते हैं
/home/abdullahm/Shivam//blind_data/846118_m7mB9BC8FPflJgLI_0019.wav,समान है menu bar से tools और addons
/home/abdullahm/Shivam//blind_data/341424_s7qmM57nndNUBRi4_0113.wav,edit link dialogue box खुलता है
/home/abdullahm/Shivam//blind_data/981154_ph1l8Eyc0Sf6TsiC_0017.wav,name field में my gmail page दर्ज करें
/home/abdullahm/Shivam//blind_data/930904_pauf66fOYFtqaQ0c_0141.wav,विदा लेता हूँ हमसे जुड़ने के लिए धन्यवाद धन्यवाद धन्यवाद ध
/home/abdullahm/Shivam//blind_data/952555_b9A7hrD5hUYxzb1E_0017.wav,हम अपनी web application library management system बनाने से शुरू करेंगे
/home/abdullahm/Shivam//blind_data/785686_o9IGdBMefgqASRUb_0001.wav,इस tutorial में हम google drive में उपलब्ध निम्न विकल्पों के बारे में सीखेंगे जैसे
/home/abdullahm/Shivam//blind_data/334157_201xLiqOYAgU2d7a_0064.wav,paste विकल्प
/home/abdullahm/Shivam//blind_data/172235_akeE0s3aKDyyCvEX_0039.wav,blast output xml file की form में result नामक variable में संचित किया जाता
/home/abdullahm/Shivam//blind_data/952555_b9A7hrD5hUYxzb1E_0062.wav,अब इस project को करने के लिए my first project पर right click करें
/home/abdullahm/Shivam//blind_data/785686_o9IGdBMefgqASRUb_0115.wav,revision history पर click करें हम date time stamp और user की जानकारी के साथ file के सारे revision देख सकते हैं अगर
/home/abdullahm/Shivam//blind_data/930904_pauf66fOYFtqaQ0c_0058.wav,हमने पहले ही process request method को मिटा दिया था
/home/abdullahm/Shivam//blind_data/272044_2BqsQz87kAjMhCxB_0014.wav,यदि नहीं तो सम्बंधित tutorials के लिए कृपया हमारी website पर जाएँ
/home/abdullahm/Shivam//blind_data/848297_1Ex3WEqCQ7VGfqIn_0055.wav,यह play timeline button है इस पर click करके हम display panel में video को play करेंगे
/home/abdullahm/Shivam//blind_data/543096_UwcQJEuG2r7AD8vq_0004.wav,एक theme के बदलने से firefox background
/home/abdullahm/Shivam//blind_data/981154_ph1l8Eyc0Sf6TsiC_0111.wav,copies में हम 1 चुनेंगे
/home/abdullahm/Shivam//blind_data/145704_5CY9t6duxwVCK5NI_0064.wav,थापन चुन सकते हैं चलिए पांचवे उदाहरण में संख्या 5 के बाद लम्बा रिक्त स्थान रखते हैं 5 के बाद click करिये
/home/abdullahm/Shivam//blind_data/846118_m7mB9BC8FPflJgLI_0093.wav,यदि आपके पास अच्छा bandwidth नहीं है तो आप इसे download करके देख सकते हैं
/home/abdullahm/Shivam//blind_data/141425_wYQaKVNl7bh28u3u_0041.wav,यहाँ हमें भिन्न members को जारी की गयी किताबों की सूची मिलती
/home/abdullahm/Shivam//blind_data/172235_akeE0s3aKDyyCvEX_0048.wav,code उपयोग करें अगर आप query की तरह एक fasta file से sequence record object उपयोग कर
/home/abdullahm/Shivam//blind_data/452417_njTJ0H4xzGZHdznO_0067.wav,output देखें
/home/abdullahm/Shivam//blind_data/145704_5CY9t6duxwVCK5NI_0051.wav,अगला चलिए formulae की spacing में बदलाव करते हैं
/home/abdullahm/Shivam//blind_data/437963_SWMxcnx8okhoHB4s_0033.wav,अब username में becky 0808 प्रविष्ट करती हूँ
/home/abdullahm/Shivam//blind_data/715617_85MWWgmTkIhi4ZHP_0109.wav,virtual machine में ubuntu linux 16 . 04 संस्थापित करना सीखा
/home/abdullahm/Shivam//blind_data/141425_wYQaKVNl7bh28u3u_0052.wav,अतः यह इस आसान web application का overview है
/home/abdullahm/Shivam//blind_data/341424_s7qmM57nndNUBRi4_0184.wav,इस mission पर अधिक जानकारी इस link पर उपलब्ध है i i t bombay से मे श्रुती आर्य आपसे विदा लेती हूँ इस tutorial को देख
/home/abdullahm/Shivam//blind_data/764823_MO16YTQW1VD8AudW_0063.wav,ध्यान दें कि जुड़ा हुआ printer default रूप से चुना गया है
/home/abdullahm/Shivam//blind_data/437963_SWMxcnx8okhoHB4s_0087.wav,अब हम welcome page पर हैं
/home/abdullahm/Shivam//blind_data/930904_pauf66fOYFtqaQ0c_0045.wav,servlet container glassfish का component है जो servlets के साथ interact करता है
/home/abdullahm/Shivam//blind_data/437963_SWMxcnx8okhoHB4s_0133.wav,अब सीखते हैं कि gmail से signout कैसे करते हैं
/home/abdullahm/Shivam//blind_data/618242_jN7JwubGvJhIkeYN_0003.wav,mozilla firefox आपको एक ही browser window में भिन्न tabs में विभिन्न web पेजस को load करने की अनुमति देता है
/home/abdullahm/Shivam//blind_data/910325_DPCsWwNZgf4mmvwU_0110.wav,हम समर्थन के लिए open modelica के development team का धन्यवाद करते हैं ये
/home/abdullahm/Shivam//blind_data/309014_gqEOe0kgNRGLHZph_0058.wav,प्रदर्शित options उस computer पर firefox के उपयोग के अंतराल का वर्णन करते हैं menu को विस्तृत करने
/home/abdullahm/Shivam//blind_data/309014_gqEOe0kgNRGLHZph_0088.wav,इस mission पर अधिक जानकारी दिए गए link पर उपलब्ध है spoken tutorial . org / nmeict intro यह script
/home/abdullahm/Shivam//blind_data/835472_QHretkXfg8wS2YKf_0052.wav,पीछे देखते हैं पीछे के ports
/home/abdullahm/Shivam//blind_data/341424_s7qmM57nndNUBRi4_0095.wav,इसे जोड़ना चाहते है मैं अभी के लिए इसे छोड़ दूँगी और केवल एक ही file upload
/home/abdullahm/Shivam//blind_data/618242_jN7JwubGvJhIkeYN_0036.wav,करें file और o
/home/abdullahm/Shivam//blind_data/512580_oT2CzZaFTPoHj47K_0072.wav,text convert function से सम्बंधित अधिक जानकारी के लिए type करें help command
/home/abdullahm/Shivam//blind_data/935529_oMCmIa1P3IAPKGyX_0040.wav,इसी तरह bottom और right canvas के निचले दाहिने कोने के निर्देशांक के अनुरूप है
/home/abdullahm/Shivam//blind_data/731203_IfrROqMp8euBDI18_0170.wav,समर्थित है इस mission पर अधिक जानकारी spoken tutorial . org / nmeict intro पर उपलब्ध है
/home/abdullahm/Shivam//blind_data/341424_s7qmM57nndNUBRi4_0059.wav,compose window में files photos links और emoticons को संलग्न करने के विकल्प हैं
/home/abdullahm/Shivam//blind_data/141425_wYQaKVNl7bh28u3u_0030.wav,मैं mdhusein से login करुँगा और password दें और enter करें
/home/abdullahm/Shivam//blind_data/145704_5CY9t6duxwVCK5NI_0031.wav,document को नाम दें mathexample1 अब सिखते
/home/abdullahm/Shivam//blind_data/731203_IfrROqMp8euBDI18_0172.wav,इस spoken tutorial के लिए उन्होंने इस विषय वस्तु की पुष्टि भी की है
/home/abdullahm/Shivam//blind_data/618242_jN7JwubGvJhIkeYN_0000.wav,mozilla firefox के spoken tutorial में आपका स्वागत है
/home/abdullahm/Shivam//blind_data/910325_DPCsWwNZgf4mmvwU_0028.wav,अन्य input अर्थात signal 2 constant k है जो signal को amplify करता है
/home/abdullahm/Shivam//blind_data/310356_u0sz1lTfmeW7wW5o_0098.wav,करना एक नयी sequence बनाने के लिए दो sequences को एकसाथ जोड़ना यानी कि श्रेणीबद्ध करना
/home/abdullahm/Shivam//blind_data/662689_mndbMoheJbWHzF8b_0017.wav,बाएं कोने पर file पर click करें और new project पर click करें new project window
/home/abdullahm/Shivam//blind_data/731203_IfrROqMp8euBDI18_0114.wav,यहाँ पहले हमें request से checkout attribute मिलता है
/home/abdullahm/Shivam//blind_data/329997_O89uJhZZDPErIcwv_0061.wav,address bar में लिखिए gma हम
/home/abdullahm/Shivam//blind_data/731203_IfrROqMp8euBDI18_0027.wav,हमने इन्हे पिछले tutorial में देखा था
/home/abdullahm/Shivam//blind_data/935529_oMCmIa1P3IAPKGyX_0008.wav,annotations का उपयोग model के icon and diagram views को निर्दिष्ट करने के लिए किया जा सकता
/home/abdullahm/Shivam//blind_data/731203_IfrROqMp8euBDI18_0084.wav,हमें checkout table से book id मिलती है
/home/abdullahm/Shivam//blind_data/437963_SWMxcnx8okhoHB4s_0055.wav,अगला segment prove you are not a robot दो सत्यापन steps रखता है
/home/abdullahm/Shivam//blind_data/437963_SWMxcnx8okhoHB4s_0147.wav,कृपया इसे download करके देखें
/home/abdullahm/Shivam//blind_data/361930_TKM4DsRGN2zuNS6M_0078.wav,दि आपके पास अच्छा bandwidth नहीं है तो आप इसे
/home/abdullahm/Shivam//blind_data/443970_woduWyYl1wumm9Pt_0066.wav,उसी प्रकार हम book के अन्य attributes दर्शाते हैं
/home/abdullahm/Shivam//blind_data/315424_dFWh8NolvyRPEZIi_0122.wav,tool bar में उपस्थित simulation setup button पर click करें
/home/abdullahm/Shivam//blind_data/835472_QHretkXfg8wS2YKf_0100.wav,को load करने की पूरी प्रक्रिया को computer की booting कहते हैं जब सारी
/home/abdullahm/Shivam//blind_data/334157_201xLiqOYAgU2d7a_0030.wav,अब audio file के बायीं ओर के panel पर drop down arrow पर click करें और split stereo to mono चुनें
/home/abdullahm/Shivam//blind_data/715617_85MWWgmTkIhi4ZHP_0031.wav,अगला page memory size है यहाँ virtual machine के लिए रॅम का साईज़ आवंटित करते हैं
/home/abdullahm/Shivam//blind_data/848297_1Ex3WEqCQ7VGfqIn_0097.wav,एक बार जब आप editing और dubbing के मूल तत्वों यानी basic से परिचित हो जाएँ तो आप अन्य tutorial देखने चाह सकते हैं जैसे अपने video में कुछ अच्छे effects कैसे जोड़ें परिवर्तन कैसे करें शीर्षक या credits और audio या music
/home/abdullahm/Shivam//blind_data/329997_O89uJhZZDPErIcwv_0069.wav,transfer मुख्य menu tabs की सूचि में से privacy टैब चुनिए
/home/abdullahm/Shivam//blind_data/309014_gqEOe0kgNRGLHZph_0071.wav,status bar पर तुरंत देखें यह उस webpage के load होने की स्थिति बताएगा
/home/abdullahm/Shivam//blind_data/755386_f5DL5lLLcrAit2gw_0006.wav,इससे पहले कि हम आगे जाएँ चलिए font size बढ़ाकर 18 . कर दे
/home/abdullahm/Shivam//blind_data/341424_s7qmM57nndNUBRi4_0086.wav,यहाँ आप file देख सकते हैं
/home/abdullahm/Shivam//blind_data/835472_QHretkXfg8wS2YKf_0114.wav,port है जिसको उपयोग करके laptop से projector जोड़ा जाता है audio jacks
/home/abdullahm/Shivam//blind_data/935529_oMCmIa1P3IAPKGyX_0060.wav,फिर हम देखेंगे कि क्या यह text view के annotation के तदनुसार परिवर्तित होता है
/home/abdullahm/Shivam//blind_data/135893_9lNAZMRfDfuCN6XC_0061.wav,यह भी ध्यान दें कि sequence data को sequence record objects की तरह पढ़ने के लिए parse function उपयोग किया जाता है ये
/home/abdullahm/Shivam//blind_data/443970_woduWyYl1wumm9Pt_0062.wav,पहले हम request से books प्राप्त कर सकते हैं
/home/abdullahm/Shivam//blind_data/835472_QHretkXfg8wS2YKf_0055.wav,बहुत से भाग हैं जब computer चल
/home/abdullahm/Shivam//blind_data/715617_85MWWgmTkIhi4ZHP_0100.wav,के लिए cd usb stick आदि अपने keyboard पर enter दबाएँ
/home/abdullahm/Shivam//blind_data/334157_201xLiqOYAgU2d7a_0040.wav,और add label @ selection चुनें
/home/abdullahm/Shivam//blind_data/848297_1Ex3WEqCQ7VGfqIn_0031.wav,उनको समझाने से पहले मैं frame head को यहाँ तक लाऊँगी
/home/abdullahm/Shivam//blind_data/764823_MO16YTQW1VD8AudW_0021.wav,printer पर जो power button है उसे on करें
/home/abdullahm/Shivam//blind_data/315424_dFWh8NolvyRPEZIi_0021.wav,निचले दाहिने कोने पर आप welcome modeling और plotting perspectives के लिए buttons देख सकते हैं
/home/abdullahm/Shivam//blind_data/329997_O89uJhZZDPErIcwv_0034.wav,dropdown box में manage search engines चुनिए
/home/abdullahm/Shivam//blind_data/443970_woduWyYl1wumm9Pt_0112.wav,इस tutorial में हमने सीखा
/home/abdullahm/Shivam//blind_data/341424_s7qmM57nndNUBRi4_0175.wav,files को emails में संलग्न करना
/home/abdullahm/Shivam//blind_data/785686_o9IGdBMefgqASRUb_0016.wav,वरीयता के अनुसार हम apps icon को किसी अन्य स्थिति में खींचकर इस सूची को पुनः व्यवस्थित भी कर सकते हैं इस tutorial
/home/abdullahm/Shivam//blind_data/341424_s7qmM57nndNUBRi4_0033.wav,bcc वाले प्राप्त कर्ता to और cc के प्राप्त कर्ताओं को देख सकते हैं
/home/abdullahm/Shivam//blind_data/981154_ph1l8Eyc0Sf6TsiC_0125.wav,print के लिए web page setup करें और इसे print करें
/home/abdullahm/Shivam//blind_data/785686_o9IGdBMefgqASRUb_0151.wav,हाँ 0808 i am becky से एक सुझाव देख सकते हैं और
/home/abdullahm/Shivam//blind_data/512580_oT2CzZaFTPoHj47K_0049.wav,file देखने के लिए home folder में file पर जाएँ
/home/abdullahm/Shivam//blind_data/755386_f5DL5lLLcrAit2gw_0009.wav,इसे जोड देते हैं चलिए अब सीखते हैं कि कैसे derivatives और differential equations लिखें
/home/abdullahm/Shivam//blind_data/272044_2BqsQz87kAjMhCxB_0189.wav,free चलाती हैं online test pass करने वालों को प्रमाण
/home/abdullahm/Shivam//blind_data/437963_SWMxcnx8okhoHB4s_0086.wav,इसके बजाय अपने email account को आगे बढ़ाने के लिए मैं no thanks button पर click करुँगी
/home/abdullahm/Shivam//blind_data/172235_akeE0s3aKDyyCvEX_0042.wav,है आगे की प्रक्रिया से पहले xml file को disk पर save करना ज़रूरी है
/home/abdullahm/Shivam//blind_data/437963_SWMxcnx8okhoHB4s_0044.wav,करे इसके बाद birthday पर आते हैं
/home/abdullahm/Shivam//blind_data/512580_oT2CzZaFTPoHj47K_0048.wav,मै देती हूँ output उसी नाम की किसी भी पहले से मौजूद file
/home/abdullahm/Shivam//blind_data/981154_ph1l8Eyc0Sf6TsiC_0001.wav,इस tutorial में हम bookmarks के बारे में सीखेंगे हम bookmarks संयोजित
/home/abdullahm/Shivam//blind_data/341424_s7qmM57nndNUBRi4_0024.wav,हमें to क्षेत्र में उस व्यक्ति का email address लिखना है जिसे हम email भेज रहे हैं
/home/abdullahm/Shivam//blind_data/315424_dFWh8NolvyRPEZIi_0046.wav,आप freefall नामक नया class भी बना सकते हैं और आवश्यक जानकारी type कर सकते हैं
/home/abdullahm/Shivam//blind_data/935529_oMCmIa1P3IAPKGyX_0050.wav,इसे समझने की कोशिश करते हैं modeling भाग के शीर्ष पर जाएँ और text view पर click करें थोडा सा नीचे scroll करें
/home/abdullahm/Shivam//blind_data/172235_akeE0s3aKDyyCvEX_0004.wav,python programming के साथ परिचित होना चाहिए
/home/abdullahm/Shivam//blind_data/662689_mndbMoheJbWHzF8b_0020.wav,पर click करें अगली window
/home/abdullahm/Shivam//blind_data/272044_2BqsQz87kAjMhCxB_0080.wav,नहीं तो हम error messages list में error invalid username या password को जोड़ते हैं
/home/abdullahm/Shivam//blind_data/954326_dI6sOoo6pFXFhJSN_0049.wav,ऐसा करने के लिए file menu में जाए और save project as पर click करें
/home/abdullahm/Shivam//blind_data/443970_woduWyYl1wumm9Pt_0122.wav,online test pass करने वालों को प्रमाणपत्र भी देते हैं
/home/abdullahm/Shivam//blind_data/141425_wYQaKVNl7bh28u3u_0060.wav,निम्न link पर उपलब्ध video देखें
/home/abdullahm/Shivam//blind_data/848297_1Ex3WEqCQ7VGfqIn_0061.wav,अतः मैं frame head यहाँ लाऊँगी और clip play करुँगी
/home/abdullahm/Shivam//blind_data/315424_dFWh8NolvyRPEZIi_0110.wav,यह yaxis पर h और xaxis पर time के साथ समय के संबंध में h के प्लॉट को बनाता है
/home/abdullahm/Shivam//blind_data/437963_SWMxcnx8okhoHB4s_0114.wav,इसका मतलब है कि मैं अपने आप को mail भेज रही हूँ
/home/abdullahm/Shivam//blind_data/662689_mndbMoheJbWHzF8b_0068.wav,देख सकते हैं यह सिर्फ h
/home/abdullahm/Shivam//blind_data/731203_IfrROqMp8euBDI18_0009.wav,firefox web browser 21 . 0
/home/abdullahm/Shivam//blind_data/272044_2BqsQz87kAjMhCxB_0196.wav,वोरा आपसे विदा लेता हूँ हमसे जुड़ने के लिए धन्यवाद धन्यवाद धन्यवाद धन्य
/home/abdullahm/Shivam//blind_data/755386_f5DL5lLLcrAit2gw_0019.wav,को एक साधारण differential equation की तरह लिख सकते हैं f of t = m गुणा d squared x over dt squared
/home/abdullahm/Shivam//blind_data/764823_MO16YTQW1VD8AudW_0080.wav,हम आशा करते हैं कि यह जानकारी सहायक थी
/home/abdullahm/Shivam//blind_data/952555_b9A7hrD5hUYxzb1E_0098.wav,यही doget और dopost methods में बड़ा अंतर है
/home/abdullahm/Shivam//blind_data/329997_O89uJhZZDPErIcwv_0065.wav,क्षेत्र में gmail webpage loads होता है
/home/abdullahm/Shivam//blind_data/437963_SWMxcnx8okhoHB4s_0146.wav,दिए link पर उपलब्ध video spoken tutorial project को सारांशित कर
/home/abdullahm/Shivam//blind_data/731203_IfrROqMp8euBDI18_0029.wav,हमें एक form मिलता है जो आपको checkout के साथ return book की अनुमति देता है
/home/abdullahm/Shivam//blind_data/835472_QHretkXfg8wS2YKf_0088.wav,line in जैसे radio या tape player को जोड़ने में उपयोग होता है हरा port
/home/abdullahm/Shivam//blind_data/315424_dFWh8NolvyRPEZIi_0124.wav,simulate पर click करें प्रदर्शित popup window को बंद करें
/home/abdullahm/Shivam//blind_data/437963_SWMxcnx8okhoHB4s_0131.wav,और विषय वस्तु यानी content यहाँ है
/home/abdullahm/Shivam//blind_data/930904_pauf66fOYFtqaQ0c_0056.wav,किसी सरल url अनुरोध के लिए doget default method है अतः
/home/abdullahm/Shivam//blind_data/310356_u0sz1lTfmeW7wW5o_0066.wav,output देखने के लिए type करें dna 2 enter दबाएं
/home/abdullahm/Shivam//blind_data/401356_C9yyvF8oQKRK8txb_0064.wav,इसके लिए नए page पर जाते हैं
/home/abdullahm/Shivam//blind_data/135893_9lNAZMRfDfuCN6XC_0103.wav,अधिक जानकारी के लिए कृपया हमें लिखें
/home/abdullahm/Shivam//blind_data/452417_njTJ0H4xzGZHdznO_0001.wav,इस tutorial में हम निम्न करना सीखेंगे biopython की महत्वपूर्ण
/home/abdullahm/Shivam//blind_data/908920_LIkOEYXYEAz96aNv_0059.wav,इस तरह से हम जटिल फॉर्मूलों को हल करते हैं और उनको भाग करके बनाते हैं
/home/abdullahm/Shivam//blind_data/272044_2BqsQz87kAjMhCxB_0116.wav,फिर add user पर click करें
/home/abdullahm/Shivam//blind_data/930904_pauf66fOYFtqaQ0c_0138.wav,इस mission पर अधिक जानकारी spoken tutorial . org / nmeict intro पर उपलब्ध है
/home/abdullahm/Shivam//blind_data/172235_akeE0s3aKDyyCvEX_0021.wav,इस tutorial में मैं दिखाऊंगी कि ncbi blast service उपयोग करके internet पर blast को कैसे run करते हैं
/home/abdullahm/Shivam//blind_data/981154_ph1l8Eyc0Sf6TsiC_0128.wav,यदि आपके पास अच्छा bandwidth नहीं है तो आप इसे download करके देख सकते हैं
/home/abdullahm/Shivam//blind_data/452417_njTJ0H4xzGZHdznO_0070.wav,निम्न code type करें protein = to mrrna . translate ( खोलें और बंद करें enter दबाएं
/home/abdullahm/Shivam//blind_data/401356_C9yyvF8oQKRK8txb_0001.wav,इस tutorial में हम सीखेंगे कि कैसे
/home/abdullahm/Shivam//blind_data/954326_dI6sOoo6pFXFhJSN_0077.wav,इनमें से कुछ को हम देखेंगे यह command video को एक format से दूसरे में बदलने के लिए उपयोगी है
/home/abdullahm/Shivam//blind_data/315424_dFWh8NolvyRPEZIi_0072.wav,प्रत्येक datatype के पास कुछ विशेषताएँ हैं जो variables से संबंधित उपयोगी जानकारी निर्दिष्ट करते
/home/abdullahm/Shivam//blind_data/618242_jN7JwubGvJhIkeYN_0060.wav,निम्न link पर उपलब्ध video देखें
/home/abdullahm/Shivam//blind_data/272044_2BqsQz87kAjMhCxB_0146.wav,मैंने age field में एक गलती उत्पन्न की है
/home/abdullahm/Shivam//blind_data/341424_s7qmM57nndNUBRi4_0020.wav,compose window खुलती है
/home/abdullahm/Shivam//blind_data/785686_o9IGdBMefgqASRUb_0157.wav,अतः हम यह कैसे पता कर सकते हैं कि उस user ने क्या बदलाव किये थे उसके लिए
/home/abdullahm/Shivam//blind_data/846118_m7mB9BC8FPflJgLI_0085.wav,यहां आपके लिए एक नियतकार्य है
/home/abdullahm/Shivam//blind_data/272044_2BqsQz87kAjMhCxB_0073.wav,अगर validation असफल होता है तो हमें error messages प्रदर्शित करने चाहि
/home/abdullahm/Shivam//blind_data/908920_LIkOEYXYEAz96aNv_0062.wav,और लिखिए we can solve the equation by substituting 1 for a - 7 for b 3 for c उसके बाद दो newlines
/home/abdullahm/Shivam//blind_data/910325_DPCsWwNZgf4mmvwU_0036.wav,अब चर्चा करते हैं कि omedit का उपयोग करके अपनी समस्या को कैसे हल करना है
/home/abdullahm/Shivam//blind_data/341424_s7qmM57nndNUBRi4_0137.wav,check spelling type किये हुए content की spelling check करेगा
/home/abdullahm/Shivam//blind_data/835472_QHretkXfg8wS2YKf_0054.wav,उपयोग करके होता है cpu के अन्दर
/home/abdullahm/Shivam//blind_data/512580_oT2CzZaFTPoHj47K_0046.wav,fasta format में file example . fasta की तरह home folder में save की जाती है
/home/abdullahm/Shivam//blind_data/954326_dI6sOoo6pFXFhJSN_0033.wav,audio tracks को छोटे clips में विभाजित करने के लिए ctrl + i शोर्टकट है मैं यहाँ audio split करुँगी clip को
/home/abdullahm/Shivam//blind_data/835472_QHretkXfg8wS2YKf_0110.wav,टच पैड जो निर्देशित और संचार करने का उपकरण है एक
/home/abdullahm/Shivam//blind_data/662689_mndbMoheJbWHzF8b_0041.wav,पर आते हैं हम यहाँ उपलब्ध
/home/abdullahm/Shivam//blind_data/309014_gqEOe0kgNRGLHZph_0036.wav,back arrow icon पर click करने पर आपको उस page पर ले जाएगा जहाँ आप पहले थे
/home/abdullahm/Shivam//blind_data/401356_C9yyvF8oQKRK8txb_0012.wav,math के पास sets दर्शाने के लिए अलग अलग mark up हैं जो पृथक elements का संग्रह है
/home/abdullahm/Shivam//blind_data/935529_oMCmIa1P3IAPKGyX_0011.wav,हम आने वाले tutorial में इस features के बारे में अधिक चर्चा करेंगे
/home/abdullahm/Shivam//blind_data/755386_f5DL5lLLcrAit2gw_0055.wav,और उनको
/home/abdullahm/Shivam//blind_data/981154_ph1l8Eyc0Sf6TsiC_0061.wav,library window खुलती है
/home/abdullahm/Shivam//blind_data/315424_dFWh8NolvyRPEZIi_0047.wav,नई class बनाने के लिए file मैन्यू पर जायें
/home/abdullahm/Shivam//blind_data/954326_dI6sOoo6pFXFhJSN_0066.wav,चलिए अब terminal window पर चलते हैं
/home/abdullahm/Shivam//blind_data/135893_9lNAZMRfDfuCN6XC_0099.wav,reverse complement method में बने sequence objects उपयोग करके reverse complement print करें
/home/abdullahm/Shivam//blind_data/310356_u0sz1lTfmeW7wW5o_0111.wav,bombay से मैं श्रुति आर्य आपसे विदा लेती हूँ हमसे जुड़ने के लिए धन्यवाद
/home/abdullahm/Shivam//blind_data/930904_pauf66fOYFtqaQ0c_0059.wav,अतः process request method के लिए method call को हटाते हैं
/home/abdullahm/Shivam//blind_data/755386_f5DL5lLLcrAit2gw_0003.wav,यहाँ चलिए document के अंतिम page तक scroll करते हैं और एक नये page पर जाने के लिए control enter दबाइए
/home/abdullahm/Shivam//blind_data/954326_dI6sOoo6pFXFhJSN_0103.wav,synaptic package manager से audacity को install करे original tutorial को सुने तथा हर एक वाक्य का शुरूआती समय याने begin time note करे
/home/abdullahm/Shivam//blind_data/401356_C9yyvF8oQKRK8txb_0079.wav,इस tutorial में sets के उदाहरण उपयोग करके a union ( में b union c is = to ( में a union b union c को जाँचें
/home/abdullahm/Shivam//blind_data/334157_201xLiqOYAgU2d7a_0044.wav,यह पहली बार एक नया label track खोलता है
/home/abdullahm/Shivam//blind_data/272044_2BqsQz87kAjMhCxB_0107.wav,हमने उन्हें खाली values को इनिशिअलाइज़ किया है
/home/abdullahm/Shivam//blind_data/954326_dI6sOoo6pFXFhJSN_0026.wav,साइलैब के इस्तेमाल से matrix operation के इस tutorial में आपका स्वागत है इस tutorial के अभ्यास के लिए आपके system में साइलैब का संस्थापन होना आवश्यक है
/home/abdullahm/Shivam//blind_data/172235_akeE0s3aKDyyCvEX_0062.wav,output के लिए दो बार enter key दबाएं
/home/abdullahm/Shivam//blind_data/341424_s7qmM57nndNUBRi4_0171.wav,इसे सारांशित करते हैं
/home/abdullahm/Shivam//blind_data/341424_s7qmM57nndNUBRi4_0091.wav,अब नयी file को upload करने के लिए upload tab पर click करें
/home/abdullahm/Shivam//blind_data/310356_u0sz1lTfmeW7wW5o_0026.wav,type करें from bio . alphabet import generic _ dna enter दबाएं
/home/abdullahm/Shivam//blind_data/341424_s7qmM57nndNUBRi4_0117.wav,text क्षेत्र में url type करें http : double / spoken - tutorial . org
/home/abdullahm/Shivam//blind_data/755386_f5DL5lLLcrAit2gw_0076.wav,संक्षेप में हमने सीखा कि कैसे derivatives और differential equations लिखें
/home/abdullahm/Shivam//blind_data/954326_dI6sOoo6pFXFhJSN_0096.wav,मैं test directory को open करती हूँ यहाँ final . ogv है जो हमने save की थी चलिए अब इस file को play करते है sections के इस tutorial में आपका स्वागत है हमने python के basics
/home/abdullahm/Shivam//blind_data/785686_o9IGdBMefgqASRUb_0052.wav,सीखते हैं कि files और folders को कैसे बनाते हैं और upload करते हैं इस
/home/abdullahm/Shivam//blind_data/145704_5CY9t6duxwVCK5NI_0046.wav,फ़ॉर्मूले के font size बढ़ाने के लिए format menu पर जाएँ और font size पर click करें
/home/abdullahm/Shivam//blind_data/785686_o9IGdBMefgqASRUb_0155.wav,document में 0808 i am becky के द्वारा किये गए किसी भी संशोधन को नहीं देख सकते हैं
/home/abdullahm/Shivam//blind_data/835472_QHretkXfg8wS2YKf_0062.wav,भागों को cpu से जोड़ना सीखते हैं सारे भागों को
/home/abdullahm/Shivam//blind_data/543096_UwcQJEuG2r7AD8vq_0104.wav,यह भारत सरकार के mhrd के ict के माध्यम से राष्ट्रीय साक्षरता mission द्वारा
/home/abdullahm/Shivam//blind_data/315424_dFWh8NolvyRPEZIi_0128.wav,लेकिन h की value 0 से नीचे चली गयी है जो अस्वीकार्य है
/home/abdullahm/Shivam//blind_data/310356_u0sz1lTfmeW7wW5o_0077.wav,type करें dna 2 . find ( में double ' में gc enter दबाएं
/home/abdullahm/Shivam//blind_data/835472_QHretkXfg8wS2YKf_0117.wav,laptop एसी को ज़्यादा गर्म होने से बचाता है
/home/abdullahm/Shivam//blind_data/731203_IfrROqMp8euBDI18_0168.wav,spoken tutorial project talk to a teacher project का हि
/home/abdullahm/Shivam//blind_data/452417_njTJ0H4xzGZHdznO_0033.wav,दिखता हैं biopython का संस्थापन जाँचने के लिए prompt पर type करें import bio enter दबाएं
/home/abdullahm/Shivam//blind_data/846118_m7mB9BC8FPflJgLI_0089.wav,extension को अक्षम करें
/home/abdullahm/Shivam//blind_data/310356_u0sz1lTfmeW7wW5o_0071.wav,हम sequence में उपस्थित अलग अलग bases की संख्या को भी गिन सकते हैं
/home/abdullahm/Shivam//blind_data/309014_gqEOe0kgNRGLHZph_0049.wav,पर click करें एक dialog box आता है
/home/abdullahm/Shivam//blind_data/785686_o9IGdBMefgqASRUb_0173.wav,हम कार्यशालाएं चलाते हैं और online tests pass करने वालों को प्रमाणपत्र देते हैं अधिक जानकारी के लिए कृपया हमें लिखें
/home/abdullahm/Shivam//blind_data/401356_C9yyvF8oQKRK8txb_0086.wav,क्रमांक द्वारा cross reference equation
/home/abdullahm/Shivam//blind_data/361930_TKM4DsRGN2zuNS6M_0015.wav,इसको बंद करने के लिए close button पर click करें हमारी
/home/abdullahm/Shivam//blind_data/437963_SWMxcnx8okhoHB4s_0081.wav,यहाँ आप अपना name देख सकते हैं
/home/abdullahm/Shivam//blind_data/315424_dFWh8NolvyRPEZIi_0077.wav,सभी variable declarations ; के साथ समाप्त होने चाहिए
/home/abdullahm/Shivam//blind_data/908920_LIkOEYXYEAz96aNv_0018.wav,greek characters डालने का एक और तरीका है कि tools menu से catalog इस्तेमाल
/home/abdullahm/Shivam//blind_data/952555_b9A7hrD5hUYxzb1E_0029.wav,फिर हमारे पास एक hyperlink है जो visitor homepage . jsp नामक page को link करता है
/home/abdullahm/Shivam//blind_data/145704_5CY9t6duxwVCK5NI_0002.wav,सीखेंगे formula लिखने के लिए mark language तथा formula format करना यानी fonts alignment और spacing
/home/abdullahm/Shivam//blind_data/764823_MO16YTQW1VD8AudW_0047.wav,अब हमसे हमारे printer के बारे में जानकारी देने के लिए कहा जाता है printer का नाम और उसकी location
/home/abdullahm/Shivam//blind_data/715617_85MWWgmTkIhi4ZHP_0041.wav,hard disk file type में vbi virtual disk image चुनें और window के नीचे next button पर click करें
/home/abdullahm/Shivam//blind_data/930904_pauf66fOYFtqaQ0c_0004.wav,यहाँ हम उपयोग कर रहे हैं
/home/abdullahm/Shivam//blind_data/981154_ph1l8Eyc0Sf6TsiC_0059.wav,आप अपने bookmarks को library window में देख और व्यवस्थित कर सकते हैं
/home/abdullahm/Shivam//blind_data/908920_LIkOEYXYEAz96aNv_0005.wav,करते हुए greek characters लिखते है इसके लिए चलिए सबसे पहले उदाहरण writer document जिसको हमने पिछले tutorial में बनाया था जोकि है mathexample1. odt grey box जिसमे
/home/abdullahm/Shivam//blind_data/452417_njTJ0H4xzGZHdznO_0026.wav,synaptic package manager उपयोग करके python ipython और biopython संस्थापित करें
/home/abdullahm/Shivam//blind_data/135893_9lNAZMRfDfuCN6XC_0070.wav,प्रदर्शन के लिए हम genbank file उपयोग करेंगे जो हमने पहले ही database से download कर ली है code
/home/abdullahm/Shivam//blind_data/443970_woduWyYl1wumm9Pt_0115.wav,borrowed book की जानकारी निकालना
/home/abdullahm/Shivam//blind_data/848297_1Ex3WEqCQ7VGfqIn_0082.wav,पड़ेगी इस तरह से आप video में कुछ भागों को जोड़ सकते हैं यह प्रक्रिया दो या अधिक video को जोड़ने में प्रयोग की जा सकती है
/home/abdullahm/Shivam//blind_data/952555_b9A7hrD5hUYxzb1E_0021.wav,अब netbeans ide खोलते हैं
/home/abdullahm/Shivam//blind_data/764823_MO16YTQW1VD8AudW_0064.wav,dialog box में हमारे पास कई विकल्प हैं
/home/abdullahm/Shivam//blind_data/272044_2BqsQz87kAjMhCxB_0111.wav,हम set first name method को भी परिभाषित करते हैं
/home/abdullahm/Shivam//blind_data/835472_QHretkXfg8wS2YKf_0093.wav,के आगे वाला power on switch दबाएं सामन्यतः
/home/abdullahm/Shivam//blind_data/848297_1Ex3WEqCQ7VGfqIn_0098.wav,कैसे जोडें दर्शक हमारी site www spoken tutorial org पर भी जाना चाह सकते हैं इस site पर सारे operating system के लिए spoken tutorials को बनाने edit करने dub करने से सम्बंधित सारी जानकारी है
/home/abdullahm/Shivam//blind_data/930904_pauf66fOYFtqaQ0c_0040.wav,ध्यान दें कि servlet केवल किसी अन्य java class की तरह है
/home/abdullahm/Shivam//blind_data/452417_njTJ0H4xzGZHdznO_0006.wav,informatics और बुनिया
/home/abdullahm/Shivam//blind_data/437963_SWMxcnx8okhoHB4s_0124.wav,एक विशेष mail को पढ़ने के लिए सिर्फ इस पर click करें
/home/abdullahm/Shivam//blind_data/310356_u0sz1lTfmeW7wW5o_0106.wav,यह video spoken tutorial project को सारांशित करता है
/home/abdullahm/Shivam//blind_data/785686_o9IGdBMefgqASRUb_0074.wav,अब नीचे वाली progress window को बंद करें
/home/abdullahm/Shivam//blind_data/835472_QHretkXfg8wS2YKf_0011.wav,के रूप में परिणाम देता है यह computer के
/home/abdullahm/Shivam//blind_data/401356_C9yyvF8oQKRK8txb_0030.wav,आप अपने काम को save करते हैं
/home/abdullahm/Shivam//blind_data/272044_2BqsQz87kAjMhCxB_0172.wav,form tag add user servlet की तरह action और post की तरह method रखती है
/home/abdullahm/Shivam//blind_data/835472_QHretkXfg8wS2YKf_0129.wav,spoken tutorial project talk to a teacher project का हिस्सा है यह भारत
/home/abdullahm/Shivam//blind_data/731203_IfrROqMp8euBDI18_0139.wav,हम देख सकते हैं कि हमें the given user has not borrowed this book का error message मिलता है
/home/abdullahm/Shivam//blind_data/401356_C9yyvF8oQKRK8txb_0031.wav,file > save पर click करें
/home/abdullahm/Shivam//blind_data/361930_TKM4DsRGN2zuNS6M_0022.wav,जैसा पहले बताया गया है windows उपयोगकर्ता कृपया
/home/abdullahm/Shivam//blind_data/334157_201xLiqOYAgU2d7a_0051.wav,सारे सूचीबद्ध labels के साथ एक window दिखेगी और जोजो labels मिटाने की ज़रुरत है चुने जा सकते हैं और remove button पर click करके उन्हें मिटाया जा सकता है
/home/abdullahm/Shivam//blind_data/272044_2BqsQz87kAjMhCxB_0004.wav,यहाँ मैं उपयोग कर
/home/abdullahm/Shivam//blind_data/764823_MO16YTQW1VD8AudW_0010.wav,और printer
/home/abdullahm/Shivam//blind_data/954326_dI6sOoo6pFXFhJSN_0084.wav,test1 . ogv यहाँ है मैं इसे play करती हूँ मै
/home/abdullahm/Shivam//blind_data/935529_oMCmIa1P3IAPKGyX_0042.wav,ध्यान दें canvas 100 units द्वारा विस्तारित है
/home/abdullahm/Shivam//blind_data/930904_pauf66fOYFtqaQ0c_0038.wav,my servlet . java के लिए ide के द्वारा बनाया हुआ source code source editor window में दिखता है
/home/abdullahm/Shivam//blind_data/954326_dI6sOoo6pFXFhJSN_0081.wav,- a n switch स्वचालित रूप से output से audio हटा देता है तथा सिर्फ video component को रखता है
/home/abdullahm/Shivam//blind_data/785686_o9IGdBMefgqASRUb_0108.wav,history को बंद करें अब
/home/abdullahm/Shivam//blind_data/272044_2BqsQz87kAjMhCxB_0133.wav,यह वाला page directive है
/home/abdullahm/Shivam//blind_data/952555_b9A7hrD5hUYxzb1E_0077.wav,अब यहाँ url को देखते हैं
/home/abdullahm/Shivam//blind_data/715617_85MWWgmTkIhi4ZHP_0062.wav,और नीचे open button पर click करें
/home/abdullahm/Shivam//blind_data/309014_gqEOe0kgNRGLHZph_0024.wav,find पर click करे browser window के नीचले तरफ
/home/abdullahm/Shivam//blind_data/512580_oT2CzZaFTPoHj47K_0053.wav,बहुत से bioinformatics tools विभिन्न input file formats लेते हैं
/home/abdullahm/Shivam//blind_data/272044_2BqsQz87kAjMhCxB_0011.wav,जरुरी हैं java servlets के basics और jsp
/home/abdullahm/Shivam//blind_data/329997_O89uJhZZDPErIcwv_0035.wav,यह manage search engine lists नामक एक dialog box खोल
/home/abdullahm/Shivam//blind_data/272044_2BqsQz87kAjMhCxB_0013.wav,database और tables बनाना
/home/abdullahm/Shivam//blind_data/835472_QHretkXfg8wS2YKf_0026.wav,निर्देशों के साथ output storage unit में संचित किया जाता है unit जो
/home/abdullahm/Shivam//blind_data/954326_dI6sOoo6pFXFhJSN_0038.wav,ऐसा इसलिए क्योंकि जब तक आप जगह नहीं बनाएँगे पिछली clip अपनी जगह से नहीं हट सकती
/home/abdullahm/Shivam//blind_data/512580_oT2CzZaFTPoHj47K_0015.wav,और विभिन्न file formats के बीच अंतर रूपांतरण करने के लिए convert function कैसे उपयोग करते हैं
/home/abdullahm/Shivam//blind_data/341424_s7qmM57nndNUBRi4_0073.wav,अब एक file संलग्न करते हैं जो लगभग 30 mb की है
/home/abdullahm/Shivam//blind_data/437963_SWMxcnx8okhoHB4s_0076.wav,आपको आपके phone number पर एक sms मिलेगा
/home/abdullahm/Shivam//blind_data/618242_jN7JwubGvJhIkeYN_0045.wav,tools पर click करें windows उपयोगकर्ता कृपया tools और
/home/abdullahm/Shivam//blind_data/361930_TKM4DsRGN2zuNS6M_0023.wav,tab tools और options पर click करें general tab पर click करें
/home/abdullahm/Shivam//blind_data/437963_SWMxcnx8okhoHB4s_0104.wav,ध्यान दें कि inbox के पास ( में number 3 है
/home/abdullahm/Shivam//blind_data/135893_9lNAZMRfDfuCN6XC_0025.wav,दिए विकल्पों में से fasta चुने फिर
/home/abdullahm/Shivam//blind_data/935529_oMCmIa1P3IAPKGyX_0029.wav,आप इस model के icon view में सफेद पृष्ठभूमि पर एक वृत्त देख सकते हैं
/home/abdullahm/Shivam//blind_data/334157_201xLiqOYAgU2d7a_0073.wav,परेशान करने वाले background noise को हटाने के लिए sample noise के साथ track का एक भाग चुनें
/home/abdullahm/Shivam//blind_data/952555_b9A7hrD5hUYxzb1E_0070.wav,मैं username और password enter करता हूँ
/home/abdullahm/Shivam//blind_data/272044_2BqsQz87kAjMhCxB_0191.wav,like spoken tutorial project talk to a teacher
/home/abdullahm/Shivam//blind_data/329997_O89uJhZZDPErIcwv_0036.wav,सूची के आख
/home/abdullahm/Shivam//blind_data/452417_njTJ0H4xzGZHdznO_0030.wav,मैंने अपने system पर python ipython और biopython पहले से ही संस्थापित कर लिए हैं
/home/abdullahm/Shivam//blind_data/135893_9lNAZMRfDfuCN6XC_0044.wav,box पर click करें और
/home/abdullahm/Shivam//blind_data/315424_dFWh8NolvyRPEZIi_0040.wav,ध्यान दें दूसरा button diagram view के लिए है
/home/abdullahm/Shivam//blind_data/172235_akeE0s3aKDyyCvEX_0008.wav,ipython interpretor version 2 . 3 . 0
/home/abdullahm/Shivam//blind_data/512580_oT2CzZaFTPoHj47K_0020.wav,अब हम fasta format में sequence के लिए एक file बनायेंगे
/home/abdullahm/Shivam//blind_data/952555_b9A7hrD5hUYxzb1E_0086.wav,हमें form tag के method attribute को post में बदलना ज़रूरी है
/home/abdullahm/Shivam//blind_data/361930_TKM4DsRGN2zuNS6M_0037.wav,यह एक pdf document या
/home/abdullahm/Shivam//blind_data/835472_QHretkXfg8wS2YKf_0047.wav,के लिए इस switch को दबाने की ज़रुरत है एक reset button
/home/abdullahm/Shivam//blind_data/310356_u0sz1lTfmeW7wW5o_0086.wav,output के लिए type करें dna 3 enter दबाएं
/home/abdullahm/Shivam//blind_data/935529_oMCmIa1P3IAPKGyX_0017.wav,हम एक उदाहरण के माध्यम से उन्हें समझेंगे
/home/abdullahm/Shivam//blind_data/910325_DPCsWwNZgf4mmvwU_0071.wav,real input एक connector है जो स्पष्ट रूप से real input signal को दर्शाता है
/home/abdullahm/Shivam//blind_data/361930_TKM4DsRGN2zuNS6M_0085.wav,ict के माध्यम से समर्थित किया है इस mission पर अधिक जानकारी दिए गए link पर उपलब्ध है spoken tutorial . org / nmeict intro यह script
/home/abdullahm/Shivam//blind_data/341424_s7qmM57nndNUBRi4_0115.wav,क्या चाहते हैं मैं type करुँगी spoken tutorial
/home/abdullahm/Shivam//blind_data/272044_2BqsQz87kAjMhCxB_0008.wav,firefox web browser 21 . 0
/home/abdullahm/Shivam//blind_data/310356_u0sz1lTfmeW7wW5o_0019.wav,biopython उपयोग करके हम किसी भी निर्दिष्ट लम्बाई की एक यादृच्छिक dna sequence के लिए एक sequence object बना सकते हैं
/home/abdullahm/Shivam//blind_data/835472_QHretkXfg8wS2YKf_0019.wav,arithmetic और logical operations क्रियान्वित करता है और data और
/home/abdullahm/Shivam//blind_data/341424_s7qmM57nndNUBRi4_0003.wav,email text का format
/home/abdullahm/Shivam//blind_data/329997_O89uJhZZDPErIcwv_0079.wav,spoken tutorial के लिए
/home/abdullahm/Shivam//blind_data/785686_o9IGdBMefgqASRUb_0167.wav,यह इस document के लिए एक link बनाता है
/home/abdullahm/Shivam//blind_data/401356_C9yyvF8oQKRK8txb_0023.wav,intersection operation के लिए markup up है जैसे कि हम इसे पढ़ते हैं
/home/abdullahm/Shivam//blind_data/731203_IfrROqMp8euBDI18_0161.wav,spoken tutorial project के बारे में अधिक जानने के लिए निम्न link पर उपलब्ध video देखें
/home/abdullahm/Shivam//blind_data/952555_b9A7hrD5hUYxzb1E_0068.wav,देखें कि page का title home page है
/home/abdullahm/Shivam//blind_data/846118_m7mB9BC8FPflJgLI_0064.wav,dialog box बंद करने के लिए cancel पर click करें
/home/abdullahm/Shivam//blind_data/715617_85MWWgmTkIhi4ZHP_0027.wav,फिर type dropdown में linux चुनें
/home/abdullahm/Shivam//blind_data/172235_akeE0s3aKDyyCvEX_0009.wav,biopython version 1 . 64 और एक कार्यकारी internet connection
/home/abdullahm/Shivam//blind_data/272044_2BqsQz87kAjMhCxB_0017.wav,मैंने इसमें library named एक database बना लिया है
/home/abdullahm/Shivam//blind_data/662689_mndbMoheJbWHzF8b_0051.wav,xml header है हमारे पास
/home/abdullahm/Shivam//blind_data/141425_wYQaKVNl7bh28u3u_0061.wav,यह spoken tutorial project को सारांशित करता है
/home/abdullahm/Shivam//blind_data/981154_ph1l8Eyc0Sf6TsiC_0030.wav,menu bar से bookmarks पर click करें bookmarks menu में
/home/abdullahm/Shivam//blind_data/935529_oMCmIa1P3IAPKGyX_0052.wav,extent coordinate system में field है इसमें संख्याओं के दो युग्म हैं
/home/abdullahm/Shivam//blind_data/731203_IfrROqMp8euBDI18_0142.wav,फिर हम remove from checkout method call करते हैं
/home/abdullahm/Shivam//blind_data/437963_SWMxcnx8okhoHB4s_0060.wav,image में दिखाया गया text या number type करें type the text text box में
/home/abdullahm/Shivam//blind_data/908920_LIkOEYXYEAz96aNv_0050.wav,और फिर इन elements के आसपास हम अपना कार्य कर सकते हैं
/home/abdullahm/Shivam//blind_data/618242_jN7JwubGvJhIkeYN_0022.wav,आप दायें टैब की दायीं ओर के + button पर click करके भी एक नया टैब भी खोल सकते हैं हम अपनी आवश्यकताओं
/home/abdullahm/Shivam//blind_data/785686_o9IGdBMefgqASRUb_0076.wav,विशेषता केवल कुछ browsers में ही उपलब्ध हो सकती है उदाहरण के लिए google chrome हम अपनी upload
/home/abdullahm/Shivam//blind_data/315424_dFWh8NolvyRPEZIi_0054.wav,एक नया class बन गया है
/home/abdullahm/Shivam//blind_data/309014_gqEOe0kgNRGLHZph_0055.wav,आगे हम side
/home/abdullahm/Shivam//blind_data/272044_2BqsQz87kAjMhCxB_0006.wav,04 netbeans id 7 . 3
/home/abdullahm/Shivam//blind_data/315424_dFWh8NolvyRPEZIi_0154.wav,नियतकार्य के रूप में differential equation dx / dt = - a into x को simulate करने के लिए एक model लिखें जहाँ a = 1 x r से संबधित है और time t = 0 पर x की value 5 है
/home/abdullahm/Shivam//blind_data/341424_s7qmM57nndNUBRi4_0011.wav,अब शुरू करते हैं अपना web browser खोलें और type करें http : double / gmail . com
/home/abdullahm/Shivam//blind_data/437963_SWMxcnx8okhoHB4s_0052.wav,जो आप अभी बना रहे हैं उसके अतिरिक्त अगर आपके पास कोई अन्य email address है तो इसको यहाँ type करें अब
/home/abdullahm/Shivam//blind_data/135893_9lNAZMRfDfuCN6XC_0015.wav,अब मनुष्य के insulin gene के लिए fasta और genbank files download करते हैं search
/home/abdullahm/Shivam//blind_data/401356_C9yyvF8oQKRK8txb_0021.wav,b union union c के लिए mark up है जैसे कि हम इसे पढते हैं
/home/abdullahm/Shivam//blind_data/954326_dI6sOoo6pFXFhJSN_0059.wav,अब ok पर click करें यह
/home/abdullahm/Shivam//blind_data/452417_njTJ0H4xzGZHdznO_0086.wav,जानकारी दिए हुए dna strand के लिए sequence object बनाना
/home/abdullahm/Shivam//blind_data/141425_wYQaKVNl7bh28u3u_0053.wav,इस श्रृंखला के अंत में आप इस आसान library management system को बनाना सीख जायेंगे
/home/abdullahm/Shivam//blind_data/512580_oT2CzZaFTPoHj47K_0067.wav,text editor बंद करें
/home/abdullahm/Shivam//blind_data/329997_O89uJhZZDPErIcwv_0068.wav,windows उपयोगकर्ता tools पर click कर सकते हैं और फिर op
/home/abdullahm/Shivam//blind_data/272044_2BqsQz87kAjMhCxB_0055.wav,हम फिर request dispatcher object पर forward method उपयोग करते हैं
/home/abdullahm/Shivam//blind_data/361930_TKM4DsRGN2zuNS6M_0008.wav,चाहिए preferences या options dialog box खुलता है dialog box में उपरी तरफ कई
/home/abdullahm/Shivam//blind_data/401356_C9yyvF8oQKRK8txb_0037.wav,factorial function type करें और दो बार enter दबाएं
/home/abdullahm/Shivam//blind_data/910325_DPCsWwNZgf4mmvwU_0010.wav,यह control application में उपयोगी है
/home/abdullahm/Shivam//blind_data/334157_201xLiqOYAgU2d7a_0038.wav,ऐसा करने के लिए tracks add new और label track पर click करके label track जोड़ें
/home/abdullahm/Shivam//blind_data/310356_u0sz1lTfmeW7wW5o_0009.wav,बुनियादी python programming से परिचित होना चाहिए
/home/abdullahm/Shivam//blind_data/341424_s7qmM57nndNUBRi4_0089.wav,यहाँ हम message देख सकते हैं no one’s shared any files with you yet
/home/abdullahm/Shivam//blind_data/846118_m7mB9BC8FPflJgLI_0010.wav,extensions firefox browser के भाग हैं
/home/abdullahm/Shivam//blind_data/310356_u0sz1lTfmeW7wW5o_0040.wav,terminal पर वापस आएं
/home/abdullahm/Shivam//blind_data/846118_m7mB9BC8FPflJgLI_0053.wav,delete करना या update करना
/home/abdullahm/Shivam//blind_data/361930_TKM4DsRGN2zuNS6M_0048.wav,theme चुनें ऐसा करने पर जब भी आप address bar में नयी url प्रविष्ट करते हैं तो आपको सुझावों के साथ संकेत नहीं दिया जायेगा
/home/abdullahm/Shivam//blind_data/764823_MO16YTQW1VD8AudW_0009.wav,mouse
/home/abdullahm/Shivam//blind_data/135893_9lNAZMRfDfuCN6XC_0032.wav,> than चिन्ह से शुरू होती है इसके
/home/abdullahm/Shivam//blind_data/662689_mndbMoheJbWHzF8b_0043.wav,के सबसे ऊपर बायीं तरफ इसको स्थित करने के लिए file पर click करें और फिर new file पर click करें category saveas
/home/abdullahm/Shivam//blind_data/662689_mndbMoheJbWHzF8b_0096.wav,जानकारी के लिए कृपया contact @ spoken tutorial . org पर लिखें spoken tutorial
/home/abdullahm/Shivam//blind_data/437963_SWMxcnx8okhoHB4s_0136.wav,इस पर click करें
/home/abdullahm/Shivam//blind_data/452417_njTJ0H4xzGZHdznO_0068.wav,transcribe method dna sequence में thiamin को uracil से बदलता है
/home/abdullahm/Shivam//blind_data/785686_o9IGdBMefgqASRUb_0136.wav,हैं अगर हम अन्य users को इस document के बारे में कुछ जानकारी देना चाहते हैं तो हम इसे यहाँ type कर सक
/home/abdullahm/Shivam//blind_data/930904_pauf66fOYFtqaQ0c_0104.wav,jsp s html code के अंदर java code रखता है
/home/abdullahm/Shivam//blind_data/512580_oT2CzZaFTPoHj47K_0071.wav,उसी प्रकार हम एक fastq file को fasta file में बदल सकते हैं लेकिन reverse नहीं कर सकते
/home/abdullahm/Shivam//blind_data/341424_s7qmM57nndNUBRi4_0092.wav,select files from your computer button पर click करें
/home/abdullahm/Shivam//blind_data/755386_f5DL5lLLcrAit2gw_0016.wav,यहाँ एक अन्य उदाहरण है newton का दूसरा गति नियम
/home/abdullahm/Shivam//blind_data/848297_1Ex3WEqCQ7VGfqIn_0013.wav,ctrl a दबाकर collection panel में सारी clips को चुनें फिर एक clip पर right click करें और delete विकल्प पर click करें अब
/home/abdullahm/Shivam//blind_data/310356_u0sz1lTfmeW7wW5o_0065.wav,दो sequences का alphabet attribute समान होना चाहिए
/home/abdullahm/Shivam//blind_data/512580_oT2CzZaFTPoHj47K_0052.wav,text editor बंद करें
/home/abdullahm/Shivam//blind_data/361930_TKM4DsRGN2zuNS6M_0086.wav,द्वारा अनुवादित है तथा i i t bombay की ओर से मैं रवि कुमार अब आपसे विदा लेता हूँ हमसे जुड़ने के लिए धन्यवाद
/home/abdullahm/Shivam//blind_data/785686_o9IGdBMefgqASRUb_0124.wav,दें कि autofill विशेषता यहाँ उन email ids के लिए उपलब्ध है जिनको हमने पहले emails भेजे थे तीन modes
/home/abdullahm/Shivam//blind_data/443970_woduWyYl1wumm9Pt_0008.wav,netbeans ide 7 . 3
/home/abdullahm/Shivam//blind_data/135893_9lNAZMRfDfuCN6XC_0098.wav,file से nucleotide sequences को load करने के लिये parse function उपयोग करें
/home/abdullahm/Shivam//blind_data/785686_o9IGdBMefgqASRUb_0125.wav,होते हैं जिनमें हम अन्य users के साथ document share कर सकते हैं
/home/abdullahm/Shivam//blind_data/452417_njTJ0H4xzGZHdznO_0099.wav,निश्चित करता है अच्छी bandwidth न मिलने पर आप इसे download कर के
/home/abdullahm/Shivam//blind_data/954326_dI6sOoo6pFXFhJSN_0027.wav,recording को रोकने के लिए stop button पर click करे audio
/home/abdullahm/Shivam//blind_data/310356_u0sz1lTfmeW7wW5o_0054.wav,output देखने के लिए type करें string 1 enter
/home/abdullahm/Shivam//blind_data/452417_njTJ0H4xzGZHdznO_0000.wav,introduction to biopython पर tutorial में आपका स्वागत है
/home/abdullahm/Shivam//blind_data/437963_SWMxcnx8okhoHB4s_0083.wav,विकल्प है अपनी google profile पर photo जोड़ने के लिए आप इस पर click कर सकते हैं
/home/abdullahm/Shivam//blind_data/334157_201xLiqOYAgU2d7a_0087.wav,अंततः final project को आवश्यक audio format में export करें यानी wav mp3 और अन्य
/home/abdullahm/Shivam//blind_data/952555_b9A7hrD5hUYxzb1E_0030.wav,हम यह page बाद में बनाएंगे
/home/abdullahm/Shivam//blind_data/401356_C9yyvF8oQKRK8txb_0006.wav,यहाँ इस document के अंत में जाते हैं और नए page पर जाने के लिए control enter दबाएं
/home/abdullahm/Shivam//blind_data/981154_ph1l8Eyc0Sf6TsiC_0124.wav,अंतिम bookmark की हुई site पर जाएं
/home/abdullahm/Shivam//blind_data/443970_woduWyYl1wumm9Pt_0088.wav,borrow की हुई books page में हमारे पास एक अन्य list है
/home/abdullahm/Shivam//blind_data/315424_dFWh8NolvyRPEZIi_0017.wav,omedit icon पर click करें
/home/abdullahm/Shivam//blind_data/981154_ph1l8Eyc0Sf6TsiC_0108.wav,screen पर print dialog box दिखाई देता है
/home/abdullahm/Shivam//blind_data/145704_5CY9t6duxwVCK5NI_0054.wav,प्रतिशत जैसे ही हम प्रत्येक spacing प्रकार पर click करते हैं मध्य में image spacing प्रकार के स्थान को दर्शाएगा
/home/abdullahm/Shivam//blind_data/954326_dI6sOoo6pFXFhJSN_0062.wav,यह जल्द ही और काफी आसानी से एक file format से दूसरे में convert कर सकता है याने बदल सकता है http : double / ffmpeg . org से ffmpeg के लिए source code download कर सकते हैं
/home/abdullahm/Shivam//blind_data/437963_SWMxcnx8okhoHB4s_0030.wav,मैं अपना नाम rebecca raymond प्रविष्ट करुँगी
/home/abdullahm/Shivam//blind_data/543096_UwcQJEuG2r7AD8vq_0030.wav,software installation पुष्टिकरण संदेश दिखाई देता है
/home/abdullahm/Shivam//blind_data/145704_5CY9t6duxwVCK5NI_0030.wav,अब अपना काम save करते हैं ऊपर file menu पर जाए save पर click करें
/home/abdullahm/Shivam//blind_data/443970_woduWyYl1wumm9Pt_0030.wav,हम देखेंगे कि admin page पर जाने के लिए greeting servlet को कैसे संशोधित करें
/home/abdullahm/Shivam//blind_data/437963_SWMxcnx8okhoHB4s_0022.wav,अगर यह page आपकी machine से पहले access किया जा चुका है तो page इस प्रकार दिखेगा
/home/abdullahm/Shivam//blind_data/310356_u0sz1lTfmeW7wW5o_0056.wav,sequence से दूसरी string को extract करने के लिए up arrow की दबाएं और निम्न की तरह command edit करें
/home/abdullahm/Shivam//blind_data/952555_b9A7hrD5hUYxzb1E_0000.wav,servlet methods के spoken tutorial में आपका स्वागत है इस tutorial में
/home/abdullahm/Shivam//blind_data/618242_jN7JwubGvJhIkeYN_0053.wav,करना यह नियतकार्य करने की कोशिश करें
/home/abdullahm/Shivam//blind_data/135893_9lNAZMRfDfuCN6XC_0093.wav,fasta और genbank files से data जैसे कि record ids description और sequences extract करना
/home/abdullahm/Shivam//blind_data/272044_2BqsQz87kAjMhCxB_0193.wav,साक्षरता mission द्वारा समर्थित है इस mission पर अधिक जानकारी spoken tutorial . org / nmeict intro
/home/abdullahm/Shivam//blind_data/981154_ph1l8Eyc0Sf6TsiC_0013.wav,bookmark का नाम बदलने के लिए star का उपयोग कर सकते हैं और इसे एक अलग folder में
/home/abdullahm/Shivam//blind_data/443970_woduWyYl1wumm9Pt_0047.wav,अब admin section . java खोलें
/home/abdullahm/Shivam//blind_data/334157_201xLiqOYAgU2d7a_0025.wav,अगर दो tracks हैं तो audio stereo में है फिर से यह बाएं panel पर label में उल्लिखित किया जायेगा
/home/abdullahm/Shivam//blind_data/172235_akeE0s3aKDyyCvEX_0010.wav,blast basic local alignment search tool का संक्षिप्त रूप है
/home/abdullahm/Shivam//blind_data/835472_QHretkXfg8wS2YKf_0116.wav,में अंतनिर्हित cooling fan है यह laptop को
/home/abdullahm/Shivam//blind_data/272044_2BqsQz87kAjMhCxB_0009.wav,आप अपनी पसंद का कोई भी web browser उपयोग कर सकते हैं
/home/abdullahm/Shivam//blind_data/141425_wYQaKVNl7bh28u3u_0047.wav,यह checkout return book के लिए interface है
/home/abdullahm/Shivam//blind_data/731203_IfrROqMp8euBDI18_0122.wav,अतः हम admin section page पर वापस आते हैं
/home/abdullahm/Shivam//blind_data/910325_DPCsWwNZgf4mmvwU_0074.wav,यहाँ y real value output signal है
/home/abdullahm/Shivam//blind_data/930904_pauf66fOYFtqaQ0c_0039.wav,देखते हैं my servlet java package org . spokentutorial में बना हुआ है
/home/abdullahm/Shivam//blind_data/618242_jN7JwubGvJhIkeYN_0047.wav,चुना हुवा हैं यदि नहीं है तो कृपया इस
/home/abdullahm/Shivam//blind_data/329997_O89uJhZZDPErIcwv_0038.wav,हम देख सकते हैं कि जो विषय हमने चुना वह अब सूची में नहीं है dialogue
/home/abdullahm/Shivam//blind_data/141425_wYQaKVNl7bh28u3u_0051.wav,नए यूज़र को register करने के लिए यह एक registration form है
/home/abdullahm/Shivam//blind_data/543096_UwcQJEuG2r7AD8vq_0013.wav,close पर click
/home/abdullahm/Shivam//blind_data/315424_dFWh8NolvyRPEZIi_0137.wav,यह class में unsaved परिवर्तन को दर्शाता है
/home/abdullahm/Shivam//blind_data/361930_TKM4DsRGN2zuNS6M_0064.wav,आप अब इन fields में proxy settings enter कर सकते हैं
/home/abdullahm/Shivam//blind_data/952555_b9A7hrD5hUYxzb1E_0045.wav,क्या आपको याद है कि हम पहले भी controller के बारे में जान चुके हैं
/home/abdullahm/Shivam//blind_data/512580_oT2CzZaFTPoHj47K_0091.wav,नियत कार्य के लिए
/home/abdullahm/Shivam//blind_data/401356_C9yyvF8oQKRK8txb_0033.wav,शीघ्र ही तीन formulae लिखने के लिए हम numbers को 1 से 3 तक नियुक्त करते हैं
/home/abdullahm/Shivam//blind_data/272044_2BqsQz87kAjMhCxB_0043.wav,फिर हम database तक एक connection बनाते हैं
/home/abdullahm/Shivam//blind_data/141425_wYQaKVNl7bh28u3u_0031.wav,हम एक success greeting page देख सकते हैं
/home/abdullahm/Shivam//blind_data/341424_s7qmM57nndNUBRi4_0076.wav,30 mb zip file को browse करें और चुनें और open पर click करें
/home/abdullahm/Shivam//blind_data/310356_u0sz1lTfmeW7wW5o_0002.wav,निर्दिष्ट स्थानों पर एक dna sequence को slice यानि
/home/abdullahm/Shivam//blind_data/272044_2BqsQz87kAjMhCxB_0026.wav,इसके लिए projects tab पर click करें
/home/abdullahm/Shivam//blind_data/662689_mndbMoheJbWHzF8b_0069.wav,यह सिर्फ html tags के साथ एक सामान्य jsp page है| इसका टायटल
/home/abdullahm/Shivam//blind_data/848297_1Ex3WEqCQ7VGfqIn_0064.wav,ध्यान दें कि अब clip इस स्थिति पर विभाजित हुई है
/home/abdullahm/Shivam//blind_data/272044_2BqsQz87kAjMhCxB_0058.wav,अब request dispatcher interface के बारे में कुछ सीखते हैं
/home/abdullahm/Shivam//blind_data/846118_m7mB9BC8FPflJgLI_0086.wav,webmail notifier extension खोजें और इसे अपने computer पर
/home/abdullahm/Shivam//blind_data/755386_f5DL5lLLcrAit2gw_0057.wav,यहाँ mark up पर ध्यान दें
/home/abdullahm/Shivam//blind_data/930904_pauf66fOYFtqaQ0c_0107.wav,अब हम एक सरल jsp page बनाएंगे
/home/abdullahm/Shivam//blind_data/512580_oT2CzZaFTPoHj47K_0019.wav,file कुछ जानकारी जैसे gi accession number और description भी रखती है
/home/abdullahm/Shivam//blind_data/935529_oMCmIa1P3IAPKGyX_0030.wav,मैं canvas के रूप में icon view में सफेद स्थान की चर्चा कर रही हूं
/home/abdullahm/Shivam//blind_data/910325_DPCsWwNZgf4mmvwU_0108.wav,हम वाणिज्यिक सिमुलेटरों से प्रयोगशालाओं को open modelica में स्थानांतरित करने में सहायता करते हैं
/home/abdullahm/Shivam//blind_data/662689_mndbMoheJbWHzF8b_0037.wav,application के लिए अनुरोध स्वीकार करता है application के url
/home/abdullahm/Shivam//blind_data/910325_DPCsWwNZgf4mmvwU_0076.wav,कृपया इन्हे देखें
/home/abdullahm/Shivam//blind_data/785686_o9IGdBMefgqASRUb_0008.wav,नहीं है तो हमारी website पर उपलब्ध gmail से सम्बंधित tutorials को देखे
/home/abdullahm/Shivam//blind_data/764823_MO16YTQW1VD8AudW_0053.wav,submitted – test page submitted as job और इसका number
/home/abdullahm/Shivam//blind_data/785686_o9IGdBMefgqASRUb_0109.wav,मैं इस टैब को बंद करती हूँ google doc अपने आप ही save हो जायेगा एक बार
/home/abdullahm/Shivam//blind_data/329997_O89uJhZZDPErIcwv_0030.wav,करें इस बार हम देख सकते हैं कि contents क्षेत्र में परिणाम yahoo search engine की तरफ से हैं
/home/abdullahm/Shivam//blind_data/543096_UwcQJEuG2r7AD8vq_0063.wav,enter दबाएँ
/home/abdullahm/Shivam//blind_data/172235_akeE0s3aKDyyCvEX_0014.wav,आपकी machine पर local blast या ncbi servers से internet पर blast run करना
/home/abdullahm/Shivam//blind_data/755386_f5DL5lLLcrAit2gw_0034.wav,चलिए insert object menu
/home/abdullahm/Shivam//blind_data/543096_UwcQJEuG2r7AD8vq_0081.wav,है एक सूचना संदेश प्रदर्शित होगा जो दर्शाता है adblock will be installed after you restart firefox
/home/abdullahm/Shivam//blind_data/512580_oT2CzZaFTPoHj47K_0023.wav,यह sequence input output interface के लिए बुनियादी data type है
/home/abdullahm/Shivam//blind_data/329997_O89uJhZZDPErIcwv_0081.wav,देखिये कि page पर कितनी बार शब्द video दिख रहा है
/home/abdullahm/Shivam//blind_data/309014_gqEOe0kgNRGLHZph_0007.wav,menu bar navigation toolbar bookmarks bar side bar status bar और content area
/home/abdullahm/Shivam//blind_data/329997_O89uJhZZDPErIcwv_0004.wav,internet पर सबसे सामान्य कार्य log जो करते हैं वह है जानकारी खो
/home/abdullahm/Shivam//blind_data/543096_UwcQJEuG2r7AD8vq_0092.wav,blocking के बारेमें सिखा इस नियतकार्य को करने की कोशिश
/home/abdullahm/Shivam//blind_data/910325_DPCsWwNZgf4mmvwU_0004.wav,इस tutorial को record करने के लिए मैं उपयोग कर रही हूँ open modelica version 1 . 9 . 2
/home/abdullahm/Shivam//blind_data/981154_ph1l8Eyc0Sf6TsiC_0054.wav,आप कई तरीकोसे bookmark को access कर सकते हैं आपके द्वारा bookmark की gi site को access करने का आसान तरीका
/home/abdullahm/Shivam//blind_data/329997_O89uJhZZDPErIcwv_0048.wav,चलिए टैब के कोने में x पर click करके इस टैब को बंद करते हैं
/home/abdullahm/Shivam//blind_data/341424_s7qmM57nndNUBRi4_0158.wav,show details पर click करें
/home/abdullahm/Shivam//blind_data/135893_9lNAZMRfDfuCN6XC_0013.wav,web browser में नीचे दिया गया website link खोलें
/home/abdullahm/Shivam//blind_data/543096_UwcQJEuG2r7AD8vq_0073.wav,लेकिन यहाँ विशेष software हैं जो विज्ञापनों को block
/home/abdullahm/Shivam//blind_data/310356_u0sz1lTfmeW7wW5o_0058.wav,output के लिए type करें string 2 enter दबाएं
/home/abdullahm/Shivam//blind_data/846118_m7mB9BC8FPflJgLI_0098.wav,भारत सरकार के mhrd मंत्रालय के राष्ट्रीय साक्षरता mission ने ict के माध्यम से समर्थित किया है
/home/abdullahm/Shivam//blind_data/172235_akeE0s3aKDyyCvEX_0074.wav,निम्न link पर उपलब्ध video spoken tutorial project को सारांशित करता है
/home/abdullahm/Shivam//blind_data/334157_201xLiqOYAgU2d7a_0017.wav,box खुलता है उसमें ok पर click करें
/home/abdullahm/Shivam//blind_data/329997_O89uJhZZDPErIcwv_0020.wav,बगल में है हम खोज के परिणाम contents क्षेत्र में देखेंगे
/home/abdullahm/Shivam//blind_data/141425_wYQaKVNl7bh28u3u_0058.wav,आप कोई web application बनाने में भी सक्षम होंगे जो mvc pattern का अनुसरण करता है
/home/abdullahm/Shivam//blind_data/954326_dI6sOoo6pFXFhJSN_0031.wav,ध्यान दे के इस case में वाक्यों के बीच एक seconds के लिए रुके
/home/abdullahm/Shivam//blind_data/401356_C9yyvF8oQKRK8txb_0016.wav,set c
/home/abdullahm/Shivam//blind_data/437963_SWMxcnx8okhoHB4s_0151.wav,इस mission पर अधिक जानकारी इस link पर उपलब्ध है i i t bombay से
/home/abdullahm/Shivam//blind_data/543096_UwcQJEuG2r7AD8vq_0046.wav,देखते हैं कि browser की आकृति में सुधार लाने में themes मदद करता है यह
/home/abdullahm/Shivam//blind_data/437963_SWMxcnx8okhoHB4s_0004.wav,एक email लिखना
/home/abdullahm/Shivam//blind_data/715617_85MWWgmTkIhi4ZHP_0026.wav,name text box के में वह नाम type करें जिसे आप देना चाहते हैं मै ubuntu type करुंगी
/home/abdullahm/Shivam//blind_data/543096_UwcQJEuG2r7AD8vq_0036.wav,अपने themes page पर वापस जाएँ
/home/abdullahm/Shivam//blind_data/785686_o9IGdBMefgqASRUb_0103.wav,यह किये गए आखिरी संशोधन की तारीख़ समय और यह संशोधन किसने किया भी दिखाता है अभीतक
/home/abdullahm/Shivam//blind_data/315424_dFWh8NolvyRPEZIi_0140.wav,आप toolbar में से भी save button का उपयोग कर सकते हैं जो file save करने के लिए मेरा cursor इंगित करता है
/home/abdullahm/Shivam//blind_data/452417_njTJ0H4xzGZHdznO_0016.wav,database websites जैसे ncbi expasy आदि से data download करना
/home/abdullahm/Shivam//blind_data/443970_woduWyYl1wumm9Pt_0126.wav,समर्थित है इस mission पर अधिक जानकारी spoken tutorial . org / nmeict intro पर उपलब्ध है
/home/abdullahm/Shivam//blind_data/835472_QHretkXfg8wS2YKf_0009.wav,यह आवश्यकता के अनुसार data को संसाधित करता है यह data को
/home/abdullahm/Shivam//blind_data/715617_85MWWgmTkIhi4ZHP_0007.wav,i 3 processor या अधिक
/home/abdullahm/Shivam//blind_data/329997_O89uJhZZDPErIcwv_0078.wav,search bar में search engine को yahoo में बदलिए
/home/abdullahm/Shivam//blind_data/618242_jN7JwubGvJhIkeYN_0021.wav,अब आपके पास प्रत्येक भिन्न webpage के साथ तीन tabs होंगे
/home/abdullahm/Shivam//blind_data/315424_dFWh8NolvyRPEZIi_0142.wav,ध्यान दें कि एक error message message browser में pop up होता है
/home/abdullahm/Shivam//blind_data/764823_MO16YTQW1VD8AudW_0070.wav,आगे अब copies में उपलब्ध विकल्पों को देखते हैं
/home/abdullahm/Shivam//blind_data/731203_IfrROqMp8euBDI18_0140.wav,ide पर वापस आते हैं
/home/abdullahm/Shivam//blind_data/309014_gqEOe0kgNRGLHZph_0025.wav,एक छोटा toolbar मौजूद है text box में
/home/abdullahm/Shivam//blind_data/846118_m7mB9BC8FPflJgLI_0001.wav,इस tutorial में हम extensions या addons extensions संस्थापित करने अनुशंसित extensions के बारे में सीखेंगे
/home/abdullahm/Shivam//blind_data/785686_o9IGdBMefgqASRUb_0082.wav,यहाँ हमारा folder spoken tutorial है और यहाँ इसके अंदर file xyz . odt है हमारे
/home/abdullahm/Shivam//blind_data/543096_UwcQJEuG2r7AD8vq_0079.wav,adblock download होना शुरू होता है
/home/abdullahm/Shivam//blind_data/935529_oMCmIa1P3IAPKGyX_0128.wav,icon view में दिखाए गए आंकड़े libraries browser में एक icon के रूप में दिखाई देते हैं जैसा कि यहां देखा जा सकता है
/home/abdullahm/Shivam//blind_data/662689_mndbMoheJbWHzF8b_0002.wav,बनाना deployment descript
/home/abdullahm/Shivam//blind_data/848297_1Ex3WEqCQ7VGfqIn_0053.wav,यह button rewind timeline button
/home/abdullahm/Shivam//blind_data/443970_woduWyYl1wumm9Pt_0093.wav,query में हम एक condition देते हैं return _ date < than now order by transaction _ id
/home/abdullahm/Shivam//blind_data/361930_TKM4DsRGN2zuNS6M_0040.wav,tracking में tell websites i dont want to be tracked
/home/abdullahm/Shivam//blind_data/662689_mndbMoheJbWHzF8b_0063.wav,: 8080 / my first project है by default
/home/abdullahm/Shivam//blind_data/835472_QHretkXfg8wS2YKf_0126.wav,spoken tutorial project team spoken tutorials का उपयोग करके कार्यशालाएं चलाती है
/home/abdullahm/Shivam//blind_data/981154_ph1l8Eyc0Sf6TsiC_0016.wav,edit this bookmark dialog box प्रदर्शित होता है
/home/abdullahm/Shivam//blind_data/310356_u0sz1lTfmeW7wW5o_0100.wav,एक sequence object को परिवर्तनीय sequence object में कैसे बदलते हैं और string के भाग या base का स्थान कैसे बदलते हैं
/home/abdullahm/Shivam//blind_data/145704_5CY9t6duxwVCK5NI_0072.wav,ठीक है यदि आवश्यकता हो तो elements window का इस्तेमाल करें
/home/abdullahm/Shivam//blind_data/272044_2BqsQz87kAjMhCxB_0031.wav,अब projects को run करें जैसा हमने पहले किया था
/home/abdullahm/Shivam//blind_data/315424_dFWh8NolvyRPEZIi_0098.wav,और d e r v dv / dt को प्रदर्शित करता है
/home/abdullahm/Shivam//blind_data/401356_C9yyvF8oQKRK8txb_0066.wav,अब insert menu और cross reference पर click करें
/home/abdullahm/Shivam//blind_data/662689_mndbMoheJbWHzF8b_0012.wav,उपयोग करके core java और h
/home/abdullahm/Shivam//blind_data/731203_IfrROqMp8euBDI18_0151.wav,यहाँ request में हम return book attribute set करते हैं
/home/abdullahm/Shivam//blind_data/141425_wYQaKVNl7bh28u3u_0013.wav,system का उपयोग हमें निम्न में
/home/abdullahm/Shivam//blind_data/309014_gqEOe0kgNRGLHZph_0057.wav,history पर click करें bar के बाईं ओर आप तीन options देखते हैं today yesterday और older than 6 months
/home/abdullahm/Shivam//blind_data/437963_SWMxcnx8okhoHB4s_0140.wav,इसको सारांशित करते हैं हमने सीखा
/home/abdullahm/Shivam//blind_data/443970_woduWyYl1wumm9Pt_0069.wav,list borrowed books पर click करते हैं
/home/abdullahm/Shivam//blind_data/135893_9lNAZMRfDfuCN6XC_0057.wav,प्रदर्शन के लिए मैं वो fasta file उपयोग करुँगी जो बहुत से records रखती है जो हमने database से पहले ही download की थी
/home/abdullahm/Shivam//blind_data/341424_s7qmM57nndNUBRi4_0130.wav,अगर हम इस message को हटाना चाहते हैं तो trash icon पर click करें
/home/abdullahm/Shivam//blind_data/715617_85MWWgmTkIhi4ZHP_0076.wav,जैसा कि मैं virtual box पर काम कर रही हूं मैं erase disk and install ubuntu चुनूंगी
/home/abdullahm/Shivam//blind_data/443970_woduWyYl1wumm9Pt_0076.wav,हमने list borrowed books पर click किया था
/home/abdullahm/Shivam//blind_data/315424_dFWh8NolvyRPEZIi_0033.wav,ध्यान दें freefall icon libraries browser में प्रदर्शित होता है
/home/abdullahm/Shivam//blind_data/437963_SWMxcnx8okhoHB4s_0107.wav,gmail विशेषताओं को कैसे प्रयोग करें पर अधिक जानकारी के लिए आप उन्हें पढ़ सकते हैं
/home/abdullahm/Shivam//blind_data/848297_1Ex3WEqCQ7VGfqIn_0028.wav,यह timeline पर video की मौजूदा स्थिति दिखता है default रूप से यह timeline की शुरुआत पर है
/home/abdullahm/Shivam//blind_data/172235_akeE0s3aKDyyCvEX_0054.wav,enter दबाएं
/home/abdullahm/Shivam//blind_data/731203_IfrROqMp8euBDI18_0008.wav,jdk 1 . 7
/home/abdullahm/Shivam//blind_data/731203_IfrROqMp8euBDI18_0127.wav,checkout servlet java खोलें
/home/abdullahm/Shivam//blind_data/981154_ph1l8Eyc0Sf6TsiC_0031.wav,ये my bookmarks folder दिखाई देता है folder पर cursor रखें
/home/abdullahm/Shivam//blind_data/910325_DPCsWwNZgf4mmvwU_0092.wav,हमने इस parameter के लिए 2 की value निर्दिष्ट की है
/home/abdullahm/Shivam//blind_data/715617_85MWWgmTkIhi4ZHP_0075.wav,इस option के साथ हम अपने base machine में dual boot os प्राप्त कर सकते हैं
/home/abdullahm/Shivam//blind_data/846118_m7mB9BC8FPflJgLI_0023.wav,ध्यान दें default रूप से option get addons चुनित है दायां
/home/abdullahm/Shivam//blind_data/731203_IfrROqMp8euBDI18_0010.wav,आप अपनी पसंद का कोई भी web browser प्रयोग कर सकते हैं
/home/abdullahm/Shivam//blind_data/437963_SWMxcnx8okhoHB4s_0057.wav,puzzle verification
/home/abdullahm/Shivam//blind_data/952555_b9A7hrD5hUYxzb1E_0104.wav,form बड़ा है और इसीलिए data ज़्यादा है
/home/abdullahm/Shivam//blind_data/715617_85MWWgmTkIhi4ZHP_0012.wav,install करने से पहले कृपया cross check करें कि system type 32 bit या 64 bit है
/home/abdullahm/Shivam//blind_data/952555_b9A7hrD5hUYxzb1E_0052.wav,printwriter out = response . get writer
/home/abdullahm/Shivam//blind_data/543096_UwcQJEuG2r7AD8vq_0058.wav,personas firefox के लिए मुफ्त और संस्थापित करने में आसान skins हैं
/home/abdullahm/Shivam//blind_data/172235_akeE0s3aKDyyCvEX_0044.wav,code की ये लाइनें home folder में blast xml की तरह खोज के परिणामों को save करेंगी
/home/abdullahm/Shivam//blind_data/952555_b9A7hrD5hUYxzb1E_0014.wav,और html
/home/abdullahm/Shivam//blind_data/141425_wYQaKVNl7bh28u3u_0023.wav,हम library management system का home page देख सकते हैं
/home/abdullahm/Shivam//blind_data/935529_oMCmIa1P3IAPKGyX_0033.wav,फिर हम सीखेंगे कि circle और polygon कैसे प्रविष्ट करना है
/home/abdullahm/Shivam//blind_data/846118_m7mB9BC8FPflJgLI_0063.wav,आप इस dialog box का उपयोग करके अपनी preferences set कर सकते हैं
/home/abdullahm/Shivam//blind_data/846118_m7mB9BC8FPflJgLI_0017.wav,grab and drag आपको विभिन्न तरीकों में web page scroll
/home/abdullahm/Shivam//blind_data/172235_akeE0s3aKDyyCvEX_0030.wav,इस पदर्शन के लिए मैं nucleotide sequence के लिए gi number उपयोग कर
/home/abdullahm/Shivam//blind_data/935529_oMCmIa1P3IAPKGyX_0100.wav,ध्यान दें कि रंग काला हो गया और pattern को ठोस से क्षैतिज रेखाओं में बदल गया
/home/abdullahm/Shivam//blind_data/835472_QHretkXfg8wS2YKf_0020.wav,देशों को संचित करता है विशिष्ट रूप से
/home/abdullahm/Shivam//blind_data/908920_LIkOEYXYEAz96aNv_0034.wav,चलिए अब एक quadratic equation को हल करने की प्रक्रिया को लिखते हैं
/home/abdullahm/Shivam//blind_data/437963_SWMxcnx8okhoHB4s_0144.wav,एक email भेजना एक email देखना
/home/abdullahm/Shivam//blind_data/135893_9lNAZMRfDfuCN6XC_0011.wav,biology में वैज्ञानिक data सामान्यतः text files जैसे fasta genbank embl swiss port आदि में संचित किया जाता है da
/home/abdullahm/Shivam//blind_data/930904_pauf66fOYFtqaQ0c_0024.wav,आप इसको यहाँ ide के बायीं तरफ देख सकते हैं
/home/abdullahm/Shivam//blind_data/437963_SWMxcnx8okhoHB4s_0130.wav,यहाँ email की subject line है
/home/abdullahm/Shivam//blind_data/145704_5CY9t6duxwVCK5NI_0066.wav,लम्बे रिक्त स्थान के लिए mark up है tild चिन्ह और छोटे खाली स्थान के लिए यह ti
/home/abdullahm/Shivam//blind_data/930904_pauf66fOYFtqaQ0c_0051.wav,हम इन methods को override कर सकते हैं
/home/abdullahm/Shivam//blind_data/315424_dFWh8NolvyRPEZIi_0115.wav,इस परिणाम को delete करने के लिए freefall पर right click करें और delete result चुनें
/home/abdullahm/Shivam//blind_data/952555_b9A7hrD5hUYxzb1E_0106.wav,उदाहरण password
/home/abdullahm/Shivam//blind_data/543096_UwcQJEuG2r7AD8vq_0084.wav,जब restart होता है adblocker प्रभावी होगा हालाकी adblocker
/home/abdullahm/Shivam//blind_data/315424_dFWh8NolvyRPEZIi_0092.wav,मैं omedit पर वापस जाती हूँ
/home/abdullahm/Shivam//blind_data/315424_dFWh8NolvyRPEZIi_0106.wav,ध्यान दें यहाँ unit और description नामक columns हैं
/home/abdullahm/Shivam//blind_data/715617_85MWWgmTkIhi4ZHP_0039.wav,यह option आपके लिए default रूप से पहले ही चुना जा सकता है
/home/abdullahm/Shivam//blind_data/172235_akeE0s3aKDyyCvEX_0028.wav,तीसरा argument आपका query sequence है
/home/abdullahm/Shivam//blind_data/715617_85MWWgmTkIhi4ZHP_0106.wav,तुरंत ही ubuntu window बंद हो जाती है और हम virtual box manager पर वापस आ जाते हैं इस
/home/abdullahm/Shivam//blind_data/334157_201xLiqOYAgU2d7a_0083.wav,अब ok पर click करें
/home/abdullahm/Shivam//blind_data/981154_ph1l8Eyc0Sf6TsiC_0014.wav,में रख सकते हैं gmail का named my gmail page में बदलें और इसे my new bookmarks नामक नए folder में रखें
/home/abdullahm/Shivam//blind_data/930904_pauf66fOYFtqaQ0c_0029.wav,class name में my servlet type करें
/home/abdullahm/Shivam//blind_data/930904_pauf66fOYFtqaQ0c_0061.wav,अब do get method पर आते हैं
/home/abdullahm/Shivam//blind_data/329997_O89uJhZZDPErIcwv_0028.wav,हम देख सकते हैं कि search bar की बायीं तरफ का चिह्न yahoo के चिह्न में बदल गया है अब
/home/abdullahm/Shivam//blind_data/848297_1Ex3WEqCQ7VGfqIn_0012.wav,अगर आपने पहले वो program उपयोग किया है video और audio clips जो पहले import की गयी थीं आपके collection panel पर दिखाई देंगी
/home/abdullahm/Shivam//blind_data/662689_mndbMoheJbWHzF8b_0048.wav,तरफ files tab पर click करें ध्यान दे की
/home/abdullahm/Shivam//blind_data/954326_dI6sOoo6pFXFhJSN_0072.wav,अब मैं यह command terminal में type करती हूँ ffmpeg i compiling wmv test 0 . ogv
/home/abdullahm/Shivam//blind_data/618242_jN7JwubGvJhIkeYN_0056.wav,पहले परिणाम को save करें और एक offline document के रूप में देखने के लिए इसे नये टैब में save
/home/abdullahm/Shivam//blind_data/848297_1Ex3WEqCQ7VGfqIn_0026.wav,यह पूरे video को timeline पर single clip में जोड़ेगा
/home/abdullahm/Shivam//blind_data/512580_oT2CzZaFTPoHj47K_0030.wav,अगला from bio . alphabet module import generic protein class
/home/abdullahm/Shivam//blind_data/315424_dFWh8NolvyRPEZIi_0121.wav,अब मैं आपको दिखाती हूँ कि stimulation के लिए time interval कैसे बदलना है
/home/abdullahm/Shivam//blind_data/764823_MO16YTQW1VD8AudW_0050.wav,एक message दिखता है would you like to print a test page
/home/abdullahm/Shivam//blind_data/341424_s7qmM57nndNUBRi4_0176.wav,google drive से files share करना
/home/abdullahm/Shivam//blind_data/401356_C9yyvF8oQKRK8txb_0083.wav,संक्षेप में हमने सीखा कि कैसे
/home/abdullahm/Shivam//blind_data/452417_njTJ0H4xzGZHdznO_0097.wav,है stop symbol आपके protein sequence के अंत में सम्मिलित नहीं किया जाता है
/home/abdullahm/Shivam//blind_data/145704_5CY9t6duxwVCK5NI_0004.wav,mark up language की शुरुआत की थी mark up language के बारे में अब और see
/home/abdullahm/Shivam//blind_data/437963_SWMxcnx8okhoHB4s_0080.wav,अब हम create your public google + profile page पर हैं
/home/abdullahm/Shivam//blind_data/755386_f5DL5lLLcrAit2gw_0010.wav,math इन formulae और equations को लिखने का बहुत ही सरल तरीका प्र
/home/abdullahm/Shivam//blind_data/935529_oMCmIa1P3IAPKGyX_0141.wav,कृपया हमारे lab migration projects पर अधिक जानकारी के लिए website पर जाएं
/home/abdullahm/Shivam//blind_data/401356_C9yyvF8oQKRK8txb_0046.wav,और formatting करते हैं font size 18 और left alignment
/home/abdullahm/Shivam//blind_data/341424_s7qmM57nndNUBRi4_0088.wav,shared with me tab पर click करें
/home/abdullahm/Shivam//blind_data/310356_u0sz1lTfmeW7wW5o_0022.wav,आगे bio package से seq module import करते हैं
/home/abdullahm/Shivam//blind_data/755386_f5DL5lLLcrAit2gw_0005.wav,math open करते हैं insert menu पर click करें फिर object और फिर formula
/home/abdullahm/Shivam//blind_data/315424_dFWh8NolvyRPEZIi_0003.wav,simulation setup toolbox का उपयोग कैसे करना है
/home/abdullahm/Shivam//blind_data/341424_s7qmM57nndNUBRi4_0167.wav,लेकिन यहाँ हम सिर्फ एक email id देख सकते हैं दूसरा नहीं दिखता है
/home/abdullahm/Shivam//blind_data/910325_DPCsWwNZgf4mmvwU_0035.wav,y output है जो कि scalar है
/home/abdullahm/Shivam//blind_data/835472_QHretkXfg8wS2YKf_0060.wav,सामान्य तापमान पर रखता है और ज़्यादा गर्म होने से बचाता है power supply unit
/home/abdullahm/Shivam//blind_data/172235_akeE0s3aKDyyCvEX_0001.wav,इस tutorial में हम सीखेंगे biopython tools उपयोग करके query sequence के लिए blast in करना
/home/abdullahm/Shivam//blind_data/755386_f5DL5lLLcrAit2gw_0022.wav,differential equation का एक और उदाहरण है u
/home/abdullahm/Shivam//blind_data/954326_dI6sOoo6pFXFhJSN_0016.wav,यह आपके screen पर एक empty projects open करेगा
/home/abdullahm/Shivam//blind_data/272044_2BqsQz87kAjMhCxB_0072.wav,greeting servlet java पर जाते हैं
/home/abdullahm/Shivam//blind_data/452417_njTJ0H4xzGZHdznO_0015.wav,के लिए उपयोग किए जाते हैं parsing यानि विभिन्न file formats जैसे fasta genbank आदि से जानकारी extract करना है
/home/abdullahm/Shivam//blind_data/935529_oMCmIa1P3IAPKGyX_0054.wav,संख्याओं का पहला युग्म - 200 - 100 है
/home/abdullahm/Shivam//blind_data/715617_85MWWgmTkIhi4ZHP_0079.wav,write the changes to the disks नामक pop up खुलता है
/home/abdullahm/Shivam//blind_data/341424_s7qmM57nndNUBRi4_0107.wav,upload photos window खुलती है
/home/abdullahm/Shivam//blind_data/334157_201xLiqOYAgU2d7a_0014.wav,जब browser window खुलती है तो edit किये जाने वाली audio file के लिए browse करें और open पर click करें
/home/abdullahm/Shivam//blind_data/452417_njTJ0H4xzGZHdznO_0012.wav,5 8 biopython कम्प्यूटेशनल biology के लिए modules का संग्रह होता है
/home/abdullahm/Shivam//blind_data/755386_f5DL5lLLcrAit2gw_0030.wav,और चलिए writer gray box के बाहर तीन बार click करके नये page पर चलते हैं
/home/abdullahm/Shivam//blind_data/908920_LIkOEYXYEAz96aNv_0055.wav,व्यंजक में over 2 a जोड़िये
/home/abdullahm/Shivam//blind_data/848297_1Ex3WEqCQ7VGfqIn_0047.wav,यह video timeline को विस्तारित करेगा और इसमें audio timeline को दिखायेगा यह dubbing के लिए उपयोगी है
/home/abdullahm/Shivam//blind_data/835472_QHretkXfg8wS2YKf_0081.wav,जब lan port सक्रीय होता है और गतिविधि प्राप्त करता है तो led light टिमटिमाती है आप देख सकते हैं
/home/abdullahm/Shivam//blind_data/341424_s7qmM57nndNUBRi4_0034.wav,लेकिन bcc के अन्य प्राप्तकर्ताओं को नहीं देख सकते
/home/abdullahm/Shivam//blind_data/848297_1Ex3WEqCQ7VGfqIn_0089.wav,वैकल्पिक रूप से आप copy के लिए ctrl c और paste के लिए ctrl v दबा सकते हैं इस तरीके से मैंने आवश्यक seconds की संख्या के लिए clip बड़ा ली है
/home/abdullahm/Shivam//blind_data/437963_SWMxcnx8okhoHB4s_0014.wav,google play google docs या drive
/home/abdullahm/Shivam//blind_data/329997_O89uJhZZDPErIcwv_0018.wav,search bar पर click करें और email type करें
/home/abdullahm/Shivam//blind_data/310356_u0sz1lTfmeW7wW5o_0016.wav,ctrl alt और t keys एकसाथ दबाएं
/home/abdullahm/Shivam//blind_data/848297_1Ex3WEqCQ7VGfqIn_0005.wav,program को run करने के लिए windows movie maker icon पर double click करें
/home/abdullahm/Shivam//blind_data/785686_o9IGdBMefgqASRUb_0133.wav,"email ids के बीच एक , लगाना याद रखें जैसें ही"
/home/abdullahm/Shivam//blind_data/954326_dI6sOoo6pFXFhJSN_0098.wav,हमारे dubbing सहयोगियों के लिए चीज़े सरल बनाने के लिए हम python में एक gui application बनाने की प्रक्रिया में है जोकि उपर दिए सारे ffmpeg commands को निष्पादित करता है
/home/abdullahm/Shivam//blind_data/954326_dI6sOoo6pFXFhJSN_0046.wav,मैं दूसरे audio track को हटाती हूँ जो कि अभी खाली है
/home/abdullahm/Shivam//blind_data/952555_b9A7hrD5hUYxzb1E_0004.wav,dopost method प्रयोग करके parameters pass करना
/home/abdullahm/Shivam//blind_data/334157_201xLiqOYAgU2d7a_0065.wav,साँस की तेज़ आवाज़ को कम करने के लिए audio stream में साँस वाले भाग को चुनें
/home/abdullahm/Shivam//blind_data/437963_SWMxcnx8okhoHB4s_0026.wav,अब उस create an account link पर click करें
/home/abdullahm/Shivam//blind_data/543096_UwcQJEuG2r7AD8vq_0039.wav,यह चुनी gi theme को download करेगा
/home/abdullahm/Shivam//blind_data/952555_b9A7hrD5hUYxzb1E_0101.wav,form छोटा है और इसीलिए data कम है
/home/abdullahm/Shivam//blind_data/443970_woduWyYl1wumm9Pt_0056.wav,उसी प्रकार हम book के अन्य attributes को book object में set करते हैं
/home/abdullahm/Shivam//blind_data/437963_SWMxcnx8okhoHB4s_0021.wav,अगर यह पहली बार है जब आपकी machine से यह accessed किया गया है तो यह इस प्रकार दिखेगा
/home/abdullahm/Shivam//blind_data/452417_njTJ0H4xzGZHdznO_0011.wav,1 . 1 और biopython version
/home/abdullahm/Shivam//blind_data/452417_njTJ0H4xzGZHdznO_0065.wav,prompt पर type करें mrna = to cdna . transcribe ( खोलें और बंद करें enter दबाएं
/home/abdullahm/Shivam//blind_data/846118_m7mB9BC8FPflJgLI_0100.wav,हमसे जुड़ने के लिए धन्यवाद
/home/abdullahm/Shivam//blind_data/981154_ph1l8Eyc0Sf6TsiC_0000.wav,mozilla firefox में bookmarks संयोजन और printing पर spoken tutorial में आपका स्वागत है
/home/abdullahm/Shivam//blind_data/452417_njTJ0H4xzGZHdznO_0002.wav,विशेषताएँ linux operating system पर download और संस्थापन से सम्बंधित जानकारी
/home/abdullahm/Shivam//blind_data/848297_1Ex3WEqCQ7VGfqIn_0048.wav,मैं dubbing के बारे में अन्य tutorial में पहले ही समझा चुकी हूँ आप इसे देखना चाह सकते हैं
/home/abdullahm/Shivam//blind_data/662689_mndbMoheJbWHzF8b_0062.wav,url को देखते हैं जिसने page प्रस्तुत किया यह local host co
/home/abdullahm/Shivam//blind_data/437963_SWMxcnx8okhoHB4s_0152.wav,मैं श्रुति आर्य आपसे विदा लेती हूँ हमारे साथ जुड़ने के लिए धन्यवाद
/home/abdullahm/Shivam//blind_data/908920_LIkOEYXYEAz96aNv_0028.wav,हम लिख सकते हैं 5 over x + y
/home/abdullahm/Shivam//blind_data/764823_MO16YTQW1VD8AudW_0027.wav,इस पर click करें
/home/abdullahm/Shivam//blind_data/785686_o9IGdBMefgqASRUb_0171.wav,इस tutorial में हमने सीखा google drive को access करना files को बनाना और upload करना google docs बनाना और sharing विकल्प प्रयोग करना
/home/abdullahm/Shivam//blind_data/715617_85MWWgmTkIhi4ZHP_0036.wav,अब window के नीचे next button पर click करें
/home/abdullahm/Shivam//blind_data/981154_ph1l8Eyc0Sf6TsiC_0105.wav,आप page को बिल्कुल वैसे देख सकते हैं जैसे वह print के बाद दिखाई देगा
/home/abdullahm/Shivam//blind_data/835472_QHretkXfg8wS2YKf_0048.wav,भी होता है जो ज़रुरत पड़ने पर computer को दोबारा चलाने में सहायक होता है आगे की तरफ
/home/abdullahm/Shivam//blind_data/361930_TKM4DsRGN2zuNS6M_0000.wav,mozilla firefox के इस tutorial में आपका स्वागत है
/home/abdullahm/Shivam//blind_data/755386_f5DL5lLLcrAit2gw_0038.wav,अतः एक real variable x का एक function f और x axis पर real line में interval a b सीमांकित integral इस तरह से लिखा जा सकता है integral from a to b f of x dx integral चिह्न
/home/abdullahm/Shivam//blind_data/935529_oMCmIa1P3IAPKGyX_0074.wav,हम इन annotation को तीन चरण में सीखेंगे bouncing ball with annotations में पहले से ही एक circle है जो इसके icon view में है
/home/abdullahm/Shivam//blind_data/401356_C9yyvF8oQKRK8txb_0062.wav,mark up binom पर ध्यान दें जो दो elements के खड़े stack दर्शाता है और अच्छे alignment में मदद करता है
/home/abdullahm/Shivam//blind_data/785686_o9IGdBMefgqASRUb_0021.wav,बायीं तरफ कुछ menus हैं और
/home/abdullahm/Shivam//blind_data/452417_njTJ0H4xzGZHdznO_0023.wav,biopython package python वितरण का भाग नहीं होता है इसे अलग से downloadकरने की ज़रुरत
/home/abdullahm/Shivam//blind_data/329997_O89uJhZZDPErIcwv_0023.wav,है mozilla firefox के लिए default search engine google
/home/abdullahm/Shivam//blind_data/543096_UwcQJEuG2r7AD8vq_0052.wav,यहाँ default theme देखें
/home/abdullahm/Shivam//blind_data/755386_f5DL5lLLcrAit2gw_0082.wav,org / nmeict - intro i i t bombay की ओर से मैं रवि कुमार अब आपसे विदा
/home/abdullahm/Shivam//blind_data/731203_IfrROqMp8euBDI18_0028.wav,अब अगले विकल्प पर click करते हैं जो checkout करना या book return करना है
/home/abdullahm/Shivam//blind_data/910325_DPCsWwNZgf4mmvwU_0039.wav,product नामक block बनाने के लिए miso का विस्तार करें
/home/abdullahm/Shivam//blind_data/443970_woduWyYl1wumm9Pt_0106.wav,यहाँ फर्क इतना होगा कि हमें logged in user के लिए books प्रदर्शित करनी हैं अतः
/home/abdullahm/Shivam//blind_data/437963_SWMxcnx8okhoHB4s_0041.wav,बायीं तरफ का information यानी जानकारी box बताता है कि password कितना लम्बा होना चाहिए आप
/home/abdullahm/Shivam//blind_data/952555_b9A7hrD5hUYxzb1E_0066.wav,इसने my first project deployed किया है
/home/abdullahm/Shivam//blind_data/731203_IfrROqMp8euBDI18_0101.wav,हमें request से date of return मिलती है और इसको return date में संचित करते हैं
/home/abdullahm/Shivam//blind_data/952555_b9A7hrD5hUYxzb1E_0100.wav,get प्रयोग होगा जब
/home/abdullahm/Shivam//blind_data/341424_s7qmM57nndNUBRi4_0134.wav,label हम इस विशेषता के बारे में भविष्य के tutorials में सीखेंगे
/home/abdullahm/Shivam//blind_data/908920_LIkOEYXYEAz96aNv_0075.wav,spoken tutorial project talk to a teacher project का हिस्सा है यह भारत सरकार के mhrd के itc के माध्यम से राष्ट्रीय साक्षरता mission द्वारा समर्थित है
/home/abdullahm/Shivam//blind_data/848297_1Ex3WEqCQ7VGfqIn_0081.wav,अगर आप बीच में जोड़ना चाहते हैं तो आपको clip बीच में से विभाजित करनी पड़ेगी जो timeline पर है और वहाँ नयी clip जोड़नी
/home/abdullahm/Shivam//blind_data/272044_2BqsQz87kAjMhCxB_0134.wav,page directive सारे import किये हुए packages की सूची रखता है
/home/abdullahm/Shivam//blind_data/452417_njTJ0H4xzGZHdznO_0020.wav,alignment के साथ dealing के
/home/abdullahm/Shivam//blind_data/785686_o9IGdBMefgqASRUb_0112.wav,ab welcome to google docs line को दो बार copy paste करेंगे और फिर tab बंद करेंगे
/home/abdullahm/Shivam//blind_data/755386_f5DL5lLLcrAit2gw_0028.wav,चलिए अपना काम अब save करते हैं file पर जाए और save पर
/home/abdullahm/Shivam//blind_data/764823_MO16YTQW1VD8AudW_0078.wav,ना document print करना
/home/abdullahm/Shivam//blind_data/272044_2BqsQz87kAjMhCxB_0092.wav,please correct the following errors
/home/abdullahm/Shivam//blind_data/848297_1Ex3WEqCQ7VGfqIn_0077.wav,अब clip कलैक्शन panel में दिखाई देती है
/home/abdullahm/Shivam//blind_data/954326_dI6sOoo6pFXFhJSN_0085.wav,terminal screen को फिर से क्लिअर करती हूँ
/home/abdullahm/Shivam//blind_data/512580_oT2CzZaFTPoHj47K_0000.wav,नमस्कार
/home/abdullahm/Shivam//blind_data/930904_pauf66fOYFtqaQ0c_0100.wav,हम servlets और jsp s का उपयोग देखेंगे
/home/abdullahm/Shivam//blind_data/954326_dI6sOoo6pFXFhJSN_0088.wav,हमने audio अलग किया है याने के output में अब original video नहीं है अभी उसे check करते है test directory को फिर से open करते है
/home/abdullahm/Shivam//blind_data/543096_UwcQJEuG2r7AD8vq_0065.wav,ता है हम एक बड़ी
/home/abdullahm/Shivam//blind_data/731203_IfrROqMp8euBDI18_0093.wav,हम देखते हैं कि हमें एक error message मिलता है जो है the some user has already borrowed this book
/home/abdullahm/Shivam//blind_data/443970_woduWyYl1wumm9Pt_0001.wav,हम निम्न करना सीखेंगे
/home/abdullahm/Shivam//blind_data/361930_TKM4DsRGN2zuNS6M_0012.wav,start up में when firefox starts dropdown menu में show my home page चुनें
/home/abdullahm/Shivam//blind_data/785686_o9IGdBMefgqASRUb_0024.wav,पहला वाला google team ने account बनाते समय हमारे साथ share किया था दू
/home/abdullahm/Shivam//blind_data/835472_QHretkXfg8wS2YKf_0032.wav,printer और scanner भी computer से जोड़े जा सकते हैं
/home/abdullahm/Shivam//blind_data/361930_TKM4DsRGN2zuNS6M_0060.wav,सत्य है proxies का उपयोग प्रदर्शन को बेहतर बनाने और बेहतर सुरक्षा प्रदान करने के लिए किया जा
/home/abdullahm/Shivam//blind_data/731203_IfrROqMp8euBDI18_0167.wav,अधिक जानकारी के लिए कृपया contact @ spoken tutorial . org पर लिखें
/home/abdullahm/Shivam//blind_data/952555_b9A7hrD5hUYxzb1E_0019.wav,वह home page एक सरल login form रखेगा
/home/abdullahm/Shivam//blind_data/935529_oMCmIa1P3IAPKGyX_0007.wav,icon and diagram views model को graphically देखने में सक्षम है
/home/abdullahm/Shivam//blind_data/135893_9lNAZMRfDfuCN6XC_0039.wav,ध्यान दें कि genbank format में sequence file fasta file से ज़्यादा features रखती है
/home/abdullahm/Shivam//blind_data/452417_njTJ0H4xzGZHdznO_0024.wav,होती है अधिक जानकारी के लिए निम्न link पर जाएँ
/home/abdullahm/Shivam//blind_data/785686_o9IGdBMefgqASRUb_0159.wav,के लिए हम file पर और फिर see revision history पर click करेंगे हम देखें
/home/abdullahm/Shivam//blind_data/443970_woduWyYl1wumm9Pt_0042.wav,ide पर वापस जाते हैं
/home/abdullahm/Shivam//blind_data/731203_IfrROqMp8euBDI18_0095.wav,यदि system में user exists और यदि checkout book null नहीं है तो हम checkout method को call करते हैं
/home/abdullahm/Shivam//blind_data/361930_TKM4DsRGN2zuNS6M_0017.wav,अब इस firefox window को बंद करें और नई firefox
/home/abdullahm/Shivam//blind_data/272044_2BqsQz87kAjMhCxB_0123.wav,steps समान हैं जैसा हमने greeting servlet java में पालन की थी
/home/abdullahm/Shivam//blind_data/785686_o9IGdBMefgqASRUb_0041.wav,my drive menu पर वापस जाते हैं और अपनी pdf file पर right click करते हैं अब
/home/abdullahm/Shivam//blind_data/341424_s7qmM57nndNUBRi4_0125.wav,हम इस emoticon icon की मदद से अनेक pictorial यानी सचित्र प्रदर्शनों को भी प्रविष्ट
/home/abdullahm/Shivam//blind_data/846118_m7mB9BC8FPflJgLI_0013.wav,जो विज्ञापनों या pop ups block करे
/home/abdullahm/Shivam//blind_data/272044_2BqsQz87kAjMhCxB_0166.wav,scriptlet tags में हमने user type का object बनाया है
/home/abdullahm/Shivam//blind_data/452417_njTJ0H4xzGZHdznO_0049.wav,prompt पर type करें from bio . seq import seq और enter दबाएं
/home/abdullahm/Shivam//blind_data/361930_TKM4DsRGN2zuNS6M_0046.wav,नीचे location bar पर आएँ
/home/abdullahm/Shivam//blind_data/715617_85MWWgmTkIhi4ZHP_0056.wav,यह इंगित करता है कि हमने सफलतापूर्वक virtual machine बनाया है जो vm है
/home/abdullahm/Shivam//blind_data/835472_QHretkXfg8wS2YKf_0109.wav,play एक keyboard एक
/home/abdullahm/Shivam//blind_data/785686_o9IGdBMefgqASRUb_0044.wav,मैं इस file की एक copy बनाती हूँ
/home/abdullahm/Shivam//blind_data/361930_TKM4DsRGN2zuNS6M_0009.wav,tabs है सभी का कार्य अलग है
/home/abdullahm/Shivam//blind_data/618242_jN7JwubGvJhIkeYN_0012.wav,आप इस link को एक नये tab में खोल सकते हैं
/home/abdullahm/Shivam//blind_data/443970_woduWyYl1wumm9Pt_0063.wav,यह html table books की जानकारी प्रदर्शित करेगी
/home/abdullahm/Shivam//blind_data/954326_dI6sOoo6pFXFhJSN_0047.wav,clips को पहली track पर slide करते वक्त ध्यान रखे के clip का begin time याने शुरुआती समय उसी वाक्य के begn time से मैच हो जैसे के पहले note किया था
/home/abdullahm/Shivam//blind_data/309014_gqEOe0kgNRGLHZph_0056.wav,bar को देखते है view और sidebar पर click करें और
/home/abdullahm/Shivam//blind_data/437963_SWMxcnx8okhoHB4s_0051.wav,इसके बाद एक text box है जो current यानी मौजूदा email address के लिए पूछता है
/home/abdullahm/Shivam//blind_data/764823_MO16YTQW1VD8AudW_0012.wav,बहुत से cpu में usb ports आगे होते हैं
/home/abdullahm/Shivam//blind_data/443970_woduWyYl1wumm9Pt_0037.wav,list books के लिए हम radio button पर click करेंगे
/home/abdullahm/Shivam//blind_data/930904_pauf66fOYFtqaQ0c_0094.wav,हम servlets उपयोग करके कोई भी web application बना सकते हैं
/home/abdullahm/Shivam//blind_data/543096_UwcQJEuG2r7AD8vq_0038.wav,यह theme add to firefox button प्रदर्शित करती है
/home/abdullahm/Shivam//blind_data/935529_oMCmIa1P3IAPKGyX_0021.wav,कृपया इस file को हमारी website से download करें
/home/abdullahm/Shivam//blind_data/329997_O89uJhZZDPErIcwv_0012.wav,है google home page के search box में email type करें और search
/home/abdullahm/Shivam//blind_data/764823_MO16YTQW1VD8AudW_0017.wav,printer को computer से जोड़ने के लिए हमे एक usb cable उपयोग करना होता है
/home/abdullahm/Shivam//blind_data/135893_9lNAZMRfDfuCN6XC_0008.wav,python version 2 . 7 . 8
/home/abdullahm/Shivam//blind_data/846118_m7mB9BC8FPflJgLI_0006.wav,extensions आपको firefox
/home/abdullahm/Shivam//blind_data/543096_UwcQJEuG2r7AD8vq_0076.wav,ऊपर दाएँ कोने के search टैब में adblock खोजें enter दबाएँ
/home/abdullahm/Shivam//blind_data/512580_oT2CzZaFTPoHj47K_0033.wav,enter दबाएं
/home/abdullahm/Shivam//blind_data/329997_O89uJhZZDPErIcwv_0015.wav,mozilla firefox के साथ इसे करने का एक सरल तरीका है
/home/abdullahm/Shivam//blind_data/731203_IfrROqMp8euBDI18_0048.wav,ध्यान दें कि form action is = to checkout servlet
/home/abdullahm/Shivam//blind_data/935529_oMCmIa1P3IAPKGyX_0109.wav,अब मैं toolbar का उपयोग करके नए ellipse बनाने के लिए icon view पर जाती हूँ icon view पर click करें
/home/abdullahm/Shivam//blind_data/443970_woduWyYl1wumm9Pt_0124.wav,spoken tutorial project talk to a teacher project का हिस्सा है
/home/abdullahm/Shivam//blind_data/401356_C9yyvF8oQKRK8txb_0063.wav,अब हम देखेंगे कि इन formulae को cross reference कैसे करें
/home/abdullahm/Shivam//blind_data/452417_njTJ0H4xzGZHdznO_0082.wav,इक किया जा सकता है
/home/abdullahm/Shivam//blind_data/135893_9lNAZMRfDfuCN6XC_0041.wav,के लिए हमें एकल record के साथ fasta file की ज़रुरत है इस
/home/abdullahm/Shivam//blind_data/452417_njTJ0H4xzGZHdznO_0075.wav,उक्त code में transcription के लिए हमने coding dna strand उपयोग किया है
/home/abdullahm/Shivam//blind_data/662689_mndbMoheJbWHzF8b_0053.wav,application run करने की कोशिश करेंगे ऐसा करने की लिए
/home/abdullahm/Shivam//blind_data/315424_dFWh8NolvyRPEZIi_0127.wav,ध्यान दें time interval 5 units में बढ गया है
/home/abdullahm/Shivam//blind_data/512580_oT2CzZaFTPoHj47K_0062.wav,text editor
/home/abdullahm/Shivam//blind_data/954326_dI6sOoo6pFXFhJSN_0013.wav,यह भी संभव है के कुछ शब्द या वाक्य original में से छोड़ दे लेकिन हाँ उसका मतलब ना
/home/abdullahm/Shivam//blind_data/512580_oT2CzZaFTPoHj47K_0090.wav,और लम्बाई से file में records sort यानी कि छांटना
/home/abdullahm/Shivam//blind_data/910325_DPCsWwNZgf4mmvwU_0045.wav,आप हमारी website पर इस file को देख सकते हैं और इसे download कर सकते हैं
/home/abdullahm/Shivam//blind_data/848297_1Ex3WEqCQ7VGfqIn_0093.wav,पैदा कर सकता है अतः यह वो है जो हमें ध्यान में रखने की ज़रुरत है जब video को बढ़ाने के लिए हम copy और paste करते हैं
/home/abdullahm/Shivam//blind_data/952555_b9A7hrD5hUYxzb1E_0044.wav,यह servlet controller की तरह कार्य करेगा
/home/abdullahm/Shivam//blind_data/334157_201xLiqOYAgU2d7a_0055.wav,दोहराये हुए भागों को और ख़राब आवाज़ को हटायें message के प्रभाव को बढ़ाने के लिए effects प्र
/home/abdullahm/Shivam//blind_data/272044_2BqsQz87kAjMhCxB_0040.wav,आगे हम jdbc connection के लिए code देखेंगे
/home/abdullahm/Shivam//blind_data/910325_DPCsWwNZgf4mmvwU_0042.wav,अंत में input और output variables से संबंधित आवश्यक समीकरण program करें
/home/abdullahm/Shivam//blind_data/401356_C9yyvF8oQKRK8txb_0049.wav,अतः वर्तमान formula को अपने वाले से overwrite करें
/home/abdullahm/Shivam//blind_data/835472_QHretkXfg8wS2YKf_0063.wav,दर्शाये गए की तरह table पर रखें सारे cables को
/home/abdullahm/Shivam//blind_data/952555_b9A7hrD5hUYxzb1E_0074.wav,हम देख सकते हैं कि हमें hello from get method arya output मिला है
/home/abdullahm/Shivam//blind_data/145704_5CY9t6duxwVCK5NI_0010.wav,language अंग्रेज़ी में जैसे formula पढ़ते हैं उसके समान है
/home/abdullahm/Shivam//blind_data/935529_oMCmIa1P3IAPKGyX_0041.wav,अब left field को 200 units में बदलें ok पर click करें
/home/abdullahm/Shivam//blind_data/443970_woduWyYl1wumm9Pt_0103.wav,अब ide पर वापस आते हैं
/home/abdullahm/Shivam//blind_data/910325_DPCsWwNZgf4mmvwU_0103.wav,इसलिए उन्हें समझना जरूरी है
/home/abdullahm/Shivam//blind_data/543096_UwcQJEuG2r7AD8vq_0023.wav,अब shine bright skin
/home/abdullahm/Shivam//blind_data/310356_u0sz1lTfmeW7wW5o_0074.wav,enter दबाएं
/home/abdullahm/Shivam//blind_data/135893_9lNAZMRfDfuCN6XC_0020.wav,download के लिए file चुनने के लिए checkbox पर click करें
/home/abdullahm/Shivam//blind_data/310356_u0sz1lTfmeW7wW5o_0023.wav,प्रायः seq को seek की तरह उच्चारित किया जाता है
/home/abdullahm/Shivam//blind_data/341424_s7qmM57nndNUBRi4_0015.wav,password प्रविष्ट करें
/home/abdullahm/Shivam//blind_data/846118_m7mB9BC8FPflJgLI_0062.wav,grab and drag चुनें और preferences पर click करें
/home/abdullahm/Shivam//blind_data/543096_UwcQJEuG2r7AD8vq_0025.wav,shine bright skin theme page प्रदर्शित होता है
/home/abdullahm/Shivam//blind_data/512580_oT2CzZaFTPoHj47K_0051.wav,protein sequence अब fasta format में है
/home/abdullahm/Shivam//blind_data/401356_C9yyvF8oQKRK8txb_0056.wav,फिर हम दुबारा formatting करेंगे
/home/abdullahm/Shivam//blind_data/981154_ph1l8Eyc0Sf6TsiC_0107.wav,firefox menu bar से file पर click करें और print
/home/abdullahm/Shivam//blind_data/452417_njTJ0H4xzGZHdznO_0019.wav,उदाहरणस्वरुप complements transcription translation आदि प्राप्त करने के लिए
/home/abdullahm/Shivam//blind_data/135893_9lNAZMRfDfuCN6XC_0040.wav,अपने home folder में sequence . gb की तरह save करें text editor बंद करें प्रद
/home/abdullahm/Shivam//blind_data/981154_ph1l8Eyc0Sf6TsiC_0098.wav,पहले हम इस web page को printing के लिए set करेंगे
/home/abdullahm/Shivam//blind_data/785686_o9IGdBMefgqASRUb_0117.wav,र नवीनतम revision के साथ revision क्रमानुसार व्यवस्थित किये गए हैं प्रत्येक
/home/abdullahm/Shivam//blind_data/341424_s7qmM57nndNUBRi4_0084.wav,my drive shared with me और upload
/home/abdullahm/Shivam//blind_data/954326_dI6sOoo6pFXFhJSN_0020.wav,default रूप से selection tool सक्रिय याने के active होता है
/home/abdullahm/Shivam//blind_data/846118_m7mB9BC8FPflJgLI_0058.wav,scrap book के बारे में विवरण प्रदर्शित होते हैं extension
/home/abdullahm/Shivam//blind_data/731203_IfrROqMp8euBDI18_0108.wav,set checkout into request method call
/home/abdullahm/Shivam//blind_data/135893_9lNAZMRfDfuCN6XC_0006.wav,link पर python tutorials देखें इस
/home/abdullahm/Shivam//blind_data/334157_201xLiqOYAgU2d7a_0095.wav,यह spoken tutorial project को सारांशित करता है
/home/abdullahm/Shivam//blind_data/785686_o9IGdBMefgqASRUb_0073.wav,है एक बार पूरा होने के बाद uploaded की हुई file केंद्र में दिखाई देगी अब
/home/abdullahm/Shivam//blind_data/954326_dI6sOoo6pFXFhJSN_0092.wav,देखते है किस तरह से original tutorial के video के साथ save की हुई audio merge कर सकते है
/home/abdullahm/Shivam//blind_data/715617_85MWWgmTkIhi4ZHP_0013.wav,ऐसा करने के लिए start menu के समीप स्थित search box पर जाएं about your pc type करें
/home/abdullahm/Shivam//blind_data/662689_mndbMoheJbWHzF8b_0085.wav,इस tutorial में हमने सीखा
/home/abdullahm/Shivam//blind_data/954326_dI6sOoo6pFXFhJSN_0022.wav,और मुझे audacity के इस्तेमाल से हिंदी में dub करना है मैने
/home/abdullahm/Shivam//blind_data/835472_QHretkXfg8wS2YKf_0075.wav,usb ports pen drive hard drive आदि को जोड़ने के लिए उपयोग किये जा सकते हैं यह lan cable
/home/abdullahm/Shivam//blind_data/443970_woduWyYl1wumm9Pt_0032.wav,हम जांचते हैं कि अगर username और password admin के बराबर हैं
/home/abdullahm/Shivam//blind_data/930904_pauf66fOYFtqaQ0c_0063.wav,पहला request है और दूसरा response object है
/home/abdullahm/Shivam//blind_data/785686_o9IGdBMefgqASRUb_0003.wav,files और folders upload करना इस
/home/abdullahm/Shivam//blind_data/452417_njTJ0H4xzGZHdznO_0060.wav,output sequence object की तरह dna sequence दिखाता है
/home/abdullahm/Shivam//blind_data/145704_5CY9t6duxwVCK5NI_0070.wav,ठीक है यहाँ आपके लिए
/home/abdullahm/Shivam//blind_data/272044_2BqsQz87kAjMhCxB_0005.wav,ubuntu version 12
/home/abdullahm/Shivam//blind_data/755386_f5DL5lLLcrAit2gw_0018.wav,= ma
/home/abdullahm/Shivam//blind_data/835472_QHretkXfg8wS2YKf_0068.wav,इसे दर्शाया power cable है
/home/abdullahm/Shivam//blind_data/731203_IfrROqMp8euBDI18_0064.wav,हमें get parameter प्रयोग करके request से username मिलता है
/home/abdullahm/Shivam//blind_data/785686_o9IGdBMefgqASRUb_0047.wav,से एक को मिटायें file चुनें और keyboard पर delete key दबाएं
/home/abdullahm/Shivam//blind_data/135893_9lNAZMRfDfuCN6XC_0072.wav,file का नाम बदलकर sequence . gb करें
/home/abdullahm/Shivam//blind_data/731203_IfrROqMp8euBDI18_0118.wav,book id 1 पर click करें और username में arya type करें
/home/abdullahm/Shivam//blind_data/785686_o9IGdBMefgqASRUb_0106.wav,google doc बहुत से लोगों के साथ share होता है तो revision history प्रत्येक user के द्वारा किये गए सारे बदलावों को सूचीबद्ध करेगा प्रत्येक user को एक अद्वितीय रंग
/home/abdullahm/Shivam//blind_data/846118_m7mB9BC8FPflJgLI_0094.wav,tutorial projects team spoken tutorial का उपयोग करके कार्यशालाएँ भी चलाती है
/home/abdullahm/Shivam//blind_data/785686_o9IGdBMefgqASRUb_0165.wav,दायें कोने पर share with others window में हम get shareable link text देख सकते हैं इस पर click करें ये
/home/abdullahm/Shivam//blind_data/145704_5CY9t6duxwVCK5NI_0061.wav,comments window को लाते है यहाँ चलिए categories की दूसरी row में आखरी icon पर click कर
/home/abdullahm/Shivam//blind_data/310356_u0sz1lTfmeW7wW5o_0085.wav,उदाहरण के लिए पाँचवे स्थान पर उपस्थित base को alanine से बदलने के लिए type करें dna 3 ( में 5 = to double ' में अक्षर a enter दबाएं
/home/abdullahm/Shivam//blind_data/452417_njTJ0H4xzGZHdznO_0092.wav,protin sequence आंतरिक stop codon
/home/abdullahm/Shivam//blind_data/981154_ph1l8Eyc0Sf6TsiC_0028.wav,वैकल्पिक रूप से आप page को bookmark कर
/home/abdullahm/Shivam//blind_data/329997_O89uJhZZDPErIcwv_0009.wav,भी अन्य website को देखकर खोजें आखिरकार search engine भी
/home/abdullahm/Shivam//blind_data/543096_UwcQJEuG2r7AD8vq_0056.wav,जब restart होता है तो default theme एक बार फिर दिखाई देती है
/home/abdullahm/Shivam//blind_data/954326_dI6sOoo6pFXFhJSN_0067.wav,मैं pwd type करके enter press करती हूँ यह हमारी present working directory बताता है enter press करे
/home/abdullahm/Shivam//blind_data/785686_o9IGdBMefgqASRUb_0113.wav,इसे खोलने के लिए एक बार फिर file पर double
/home/abdullahm/Shivam//blind_data/443970_woduWyYl1wumm9Pt_0053.wav,फिर हम पूरे result set को iterate करते हैं
/home/abdullahm/Shivam//blind_data/846118_m7mB9BC8FPflJgLI_0071.wav,addons भी नियमित रूप से update किये जाते हैं
/home/abdullahm/Shivam//blind_data/662689_mndbMoheJbWHzF8b_0019.wav,java web चुनें और projects से web application चुनें फिर next पर
/home/abdullahm/Shivam//blind_data/401356_C9yyvF8oQKRK8txb_0080.wav,a - b का परिणाम लिखें
/home/abdullahm/Shivam//blind_data/662689_mndbMoheJbWHzF8b_0098.wav,mhrd के ict के माध्यम से राष्ट्रीय साक्षरता mission द्वारा समर्थित है इस mission
/home/abdullahm/Shivam//blind_data/835472_QHretkXfg8wS2YKf_0035.wav,computer की visual display unit है यह computer की
/home/abdullahm/Shivam//blind_data/443970_woduWyYl1wumm9Pt_0096.wav,login page पर वापस आते हैं
/home/abdullahm/Shivam//blind_data/785686_o9IGdBMefgqASRUb_0140.wav,link भेजेगा एक बार फिर share button पर click करें
/home/abdullahm/Shivam//blind_data/361930_TKM4DsRGN2zuNS6M_0007.wav,पर click करेंगे windows उपयोगकर्ता को tools और options पर click करना
/home/abdullahm/Shivam//blind_data/662689_mndbMoheJbWHzF8b_0026.wav,context path में यहाँ my first project है यह हमारे project के समान ही है हम इसके बारे में विस्ता
/home/abdullahm/Shivam//blind_data/272044_2BqsQz87kAjMhCxB_0028.wav,फिर mysql jdbc driver पर click करें
/home/abdullahm/Shivam//blind_data/341424_s7qmM57nndNUBRi4_0165.wav,अब मैं भेजने वाले के gmail account पर वापस आती हूँ
/home/abdullahm/Shivam//blind_data/272044_2BqsQz87kAjMhCxB_0110.wav,हम get first name method को परिभाषित करते हैं
/home/abdullahm/Shivam//blind_data/145704_5CY9t6duxwVCK5NI_0012.wav,अगले उदाहरण पर जाने से पहले यहाँ एक रिक्त line insert करते हैं
/home/abdullahm/Shivam//blind_data/662689_mndbMoheJbWHzF8b_0058.wav,first project पर right click करें और फिर run पर click करें server सही चल
/home/abdullahm/Shivam//blind_data/272044_2BqsQz87kAjMhCxB_0184.wav,spoken tutorial project के बारे में अधिक जानने के लिए निम्न link पर उपलब्ध video देखें
/home/abdullahm/Shivam//blind_data/764823_MO16YTQW1VD8AudW_0052.wav,एक message के साथ pop up दिखता है
/home/abdullahm/Shivam//blind_data/543096_UwcQJEuG2r7AD8vq_0080.wav,बस इतना ही adblocker अब संस्थापित हो गया है
/home/abdullahm/Shivam//blind_data/764823_MO16YTQW1VD8AudW_0079.wav,और हमने कई उपलब्ध print विकल्पों के बारे में भी सीखा
/home/abdullahm/Shivam//blind_data/835472_QHretkXfg8wS2YKf_0067.wav,सिरे को power supply socket से जोड़ें यह cpu का
/home/abdullahm/Shivam//blind_data/715617_85MWWgmTkIhi4ZHP_0014.wav,about your pc चुनें
/home/abdullahm/Shivam//blind_data/662689_mndbMoheJbWHzF8b_0005.wav,now ubuntu
/home/abdullahm/Shivam//blind_data/715617_85MWWgmTkIhi4ZHP_0108.wav,इस tutorial में हमने virtual box में virtual machine
/home/abdullahm/Shivam//blind_data/910325_DPCsWwNZgf4mmvwU_0025.wav,यह signal के amplification के लिए schematic है
/home/abdullahm/Shivam//blind_data/755386_f5DL5lLLcrAit2gw_0026.wav,आस पास के वातावरण का तापमान है
/home/abdullahm/Shivam//blind_data/361930_TKM4DsRGN2zuNS6M_0059.wav,nection settings dialog box opens करता है यहाँ आप proxies configure
/home/abdullahm/Shivam//blind_data/935529_oMCmIa1P3IAPKGyX_0043.wav,एक बार फिर से canvas पर right click करें और properties चुनें
/home/abdullahm/Shivam//blind_data/334157_201xLiqOYAgU2d7a_0084.wav,यह सलाह दी जाती है कि box में दी गयी value से ज़्यादा ऊपर audio को amplify ना करें क्योंकि amplification यानी प्रवर्धन background की आवाज़ को भी
/home/abdullahm/Shivam//blind_data/954326_dI6sOoo6pFXFhJSN_0051.wav,अब ये एक file नेम के लिए पूछेगा मैं यह file नेम दे रही हूँ hindi_matrix operation अगला
/home/abdullahm/Shivam//blind_data/141425_wYQaKVNl7bh28u3u_0017.wav,workload कम करने में अब
/home/abdullahm/Shivam//blind_data/835472_QHretkXfg8wS2YKf_0119.wav,portable है और एक विद्युत स्रोत के बिना उपयोग किया जा सकता है इसको सारांशित
/home/abdullahm/Shivam//blind_data/172235_akeE0s3aKDyyCvEX_0065.wav,आप bio . blast package में उपलब्ध अन्य functions उपयोग करके आवश्यक जानकारी extract कर सकते हैं
/home/abdullahm/Shivam//blind_data/981154_ph1l8Eyc0Sf6TsiC_0077.wav,bookmarks को नाम से क्रमबद्ध करें
/home/abdullahm/Shivam//blind_data/846118_m7mB9BC8FPflJgLI_0057.wav,scrap book के बारे में अधिक जानने के लिए इसे चुनें और more पर click करें
/home/abdullahm/Shivam//blind_data/334157_201xLiqOYAgU2d7a_0076.wav,get noise profile पर click करें
/home/abdullahm/Shivam//blind_data/908920_LIkOEYXYEAz96aNv_0072.wav,संक्षेप में हमने निम्न विषय सीखे
/home/abdullahm/Shivam//blind_data/981154_ph1l8Eyc0Sf6TsiC_0049.wav,edit this bookmark dialog box में remove bookmark button पर click करें
/home/abdullahm/Shivam//blind_data/785686_o9IGdBMefgqASRUb_0129.wav,view विकल्प अन्य users को केवल देखने की अनुमति देता है
/home/abdullahm/Shivam//blind_data/835472_QHretkXfg8wS2YKf_0059.wav,cooling fan है यह cpu को
/home/abdullahm/Shivam//blind_data/755386_f5DL5lLLcrAit2gw_0048.wav,का इस्तेमाल करके math चिन्ह को integral के निचले दायें ओर रख देता है
/home/abdullahm/Shivam//blind_data/437963_SWMxcnx8okhoHB4s_0063.wav,अंत में i agree to the google terms and privacy policy check box पर click करें इसे tick करने के लिए
/home/abdullahm/Shivam//blind_data/512580_oT2CzZaFTPoHj47K_0086.wav,इसे सारांशित कर
/home/abdullahm/Shivam//blind_data/715617_85MWWgmTkIhi4ZHP_0035.wav,यदि base machine की system memory केवल 4 gb है तो virtual machine के लिए 2 gb आवंटित करें
/home/abdullahm/Shivam//blind_data/341424_s7qmM57nndNUBRi4_0056.wav,आप अपने आप इन विकल्पों का अन्वेषण कर सकते हैं
/home/abdullahm/Shivam//blind_data/910325_DPCsWwNZgf4mmvwU_0030.wav,हमने signal 2 चुना है अर्थात k 5 units है
/home/abdullahm/Shivam//blind_data/145704_5CY9t6duxwVCK5NI_0059.wav,elements window में और अधिक formatting उपलब्ध है
/home/abdullahm/Shivam//blind_data/543096_UwcQJEuG2r7AD8vq_0066.wav,संख्या में persona देखते हैं अपनी पसंद के किसी भी
/home/abdullahm/Shivam//blind_data/715617_85MWWgmTkIhi4ZHP_0111.wav,spoken tutorial projects team spoken tutorial का उपयोग करके कार्यशालाएं आयोजित करती है और प्रमाण पत्र देती है अधिक जानकारी के लिए कृपया हमें लिखिए कृ
/home/abdullahm/Shivam//blind_data/172235_akeE0s3aKDyyCvEX_0018.wav,हम terminal खोलेंगे और neuclotide sequence के लिए blast run करेंगे
/home/abdullahm/Shivam//blind_data/334157_201xLiqOYAgU2d7a_0069.wav,जो भाग धीरे से record किये गए हैं उनकी आवाज़ बढ़ाने के लिए वो audio चुनें effect > > amplify पर जाएँ
/home/abdullahm/Shivam//blind_data/315424_dFWh8NolvyRPEZIi_0058.wav,इस class को save करने के लिए menu bar में file मैन्यू पर जाएँ और save पर click करें
/home/abdullahm/Shivam//blind_data/272044_2BqsQz87kAjMhCxB_0089.wav,code के इस block को scriptlet कहते हैं
/home/abdullahm/Shivam//blind_data/755386_f5DL5lLLcrAit2gw_0049.wav,अतः इन तरीकों से math में integral formulae और equations लिख सकते हैं
/home/abdullahm/Shivam//blind_data/930904_pauf66fOYFtqaQ0c_0014.wav,servlets और jsp पर जाने से पूर्व हम पहले web browser को समझ lan
/home/abdullahm/Shivam//blind_data/755386_f5DL5lLLcrAit2gw_0073.wav,log 1024 to the base 2 को हल करिये अपने form
/home/abdullahm/Shivam//blind_data/512580_oT2CzZaFTPoHj47K_0011.wav,python version 2 . 7 . 8
/home/abdullahm/Shivam//blind_data/443970_woduWyYl1wumm9Pt_0109.wav,अतः हमें सम्बंधित user के लिए issued books की list मिलती है
/home/abdullahm/Shivam//blind_data/361930_TKM4DsRGN2zuNS6M_0039.wav,privacy panel में आपके web privacy संबंधित वरीयताएँ हैं
/home/abdullahm/Shivam//blind_data/145704_5CY9t6duxwVCK5NI_0074.wav,sin to the power of x + cos to the power of x = 1 elements window में functions वर्ग का इस्तेमाल करें
/home/abdullahm/Shivam//blind_data/785686_o9IGdBMefgqASRUb_0095.wav,rename document window खुलती है जहाँ
/home/abdullahm/Shivam//blind_data/141425_wYQaKVNl7bh28u3u_0068.wav,यह भारत सरकार के mhrd के ict के माध्यम से राष्ट्रीय साक्षरता mission द्वारा समर्थित है
/home/abdullahm/Shivam//blind_data/452417_njTJ0H4xzGZHdznO_0004.wav,इस tutorial के अनुसरण के लिए आपको निम्न के साथ परिचित होना चाहिए
/home/abdullahm/Shivam//blind_data/935529_oMCmIa1P3IAPKGyX_0080.wav,इसी तरह originy ellipse के केंद्र का ऊर्ध्वाधर निर्देशांक है
/home/abdullahm/Shivam//blind_data/764823_MO16YTQW1VD8AudW_0031.wav,और printing पर click करें
/home/abdullahm/Shivam//blind_data/981154_ph1l8Eyc0Sf6TsiC_0065.wav,पहले library window को screen के केंद्र में लाएँ
/home/abdullahm/Shivam//blind_data/618242_jN7JwubGvJhIkeYN_0063.wav,spoken tutorial project team spoken tutorial का उपयोग करके कार्यशालाएँ भी चलाते हैं
/home/abdullahm/Shivam//blind_data/848297_1Ex3WEqCQ7VGfqIn_0060.wav,मैं यहाँ से video के कुछ seconds को हटाना चाहती हूँ
/home/abdullahm/Shivam//blind_data/764823_MO16YTQW1VD8AudW_0068.wav,current page विकल्प केवल current यानि वर्तमान चुना हुआ page print करता है
/home/abdullahm/Shivam//blind_data/930904_pauf66fOYFtqaQ0c_0131.wav,यदि आपके पास अच्छी bandwidth नही है तो आप इसे download करके भी देख सकते हैं
/home/abdullahm/Shivam//blind_data/272044_2BqsQz87kAjMhCxB_0188.wav,spoken tutorials का उपयोग करके कार्यशालाएं
/home/abdullahm/Shivam//blind_data/309014_gqEOe0kgNRGLHZph_0031.wav,जिसे आप देखना चाहते हैं इसे url bar या address
/home/abdullahm/Shivam//blind_data/908920_LIkOEYXYEAz96aNv_0058.wav,quadratic formula है
/home/abdullahm/Shivam//blind_data/618242_jN7JwubGvJhIkeYN_0069.wav,देवेन्द्र कैरवान द्वारा अनुवादित है तथा i i t bombay की ओर से मैं रवि कुमार अब आपसे विदा लेता हूँ हमसे जुड़ने के लिए धन्यवाद
/home/abdullahm/Shivam//blind_data/329997_O89uJhZZDPErIcwv_0022.wav,search bar की बायीं तरफ search engine का चिह्न है जिसे परिणाम दर्शाने के लिए इस्तेमाल किया गया है
/home/abdullahm/Shivam//blind_data/715617_85MWWgmTkIhi4ZHP_0006.wav,net से जुड़े हुए हैं virtual box में एक os संस्थापित करने के लिए base machine में निम्नलिखित configuration होना चाहिए
/home/abdullahm/Shivam//blind_data/846118_m7mB9BC8FPflJgLI_0012.wav,उदाहरण के लिए आप extensions संस्थापित कर सक
/home/abdullahm/Shivam//blind_data/952555_b9A7hrD5hUYxzb1E_0123.wav,इस mission पर अधिक जानकारी spoken tutorial . org / nmeict intro पर उपलब्ध है
/home/abdullahm/Shivam//blind_data/954326_dI6sOoo6pFXFhJSN_0056.wav,साथ ही जहाँ save करना है वह स्थान भी दे फिर जिस format में save करना है उसे चुने
/home/abdullahm/Shivam//blind_data/731203_IfrROqMp8euBDI18_0077.wav,अतः अगर method 0 return करता है तो इसका मतलब user system में नहीं है
/home/abdullahm/Shivam//blind_data/315424_dFWh8NolvyRPEZIi_0147.wav,popup window बंद करें
/home/abdullahm/Shivam//blind_data/785686_o9IGdBMefgqASRUb_0056.wav,अंततः ऊपर my drive dropdown menu पर click करें आप
/home/abdullahm/Shivam//blind_data/715617_85MWWgmTkIhi4ZHP_0065.wav,यहां हम देख सकते हैं कि ubuntu linux load हो रहा है
/home/abdullahm/Shivam//blind_data/952555_b9A7hrD5hUYxzb1E_0119.wav,online test pass करने वालों को प्रमाणपत्र भी देते हैं
/home/abdullahm/Shivam//blind_data/437963_SWMxcnx8okhoHB4s_0096.wav,screen पर कुछ जानकरी यानी information boxes दिखाई देंगे
/home/abdullahm/Shivam//blind_data/341424_s7qmM57nndNUBRi4_0052.wav,default रूप से यह compose window में नीचे की ओर दिखता है
/home/abdullahm/Shivam//blind_data/401356_C9yyvF8oQKRK8txb_0020.wav,सबसे हम पहले union operation लिखते हैं
/home/abdullahm/Shivam//blind_data/315424_dFWh8NolvyRPEZIi_0118.wav,दाईं ओर नीचे modeling button पर click करें
/home/abdullahm/Shivam//blind_data/952555_b9A7hrD5hUYxzb1E_0076.wav,हम यह बाद के tutorial में ऐसा करेंगे
/home/abdullahm/Shivam//blind_data/334157_201xLiqOYAgU2d7a_0092.wav,पहले tutorial में record किये हुए audio को उपरोक्त दिए गए steps का प्रयोग करके edit करें
/home/abdullahm/Shivam//blind_data/731203_IfrROqMp8euBDI18_0033.wav,अतः menu selection is = to checkout book
/home/abdullahm/Shivam//blind_data/910325_DPCsWwNZgf4mmvwU_0017.wav,उदाहरण के लिए यह एक block connector के लिए घोषित है जो model real input signals हैं
/home/abdullahm/Shivam//blind_data/954326_dI6sOoo6pFXFhJSN_0002.wav,इसके लिए आपको केवल एक headset अथवा mike और speakers की आवश्यकता होगी जोकि computer से जोड़ा जा सके
/home/abdullahm/Shivam//blind_data/954326_dI6sOoo6pFXFhJSN_0099.wav,उन्हें browse करके input file को चुनना है output file का नाम देना है तथा गतिविधि को चुनना है
/home/abdullahm/Shivam//blind_data/141425_wYQaKVNl7bh28u3u_0028.wav,एक library कई members रखती है अथ
/home/abdullahm/Shivam//blind_data/341424_s7qmM57nndNUBRi4_0138.wav,अब हम अपना mail भेजने के लिए तैयार
/home/abdullahm/Shivam//blind_data/135893_9lNAZMRfDfuCN6XC_0067.wav,fasta format अक्षर निर्दिष्ट नहीं करता है
/home/abdullahm/Shivam//blind_data/848297_1Ex3WEqCQ7VGfqIn_0011.wav,project के लिए आवश्यक सारी video clips audio narration और music files जब import होती हैं तो collection panel पर दिखाई देंगी
/home/abdullahm/Shivam//blind_data/315424_dFWh8NolvyRPEZIi_0035.wav,freefall icon पर right click करें और view class चुनें
/home/abdullahm/Shivam//blind_data/731203_IfrROqMp8euBDI18_0052.wav,हम देखते हैं कि return date आज की date से एक सप्ताह आगे की है
/home/abdullahm/Shivam//blind_data/848297_1Ex3WEqCQ7VGfqIn_0027.wav,timeline के सबसे ऊपर छोटे नीले rectangle पर ध्यान दें यह framehead कहलाता है
/home/abdullahm/Shivam//blind_data/981154_ph1l8Eyc0Sf6TsiC_0069.wav,bookmarks menu खुलता हैं
/home/abdullahm/Shivam//blind_data/910325_DPCsWwNZgf4mmvwU_0043.wav,ध्यान दें कि sum signals के योग से mail खाता है जबकि product signals के amplification से mail खाता है
/home/abdullahm/Shivam//blind_data/930904_pauf66fOYFtqaQ0c_0052.wav,हम देख सकते हैं कि यहाँ सबसे ऊपर process request नामक एक और method है
/home/abdullahm/Shivam//blind_data/908920_LIkOEYXYEAz96aNv_0041.wav,quadratic formula इस्तेमाल कर सकते हैं यहाँ a x squared शब्द का गुणांक है b x का गुणांक है
/home/abdullahm/Shivam//blind_data/272044_2BqsQz87kAjMhCxB_0187.wav,spoken tutorial project team
/home/abdullahm/Shivam//blind_data/145704_5CY9t6duxwVCK5NI_0058.wav,और spacing बदलवों कों writer gray box में देखें
/home/abdullahm/Shivam//blind_data/954326_dI6sOoo6pFXFhJSN_0075.wav,ffmpeg output file के extension के प्रयोग से इस्तेमाल के लिए format तथा codec को तय करता है लेकीन
/home/abdullahm/Shivam//blind_data/341424_s7qmM57nndNUBRi4_0123.wav,प्रदर्शित url पर click करें जो आपको spoken tutorial websites के homepage पर ले जायेगा
/home/abdullahm/Shivam//blind_data/315424_dFWh8NolvyRPEZIi_0032.wav,आप file खोलने के लिए open model या library file का उपयोग भी कर सकते हैं जिसे मेरा cursor इंगित कर रहा है
/home/abdullahm/Shivam//blind_data/361930_TKM4DsRGN2zuNS6M_0025.wav,उसे चुनें save files to
/home/abdullahm/Shivam//blind_data/785686_o9IGdBMefgqASRUb_0122.wav,text box में हमें उन लोगों की email ids प्रविष्ट करनी हैं जिनके साथ हम यह document share करना चाहते हैं अतः
/home/abdullahm/Shivam//blind_data/930904_pauf66fOYFtqaQ0c_0128.wav,कृपया सुनिश्चित करें कि आपने आगे बढ़ने से पहले यह tutorial समाप्त कर लिया है
/home/abdullahm/Shivam//blind_data/135893_9lNAZMRfDfuCN6XC_0059.wav,यहाँ हम sequence fasta file की विषय वस्तु पढ़ने के लिए parse function उपयोग कर रहे हैं
/home/abdullahm/Shivam//blind_data/341424_s7qmM57nndNUBRi4_0019.wav,अतः पहले compose button पर click करते हैं
/home/abdullahm/Shivam//blind_data/172235_akeE0s3aKDyyCvEX_0035.wav,return करेगा terminal पर वापस
/home/abdullahm/Shivam//blind_data/512580_oT2CzZaFTPoHj47K_0061.wav,इसके बाद पूरी genome sequence आती है
/home/abdullahm/Shivam//blind_data/908920_LIkOEYXYEAz96aNv_0066.wav,यहाँ आपके लिए एक नियत कार्य है quadratic समीकरण को हल करने के बचे हुए
/home/abdullahm/Shivam//blind_data/512580_oT2CzZaFTPoHj47K_0021.wav,पहली step है sequence record object बनाना
/home/abdullahm/Shivam//blind_data/618242_jN7JwubGvJhIkeYN_0032.wav,अब file पर click करें और फिर save page
/home/abdullahm/Shivam//blind_data/930904_pauf66fOYFtqaQ0c_0005.wav,ubuntu version 12 . 04
/home/abdullahm/Shivam//blind_data/172235_akeE0s3aKDyyCvEX_0027.wav,दूसरा उस databases को निर्दिष्ट करना जिसके विरुद्द search करना है
/home/abdullahm/Shivam//blind_data/310356_u0sz1lTfmeW7wW5o_0099.wav,ना हमने यह भी सीखा कि len count और find functions को कैसे उपयोग करते हैं
/home/abdullahm/Shivam//blind_data/329997_O89uJhZZDPErIcwv_0052.wav,find पर browser window पर नीचे
/home/abdullahm/Shivam//blind_data/935529_oMCmIa1P3IAPKGyX_0115.wav,ellipse बनने के बाद mouse छोड दें
/home/abdullahm/Shivam//blind_data/172235_akeE0s3aKDyyCvEX_0079.wav,इस mission पर अधिक जानकारी दिखाए link पर उपलब्ध है i i t bombay से
/home/abdullahm/Shivam//blind_data/930904_pauf66fOYFtqaQ0c_0135.wav,अधिक जानकारी के लिए कृपया contact @ spoken tutorial . org पर लिखें
/home/abdullahm/Shivam//blind_data/835472_QHretkXfg8wS2YKf_0050.wav,computer में pendrives लगाने में उपयोग होते हैं और
/home/abdullahm/Shivam//blind_data/954326_dI6sOoo6pFXFhJSN_0110.wav,ict के माध्यम से राष्ट्रीय साक्षरता mission द्वारा इस काम के लिए निधिकरण आता है जोकि mhrd government of india द्वारा शुरू किया था
/home/abdullahm/Shivam//blind_data/785686_o9IGdBMefgqASRUb_0054.wav,दूसरा तरीका my drive विकल्प पर right click करना है आप
/home/abdullahm/Shivam//blind_data/135893_9lNAZMRfDfuCN6XC_0014.wav,एक web page खुलता है हम अब
/home/abdullahm/Shivam//blind_data/731203_IfrROqMp8euBDI18_0081.wav,अब हम book already issued method पर आते हैं
/home/abdullahm/Shivam//blind_data/731203_IfrROqMp8euBDI18_0166.wav,शालाएँ भी चलाती हैं online test pass करने वालो को प्रमाणपत्र भी देते हैं
/home/abdullahm/Shivam//blind_data/952555_b9A7hrD5hUYxzb1E_0124.wav,library management system अग्रणी software mnc के corporate social responsibility कार्यक्रम के अंतर्गत योगदान दिया गया है इस
/home/abdullahm/Shivam//blind_data/443970_woduWyYl1wumm9Pt_0072.wav,इसमें जानकारी है जैसे transaction id book id और username
/home/abdullahm/Shivam//blind_data/618242_jN7JwubGvJhIkeYN_0042.wav,को नियंत्रण करने की अनुमती प्रदान करता हैं windows में यह option
/home/abdullahm/Shivam//blind_data/309014_gqEOe0kgNRGLHZph_0030.wav,जगह से दुसरी जगह जाने में मदद करता है navigation bar एक बड़ा text box है जहाँ आप उस webpage का address type कर
/home/abdullahm/Shivam//blind_data/437963_SWMxcnx8okhoHB4s_0064.wav,एक बार form में सारी जानकारी भरे जाने के बाद हमें next step button पर click करना है
/home/abdullahm/Shivam//blind_data/618242_jN7JwubGvJhIkeYN_0030.wav,संबंधित wikipedia page पहला खोज परिणाम है
/home/abdullahm/Shivam//blind_data/543096_UwcQJEuG2r7AD8vq_0093.wav,nasa night launch theme संस्थापित
/home/abdullahm/Shivam//blind_data/908920_LIkOEYXYEAz96aNv_0011.wav,किन्तु elements window में हम यह characters नहीं पाएँगे
/home/abdullahm/Shivam//blind_data/618242_jN7JwubGvJhIkeYN_0024.wav,click करें और mouse button को छोड़े बिना इसे आवश्यक स्थान पर ले जाएँ अब
/home/abdullahm/Shivam//blind_data/310356_u0sz1lTfmeW7wW5o_0018.wav,ipython prompt screen पर दिखता है
/home/abdullahm/Shivam//blind_data/731203_IfrROqMp8euBDI18_0154.wav,अब browser पर वापस आते हैं login page पर वापस आते हैं
/home/abdullahm/Shivam//blind_data/930904_pauf66fOYFtqaQ0c_0088.wav,web container अपने आप से इसका पता लगता है
/home/abdullahm/Shivam//blind_data/141425_wYQaKVNl7bh28u3u_0054.wav,आप इसमें अधिक कार्यक्षमताओं को जोड़ने में भी सक्षम होंगे जैसे एक किताब को खोजने में इस श्रृंखला
/home/abdullahm/Shivam//blind_data/785686_o9IGdBMefgqASRUb_0043.wav,start पर click करते हैं यहाँ हमारी file है अब
/home/abdullahm/Shivam//blind_data/543096_UwcQJEuG2r7AD8vq_0078.wav,adblock + के लिए install button पर click करें
/home/abdullahm/Shivam//blind_data/846118_m7mB9BC8FPflJgLI_0041.wav,ध्यान दें कि
/home/abdullahm/Shivam//blind_data/437963_SWMxcnx8okhoHB4s_0003.wav,google account प्रयोग करके gmail login करना
/home/abdullahm/Shivam//blind_data/935529_oMCmIa1P3IAPKGyX_0132.wav,ellipse में निम्नलिखित field हैं जिनकी हमने पहले ही चर्चा की है
/home/abdullahm/Shivam//blind_data/512580_oT2CzZaFTPoHj47K_0089.wav,convert function उपयोग करके sequence file formats का रूपांतरण
/home/abdullahm/Shivam//blind_data/764823_MO16YTQW1VD8AudW_0013.wav,और कुछ में पीछे
/home/abdullahm/Shivam//blind_data/315424_dFWh8NolvyRPEZIi_0079.wav,v की प्रारंभिक value शून्य है इसकी unit meter per second है
/home/abdullahm/Shivam//blind_data/512580_oT2CzZaFTPoHj47K_0075.wav,हम genbank format में hiv genome से अलगअलग genes को भी extract कर सकते हैं
/home/abdullahm/Shivam//blind_data/662689_mndbMoheJbWHzF8b_0049.wav,web . xml web node के webinf folder में दिखता है आप अब
/home/abdullahm/Shivam//blind_data/846118_m7mB9BC8FPflJgLI_0092.wav,यह spoken tutorial project को सारांशित करता है
/home/abdullahm/Shivam//blind_data/512580_oT2CzZaFTPoHj47K_0018.wav,यह प्रदर्शित sequence insulin protein है
/home/abdullahm/Shivam//blind_data/437963_SWMxcnx8okhoHB4s_0128.wav,यहाँ भेजने वालों और प्राप्त करने वालों के email एड्रेस हैं
/home/abdullahm/Shivam//blind_data/755386_f5DL5lLLcrAit2gw_0021.wav,और equation जैसी screen पर है वैसे दिखेगी यहाँ diff
/home/abdullahm/Shivam//blind_data/145704_5CY9t6duxwVCK5NI_0024.wav,type करें 3 sqrt curly कोष्ठक में 16 = 4 new line enter press करें
/home/abdullahm/Shivam//blind_data/731203_IfrROqMp8euBDI18_0040.wav,हमारे पास उस user का username प्राप्त करने के लिए username field भी है जिसे book को checkout करना है
/home/abdullahm/Shivam//blind_data/437963_SWMxcnx8okhoHB4s_0074.wav,text message sms विकल्प चुनें सामान्यतः यह default रूप से चुना जायेगा
/home/abdullahm/Shivam//blind_data/954326_dI6sOoo6pFXFhJSN_0080.wav,ऐसा करने है लिए हम type करते है ffmpeg i functions . ogv an vcodec copy test1 . ogv
/home/abdullahm/Shivam//blind_data/272044_2BqsQz87kAjMhCxB_0148.wav,अब add add user पर click करें
/home/abdullahm/Shivam//blind_data/848297_1Ex3WEqCQ7VGfqIn_0085.wav,कभीकभी उस भाषा में जिसमें आप dubbing कर रहे हैं video की वास्तविक भाषा में कहे गए समान शब्दों को समझाने के लिए अधिक शब्दों की ज़रुरत हो सक
/home/abdullahm/Shivam//blind_data/135893_9lNAZMRfDfuCN6XC_0042.wav,के लिए check boxes पर दोबारा click करके पिछले चयन को clear करें अब
/home/abdullahm/Shivam//blind_data/512580_oT2CzZaFTPoHj47K_0025.wav,ctrl alt और t keys एकसाथ दबाकर terminal खोलें
/home/abdullahm/Shivam//blind_data/443970_woduWyYl1wumm9Pt_0016.wav,अब netbeans ide पर जाते हैं
/home/abdullahm/Shivam//blind_data/315424_dFWh8NolvyRPEZIi_0025.wav,tool bar में file operations graphical view और simulation से संबधित buttons हैं
/home/abdullahm/Shivam//blind_data/145704_5CY9t6duxwVCK5NI_0075.wav,पिछली slide से बढ़ते हुए लिखिए summation from 1 to n of
/home/abdullahm/Shivam//blind_data/785686_o9IGdBMefgqASRUb_0005.wav,इस tutorial के लिए आपको एक कार्यकारी internet connection और किसी भी web browser की ज़रुरत होगी
/home/abdullahm/Shivam//blind_data/662689_mndbMoheJbWHzF8b_0094.wav,का उपयोग करके कार्यशालाएं भी चलाती है online test pass करने
/home/abdullahm/Shivam//blind_data/930904_pauf66fOYFtqaQ0c_0134.wav,online test pass करने वालों को प्रमाणपत्र भी देते हैं
/home/abdullahm/Shivam//blind_data/272044_2BqsQz87kAjMhCxB_0169.wav,यह null के बराबर नहीं है तो हम एक error message जैसा हमने index . jsp के लिए किया था प्रदर्शित करते हैं
/home/abdullahm/Shivam//blind_data/512580_oT2CzZaFTPoHj47K_0026.wav,prompt पर type करें ipython enter दबाएं
/home/abdullahm/Shivam//blind_data/310356_u0sz1lTfmeW7wW5o_0108.wav,हम कार्यशालाएं आयोजित करते हैं
/home/abdullahm/Shivam//blind_data/361930_TKM4DsRGN2zuNS6M_0081.wav,भी चलाते हैं उनको प्रमाणपत्र भी देते हैं जो online test
/home/abdullahm/Shivam//blind_data/930904_pauf66fOYFtqaQ0c_0132.wav,spoken tutorial project team
/home/abdullahm/Shivam//blind_data/731203_IfrROqMp8euBDI18_0032.wav,हमने checkout या return book पर click किया
/home/abdullahm/Shivam//blind_data/512580_oT2CzZaFTPoHj47K_0044.wav,तीसरा लिखने के लिए file format है enter दबाएं
/home/abdullahm/Shivam//blind_data/835472_QHretkXfg8wS2YKf_0053.wav,computer के अन्य उपकरणों को cpu से जोड़ने में उपयोग होते हैं यह cables
/home/abdullahm/Shivam//blind_data/981154_ph1l8Eyc0Sf6TsiC_0057.wav,ध्यान दें कि g अक्षर से शुरू होने वाली websites की एक सूची दिखाई देती है यह
/home/abdullahm/Shivam//blind_data/952555_b9A7hrD5hUYxzb1E_0103.wav,post method प्रयोग होता है जब
/home/abdullahm/Shivam//blind_data/662689_mndbMoheJbWHzF8b_0001.wav,हम निम्न सीखेंगे java web project
/home/abdullahm/Shivam//blind_data/141425_wYQaKVNl7bh28u3u_0065.wav,online test pass करने वालों को प्रमाणपत्र भी देते हैं
/home/abdullahm/Shivam//blind_data/848297_1Ex3WEqCQ7VGfqIn_0024.wav,vista प्रयोग करने वाले कृपया ध्यान दें कि windows vista में चलाया गया windows movie maker video को छोटी clips में विभाजित नहीं करेगा
/home/abdullahm/Shivam//blind_data/785686_o9IGdBMefgqASRUb_0068.wav,click करें यह file browser window खोलेगा
/home/abdullahm/Shivam//blind_data/848297_1Ex3WEqCQ7VGfqIn_0022.wav,collection panel पर दिखने के क्रम में clips यहाँ timeline पर जोड़ी जाएँगी
/home/abdullahm/Shivam//blind_data/715617_85MWWgmTkIhi4ZHP_0103.wav,ubuntu 16 . 04 desktop में लाया गया है यह इंगित करता है की हमने सफलतापूर्वक संस्थापन पुरी की हैं
/home/abdullahm/Shivam//blind_data/135893_9lNAZMRfDfuCN6XC_0086.wav,type करें record . seq enter दबाएं output
/home/abdullahm/Shivam//blind_data/910325_DPCsWwNZgf4mmvwU_0033.wav,यह modelica . interfaces . block पैकेज में उपलब्ध है
/home/abdullahm/Shivam//blind_data/341424_s7qmM57nndNUBRi4_0168.wav,bcc feature इस प्रकार कार्य करता है
/home/abdullahm/Shivam//blind_data/908920_LIkOEYXYEAz96aNv_0016.wav,बड़े अक्षर का character लिखने के लिए character का नाम बड़े अक्षरों में लिखिए
/home/abdullahm/Shivam//blind_data/172235_akeE0s3aKDyyCvEX_0076.wav,spoken tutorial project team कार्यशालाएं चलाती है और online test pass करने वालों को प्रमाणपत्र देती है
/home/abdullahm/Shivam//blind_data/512580_oT2CzZaFTPoHj47K_0010.wav,इस tutorial को record करने के लिए मैं उपयोग कर रही हूँ ubuntu os version 14 . 10
/home/abdullahm/Shivam//blind_data/731203_IfrROqMp8euBDI18_0071.wav,हम फिर user exists variable में method की return की हुई value को संचित करते हैं
/home/abdullahm/Shivam//blind_data/764823_MO16YTQW1VD8AudW_0074.wav,अगर आपने अपना printer ठीक से configure यानि स्थापित कर लिया है तो आपका document print होना शुरू
/home/abdullahm/Shivam//blind_data/341424_s7qmM57nndNUBRi4_0001.wav,इस tutorial में हम निम्न के बारे में सीखेंगे
/home/abdullahm/Shivam//blind_data/618242_jN7JwubGvJhIkeYN_0014.wav,context menu में open link in new tab पर click करें
/home/abdullahm/Shivam//blind_data/954326_dI6sOoo6pFXFhJSN_0036.wav,देखिए के cursor में दोनों तरफ arrow है मैं इस time पर clip को लाती हूँ
/home/abdullahm/Shivam//blind_data/715617_85MWWgmTkIhi4ZHP_0003.wav,virtual box version 5 . 2 . 18
/home/abdullahm/Shivam//blind_data/272044_2BqsQz87kAjMhCxB_0137.wav,यहाँ हमने username पता लगा लिया है
/home/abdullahm/Shivam//blind_data/935529_oMCmIa1P3IAPKGyX_0024.wav,मैंने omedit में पहले ही bouncing ball with annotations खोला है
/home/abdullahm/Shivam//blind_data/543096_UwcQJEuG2r7AD8vq_0075.wav,एक​ add - on है tools और फिर add - ons पर click करें
/home/abdullahm/Shivam//blind_data/401356_C9yyvF8oQKRK8txb_0007.wav,और set operations type करें और दो बार enter दबाएं
/home/abdullahm/Shivam//blind_data/848297_1Ex3WEqCQ7VGfqIn_0042.wav,अब यहाँ यह button split button कहलाता है यह clip को मौजूदा स्थिति पर दो clips audio और video दोनों में विभाजित करता है
/home/abdullahm/Shivam//blind_data/272044_2BqsQz87kAjMhCxB_0052.wav,सफल login के लिए हम success greeting page प्रदर्शित करते हैं
/home/abdullahm/Shivam//blind_data/329997_O89uJhZZDPErIcwv_0007.wav,cell बनाता हैं चलिए कुछ
/home/abdullahm/Shivam//blind_data/135893_9lNAZMRfDfuCN6XC_0078.wav,तरह swissport और embl files उपरोक्त की तरह समान code उपयोग करके parse की जा सकती हैं यदि
/home/abdullahm/Shivam//blind_data/443970_woduWyYl1wumm9Pt_0110.wav,फिर success greeting . jsp में हम list प्रदर्शित करेंगे
/home/abdullahm/Shivam//blind_data/361930_TKM4DsRGN2zuNS6M_0066.wav,options dialog box को बंद करने के लिए close button पर click करें आपकी settings स्वतः ही save
/home/abdullahm/Shivam//blind_data/846118_m7mB9BC8FPflJgLI_0077.wav,और अपने computer से extension को निकालने के लिए remove पर click करें
/home/abdullahm/Shivam//blind_data/543096_UwcQJEuG2r7AD8vq_0077.wav,विज्ञापन blocking software की एक सूची प्रदर्शित होती
/home/abdullahm/Shivam//blind_data/930904_pauf66fOYFtqaQ0c_0123.wav,इसको सारांशित करते हैं
/home/abdullahm/Shivam//blind_data/309014_gqEOe0kgNRGLHZph_0076.wav,हम इस tutorial के अंत मे आ चुके हैं इस tutorial में हमने firefox interface और toolbars के बारे में सीखा
/home/abdullahm/Shivam//blind_data/135893_9lNAZMRfDfuCN6XC_0017.wav,page मनुष्य के insulin gene की अनेक files दिखाता है
/home/abdullahm/Shivam//blind_data/935529_oMCmIa1P3IAPKGyX_0112.wav,extent 2 y को 0 unit में परिवर्तित करें ok पर click करें
/home/abdullahm/Shivam//blind_data/315424_dFWh8NolvyRPEZIi_0155.wav,इसी के साथ हम tutorial के अंत में आते हैं
/home/abdullahm/Shivam//blind_data/662689_mndbMoheJbWHzF8b_0023.wav,और project folder को ऐसा ही छोड़ दें फिर next पर click
/home/abdullahm/Shivam//blind_data/329997_O89uJhZZDPErIcwv_0062.wav,देख सकते हैं कि जिस शब्द को हम लिख रहें हैं उसको mozilla firefox स्वचालित रूप से
/home/abdullahm/Shivam//blind_data/172235_akeE0s3aKDyyCvEX_0063.wav,output देखें
/home/abdullahm/Shivam//blind_data/952555_b9A7hrD5hUYxzb1E_0046.wav,अब हम देखेंगे कि servlet controller की तरह क्या करता है
/home/abdullahm/Shivam//blind_data/835472_QHretkXfg8wS2YKf_0097.wav,computer के पास कितनी memory है के बारे में जानकारी और
/home/abdullahm/Shivam//blind_data/272044_2BqsQz87kAjMhCxB_0120.wav,अब देखते हैं यह कैसे हुआ और
/home/abdullahm/Shivam//blind_data/272044_2BqsQz87kAjMhCxB_0044.wav,फिर हम prepare statement method को connection object पर निष्पादित करते हैं
/home/abdullahm/Shivam//blind_data/401356_C9yyvF8oQKRK8txb_0060.wav,अब पिछले दो की तरह ही तीसरा math object प्रस्तुत करते हैं
/home/abdullahm/Shivam//blind_data/731203_IfrROqMp8euBDI18_0011.wav,इस tutorial के अनुसरण के लिए आपको ज्ञान होना चाहिए
/home/abdullahm/Shivam//blind_data/272044_2BqsQz87kAjMhCxB_0015.wav,अब netbeans ide पर जाते हैं
/home/abdullahm/Shivam//blind_data/141425_wYQaKVNl7bh28u3u_0021.wav,अब मैं my first project नामक project को run करता हूँ
/home/abdullahm/Shivam//blind_data/329997_O89uJhZZDPErIcwv_0045.wav,एक नई browser tab खुलती है
/home/abdullahm/Shivam//blind_data/910325_DPCsWwNZgf4mmvwU_0087.wav,text view पर जाएँ
/home/abdullahm/Shivam//blind_data/731203_IfrROqMp8euBDI18_0103.wav,हम देखेंगे कि हम insertintocheckout में क्या करते हैं
/home/abdullahm/Shivam//blind_data/785686_o9IGdBMefgqASRUb_0039.wav,अतः यहाँ हम pdf और zip files देख सकते हैं क्योंकि हमने यह पहले ही खोल लिया था साथ
/home/abdullahm/Shivam//blind_data/437963_SWMxcnx8okhoHB4s_0042.wav,अपनी पसंद का एक उचित password type करें सिर्फ
/home/abdullahm/Shivam//blind_data/145704_5CY9t6duxwVCK5NI_0053.wav,चलिए spacing बदलते हैं line spacing और root spacing दोनों को 20
/home/abdullahm/Shivam//blind_data/543096_UwcQJEuG2r7AD8vq_0106.wav,सिद्धेश द्वारा अनुवादित है i i t मुम्बई की ओर से मैं रवि कुमार अब आपसे विदा लेता हूँ
/home/abdullahm/Shivam//blind_data/910325_DPCsWwNZgf4mmvwU_0099.wav,इसी के साथ हम tutorial के अंत में आ गए हैं
/home/abdullahm/Shivam//blind_data/935529_oMCmIa1P3IAPKGyX_0102.wav,line color तीन संख्या लेता है जो कि border के रंग को परिभाषित करता है
/home/abdullahm/Shivam//blind_data/755386_f5DL5lLLcrAit2gw_0045.wav,उसी प्रकार से हम आयतफलकी का घनफल हल करने के लिए तिहरा integral इस्तेमाल कर सकते हैं और
/home/abdullahm/Shivam//blind_data/981154_ph1l8Eyc0Sf6TsiC_0009.wav,खोलने के लिए इस पर click करें आपको
/home/abdullahm/Shivam//blind_data/315424_dFWh8NolvyRPEZIi_0063.wav,modelica में प्रोग्राम्स classes के रूप में व्यवस्थित किए गए हैं
/home/abdullahm/Shivam//blind_data/835472_QHretkXfg8wS2YKf_0018.wav,unit operations जैसें
/home/abdullahm/Shivam//blind_data/443970_woduWyYl1wumm9Pt_0043.wav,अब admin section . jsp पर आते हैं
/home/abdullahm/Shivam//blind_data/846118_m7mB9BC8FPflJgLI_0004.wav,default रूप से yahoo home page खुलता है extension
/home/abdullahm/Shivam//blind_data/835472_QHretkXfg8wS2YKf_0070.wav,power supply socket से जोड़ें आगे द
/home/abdullahm/Shivam//blind_data/981154_ph1l8Eyc0Sf6TsiC_0060.wav,menu bar से bookmarks पर click करें और show all bookmarks चुनें
/home/abdullahm/Shivam//blind_data/835472_QHretkXfg8wS2YKf_0013.wav,organization यानि मूलभूत रचना इस block diagram में दर्शायी गयी है
/home/abdullahm/Shivam//blind_data/272044_2BqsQz87kAjMhCxB_0136.wav,फिर हमारे पास यहाँ success message है
/home/abdullahm/Shivam//blind_data/172235_akeE0s3aKDyyCvEX_0032.wav,qblast function अन्य कई विकल्प arguments भी लेता है
/home/abdullahm/Shivam//blind_data/785686_o9IGdBMefgqASRUb_0139.wav,यह अन्य users को हमारे message के साथ एक email notification और share किये हुए document का link भेजेगा
/home/abdullahm/Shivam//blind_data/910325_DPCsWwNZgf4mmvwU_0024.wav,signal 2 को 2 times t squared lan
/home/abdullahm/Shivam//blind_data/145704_5CY9t6duxwVCK5NI_0049.wav,कर सकते हैं उन सारे font size बदलावों को undo करने के लिए जिन्हें हमने किये हैं
/home/abdullahm/Shivam//blind_data/662689_mndbMoheJbWHzF8b_0045.wav,standard deployment descriptor web . xml चुनें फिर next पर click
/home/abdullahm/Shivam//blind_data/930904_pauf66fOYFtqaQ0c_0001.wav,इस tutorial में हम निम्न के बारे में सीखेंगे
/home/abdullahm/Shivam//blind_data/930904_pauf66fOYFtqaQ0c_0120.wav,url में my first project / के बाद type करें welcome . jsp
/home/abdullahm/Shivam//blind_data/835472_QHretkXfg8wS2YKf_0022.wav,आगे और पीछे बहुत से ports होते हैं हम थोडी देर में
/home/abdullahm/Shivam//blind_data/310356_u0sz1lTfmeW7wW5o_0012.wav,python version 2 . 7 . 8
/home/abdullahm/Shivam//blind_data/935529_oMCmIa1P3IAPKGyX_0083.wav,इसी तरह extent 2 x और extent 2 y ellipse पर सबसे दाएँ और सबसे नीचे बिंदु के अनुरूप है
/home/abdullahm/Shivam//blind_data/952555_b9A7hrD5hUYxzb1E_0085.wav,अब index . jsp खोलें
/home/abdullahm/Shivam//blind_data/437963_SWMxcnx8okhoHB4s_0006.wav,एक email देखना
/home/abdullahm/Shivam//blind_data/908920_LIkOEYXYEAz96aNv_0019.wav,करें symbol set में greek चुनें
/home/abdullahm/Shivam//blind_data/731203_IfrROqMp8euBDI18_0016.wav,यहाँ इस tutorial में हमने admin section में अधिक functionality जोड़ी है
/home/abdullahm/Shivam//blind_data/662689_mndbMoheJbWHzF8b_0086.wav,web project बनाना web project को नि
/home/abdullahm/Shivam//blind_data/543096_UwcQJEuG2r7AD8vq_0099.wav,हैं spoken tutorial project team spoken tutorial का उपयोग
/home/abdullahm/Shivam//blind_data/334157_201xLiqOYAgU2d7a_0078.wav,अब इस पर कहीं भी click करके पूरे audio track को चुनें
/home/abdullahm/Shivam//blind_data/935529_oMCmIa1P3IAPKGyX_0067.wav,इसलिए icon annotation में कोई भी बदलाव icon view और इसके विपरीत में एक समान परिवर्तन होता है
/home/abdullahm/Shivam//blind_data/731203_IfrROqMp8euBDI18_0098.wav,हमें यह books table से मिलता है
/home/abdullahm/Shivam//blind_data/755386_f5DL5lLLcrAit2gw_0069.wav,अगला double integral निम्न प्रकार से लिखिए
/home/abdullahm/Shivam//blind_data/334157_201xLiqOYAgU2d7a_0099.wav,अधिक जानकारी के लिए कृपया contact @ spoken tutorial . org पर लिखें
/home/abdullahm/Shivam//blind_data/341424_s7qmM57nndNUBRi4_0041.wav,अब अपने gmail compose window पर वापस जाते हैं
/home/abdullahm/Shivam//blind_data/954326_dI6sOoo6pFXFhJSN_0039.wav,अगले वाक्य के नरेशन को शुरू करने के लिए timeline के किसी भी एक channel पर click करें
/home/abdullahm/Shivam//blind_data/954326_dI6sOoo6pFXFhJSN_0000.wav,नमस्कार दोस्तों इस मौखिक tutorial में आपका स्वागत है
/home/abdullahm/Shivam//blind_data/401356_C9yyvF8oQKRK8txb_0005.wav,इसके लिए सबसे पहले अपना उदाहरण writer document जो हमने अपने पिछले tutorials में बनाया था खोलें mathexample1 . odt
/home/abdullahm/Shivam//blind_data/315424_dFWh8NolvyRPEZIi_0009.wav,ball के वेग को वैरिएबल v द्वारा दर्शाया गया है
/home/abdullahm/Shivam//blind_data/172235_akeE0s3aKDyyCvEX_0043.wav,xml file को save करने के लिए निम्न लाइनें type करें
/home/abdullahm/Shivam//blind_data/835472_QHretkXfg8wS2YKf_0115.wav,jacks mic और headphones के icons में आसानी से पहचानने योग्य हैं ये है laptop
/home/abdullahm/Shivam//blind_data/731203_IfrROqMp8euBDI18_0100.wav,हम जांचते हैं कि यदि available copies 0 से > हैं और book issued 0 के = हैं हम
/home/abdullahm/Shivam//blind_data/310356_u0sz1lTfmeW7wW5o_0081.wav,हुआ है ऐसा करने के लिए type करें dna 3 = dna 2 . 2 mutable ( खोलें और बंद करें enter दबाएं
/home/abdullahm/Shivam//blind_data/145704_5CY9t6duxwVCK5NI_0014.wav,type करते हैं some more example formulae newline
/home/abdullahm/Shivam//blind_data/135893_9lNAZMRfDfuCN6XC_0100.wav,निम्न link पर उपलब्ध video spoken tutorial project को सारांशित करता है
/home/abdullahm/Shivam//blind_data/309014_gqEOe0kgNRGLHZph_0060.wav,जाने के लिए google link को चुनें देखा
/home/abdullahm/Shivam//blind_data/437963_SWMxcnx8okhoHB4s_0035.wav,someone already has that user name try another
/home/abdullahm/Shivam//blind_data/401356_C9yyvF8oQKRK8txb_0015.wav,b
/home/abdullahm/Shivam//blind_data/145704_5CY9t6duxwVCK5NI_0023.wav,अब लिखते हैं square root of 16 = 4
/home/abdullahm/Shivam//blind_data/315424_dFWh8NolvyRPEZIi_0145.wav,इस class को simulate करने के लिए simulate button पर click करें
/home/abdullahm/Shivam//blind_data/715617_85MWWgmTkIhi4ZHP_0112.wav,कृपया समय के साथ अपने प्रश्नों को इस forum में post करें
/home/abdullahm/Shivam//blind_data/764823_MO16YTQW1VD8AudW_0069.wav,pages विकल्प हमारे विशेष विवरण के आधार पर page print करता है उदाहरण 3 से 4
/home/abdullahm/Shivam//blind_data/452417_njTJ0H4xzGZHdznO_0009.wav,104 python version 2 . 7
/home/abdullahm/Shivam//blind_data/981154_ph1l8Eyc0Sf6TsiC_0050.wav,menu bar से bookmarks
/home/abdullahm/Shivam//blind_data/835472_QHretkXfg8wS2YKf_0044.wav,keyboard के आलावा computer से interact करने का एक वैकल्पिक रूप है आप cpu के
/home/abdullahm/Shivam//blind_data/443970_woduWyYl1wumm9Pt_0010.wav,firefox web browser 21 . 0 आप अपनी
/home/abdullahm/Shivam//blind_data/715617_85MWWgmTkIhi4ZHP_0009.wav,disk free space 50 gb या अधिक और
/home/abdullahm/Shivam//blind_data/341424_s7qmM57nndNUBRi4_0119.wav,अब content क्षेत्र में आप spoken tutorial text देख सकते हैं और यह hyperlink हो गया है
/home/abdullahm/Shivam//blind_data/981154_ph1l8Eyc0Sf6TsiC_0052.wav,bookmarks menu मे अब google bookmark दिखाई नही देता
/home/abdullahm/Shivam//blind_data/341424_s7qmM57nndNUBRi4_0040.wav,"प्रत्येक mail id space या , या : से अलग किया जाना है"
/home/abdullahm/Shivam//blind_data/935529_oMCmIa1P3IAPKGyX_0082.wav,extent 1 y ellipse पर सबसे शीर्ष बिंदु का ऊर्ध्वाधर निर्देशांक है
/home/abdullahm/Shivam//blind_data/930904_pauf66fOYFtqaQ0c_0044.wav,हम glassfish को अपने server की तरह उपयोग कर सकते हैं
/home/abdullahm/Shivam//blind_data/954326_dI6sOoo6pFXFhJSN_0018.wav,हम इनमें से कुछ के बारे में सिखेंगे main menu में आप vcr controls देख सकते है pause play stop rewind forward record
/home/abdullahm/Shivam//blind_data/910325_DPCsWwNZgf4mmvwU_0067.wav,आप इसका modelica library में दिखाए गए path का उपयोग करके पता लगा सकते हैं
/home/abdullahm/Shivam//blind_data/930904_pauf66fOYFtqaQ0c_0036.wav,हम इसे my servlet path से बदल सकते हैं
/home/abdullahm/Shivam//blind_data/785686_o9IGdBMefgqASRUb_0169.wav,इसके साथ हम इस tutorial के अंत में आ गए हैं
/home/abdullahm/Shivam//blind_data/401356_C9yyvF8oQKRK8txb_0042.wav,और इसके साथ right में parentheses में number1 है
/home/abdullahm/Shivam//blind_data/662689_mndbMoheJbWHzF8b_0038.wav,को map करने के लिए यह deployment descriptor का उपयोग करता है यह url को code दे
/home/abdullahm/Shivam//blind_data/272044_2BqsQz87kAjMhCxB_0195.wav,spoken tutorial के लिए उन्होंने इस विषय वस्तु की पुष्टि भी की है मै ये
/home/abdullahm/Shivam//blind_data/329997_O89uJhZZDPErIcwv_0060.wav,लिखने की आवश्यकता नहीं है इसको कोशिश करें
/home/abdullahm/Shivam//blind_data/341424_s7qmM57nndNUBRi4_0030.wav,यहाँ एक screenshot है
/home/abdullahm/Shivam//blind_data/785686_o9IGdBMefgqASRUb_0084.wav,क्या drive में उन्हें बनाना और व्यवस्थित करना
/home/abdullahm/Shivam//blind_data/848297_1Ex3WEqCQ7VGfqIn_0017.wav,इस पर click करें आप main menu में file पर click कर सकते हैं और सबविकल्प import into collections चुनें
/home/abdullahm/Shivam//blind_data/543096_UwcQJEuG2r7AD8vq_0001.wav,rial में हम in बारे में सीखेंगेः mozilla firefox में themes personas ad blocking mozilla firefox
/home/abdullahm/Shivam//blind_data/437963_SWMxcnx8okhoHB4s_0084.wav,यहाँ create your profile नामक एक button भी है
/home/abdullahm/Shivam//blind_data/272044_2BqsQz87kAjMhCxB_0034.wav,हम success greeting page देख सकते हैं log out
/home/abdullahm/Shivam//blind_data/835472_QHretkXfg8wS2YKf_0108.wav,भी desktop computer की तरह समान भाग रखता है जिसमे सम्मिलित होते हैं एक डिस
/home/abdullahm/Shivam//blind_data/935529_oMCmIa1P3IAPKGyX_0107.wav,line thickness border की मोटाई को दर्शाता है
/home/abdullahm/Shivam//blind_data/272044_2BqsQz87kAjMhCxB_0003.wav,करना fields को validate करना
/home/abdullahm/Shivam//blind_data/272044_2BqsQz87kAjMhCxB_0001.wav,tutorial में निम्न के बारे में सीखेंगे
/home/abdullahm/Shivam//blind_data/846118_m7mB9BC8FPflJgLI_0051.wav,में extensions option का उपयोग करके आप extensions का
/home/abdullahm/Shivam//blind_data/172235_akeE0s3aKDyyCvEX_0068.wav,इस tutorial में हमने सीखा gi number उपयोग करके query nucleotide sequence के लिए blast function run करना
/home/abdullahm/Shivam//blind_data/315424_dFWh8NolvyRPEZIi_0085.wav,comments program के बारे में उपयोगी जानकारी प्रदान करता है वे documentation के लिए भी उपयोगी होते हैं
/home/abdullahm/Shivam//blind_data/145704_5CY9t6duxwVCK5NI_0084.wav,इस mission पर अधिक जानकारी के लिए उपलब्ध link पर संपर्क करें
/home/abdullahm/Shivam//blind_data/141425_wYQaKVNl7bh28u3u_0007.wav,यदि नहीं तो सम्बंधित tutorials के लिए कृपया हमारी website पर जाएँ
/home/abdullahm/Shivam//blind_data/848297_1Ex3WEqCQ7VGfqIn_0019.wav,है मैं यह video चुनूँगी और import button पर click करुँगी चुना हुआ video collection panel पर import किया जाता है अगर video
/home/abdullahm/Shivam//blind_data/785686_o9IGdBMefgqASRUb_0118.wav,revision पर click करें और समझें कि यह विशेषता कैसे कार्य करती है अब
/home/abdullahm/Shivam//blind_data/755386_f5DL5lLLcrAit2gw_0039.wav,को दर्शाने के लिए हमने mark up int का इस्तेमाल किया है limts a
/home/abdullahm/Shivam//blind_data/954326_dI6sOoo6pFXFhJSN_0014.wav,बदलें कृपया इस गतिविधि पर पर्याप्त समय बिताए
/home/abdullahm/Shivam//blind_data/715617_85MWWgmTkIhi4ZHP_0099.wav,ubuntu is loading message प्रदर्शित होता है यह हमें installation माध्यम को हटाने के लिए enter दबाने के लिए कहेगा
/home/abdullahm/Shivam//blind_data/935529_oMCmIa1P3IAPKGyX_0003.wav,इस tutorial को record करने के लिए मैं उपयोग कर रही हूँ open modelica version 1 . 9 . 2
/home/abdullahm/Shivam//blind_data/954326_dI6sOoo6pFXFhJSN_0034.wav,clip को track पर slide करे याने ले आए उस वाक्य के timing को मैच करने के लिए जो हमने पहले note किया था
/home/abdullahm/Shivam//blind_data/329997_O89uJhZZDPErIcwv_0055.wav,next पर click करने से शब्द के अगले उदाहरण पर ध्यान केंद्रित होगा
/home/abdullahm/Shivam//blind_data/315424_dFWh8NolvyRPEZIi_0036.wav,class अब diagram में खुल गया है
/home/abdullahm/Shivam//blind_data/908920_LIkOEYXYEAz96aNv_0047.wav,चलिए बेहतर प्रत्यक्षता के लिए खाली लाइनों को डालते हैं इसलिए दो newlines डालते हैं
/home/abdullahm/Shivam//blind_data/952555_b9A7hrD5hUYxzb1E_0005.wav,doget और dopost methods के बीच अंतर यहां मैं
/home/abdullahm/Shivam//blind_data/341424_s7qmM57nndNUBRi4_0118.wav,और ok button पर click करें
/home/abdullahm/Shivam//blind_data/835472_QHretkXfg8wS2YKf_0074.wav,से आप usb keyboard और mouse को भी usb ports से जोड़ सकते हैं bakey के
/home/abdullahm/Shivam//blind_data/341424_s7qmM57nndNUBRi4_0026.wav,अगर हमें वही email एक से अधिक लोगों को भेजना है तो केवल to क्षेत्र में email ids को जोड़ें
/home/abdullahm/Shivam//blind_data/908920_LIkOEYXYEAz96aNv_0045.wav,से maths लाते हैं format editor window में निम्न प्रकार
/home/abdullahm/Shivam//blind_data/135893_9lNAZMRfDfuCN6XC_0091.wav,अब इसे सारांशित करते हैं
/home/abdullahm/Shivam//blind_data/785686_o9IGdBMefgqASRUb_0135.wav,हमें add a note text क्षेत्र मिलता है
/home/abdullahm/Shivam//blind_data/952555_b9A7hrD5hUYxzb1E_0036.wav,url pattern greeting servlet path होना चाहिए
/home/abdullahm/Shivam//blind_data/930904_pauf66fOYFtqaQ0c_0068.wav,ध्यान दें कि printwriter class पहले से ही import की हुई है
/home/abdullahm/Shivam//blind_data/452417_njTJ0H4xzGZHdznO_0094.wav,check करें आपका पूर्ण नियत कार्य निम्न code रखना चाहिए
/home/abdullahm/Shivam//blind_data/272044_2BqsQz87kAjMhCxB_0048.wav,question mark की जगह values देने के लिए हम set string method को निष्पादित करते हैं
/home/abdullahm/Shivam//blind_data/930904_pauf66fOYFtqaQ0c_0085.wav,उदाहरण स्वरुप welcome को h3 tag में रखें
/home/abdullahm/Shivam//blind_data/329997_O89uJhZZDPErIcwv_0040.wav,search bar के अंदर search engine पर click करिये
/home/abdullahm/Shivam//blind_data/361930_TKM4DsRGN2zuNS6M_0055.wav,links होती है इसमें firefox की गतिविधि पर नियंत्रण के लिए browsing और system default settings होती हैं
/home/abdullahm/Shivam//blind_data/715617_85MWWgmTkIhi4ZHP_0018.wav,32 bit के लिए ubuntu - 16 . 04 . 5 - desktop - i 386 . iso होगा
/home/abdullahm/Shivam//blind_data/910325_DPCsWwNZgf4mmvwU_0050.wav,ध्यान दें कि package में blocks का नाम sum product और main class है
/home/abdullahm/Shivam//blind_data/272044_2BqsQz87kAjMhCxB_0173.wav,पहली field text की तरह input type का first name है first name की तरह name और user . get first name की तरह value
/home/abdullahm/Shivam//blind_data/443970_woduWyYl1wumm9Pt_0028.wav,हम देख सकते हैं कि हम admin section page पर आ गए हैं
/home/abdullahm/Shivam//blind_data/543096_UwcQJEuG2r7AD8vq_0060.wav,लोकप्रिय और यहां तक कि आप
/home/abdullahm/Shivam//blind_data/954326_dI6sOoo6pFXFhJSN_0001.wav,हम देखेंगे के linux operating system में किस तरह से एक भाषा से दूसरी भाषा में dub करे
/home/abdullahm/Shivam//blind_data/715617_85MWWgmTkIhi4ZHP_0042.wav,अगले page storage on physical hard disk में हमें यह तय करना होगा कि हमारे hard disk storage को कैसे होना चाहिए यहाँ दो options हैं
/home/abdullahm/Shivam//blind_data/329997_O89uJhZZDPErIcwv_0000.wav,mozilla firefox के search और autocomplete विशेषताओं पर spoken tutorial में आप
/home/abdullahm/Shivam//blind_data/908920_LIkOEYXYEAz96aNv_0074.wav,और pie कोष्ठकों का इस्तेमाल करना quadratic equation को हल करने की प्रक्रिया को लिख
/home/abdullahm/Shivam//blind_data/543096_UwcQJEuG2r7AD8vq_0057.wav,addons tab बंद करें
/home/abdullahm/Shivam//blind_data/935529_oMCmIa1P3IAPKGyX_0103.wav,इनमें से प्रत्येक संख्या 0 और 255 के बीच value ले सकता है
/home/abdullahm/Shivam//blind_data/310356_u0sz1lTfmeW7wW5o_0036.wav,sequence objects आम तौर पर सामान्य python strings की तरह कार्य करते हैं
/home/abdullahm/Shivam//blind_data/135893_9lNAZMRfDfuCN6XC_0075.wav,output प्राप्त करने के लिए दो बार enter key दबाएं यह
/home/abdullahm/Shivam//blind_data/952555_b9A7hrD5hUYxzb1E_0063.wav,clean and build पर click करें
/home/abdullahm/Shivam//blind_data/618242_jN7JwubGvJhIkeYN_0005.wav,समाप्त कर देता है और इसलिए यह आपके desktop को अनावश्यक
/home/abdullahm/Shivam//blind_data/952555_b9A7hrD5hUYxzb1E_0022.wav,अब index . jsp page पर जाते हैं जो हमने पहले ही संशोधित कर लिया था
/home/abdullahm/Shivam//blind_data/145704_5CY9t6duxwVCK5NI_0029.wav,writer area में integral चिन्ह को देखें
/home/abdullahm/Shivam//blind_data/755386_f5DL5lLLcrAit2gw_0072.wav,करते हुए log x to the power of p to the base b = p into log x to the base b
/home/abdullahm/Shivam//blind_data/935529_oMCmIa1P3IAPKGyX_0121.wav,diagram annotation इसके syntax में icon annotation के समान है
/home/abdullahm/Shivam//blind_data/908920_LIkOEYXYEAz96aNv_0044.wav,है इसका mark up लिखते हैं सबसे पहले हम insert object formula menu
/home/abdullahm/Shivam//blind_data/910325_DPCsWwNZgf4mmvwU_0034.wav,इस block u के लिए input एक vector है क्योंकि यह input के रूप में कई signal स्वीकार कर सकता है
/home/abdullahm/Shivam//blind_data/141425_wYQaKVNl7bh28u3u_0049.wav,ध्यान दें हमारे पास एक नए user को register करने के लिए एक विकल्प भी है
/home/abdullahm/Shivam//blind_data/846118_m7mB9BC8FPflJgLI_0000.wav,mozilla firefox के extension tutorial पर spoken tutorial में आपका स्वागत है
/home/abdullahm/Shivam//blind_data/935529_oMCmIa1P3IAPKGyX_0023.wav,कृपया इस model के बारे में अधिक जानकारी के लिए पूर्वापेक्षा tutorial देखें
/home/abdullahm/Shivam//blind_data/930904_pauf66fOYFtqaQ0c_0069.wav,doget method के अंदर type करें printwriter space writer = to response . get writer ( खोलें और बंद करें ;
/home/abdullahm/Shivam//blind_data/846118_m7mB9BC8FPflJgLI_0005.wav,extensions या addon क्या हैं ex
/home/abdullahm/Shivam//blind_data/981154_ph1l8Eyc0Sf6TsiC_0019.wav,bookmarks menu चुनें और new folder पर click करें
/home/abdullahm/Shivam//blind_data/341424_s7qmM57nndNUBRi4_0069.wav,है desktop से मैं myscript . pdf चुनूँगी और open पर click करुँगी
/home/abdullahm/Shivam//blind_data/315424_dFWh8NolvyRPEZIi_0037.wav,चिंता न करें यदि class diagram view में नहीं खुलता है
/home/abdullahm/Shivam//blind_data/141425_wYQaKVNl7bh28u3u_0055.wav,प्ला में web appl
/home/abdullahm/Shivam//blind_data/910325_DPCsWwNZgf4mmvwU_0085.wav,यह अपने elements का product वापस करता है
/home/abdullahm/Shivam//blind_data/272044_2BqsQz87kAjMhCxB_0078.wav,फिर अगर user database में रहता है तो हम जांचते हैं
/home/abdullahm/Shivam//blind_data/512580_oT2CzZaFTPoHj47K_0064.wav,यहाँ convert function genbank file में उपस्थित पुरे genome को fasta file में बदलता है enter दबाएं
/home/abdullahm/Shivam//blind_data/908920_LIkOEYXYEAz96aNv_0046.wav,फिर markup लिखते हैं x squared - 7 x + 3 = 0
/home/abdullahm/Shivam//blind_data/452417_njTJ0H4xzGZHdznO_0028.wav,अतिरिक्त packages graphics outputs और plots के लिए संस्थापित होने चाहिए
/home/abdullahm/Shivam//blind_data/329997_O89uJhZZDPErIcwv_0077.wav,करना इस व्यापक नियत कार्य की कोशिश
/home/abdullahm/Shivam//blind_data/715617_85MWWgmTkIhi4ZHP_0040.wav,नीचे create button पर click करें
/home/abdullahm/Shivam//blind_data/309014_gqEOe0kgNRGLHZph_0023.wav,edit और
/home/abdullahm/Shivam//blind_data/334157_201xLiqOYAgU2d7a_0033.wav,वैकल्पिक रूप से file के उस भाग पर cursor रखें जिसे आपको zoom in या zoom out करना है
/home/abdullahm/Shivam//blind_data/935529_oMCmIa1P3IAPKGyX_0110.wav,मैं कुछ जगह खाली करने के लिए मौजूदा circle को फिर से व्यवस्थित करती हूँ
/home/abdullahm/Shivam//blind_data/930904_pauf66fOYFtqaQ0c_0021.wav,netbeans ide खोलते हैं
/home/abdullahm/Shivam//blind_data/930904_pauf66fOYFtqaQ0c_0112.wav,file name में welcome type करें
/home/abdullahm/Shivam//blind_data/272044_2BqsQz87kAjMhCxB_0160.wav,age positive integer होनी चाहिए
/home/abdullahm/Shivam//blind_data/437963_SWMxcnx8okhoHB4s_0000.wav,introduction to gmail के spoken tutorial में आपका स्वागत है
/home/abdullahm/Shivam//blind_data/910325_DPCsWwNZgf4mmvwU_0060.wav,यह block घोषित करने के लिए सिंटैक्स है
/home/abdullahm/Shivam//blind_data/329997_O89uJhZZDPErIcwv_0014.wav,हैं हम देख सकते हैं कि सबसे उपर परिणाम gmail के लिए है email from google
/home/abdullahm/Shivam//blind_data/135893_9lNAZMRfDfuCN6XC_0031.wav,प्रत्येक record में पहली line identifier line है यह
/home/abdullahm/Shivam//blind_data/135893_9lNAZMRfDfuCN6XC_0051.wav,seqio module के अधिकतर उपयोग होने वाले functions हैं parse read write और convert इस
/home/abdullahm/Shivam//blind_data/141425_wYQaKVNl7bh28u3u_0018.wav,मैं जल्दी से आपको system दर्शा
/home/abdullahm/Shivam//blind_data/401356_C9yyvF8oQKRK8txb_0055.wav,और दूसरे math object पर जाने के लिए type करें fn और f3 दबाएं
/home/abdullahm/Shivam//blind_data/954326_dI6sOoo6pFXFhJSN_0021.wav,अब एक dubbing करते है मैं scilab पर एक tutorial है matrix operation जोकि english में है उसे play करुँगी welcome to this circumstorial matrix operations in infralab to practise this tutorial you need to have sailab installed on your system open the sailab console window
/home/abdullahm/Shivam//blind_data/930904_pauf66fOYFtqaQ0c_0050.wav,हम do get do post और get servlet info methods देखते हैं
/home/abdullahm/Shivam//blind_data/835472_QHretkXfg8wS2YKf_0046.wav,एक मुख्य button है जो power on power on switch है computer खोलने के
/home/abdullahm/Shivam//blind_data/309014_gqEOe0kgNRGLHZph_0041.wav,engine से browse कर रहे हैं home
/home/abdullahm/Shivam//blind_data/437963_SWMxcnx8okhoHB4s_0070.wav,और अंत में next step पर click करें
/home/abdullahm/Shivam//blind_data/172235_akeE0s3aKDyyCvEX_0061.wav,हम query रखने वाली strings align किया हुआ database sequence और strings जो match और mismatch स्थितियों को निर्देश करता है को भी print करेंगे
/home/abdullahm/Shivam//blind_data/835472_QHretkXfg8wS2YKf_0023.wav,उनके बारे में सीखेंगे यह data और net
/home/abdullahm/Shivam//blind_data/930904_pauf66fOYFtqaQ0c_0028.wav,एक new servlet window खुलती है
/home/abdullahm/Shivam//blind_data/952555_b9A7hrD5hUYxzb1E_0018.wav,पहले हम home page बनाएंगे
/home/abdullahm/Shivam//blind_data/452417_njTJ0H4xzGZHdznO_0048.wav,seq module sequence objects को संचित करने और प्रक्रिया के तरीके यानि methods देता
/home/abdullahm/Shivam//blind_data/543096_UwcQJEuG2r7AD8vq_0020.wav,theme को preview कर सकतें हैं उपलब्ध
/home/abdullahm/Shivam//blind_data/543096_UwcQJEuG2r7AD8vq_0002.wav,user की रूचि या preferences के अनुकूल customization प्रदान करता है themes
/home/abdullahm/Shivam//blind_data/315424_dFWh8NolvyRPEZIi_0031.wav,freefall file खोजें जिसे आपने download किया है और अपने system पर save किया है और इसे खोलें
/home/abdullahm/Shivam//blind_data/401356_C9yyvF8oQKRK8txb_0081.wav,और writer document में दूसरे और तीसरे factorial formulae को cross reference करें
/home/abdullahm/Shivam//blind_data/543096_UwcQJEuG2r7AD8vq_0008.wav,हम पहले सीखते हैं कि mozilla firefox में theme कैसे बदलें
/home/abdullahm/Shivam//blind_data/785686_o9IGdBMefgqASRUb_0026.wav,अब बाएं तरफ menus पर एक नज़र डालते हैं
/home/abdullahm/Shivam//blind_data/334157_201xLiqOYAgU2d7a_0007.wav,निम्न सम्मिलित हैं wav
/home/abdullahm/Shivam//blind_data/401356_C9yyvF8oQKRK8txb_0034.wav,ये writer document में कहीं भी इनको cross reference करने में मदद करता है
/home/abdullahm/Shivam//blind_data/341424_s7qmM57nndNUBRi4_0116.wav,link to section में default रूप से web address विकल्प चयनित है
/home/abdullahm/Shivam//blind_data/361930_TKM4DsRGN2zuNS6M_0072.wav,browser window खोलें
/home/abdullahm/Shivam//blind_data/954326_dI6sOoo6pFXFhJSN_0087.wav,vn switch output में से video को हटा देता है और सिर्फ audio component रखता है इस command को निष्पादित करने के लिए enter press करे अब
/home/abdullahm/Shivam//blind_data/785686_o9IGdBMefgqASRUb_0069.wav,उस file को browse करें और चुनें जो आप up
/home/abdullahm/Shivam//blind_data/172235_akeE0s3aKDyyCvEX_0060.wav,प्रत्येक hsp यानी high scoring pair के लिए हमें title length hsp score gaps और expect value मिलता है
/home/abdullahm/Shivam//blind_data/341424_s7qmM57nndNUBRi4_0025.wav,यहाँ एक screenshot है
/home/abdullahm/Shivam//blind_data/443970_woduWyYl1wumm9Pt_0009.wav,jdk 1 . 7 फ्या
/home/abdullahm/Shivam//blind_data/437963_SWMxcnx8okhoHB4s_0024.wav,और एक बड़ा button जो कहता है sign in
/home/abdullahm/Shivam//blind_data/512580_oT2CzZaFTPoHj47K_0031.wav,आगे मैं variable record 1 में sequence record object save करुँगी
/home/abdullahm/Shivam//blind_data/145704_5CY9t6duxwVCK5NI_0073.wav,summation of x to the power of 2 है
/home/abdullahm/Shivam//blind_data/341424_s7qmM57nndNUBRi4_0110.wav,अतः मैं cancel button पर click करुँगी
/home/abdullahm/Shivam//blind_data/272044_2BqsQz87kAjMhCxB_0071.wav,अतः ide पर वापस आते
/home/abdullahm/Shivam//blind_data/954326_dI6sOoo6pFXFhJSN_0032.wav,अब हर वाक्य की शुरुआत में clip को छोटे clips में विभाजित करे याने spilt करे
/home/abdullahm/Shivam//blind_data/172235_akeE0s3aKDyyCvEX_0052.wav,xml file खोलना prompt पर निम्न type करें enter दबाएं
/home/abdullahm/Shivam//blind_data/785686_o9IGdBMefgqASRUb_0029.wav,files और folders केंद्र के क्षेत्र में दिखाई देंगे अतः
/home/abdullahm/Shivam//blind_data/145704_5CY9t6duxwVCK5NI_0042.wav,इन्हें अलग font set कर सकते है font set को बदलने के लिए modify button पर click करें और variables को चुनें
/home/abdullahm/Shivam//blind_data/341424_s7qmM57nndNUBRi4_0174.wav,emails के text की formatting करना
/home/abdullahm/Shivam//blind_data/954326_dI6sOoo6pFXFhJSN_0070.wav,ctrl l terminal screen को clear करने के लिए
/home/abdullahm/Shivam//blind_data/272044_2BqsQz87kAjMhCxB_0140.wav,अब browser पर वापस आते हैं
/home/abdullahm/Shivam//blind_data/952555_b9A7hrD5hUYxzb1E_0113.wav,कृपया सुनिश्चित कर lan कि आगे बढ़ने से पहले आपने यह tutorial ख़त्म कर लिया हो
/home/abdullahm/Shivam//blind_data/952555_b9A7hrD5hUYxzb1E_0073.wav,फिर sign in पर click करें
/home/abdullahm/Shivam//blind_data/172235_akeE0s3aKDyyCvEX_0071.wav,output file को save करें और file में निहित data को parse करें
/home/abdullahm/Shivam//blind_data/930904_pauf66fOYFtqaQ0c_0071.wav,अगली line में type करें
/home/abdullahm/Shivam//blind_data/452417_njTJ0H4xzGZHdznO_0036.wav,keywords variables या functions type करते समय सावधानी रखें
/home/abdullahm/Shivam//blind_data/954326_dI6sOoo6pFXFhJSN_0074.wav,अगर इस i option को छोड़ देते है तो ffmpeg उस file को overwrite करता है जब वह output file बनाने की कोशिश करता है
/home/abdullahm/Shivam//blind_data/341424_s7qmM57nndNUBRi4_0070.wav,हम देख सकते हैं कि हमारी file mail में संलग्न हो रही है
/home/abdullahm/Shivam//blind_data/785686_o9IGdBMefgqASRUb_0064.wav,इसे यहाँ केंद्र में देख सकते हैं fold
/home/abdullahm/Shivam//blind_data/908920_LIkOEYXYEAz96aNv_0063.wav,अतः प्रतिस्थापन के बाद
/home/abdullahm/Shivam//blind_data/731203_IfrROqMp8euBDI18_0128.wav,हम जांचते हैं यदि user exists 1 के बराबर है और returned book null के बराबर नहीं है
/home/abdullahm/Shivam//blind_data/361930_TKM4DsRGN2zuNS6M_0043.wav,firefox will field में never remember hist
/home/abdullahm/Shivam//blind_data/764823_MO16YTQW1VD8AudW_0019.wav,अब cable का दूसरा सिरा cpu के usb port से जोड़ते हैं
/home/abdullahm/Shivam//blind_data/755386_f5DL5lLLcrAit2gw_0020.wav,ध्यान दीजिये कार्य के क्रम को कहने के लिए हमने कई curly कोष्ठकों का इस्तेमाल किया है
/home/abdullahm/Shivam//blind_data/437963_SWMxcnx8okhoHB4s_0091.wav,आपका mail account load करना शुरू
/home/abdullahm/Shivam//blind_data/452417_njTJ0H4xzGZHdznO_0046.wav,अब terminal पर वापस जाते हैं
/home/abdullahm/Shivam//blind_data/309014_gqEOe0kgNRGLHZph_0084.wav,free चलाते हैं उनको प्रमाणपत्र भी देते हैं जो online test pass
/home/abdullahm/Shivam//blind_data/662689_mndbMoheJbWHzF8b_0006.wav,ubuntu version 12 . 04 netbeans i
/home/abdullahm/Shivam//blind_data/731203_IfrROqMp8euBDI18_0034.wav,steps वही हैं जैसी हमने list books के लिए देखीं थी लि
/home/abdullahm/Shivam//blind_data/785686_o9IGdBMefgqASRUb_0102.wav,अगर हम उस पर click करते हैं तो हम दायीं तरफ revision history देख सकते हैं
/home/abdullahm/Shivam//blind_data/341424_s7qmM57nndNUBRi4_0101.wav,अगर हम attachment चुनते हैं तो file attachment की तरह प्रविष्ट की जाएगी
/home/abdullahm/Shivam//blind_data/315424_dFWh8NolvyRPEZIi_0044.wav,ध्यान दें पहला button icon view के लिए है
/home/abdullahm/Shivam//blind_data/981154_ph1l8Eyc0Sf6TsiC_0126.wav,निम्न link पर उपलब्ध video देखें
/home/abdullahm/Shivam//blind_data/341424_s7qmM57nndNUBRi4_0129.wav,बिजली जाने पर या internet कनैक्शन टूट जाने पर यह हमारे type किये हुए message को पुनः प्राप्त करने के लिए बहुत सहायक है
/home/abdullahm/Shivam//blind_data/835472_QHretkXfg8wS2YKf_0102.wav,tu linux user हैं तो आप ऐसा screen देखेंगे और
/home/abdullahm/Shivam//blind_data/764823_MO16YTQW1VD8AudW_0087.wav,i i t bombay से मैं श्रुति आर्य अब आपसे विदा लेती हूँ हमसे जुड़ने के लिए धन्यवाद
/home/abdullahm/Shivam//blind_data/315424_dFWh8NolvyRPEZIi_0082.wav,g की value 9 . 81 की value के साथ simulation के समय स्थिर रहती है
/home/abdullahm/Shivam//blind_data/310356_u0sz1lTfmeW7wW5o_0096.wav,इस tutorial में हमने निम्न करना सीखा एक यादृच्छिक dna sequence
/home/abdullahm/Shivam//blind_data/334157_201xLiqOYAgU2d7a_0005.wav,version 1 . 3 audacity अनेक audio format
/home/abdullahm/Shivam//blind_data/785686_o9IGdBMefgqASRUb_0014.wav,यह हमें कुछ google apps दिखायेगा जैसे google + search you tube maps play store news mail drive calendar और अन्य अगर
/home/abdullahm/Shivam//blind_data/437963_SWMxcnx8okhoHB4s_0068.wav,location में india चुनें
/home/abdullahm/Shivam//blind_data/981154_ph1l8Eyc0Sf6TsiC_0092.wav,आप bookmarks को स्वचालित रूप से भी क्रमबद्ध कर सकते हैं
/home/abdullahm/Shivam//blind_data/835472_QHretkXfg8wS2YKf_0016.wav,डेटा और program को computer में व्यवस्थित ढंग से प्रविष्ट करने में मदद करता है keyboard
/home/abdullahm/Shivam//blind_data/512580_oT2CzZaFTPoHj47K_0042.wav,पहला sequence record object संचित करने वाला variable है
/home/abdullahm/Shivam//blind_data/172235_akeE0s3aKDyyCvEX_0024.wav,हम ncbi www module में qblast function उपयोग करें
/home/abdullahm/Shivam//blind_data/954326_dI6sOoo6pFXFhJSN_0037.wav,ध्यान दे के आपको विपरीत दिशा में जाना है याने के आखरी clip से शुरू करके पहले पर आना है
/home/abdullahm/Shivam//blind_data/935529_oMCmIa1P3IAPKGyX_0064.wav,text view पर click करें नीचे scroll करें
/home/abdullahm/Shivam//blind_data/145704_5CY9t6duxwVCK5NI_0003.wav,पिछले tutorial में हमने math के लिए ma
/home/abdullahm/Shivam//blind_data/755386_f5DL5lLLcrAit2gw_0023.wav,law of cooling
/home/abdullahm/Shivam//blind_data/272044_2BqsQz87kAjMhCxB_0068.wav,देख सकते हैं कि हमें उसी page पर error message प्राप्त होता है
/home/abdullahm/Shivam//blind_data/952555_b9A7hrD5hUYxzb1E_0065.wav,server ठीक है और run हो रहा है
/home/abdullahm/Shivam//blind_data/135893_9lNAZMRfDfuCN6XC_0045.wav,home folder में file save करने के लिए पहले दिखाई गयी समान steps का अनुसरण करें
/home/abdullahm/Shivam//blind_data/846118_m7mB9BC8FPflJgLI_0040.wav,नए टैब में addons manager खुलता है
/home/abdullahm/Shivam//blind_data/935529_oMCmIa1P3IAPKGyX_0061.wav,मैं icon view पर जाती हूँ
/home/abdullahm/Shivam//blind_data/309014_gqEOe0kgNRGLHZph_0077.wav,इस नियतकार्य की कोशिश करें
/home/abdullahm/Shivam//blind_data/272044_2BqsQz87kAjMhCxB_0108.wav,फिर हमारे पास parameterized constructor है
/home/abdullahm/Shivam//blind_data/310356_u0sz1lTfmeW7wW5o_0025.wav,हम dna sequence में alphabets यानी अक्षरों को निर्दिष्ट करने के लिए bio . alphabet module उपयोग करेंगे
/home/abdullahm/Shivam//blind_data/848297_1Ex3WEqCQ7VGfqIn_0016.wav,movie making tips अन्य विकल्प है capture video के अंतर्गत आप import video विकल्प देखेंगे
/home/abdullahm/Shivam//blind_data/329997_O89uJhZZDPErIcwv_0019.wav,पे है आवर्धक lens के icon पर click करें जो इसके
/home/abdullahm/Shivam//blind_data/785686_o9IGdBMefgqASRUb_0071.wav,होंगी नीचे दायीं तरफ हम upload होने की progress देख सकते
/home/abdullahm/Shivam//blind_data/443970_woduWyYl1wumm9Pt_0118.wav,यह spoken tutorial project को सारांशित करता है
/home/abdullahm/Shivam//blind_data/785686_o9IGdBMefgqASRUb_0022.wav,ऊपरी दायीं तरफ कुछ icons हैं केन्द्र​
/home/abdullahm/Shivam//blind_data/443970_woduWyYl1wumm9Pt_0098.wav,password में welcome type करें
/home/abdullahm/Shivam//blind_data/272044_2BqsQz87kAjMhCxB_0104.wav,मैंने user . java method पहले ही बना लिया है
/home/abdullahm/Shivam//blind_data/401356_C9yyvF8oQKRK8txb_0047.wav,ठीक है अब factorial के लिए उदाहरण लिखते हैं
/home/abdullahm/Shivam//blind_data/952555_b9A7hrD5hUYxzb1E_0039.wav,आगे हमारे पास एक paragraph tag है जो adduser . jsp को सम्मलित करता है
/home/abdullahm/Shivam//blind_data/981154_ph1l8Eyc0Sf6TsiC_0038.wav,address bar में address चुनें और इसे delete करें
/home/abdullahm/Shivam//blind_data/401356_C9yyvF8oQKRK8txb_0073.wav,अतः यह है कि कैसे writer document में कहीं भी math formulae को cross reference कर सकते हैं
/home/abdullahm/Shivam//blind_data/954326_dI6sOoo6pFXFhJSN_0106.wav,आखिर से शुरू करते हुए note किये timing को match करने के लिए clips को slide करे जब यह हो जाये audio को ogg format में save करे
/home/abdullahm/Shivam//blind_data/715617_85MWWgmTkIhi4ZHP_0069.wav,यदि आप install करने से पहले ubuntu के स्वरूप और अनुभव को आजमाएं तो try ubuntu पर click करें
/home/abdullahm/Shivam//blind_data/315424_dFWh8NolvyRPEZIi_0132.wav,यह सुनिश्चित करना आवश्यक है कि समीकरणों की संख्या variable की संख्या के बराबर है
/home/abdullahm/Shivam//blind_data/315424_dFWh8NolvyRPEZIi_0091.wav,निर्दिष्ट करता है इसीतरह max attribute variable की अधिकतम value को निर्दिष्ट करता है
/home/abdullahm/Shivam//blind_data/618242_jN7JwubGvJhIkeYN_0046.wav,options पर click करें content tab में default रूप से पहला option block popup win
/home/abdullahm/Shivam//blind_data/930904_pauf66fOYFtqaQ0c_0020.wav,अब सीखते हैं कि एक सरल servlet कैसे लिखते हैं
/home/abdullahm/Shivam//blind_data/172235_akeE0s3aKDyyCvEX_0031.wav,रही हूँ gi number insulin के nucleotide sequence के लिए है
/home/abdullahm/Shivam//blind_data/846118_m7mB9BC8FPflJgLI_0020.wav,addons manager tab खुलता है
/home/abdullahm/Shivam//blind_data/954326_dI6sOoo6pFXFhJSN_0061.wav,ffmpeg एक open source audio तथा video converter है जो अधिकांश मानक codex का समर्थन करता है
/home/abdullahm/Shivam//blind_data/135893_9lNAZMRfDfuCN6XC_0000.wav,par parsing
/home/abdullahm/Shivam//blind_data/764823_MO16YTQW1VD8AudW_0056.wav,यह हमारे printer से एक test print है
/home/abdullahm/Shivam//blind_data/272044_2BqsQz87kAjMhCxB_0122.wav,add user servlet . java पर जाएँ
/home/abdullahm/Shivam//blind_data/981154_ph1l8Eyc0Sf6TsiC_0089.wav,mouse button छोड़ दें
/home/abdullahm/Shivam//blind_data/309014_gqEOe0kgNRGLHZph_0002.wav,boss के बारे में सीखेंगे इस tutorial में हम ubuntu 10 . 04 के लिए firefox version 7 . 0 का इस्तेमाल
/home/abdullahm/Shivam//blind_data/543096_UwcQJEuG2r7AD8vq_0068.wav,विवरण देता हैं add to firefox button पर click करें
/home/abdullahm/Shivam//blind_data/910325_DPCsWwNZgf4mmvwU_0066.wav,यह रह सकता है यह block class inherit करता है
/home/abdullahm/Shivam//blind_data/954326_dI6sOoo6pFXFhJSN_0064.wav,linux में package को कैसे install करे इसे सिखने के लिए इस website पर उपलब्ध ubuntu के spoken ट्यूटोरियल्स को देखे
/home/abdullahm/Shivam//blind_data/334157_201xLiqOYAgU2d7a_0067.wav,effect amplify पर जाएँ - 5 या - 7 प्रविष्ट करें
/home/abdullahm/Shivam//blind_data/437963_SWMxcnx8okhoHB4s_0056.wav,phone verification
/home/abdullahm/Shivam//blind_data/662689_mndbMoheJbWHzF8b_0034.wav,deployment descriptor निम्न का वर्णन करता है application
/home/abdullahm/Shivam//blind_data/310356_u0sz1lTfmeW7wW5o_0088.wav,इस string के एक भाग को बदलने के लिए निम्न command type करें
/home/abdullahm/Shivam//blind_data/437963_SWMxcnx8okhoHB4s_0120.wav,अब type करते हैं greetings to all from the spoken tutorial project
/home/abdullahm/Shivam//blind_data/334157_201xLiqOYAgU2d7a_0100.wav,spoken tutorial project talk to a teacher project का हिस्सा है
/home/abdullahm/Shivam//blind_data/452417_njTJ0H4xzGZHdznO_0027.wav,पूर्वावश्यक software स्वतः ही संस्थापित किया जायेगा
/home/abdullahm/Shivam//blind_data/437963_SWMxcnx8okhoHB4s_0017.wav,अब एक नया google account बनाने से शुरू करते हैं
/home/abdullahm/Shivam//blind_data/341424_s7qmM57nndNUBRi4_0027.wav,यहाँ एक screenshot है
/home/abdullahm/Shivam//blind_data/785686_o9IGdBMefgqASRUb_0031.wav,files जो हमने बनाई और upload की है वो भी my drive में संचित की जाएँगी अगला
/home/abdullahm/Shivam//blind_data/785686_o9IGdBMefgqASRUb_0015.wav,हम उन पर click करते हैं तो हम उस ख़ास google app पर निर्देशित किये जायेंगे अपने
/home/abdullahm/Shivam//blind_data/935529_oMCmIa1P3IAPKGyX_0125.wav,अब हम icon और diagram views के बीच अंतर को समझते हैं
/home/abdullahm/Shivam//blind_data/135893_9lNAZMRfDfuCN6XC_0096.wav,sequences की file को उनके reverse complements में बदलें आपका
/home/abdullahm/Shivam//blind_data/512580_oT2CzZaFTPoHj47K_0029.wav,from bio . seq record module import sequence record class
/home/abdullahm/Shivam//blind_data/512580_oT2CzZaFTPoHj47K_0095.wav,निम्न link पर उपलब्ध video spoken tutorial project को सारांशित करता है
/home/abdullahm/Shivam//blind_data/846118_m7mB9BC8FPflJgLI_0090.wav,उसके बाद इसे firefox से निकाल दें
/home/abdullahm/Shivam//blind_data/437963_SWMxcnx8okhoHB4s_0031.wav,आगे हमें अपना username चुनना है
/home/abdullahm/Shivam//blind_data/437963_SWMxcnx8okhoHB4s_0121.wav,आखिरी segment में यहाँ send का नीला button है
/home/abdullahm/Shivam//blind_data/848297_1Ex3WEqCQ7VGfqIn_0083.wav,अन्य विशेषता जो मैं प्रदर्शित करना चाहती हूँ वो है आप clip की लम्बाई या clip के भाग को कैसे बड़ा सकते हैं यह
/home/abdullahm/Shivam//blind_data/452417_njTJ0H4xzGZHdznO_0052.wav,ऐसा करने के लिए हम alphabet package से iupac module उपयोग करेंगे
/home/abdullahm/Shivam//blind_data/443970_woduWyYl1wumm9Pt_0018.wav,इस table में आप भिन्न fields देख सकते हैं
/home/abdullahm/Shivam//blind_data/935529_oMCmIa1P3IAPKGyX_0126.wav,मैं om edit window को दाईं ओर स्थानांतरित करती हूँ
/home/abdullahm/Shivam//blind_data/715617_85MWWgmTkIhi4ZHP_0019.wav,64 bit के लिए यह ubuntu - 16 . 04 . 5 - desktop - amd 64 . iso होगा
/home/abdullahm/Shivam//blind_data/935529_oMCmIa1P3IAPKGyX_0053.wav,हमने पहले से ही देखा है कि properties dialogue box का उपयोग करके extent कैसे manipulate करना है
/home/abdullahm/Shivam//blind_data/329997_O89uJhZZDPErIcwv_0013.wav,पर click करे search engine सारे परिणामों को दिखाता
/home/abdullahm/Shivam//blind_data/315424_dFWh8NolvyRPEZIi_0069.wav,करना है real datatype को प्रदर्शित करता है
/home/abdullahm/Shivam//blind_data/910325_DPCsWwNZgf4mmvwU_0049.wav,मैं इसका libraries browser में विस्तार करती हूँ
/home/abdullahm/Shivam//blind_data/361930_TKM4DsRGN2zuNS6M_0027.wav,desktop में बदलें dialog box को बंद करने के लिए close button पर click करें
/home/abdullahm/Shivam//blind_data/848297_1Ex3WEqCQ7VGfqIn_0086.wav,दी है ऐसे समय पर आपको video के साथ synchronize यानी समकालिक करने के लिए video clip के समय को बढ़ाने की ज़रुरत हो सक
/home/abdullahm/Shivam//blind_data/437963_SWMxcnx8okhoHB4s_0137.wav,यह sign out button है sign out करने के लिए सिर्फ इस पर click करें
/home/abdullahm/Shivam//blind_data/835472_QHretkXfg8wS2YKf_0085.wav,printer scanner आदि को जोड़ने के लिए उपयोग होते हैं अब audio ja
/home/abdullahm/Shivam//blind_data/512580_oT2CzZaFTPoHj47K_0036.wav,output insulin protein sequence को sequence record object की तरह दिखाता है
/home/abdullahm/Shivam//blind_data/930904_pauf66fOYFtqaQ0c_0003.wav,हम सरल java servlet और jsp बनाना भी सीखेंगे
/home/abdullahm/Shivam//blind_data/172235_akeE0s3aKDyyCvEX_0072.wav,आपका पूर्ण नियत कार्य इस file में दिखाये गए की तरह code की निम्न लाइनें रखना चाहिए
/home/abdullahm/Shivam//blind_data/848297_1Ex3WEqCQ7VGfqIn_0040.wav,चौथा और पाँचवाँ button एक बार में एक frame को rewind और forward करने के लिए हैं
/home/abdullahm/Shivam//blind_data/141425_wYQaKVNl7bh28u3u_0014.wav,मदत करता है librarian को library में आसानी से किताबों को संचालित करने
/home/abdullahm/Shivam//blind_data/952555_b9A7hrD5hUYxzb1E_0060.wav,अतः अगली line पर type करें
/home/abdullahm/Shivam//blind_data/662689_mndbMoheJbWHzF8b_0046.wav,click करें और finish पर click
/home/abdullahm/Shivam//blind_data/401356_C9yyvF8oQKRK8txb_0040.wav,इसके लिए writer document में लिखें f n और f 3 दबाएं
/home/abdullahm/Shivam//blind_data/764823_MO16YTQW1VD8AudW_0018.wav,अब usb usb cable को printer से जोड़ते हैं
/home/abdullahm/Shivam//blind_data/512580_oT2CzZaFTPoHj47K_0073.wav,enter दबाएं
/home/abdullahm/Shivam//blind_data/512580_oT2CzZaFTPoHj47K_0078.wav,यह code एक file में सारे अलग अलग cds gene sequences उनकी ids और gene का नाम लिखेगा
/home/abdullahm/Shivam//blind_data/315424_dFWh8NolvyRPEZIi_0071.wav,start real variable की एक विशेषता है
/home/abdullahm/Shivam//blind_data/981154_ph1l8Eyc0Sf6TsiC_0062.wav,default रूप से आपके बनाए हुए सभी bookmarks unsorted bookmarks folder में save होते हैं
/home/abdullahm/Shivam//blind_data/334157_201xLiqOYAgU2d7a_0102.wav,इस mission पर अधिक जानकारी spoken tutorial . org / nmeict intro पर उपलब्ध है
/home/abdullahm/Shivam//blind_data/272044_2BqsQz87kAjMhCxB_0121.wav,अतः ide पर वापस आते हैं
/home/abdullahm/Shivam//blind_data/930904_pauf66fOYFtqaQ0c_0042.wav,अब glassfish server के बारे में कुछ सीखते हैं
/home/abdullahm/Shivam//blind_data/755386_f5DL5lLLcrAit2gw_0081.wav,इस mission पर अधिक जानकारी के लिए उपलब्ध link पर संपर्क करें spoken tutorial
/home/abdullahm/Shivam//blind_data/310356_u0sz1lTfmeW7wW5o_0027.wav,उस यादृच्छिक dna sequence की एक sequence object बनाने के लिए निम्न command type
/home/abdullahm/Shivam//blind_data/437963_SWMxcnx8okhoHB4s_0002.wav,एक नया google account बनाना
/home/abdullahm/Shivam//blind_data/848297_1Ex3WEqCQ7VGfqIn_0080.wav,कृपया ध्यान दें कि आप timeline पर अन्य clip की शुरुआत में या अंत में एक नयी clip जोड़ सकते हैं पर बीच में नहीं
/home/abdullahm/Shivam//blind_data/512580_oT2CzZaFTPoHj47K_0100.wav,इस mission पर अधिक जानकारी इस link पर उपलब्ध है
/home/abdullahm/Shivam//blind_data/272044_2BqsQz87kAjMhCxB_0179.wav,अब देखते हैं कि यूज़र harshita database में जोड़ी गयी है
/home/abdullahm/Shivam//blind_data/908920_LIkOEYXYEAz96aNv_0054.wav,curly कोष्ठक के एक और set को जोड़ कर हम उपरी व्यंजक को अंश बनाएँगे
/home/abdullahm/Shivam//blind_data/954326_dI6sOoo6pFXFhJSN_0007.wav,मैंने पहले से ही audacity 1 . 3 संस्करण download किया है तथा इसे synaptic package manager द्वारा अपने pc में install याने स्थापित किया है
/home/abdullahm/Shivam//blind_data/315424_dFWh8NolvyRPEZIi_0049.wav,जैसा कि दिखाया गया है एक dialogue box pop up होता
/home/abdullahm/Shivam//blind_data/172235_akeE0s3aKDyyCvEX_0073.wav,code देखें चूँकि हमारी query protein sequence है तो हमने blastp program और nr जोकि blast के लिए non redundant protein database है उपयोग किया है
/home/abdullahm/Shivam//blind_data/935529_oMCmIa1P3IAPKGyX_0077.wav,मैं icon view पर जाती हूँ
/home/abdullahm/Shivam//blind_data/315424_dFWh8NolvyRPEZIi_0134.wav,अब मैं पहले equation को delete करती हूँ और इस class को simulate करती हूँ यह देखने के लिए कि क्या होता है
/home/abdullahm/Shivam//blind_data/543096_UwcQJEuG2r7AD8vq_0047.wav,आपकी अद्वितीय रूचि के हिसाब से firefox browser को customized करता है
/home/abdullahm/Shivam//blind_data/310356_u0sz1lTfmeW7wW5o_0010.wav,यदि नहीं तो दिए गए link पर python tutorials को देखें
/home/abdullahm/Shivam//blind_data/954326_dI6sOoo6pFXFhJSN_0060.wav,आपकी final audio file बनाएगा
/home/abdullahm/Shivam//blind_data/443970_woduWyYl1wumm9Pt_0086.wav,इस प्रकार हम borrowed books प्रदर्शित करते हैं
/home/abdullahm/Shivam//blind_data/334157_201xLiqOYAgU2d7a_0105.wav,मैं श्रृति आर्य आपसे विदा लेती हूँ हमसे जुड़ने के लिए धन्यवाद
/home/abdullahm/Shivam//blind_data/835472_QHretkXfg8wS2YKf_0064.wav,दर्शाये अनुसार table पर रखें पहले
/home/abdullahm/Shivam//blind_data/846118_m7mB9BC8FPflJgLI_0091.wav,निम्न link पर उपलब्ध video देखें
/home/abdullahm/Shivam//blind_data/309014_gqEOe0kgNRGLHZph_0054.wav,लिए bookmarks का उपयोग कर सकते हैं जहाँ अक्सर जाते हैं लेकिन नहीं चाहते कि वह आपका homepage हो
/home/abdullahm/Shivam//blind_data/908920_LIkOEYXYEAz96aNv_0056.wav,और अंततः शुरू में x = जोड़िये
/home/abdullahm/Shivam//blind_data/731203_IfrROqMp8euBDI18_0129.wav,फिर हम return book method call करते हैं
/home/abdullahm/Shivam//blind_data/755386_f5DL5lLLcrAit2gw_0041.wav,किया है writer gray box में formula पर ध्यान दें
/home/abdullahm/Shivam//blind_data/954326_dI6sOoo6pFXFhJSN_0048.wav,एक बार जब वाक्यों के शुरुआत को उसके समय के मुताबिक synchronize याने समकालिक किया हो हम अपना projects save कर सकते है
/home/abdullahm/Shivam//blind_data/981154_ph1l8Eyc0Sf6TsiC_0021.wav,इस folder का नाम my bookmarks से
/home/abdullahm/Shivam//blind_data/755386_f5DL5lLLcrAit2gw_0066.wav,कों का इस्तेमाल करिये
/home/abdullahm/Shivam//blind_data/935529_oMCmIa1P3IAPKGyX_0093.wav,लाल रंग के border में परिवर्तन और मोटाई में वृद्धि पर ध्यान दें
/home/abdullahm/Shivam//blind_data/908920_LIkOEYXYEAz96aNv_0043.wav,equation को हल कर सकते हैं अतः सबसे पहले चलिए quadratic equation जिसे हमें हल करना
/home/abdullahm/Shivam//blind_data/334157_201xLiqOYAgU2d7a_0037.wav,editing से पहले पूरी audio file को सुनें आसानी से पहचानने के लिए सुनकर आप भागों को label करना चाह सकते हैं
/home/abdullahm/Shivam//blind_data/452417_njTJ0H4xzGZHdznO_0087.wav,dna sequence का mrna पर transcription
/home/abdullahm/Shivam//blind_data/145704_5CY9t6duxwVCK5NI_0069.wav,formulae को format कर सकते हैं सारे formatting विकल्प जो math देता है उनका अन्वेषण करें
/home/abdullahm/Shivam//blind_data/401356_C9yyvF8oQKRK8txb_0074.wav,इसको save करते हैं
/home/abdullahm/Shivam//blind_data/954326_dI6sOoo6pFXFhJSN_0105.wav,एक बार में ही record करे audio को वाक्यों में spilt करे आंखे
/home/abdullahm/Shivam//blind_data/272044_2BqsQz87kAjMhCxB_0053.wav,इसके लिए हम request dispatcher interface प्रयोग करते हैं
/home/abdullahm/Shivam//blind_data/930904_pauf66fOYFtqaQ0c_0136.wav,spoken tutorial project talk to a teacher project का हिस्सा है
/home/abdullahm/Shivam//blind_data/785686_o9IGdBMefgqASRUb_0048.wav,हुई files या documents trash menu में दिखाई देंगी यद्य
/home/abdullahm/Shivam//blind_data/443970_woduWyYl1wumm9Pt_0021.wav,मैंने checkout table में 5 प्रविष्टियाँ सम्मिलित कर ली हैं
/home/abdullahm/Shivam//blind_data/334157_201xLiqOYAgU2d7a_0041.wav,आप label में type कर सकते हैं
/home/abdullahm/Shivam//blind_data/309014_gqEOe0kgNRGLHZph_0062.wav,लक्षण है जिस side को खोजना चाहते है उसका
/home/abdullahm/Shivam//blind_data/543096_UwcQJEuG2r7AD8vq_0098.wav,यदि आपके पास अच्छा bandwidth नहीं है तो आप इसे download करके देख सकते हैं
/home/abdullahm/Shivam//blind_data/908920_LIkOEYXYEAz96aNv_0031.wav,+ y कोष्ठकों में
/home/abdullahm/Shivam//blind_data/935529_oMCmIa1P3IAPKGyX_0140.wav,हम व्यावसायिक simulator labs को open modelica में migrate करने में मदद करते हैं
/home/abdullahm/Shivam//blind_data/452417_njTJ0H4xzGZHdznO_0091.wav,output देखें
/home/abdullahm/Shivam//blind_data/731203_IfrROqMp8euBDI18_0005.wav,यहाँ मैं उपयोग कर रहा हूँ
/home/abdullahm/Shivam//blind_data/272044_2BqsQz87kAjMhCxB_0159.wav,अगर validation असफल होता है तो हम error messages list में error message जोड़ते हैं
/home/abdullahm/Shivam//blind_data/329997_O89uJhZZDPErIcwv_0071.wav,देखने के लिए drop down सूची के arrow पर click करिये
/home/abdullahm/Shivam//blind_data/835472_QHretkXfg8wS2YKf_0029.wav,desktop computer 4 मुख्य भाग रखता है monitor
/home/abdullahm/Shivam//blind_data/512580_oT2CzZaFTPoHj47K_0077.wav,इसके लिए prompt पर निम्न code type करें
/home/abdullahm/Shivam//blind_data/930904_pauf66fOYFtqaQ0c_0067.wav,इसके लिए हमें printwriter object बनाना पड़ेगा
/home/abdullahm/Shivam//blind_data/930904_pauf66fOYFtqaQ0c_0080.wav,यह localhost : 8080 / my first project / my servlet path है
/home/abdullahm/Shivam//blind_data/141425_wYQaKVNl7bh28u3u_0045.wav,फिर यहाँ हमारे पास checkout / return a book विकल्प है
/home/abdullahm/Shivam//blind_data/954326_dI6sOoo6pFXFhJSN_0003.wav,audacity ध्वनियों यानी sounds को record तथा edit याने संपादन करने के लिए एक free और open source software है
/home/abdullahm/Shivam//blind_data/731203_IfrROqMp8euBDI18_0050.wav,अब हम book id 1 पर click करेंगे
/home/abdullahm/Shivam//blind_data/443970_woduWyYl1wumm9Pt_0108.wav,फिर इस condition के साथ कि username logged in user के बराबर है हम borrowed books की जानकारी निकलते हैं
/home/abdullahm/Shivam//blind_data/329997_O89uJhZZDPErIcwv_0072.wav,सूची में से nothing चुनिए dialogue bo
/home/abdullahm/Shivam//blind_data/835472_QHretkXfg8wS2YKf_0031.wav,और mouse camera print
/home/abdullahm/Shivam//blind_data/443970_woduWyYl1wumm9Pt_0044.wav,यहाँ हमारे पास दो radio buttons हैं
/home/abdullahm/Shivam//blind_data/835472_QHretkXfg8wS2YKf_0008.wav,के माध्यम से data या निर्देशों को स्वीकार करता है यह user की
/home/abdullahm/Shivam//blind_data/315424_dFWh8NolvyRPEZIi_0125.wav,मैं एक बार फिर से variables browser में h चुनती हूँ
/home/abdullahm/Shivam//blind_data/908920_LIkOEYXYEAz96aNv_0022.wav,अतः इस तरह से हम एक formula में greek अक्षर प्रयुक्त कर सकते हैं
/home/abdullahm/Shivam//blind_data/731203_IfrROqMp8euBDI18_0060.wav,ide पर वापस आते हैं
/home/abdullahm/Shivam//blind_data/172235_akeE0s3aKDyyCvEX_0025.wav,गे qblast function तीन arguments लेता है
/home/abdullahm/Shivam//blind_data/341424_s7qmM57nndNUBRi4_0048.wav,मैं type करुँगी partner with us
/home/abdullahm/Shivam//blind_data/935529_oMCmIa1P3IAPKGyX_0048.wav,icon view की इन प्properties को भी text view में icon annotation का उपयोग करके manipulet किया जा सकता है
/home/abdullahm/Shivam//blind_data/315424_dFWh8NolvyRPEZIi_0090.wav,min attribute variable की न्यूनतम value
/home/abdullahm/Shivam//blind_data/437963_SWMxcnx8okhoHB4s_0016.wav,अतः उसी login से आप इसमें से किसी को भी operate कर सकते हैं
/home/abdullahm/Shivam//blind_data/141425_wYQaKVNl7bh28u3u_0012.wav,अब हमें library management system की ज़रुरत क्यों है ऐसे
/home/abdullahm/Shivam//blind_data/512580_oT2CzZaFTPoHj47K_0097.wav,spoken tutorial project team कार्यशालाएं चलाती है और online test pass करने वालों को प्रमाणपत्र देती है
/home/abdullahm/Shivam//blind_data/141425_wYQaKVNl7bh28u3u_0001.wav,इस tutorial में हम आपको web application से परिचित करायेंगे
/home/abdullahm/Shivam//blind_data/309014_gqEOe0kgNRGLHZph_0043.wav,w . yahoo . com मे बदला था इसके परिणामस्वरूप homepage button click करते ही यह हमें yahoo homepage पर
/home/abdullahm/Shivam//blind_data/272044_2BqsQz87kAjMhCxB_0093.wav,फिर हम error messages की पूरी list से होकर दोहराते हैं
/home/abdullahm/Shivam//blind_data/437963_SWMxcnx8okhoHB4s_0094.wav,यह दायीं तरफ नीचे उपलब्ध है
/home/abdullahm/Shivam//blind_data/715617_85MWWgmTkIhi4ZHP_0068.wav,केंद्र में हम दो options देख सकते हैं try ubuntu और install ubuntu
/home/abdullahm/Shivam//blind_data/141425_wYQaKVNl7bh28u3u_0000.wav,overview of the web application – library management system के spoken tutorial में आपका स्वागत है
/home/abdullahm/Shivam//blind_data/543096_UwcQJEuG2r7AD8vq_0022.wav,इस्तेमाल किया है अपने mouse सूचक को कुछ themes पर धुमाएँ
/home/abdullahm/Shivam//blind_data/452417_njTJ0H4xzGZHdznO_0084.wav,निम्न करना सीखा bio
/home/abdullahm/Shivam//blind_data/543096_UwcQJEuG2r7AD8vq_0050.wav,बाएँ panel पर appearance tab पर click करें
/home/abdullahm/Shivam//blind_data/764823_MO16YTQW1VD8AudW_0062.wav,print dialog box खुलता है
/home/abdullahm/Shivam//blind_data/785686_o9IGdBMefgqASRUb_0055.wav,अब my drive पर वापस आते हैं my drive विकल्प में हम केंद्र के क्षेत्र में right click कर सकते हैं
/home/abdullahm/Shivam//blind_data/731203_IfrROqMp8euBDI18_0002.wav,user की सारी जानकारी निकालना
/home/abdullahm/Shivam//blind_data/443970_woduWyYl1wumm9Pt_0128.wav,spoken tutorial के लिए उन्होंने इस विषय वस्तु की पुष्टि भी की है
/home/abdullahm/Shivam//blind_data/272044_2BqsQz87kAjMhCxB_0126.wav,set attribute method प्रयोग करके request scope में हम variable user को set करते हैं
/home/abdullahm/Shivam//blind_data/981154_ph1l8Eyc0Sf6TsiC_0005.wav,default रूप से yahoo home page खुलता है
/home/abdullahm/Shivam//blind_data/543096_UwcQJEuG2r7AD8vq_0090.wav,अब हम इस tutorial के अंत में आ
/home/abdullahm/Shivam//blind_data/848297_1Ex3WEqCQ7VGfqIn_0092.wav,देखने वाले के लिए भ्रम की स्थिति
/home/abdullahm/Shivam//blind_data/731203_IfrROqMp8euBDI18_0107.wav,यहाँ book table में available copies को 1 कम करने के लिए हम query को निष्पादित करते हैं फिर
/home/abdullahm/Shivam//blind_data/141425_wYQaKVNl7bh28u3u_0066.wav,अधिक जानकारी के लिए कृपया contact @ spoken tutorial . org पर लिखें
/home/abdullahm/Shivam//blind_data/954326_dI6sOoo6pFXFhJSN_0053.wav,यह project को . aup से save करेगा
/home/abdullahm/Shivam//blind_data/908920_LIkOEYXYEAz96aNv_0014.wav,छोटे character लिखने के लिए character का नाम छोटे अक्षरों में लिखिए
/home/abdullahm/Shivam//blind_data/135893_9lNAZMRfDfuCN6XC_0026.wav,create file विकल्प पर click करें
/home/abdullahm/Shivam//blind_data/935529_oMCmIa1P3IAPKGyX_0120.wav,diagram annotation को समझने के लिए text view पर जाएँ नीचे scroll करें
/home/abdullahm/Shivam//blind_data/935529_oMCmIa1P3IAPKGyX_0058.wav,ध्यान दें कि ये चार संख्याएँ top bottom left और right fields के अनुरूप हैं हमने properties dialogue box में देखा है
/home/abdullahm/Shivam//blind_data/543096_UwcQJEuG2r7AD8vq_0061.wav,के पसंदीदा personal के लिए आसान access के लिए इस अन्तर्निहित कार्यक्षमता को बढ़ाता है
/home/abdullahm/Shivam//blind_data/662689_mndbMoheJbWHzF8b_0047.wav,click करें id के बाद
/home/abdullahm/Shivam//blind_data/437963_SWMxcnx8okhoHB4s_0007.wav,और gmail को लॉगआउट करना
/home/abdullahm/Shivam//blind_data/755386_f5DL5lLLcrAit2gw_0047.wav,एक integral की limits देने के लिए subscript का भी इस्तेमाल कर सकते हैं
/home/abdullahm/Shivam//blind_data/618242_jN7JwubGvJhIkeYN_0008.wav,को समाप्त कर देता है tabbed browsing tiled window browsing से कम memory और operating system संसाधनों का उपयोग करता है
/home/abdullahm/Shivam//blind_data/141425_wYQaKVNl7bh28u3u_0006.wav,html
/home/abdullahm/Shivam//blind_data/141425_wYQaKVNl7bh28u3u_0071.wav,इस spoken tutorial के लिए उन्होंने इस विषय वस्तु की पुष्टि भी की है
/home/abdullahm/Shivam//blind_data/512580_oT2CzZaFTPoHj47K_0069.wav,कुछ format लिखने के लिए जानकारी की आवश्यकता होती है जो अन्य file format नहीं रखते हैं
/home/abdullahm/Shivam//blind_data/755386_f5DL5lLLcrAit2gw_0061.wav,और marker जैसे screen पर है वैसे दिखेगा
/home/abdullahm/Shivam//blind_data/848297_1Ex3WEqCQ7VGfqIn_0072.wav,अब मैं दर्शाऊँगी कि मौजूदा video में एक अतिरिक्त clip कैसे जोड़ें
/home/abdullahm/Shivam//blind_data/310356_u0sz1lTfmeW7wW5o_0038.wav,करते हैं python में हम 1 के बजाय 0 से शुरू करके string में characters को गिनते हैं
/home/abdullahm/Shivam//blind_data/272044_2BqsQz87kAjMhCxB_0050.wav,फिर हम prepared statement object पर execute query method को निष्पादित करते हैं
/home/abdullahm/Shivam//blind_data/341424_s7qmM57nndNUBRi4_0094.wav,add more files button पर click करें अगर आप और भी file
/home/abdullahm/Shivam//blind_data/755386_f5DL5lLLcrAit2gw_0068.wav,integral with limits 0 to 1 of square root of x dx
/home/abdullahm/Shivam//blind_data/135893_9lNAZMRfDfuCN6XC_0053.wav,पर ipython type करके ipython शुरू करें enter दबाएं आगे
/home/abdullahm/Shivam//blind_data/329997_O89uJhZZDPErIcwv_0073.wav,dialog box को बंद करने के लिए close पर click करिये
/home/abdullahm/Shivam//blind_data/341424_s7qmM57nndNUBRi4_0014.wav,अगर login page user name के साथ खुलता है तो इसका मतलब है कि आपने पहले भी अपनी machine से इस account को access किया है
/home/abdullahm/Shivam//blind_data/954326_dI6sOoo6pFXFhJSN_0019.wav,इसके बाद audio tools toolbar है इसमें selection tool तथा time shift tool है जिनका हम इस tutorial में प्रयोग करेंगे
/home/abdullahm/Shivam//blind_data/981154_ph1l8Eyc0Sf6TsiC_0086.wav,आगे unsorted bookmarks folder पर click करें और उसे खोलें
/home/abdullahm/Shivam//blind_data/437963_SWMxcnx8okhoHB4s_0111.wav,यह चार segments रखती है
/home/abdullahm/Shivam//blind_data/618242_jN7JwubGvJhIkeYN_0064.wav,उनको प्रमाणपत्र भी देते हैं जो online test pass करते हैं
/home/abdullahm/Shivam//blind_data/715617_85MWWgmTkIhi4ZHP_0071.wav,अगले page में दो options हैं downloading update while installing ubuntu or installing some third party software during the installation
/home/abdullahm/Shivam//blind_data/452417_njTJ0H4xzGZHdznO_0008.wav,इस tutorial को record करने के लिए मैं उपयोग कर रही हूँ ubuntu os version 12
/home/abdullahm/Shivam//blind_data/315424_dFWh8NolvyRPEZIi_0141.wav,अब मैं simulate button पर click करके इस class को simulate करती हूँ
/home/abdullahm/Shivam//blind_data/272044_2BqsQz87kAjMhCxB_0174.wav,यहाँ हम first name की value को खाली string से initialize कर रहे हैं
/home/abdullahm/Shivam//blind_data/785686_o9IGdBMefgqASRUb_0033.wav,मेरे साथ एक file य document share करता है तो यह इस menu में
/home/abdullahm/Shivam//blind_data/437963_SWMxcnx8okhoHB4s_0050.wav,अभी के लिए मैं इसे छोड़ दूंगी
/home/abdullahm/Shivam//blind_data/543096_UwcQJEuG2r7AD8vq_0051.wav,यहाँ downloaded की gi सभी themes दिखाई देती हैं
/home/abdullahm/Shivam//blind_data/910325_DPCsWwNZgf4mmvwU_0052.wav,मैं miso block को भी modelica library से खोलती हूँ
/home/abdullahm/Shivam//blind_data/785686_o9IGdBMefgqASRUb_0107.wav,देकर हम इस tutorial में यह विशेषता थोड़ी देर बाद देखेंगे
/home/abdullahm/Shivam//blind_data/618242_jN7JwubGvJhIkeYN_0066.wav,spoken tutorial project talk to a teacher project का हिस्सा है
/home/abdullahm/Shivam//blind_data/341424_s7qmM57nndNUBRi4_0083.wav,यहाँ हम तीन tabs देख सकते हैं
/home/abdullahm/Shivam//blind_data/272044_2BqsQz87kAjMhCxB_0144.wav,अब एक बार फिर user के लिए register करते हैं
/home/abdullahm/Shivam//blind_data/341424_s7qmM57nndNUBRi4_0000.wav,compose options for emails पर spoken tutorial में आपका स्वागत है
/home/abdullahm/Shivam//blind_data/848297_1Ex3WEqCQ7VGfqIn_0000.wav,नमस्कार cdeep i i t bombay की ओर से मैं इस tutorial में आपका स्वागत करती हूँ
/home/abdullahm/Shivam//blind_data/543096_UwcQJEuG2r7AD8vq_0055.wav,button पर click करें mozilla firefox बंद होकर restart होगा
/home/abdullahm/Shivam//blind_data/764823_MO16YTQW1VD8AudW_0030.wav,ministration
/home/abdullahm/Shivam//blind_data/310356_u0sz1lTfmeW7wW5o_0006.wav,एक विशेष base या string के भाग को ज्ञात करने में
/home/abdullahm/Shivam//blind_data/452417_njTJ0H4xzGZHdznO_0103.wav,इस mission पर अधिक जानकारी इस link पर उपलब्ध है
/home/abdullahm/Shivam//blind_data/315424_dFWh8NolvyRPEZIi_0008.wav,पृथ्वी की सतह से ball की ऊंचाई वैरिएबल h द्वारा दर्शायी gi है
/home/abdullahm/Shivam//blind_data/341424_s7qmM57nndNUBRi4_0054.wav,यहाँ हमारे पास विकल्प हैं जैसे हैं भिन्न fonts sizes bold italic underline text color align numbered और bulleted lists और indentation
/home/abdullahm/Shivam//blind_data/981154_ph1l8Eyc0Sf6TsiC_0003.wav,भी सीखेंगे यहाँ हम ubuntu 10 . 04 पर firefox version 7 . 0 का इस्तेमाल कर रहे हैं
/home/abdullahm/Shivam//blind_data/272044_2BqsQz87kAjMhCxB_0036.wav,अब वापस ide पर जाते हैं
/home/abdullahm/Shivam//blind_data/910325_DPCsWwNZgf4mmvwU_0055.wav,miso पर double click करें
/home/abdullahm/Shivam//blind_data/981154_ph1l8Eyc0Sf6TsiC_0106.wav,बाहर आने के लिए close पर click करें
/home/abdullahm/Shivam//blind_data/401356_C9yyvF8oQKRK8txb_0050.wav,5 factorial = 5 into 4 into 3 into 2 into 1 = 120
/home/abdullahm/Shivam//blind_data/141425_wYQaKVNl7bh28u3u_0035.wav,जैसे ही हम login करते हैं हम admin section page देख सकते हैं या
/home/abdullahm/Shivam//blind_data/172235_akeE0s3aKDyyCvEX_0034.wav,set कर सकते हैं qblast function xml format में blast परिणामों को
/home/abdullahm/Shivam//blind_data/981154_ph1l8Eyc0Sf6TsiC_0033.wav,save किया है
/home/abdullahm/Shivam//blind_data/952555_b9A7hrD5hUYxzb1E_0092.wav,अतः फिर से user name और password type करें
/home/abdullahm/Shivam//blind_data/401356_C9yyvF8oQKRK8txb_0082.wav,यह हमको libreoffice math में sets factorials और cross referencing के इस tutorial के अंत में लाता है
/home/abdullahm/Shivam//blind_data/785686_o9IGdBMefgqASRUb_0134.wav,हम उस email id को प्रविष्ट करते हैं window में एक बदलाव होता है
/home/abdullahm/Shivam//blind_data/785686_o9IGdBMefgqASRUb_0080.wav,दें कि इसके बायीं तरफ एक छोटा से त्रिभुज है इस
/home/abdullahm/Shivam//blind_data/785686_o9IGdBMefgqASRUb_0148.wav,लिख सकते है अपने mouse को सुझाव box पर tick और cross marks के ऊपर लाएं tick mark
/home/abdullahm/Shivam//blind_data/731203_IfrROqMp8euBDI18_0065.wav,उसी प्रकार हमें checkout book return book और book id मिलता है
/home/abdullahm/Shivam//blind_data/543096_UwcQJEuG2r7AD8vq_0089.wav,इस पहलू को ध्यान में रखना चाहिए जब add block कर रहे हों
/home/abdullahm/Shivam//blind_data/272044_2BqsQz87kAjMhCxB_0127.wav,अगर form भरते समय कोई error नहीं है तो user table में values डालने के लिए हम प्रश्न को निष्पादित करते हैं
/home/abdullahm/Shivam//blind_data/361930_TKM4DsRGN2zuNS6M_0036.wav,application panel से आप तय करते हैं कि mozilla firefox विभिन्न प्रकार की files का कैसे संचालन करना चाहिए
/home/abdullahm/Shivam//blind_data/443970_woduWyYl1wumm9Pt_0026.wav,admin की तरह login करते हैं
/home/abdullahm/Shivam//blind_data/662689_mndbMoheJbWHzF8b_0079.wav,application को access करने के लिए उस application का name url में लिखें अतः हमें उस विशिष्ट
/home/abdullahm/Shivam//blind_data/310356_u0sz1lTfmeW7wW5o_0005.wav,करने में अलगअलग bases या string के भाग की संख्या को गिनने में
/home/abdullahm/Shivam//blind_data/981154_ph1l8Eyc0Sf6TsiC_0012.wav,यह दर्शाता है कि इस site को bookmarked कर दिया है आप
/home/abdullahm/Shivam//blind_data/512580_oT2CzZaFTPoHj47K_0065.wav,fasta format में नयी file home folder में अब hiv fasta से save की जाती है
/home/abdullahm/Shivam//blind_data/785686_o9IGdBMefgqASRUb_0037.wav,recent menu उन files या documents की सूची दिखायेगा जो हाल ही में खोले गए थे यह
/home/abdullahm/Shivam//blind_data/908920_LIkOEYXYEAz96aNv_0033.wav,चलिए सबसे ऊपर file menu का इस्तेमाल करके और save चुनकर अपने काम को save कर
/home/abdullahm/Shivam//blind_data/443970_woduWyYl1wumm9Pt_0105.wav,हम issued books उसी प्रकार दर्शाते हैं जैसे हमने admin के लिए दर्शायी थीं
/home/abdullahm/Shivam//blind_data/764823_MO16YTQW1VD8AudW_0081.wav,निम्न link पर उपलब्ध video देखें
/home/abdullahm/Shivam//blind_data/930904_pauf66fOYFtqaQ0c_0126.wav,एक सरल servlet बनाना एक सरल
/home/abdullahm/Shivam//blind_data/401356_C9yyvF8oQKRK8txb_0067.wav,नए popup में type list में text select करें
/home/abdullahm/Shivam//blind_data/935529_oMCmIa1P3IAPKGyX_0049.wav,ध्यान दें कि icon view में कोई भी परिवर्तन तदनुसार icon annotation में दर्शाया गया है
/home/abdullahm/Shivam//blind_data/443970_woduWyYl1wumm9Pt_0074.wav,और आपको उसके लिए code दिखाऊँगा
/home/abdullahm/Shivam//blind_data/835472_QHretkXfg8wS2YKf_0041.wav,button दबाकर बहुत see प्रक्रियाएं सक्रीय होती हैं दायां mouse button
/home/abdullahm/Shivam//blind_data/172235_akeE0s3aKDyyCvEX_0047.wav,अगर आप fasta file को query की तरह उपयोग करना चाहते हैं तो इस text file में प्रदर्शित
/home/abdullahm/Shivam//blind_data/452417_njTJ0H4xzGZHdznO_0098.wav,यह video spoken tutorial project को सारांशित करता है
/home/abdullahm/Shivam//blind_data/437963_SWMxcnx8okhoHB4s_0102.wav,inbox starred sent mail drafts और अन्य gmail के कुछ मुख्य mailboxes हैं
/home/abdullahm/Shivam//blind_data/329997_O89uJhZZDPErIcwv_0025.wav,search bar के अंदर ही google के search engine चिह्न पर click
/home/abdullahm/Shivam//blind_data/835472_QHretkXfg8wS2YKf_0021.wav,central processing unit या cpu इस प्रकार का दिखता है इसमें unit के
/home/abdullahm/Shivam//blind_data/512580_oT2CzZaFTPoHj47K_0058.wav,इसे text editor में खोलें
/home/abdullahm/Shivam//blind_data/835472_QHretkXfg8wS2YKf_0036.wav,user interface को दर्शाता है keyboard और mouse
/home/abdullahm/Shivam//blind_data/618242_jN7JwubGvJhIkeYN_0017.wav,आप file और new tab पर click
/home/abdullahm/Shivam//blind_data/512580_oT2CzZaFTPoHj47K_0099.wav,spoken tutorial project भारत सरकार के mhrd के nmeict द्वारा निधिबद्ध है
/home/abdullahm/Shivam//blind_data/135893_9lNAZMRfDfuCN6XC_0034.wav,file को अपने home folder में sequence . fasta की तरह save करें text
/home/abdullahm/Shivam//blind_data/848297_1Ex3WEqCQ7VGfqIn_0038.wav,button एक बार में एक clip को fast forward करने का है
/home/abdullahm/Shivam//blind_data/443970_woduWyYl1wumm9Pt_0097.wav,मैं mdhusein से login करुँगा
/home/abdullahm/Shivam//blind_data/935529_oMCmIa1P3IAPKGyX_0013.wav,जैसे कि हमने पिछले tutorial में देखा है annotations को records के रूप में बेहतर समझा जा सकता है
/home/abdullahm/Shivam//blind_data/731203_IfrROqMp8euBDI18_0072.wav,अब हम देखेंगे कि हम इस method में क्या करेंगे
/home/abdullahm/Shivam//blind_data/755386_f5DL5lLLcrAit2gw_0032.wav,integral equations
/home/abdullahm/Shivam//blind_data/272044_2BqsQz87kAjMhCxB_0056.wav,इस तरह हम success greeting . jsp की ओर forward करते हैं
/home/abdullahm/Shivam//blind_data/437963_SWMxcnx8okhoHB4s_0145.wav,और gmail को logout करना
/home/abdullahm/Shivam//blind_data/172235_akeE0s3aKDyyCvEX_0077.wav,अधिक जानकारी के लिए हमें लिखें
/home/abdullahm/Shivam//blind_data/334157_201xLiqOYAgU2d7a_0020.wav,copy all audio into project safer विकल्प चुनें
/home/abdullahm/Shivam//blind_data/846118_m7mB9BC8FPflJgLI_0032.wav,install पर click करें
/home/abdullahm/Shivam//blind_data/908920_LIkOEYXYEAz96aNv_0008.wav,editor के border पर click करते हैं और उसको सही जगह drag और drop करें
/home/abdullahm/Shivam//blind_data/315424_dFWh8NolvyRPEZIi_0034.wav,libraries browser सभी classes दिखाता है जो omedit के session में load किये गए हैं
/home/abdullahm/Shivam//blind_data/755386_f5DL5lLLcrAit2gw_0079.wav,यह भारत सरकार के mhrd के itc के माध्यम से राष्ट्रीय साक्षरता mission द्वारा समर्थित है
/home/abdullahm/Shivam//blind_data/846118_m7mB9BC8FPflJgLI_0054.wav,firefox browser में add - ons manager tab पर click करें
/home/abdullahm/Shivam//blind_data/662689_mndbMoheJbWHzF8b_0059.wav,और इसने my first project को deploy कर दिया है browser window
/home/abdullahm/Shivam//blind_data/310356_u0sz1lTfmeW7wW5o_0008.wav,इस tutorial के अनुसरण के लिए आपको स्नातक स्तर की biochemistry या bioinformatics और
/home/abdullahm/Shivam//blind_data/935529_oMCmIa1P3IAPKGyX_0037.wav,extent canvas की सीमा का प्रतीक है
/home/abdullahm/Shivam//blind_data/731203_IfrROqMp8euBDI18_0068.wav,यदि checkout book और return book null है तो हम इसे भी प्रमाणित करते हैं
/home/abdullahm/Shivam//blind_data/835472_QHretkXfg8wS2YKf_0056.wav,चलता है तो सारे भाग कार्य करते हैं और गर्म होते हैं पीछे के पंखे
/home/abdullahm/Shivam//blind_data/272044_2BqsQz87kAjMhCxB_0147.wav,मैंने एक valid number के बजाय ab type किया है
/home/abdullahm/Shivam//blind_data/341424_s7qmM57nndNUBRi4_0090.wav,यदि कोई आपके साथ files share करना चाहता है तो यह shared with me tab में उपलब्ध होगा
/home/abdullahm/Shivam//blind_data/954326_dI6sOoo6pFXFhJSN_0055.wav,ऐसा करने के लिए menu बार मे जाए file पर click करे export option चुने उस पर click करे यह एक file name के लिए पूछेगा मैं यह नाम दूंगी scilab_hindi_matrix_operation
/home/abdullahm/Shivam//blind_data/401356_C9yyvF8oQKRK8txb_0000.wav,libreoffice math के spoken tutorial में आपका स्वागत है
/home/abdullahm/Shivam//blind_data/930904_pauf66fOYFtqaQ0c_0012.wav,html
/home/abdullahm/Shivam//blind_data/543096_UwcQJEuG2r7AD8vq_0088.wav,आपके browser पर प्रदर्शित होने से कुछ sites को रोक सकता है
/home/abdullahm/Shivam//blind_data/846118_m7mB9BC8FPflJgLI_0044.wav,page के संग्रह को save करने और प्रबंधन करने की अनुमती देता हैं ध्यान दें कि installation प्रगति bar और firefox को बंद करने और restart करने
/home/abdullahm/Shivam//blind_data/764823_MO16YTQW1VD8AudW_0073.wav,औए print button पर click करें
/home/abdullahm/Shivam//blind_data/835472_QHretkXfg8wS2YKf_0017.wav,mouse camera और scanner कुछ input उपकरण हैं central processing
/home/abdullahm/Shivam//blind_data/141425_wYQaKVNl7bh28u3u_0063.wav,spoken tutorial project team
/home/abdullahm/Shivam//blind_data/272044_2BqsQz87kAjMhCxB_0091.wav,अगर error messages की value null नहीं है तो हम यह message प्रदर्शित करते हैं
/home/abdullahm/Shivam//blind_data/361930_TKM4DsRGN2zuNS6M_0071.wav,इस नियतकार्य का अभ्यास करें
/home/abdullahm/Shivam//blind_data/341424_s7qmM57nndNUBRi4_0007.wav,और compose window विकल्पों के बारे में
/home/abdullahm/Shivam//blind_data/437963_SWMxcnx8okhoHB4s_0048.wav,मैं female चुन रही हूँ अब
/home/abdullahm/Shivam//blind_data/954326_dI6sOoo6pFXFhJSN_0040.wav,शुरू करने के लिए record button पर click करे
/home/abdullahm/Shivam//blind_data/145704_5CY9t6duxwVCK5NI_0038.wav,formulae अब बाईं ओर align हुए हैं
/home/abdullahm/Shivam//blind_data/715617_85MWWgmTkIhi4ZHP_0011.wav,यह सुनिश्चित करेगा कि virtual box आसानी से काम करेगा
/home/abdullahm/Shivam//blind_data/846118_m7mB9BC8FPflJgLI_0082.wav,firefox extensions के बारे में अधिक जानने के लिए कृपया firefox website पर जाएँ अब हम इस tutorial
/home/abdullahm/Shivam//blind_data/315424_dFWh8NolvyRPEZIi_0097.wav,इसलिए del dh / dt को प्रदर्शित करता है
/home/abdullahm/Shivam//blind_data/981154_ph1l8Eyc0Sf6TsiC_0101.wav,page size a 4 चुनें
/home/abdullahm/Shivam//blind_data/764823_MO16YTQW1VD8AudW_0061.wav,फिर एकसाथ ctrl और p keys दबाएं
/home/abdullahm/Shivam//blind_data/785686_o9IGdBMefgqASRUb_0038.wav,my drive और shared with me दोनों विषय वस्तुएं दिखायेगा अतः
/home/abdullahm/Shivam//blind_data/315424_dFWh8NolvyRPEZIi_0038.wav,मैं आपको दिखाऊंगी कि कैसे अलग अलग views के बीच
/home/abdullahm/Shivam//blind_data/512580_oT2CzZaFTPoHj47K_0070.wav,उदाहरण के लिए हम general file को fasta file में बदल सकते हैं लेकिन reverse नहीं कर सकते
/home/abdullahm/Shivam//blind_data/309014_gqEOe0kgNRGLHZph_0008.wav,प्रत्येक को देखते हैं और सीखते हैं कि यह क्या करते हैं
/home/abdullahm/Shivam//blind_data/848297_1Ex3WEqCQ7VGfqIn_0009.wav,screen पर आप देखेंगे बाएं हाथ की तरफ एक movie task panel बीच में एक collection panel और दायें हाथ की तरफ एक display panel है
/home/abdullahm/Shivam//blind_data/755386_f5DL5lLLcrAit2gw_0017.wav,जोकि त्वरण और बल के बीच के सम्बन्ध का वर्णन करता है
/home/abdullahm/Shivam//blind_data/135893_9lNAZMRfDfuCN6XC_0090.wav,आप अपनी पसंद की data files को parse करने के लिए उपरोक्त वर्णित function उपयोग कर सकते हैं
/home/abdullahm/Shivam//blind_data/361930_TKM4DsRGN2zuNS6M_0077.wav,यह spoken tutorial project को सारांशित करता है
/home/abdullahm/Shivam//blind_data/145704_5CY9t6duxwVCK5NI_0048.wav,हम अन्य वर्गों जैसे text या indexes या operators की size बदल सकते हैं हम default button का भी इस्तेमाल कर
/home/abdullahm/Shivam//blind_data/954326_dI6sOoo6pFXFhJSN_0078.wav,इस command को निष्पादित करने के लिए enter press करे लेकिन अभी के लिए छोड़ देते है और आगे बढ़ते है
/home/abdullahm/Shivam//blind_data/361930_TKM4DsRGN2zuNS6M_0032.wav,करें आप देखते हैं कि default रूप से desktop पर यह link download होगा
/home/abdullahm/Shivam//blind_data/334157_201xLiqOYAgU2d7a_0001.wav,यह tutorial समझायेगा कि एक audio file को कैसे edit करें हम सीखेंगे कि
/home/abdullahm/Shivam//blind_data/401356_C9yyvF8oQKRK8txb_0085.wav,factorials लिखें और
/home/abdullahm/Shivam//blind_data/452417_njTJ0H4xzGZHdznO_0056.wav,normal strings की तरह prompt पर type करें cdna = seq
/home/abdullahm/Shivam//blind_data/952555_b9A7hrD5hUYxzb1E_0083.wav,उस code को copy करें जो हमने doget method में लिखा था और उसे dopost method में paste करें
/home/abdullahm/Shivam//blind_data/731203_IfrROqMp8euBDI18_0091.wav,book id 1 के सामने वाले radio button पर click करें
/home/abdullahm/Shivam//blind_data/437963_SWMxcnx8okhoHB4s_0013.wav,gmail youtube
/home/abdullahm/Shivam//blind_data/341424_s7qmM57nndNUBRi4_0004.wav,emails में files संलग्न करना
/home/abdullahm/Shivam//blind_data/315424_dFWh8NolvyRPEZIi_0113.wav,मैं h अचयनित करती हूँ
/home/abdullahm/Shivam//blind_data/315424_dFWh8NolvyRPEZIi_0067.wav,इस class में variable declarations और equations हैं
/home/abdullahm/Shivam//blind_data/755386_f5DL5lLLcrAit2gw_0008.wav,बदल दीजिए चलिए बेहतर पठनीयता के लिए अपने प्रत्येक उदाहरणों के बीच नई lines और खाली line
/home/abdullahm/Shivam//blind_data/334157_201xLiqOYAgU2d7a_0036.wav,file का volume भी बढ़ाया या घटाया जा सकता है
/home/abdullahm/Shivam//blind_data/361930_TKM4DsRGN2zuNS6M_0013.wav,default रूप से home page field mozilla firefox start page पर set है
/home/abdullahm/Shivam//blind_data/935529_oMCmIa1P3IAPKGyX_0085.wav,line style के नीचे color पर click करें
/home/abdullahm/Shivam//blind_data/848297_1Ex3WEqCQ7VGfqIn_0057.wav,windows movie maker की अनेक विशेषताओं पर अधिक जानकारी movie task panel में movie making tips विकल्प से पता लगा सकते हैं
/home/abdullahm/Shivam//blind_data/935529_oMCmIa1P3IAPKGyX_0006.wav,पूर्वापेक्षा tutorials हमारी website पर उल्लिखित हैं कृपया उन्हें देखें
/home/abdullahm/Shivam//blind_data/334157_201xLiqOYAgU2d7a_0074.wav,बिना आवाज़ वाला भाग चुनना याद रखें अब click करें effect
/home/abdullahm/Shivam//blind_data/315424_dFWh8NolvyRPEZIi_0135.wav,मैंने पहले equation को delete कर लिया है
/home/abdullahm/Shivam//blind_data/785686_o9IGdBMefgqASRUb_0097.wav,करुँगी my first google doc और ok पर click करुँगी
/home/abdullahm/Shivam//blind_data/662689_mndbMoheJbWHzF8b_0097.wav,project talk to a teacher project का हिस्सा है यह भारत सरकार के
/home/abdullahm/Shivam//blind_data/543096_UwcQJEuG2r7AD8vq_0031.wav,install now पर click करें
/home/abdullahm/Shivam//blind_data/310356_u0sz1lTfmeW7wW5o_0105.wav,output dna sequence का molecular weight यानि आणविक भार दिखाता है
/home/abdullahm/Shivam//blind_data/452417_njTJ0H4xzGZHdznO_0040.wav,पहले coding dna strand के लिए एक sequence object बनाते हैं
/home/abdullahm/Shivam//blind_data/272044_2BqsQz87kAjMhCxB_0038.wav,dopost method पर आएं
/home/abdullahm/Shivam//blind_data/715617_85MWWgmTkIhi4ZHP_0061.wav,अब ubuntu - 16 . 04 . 5 - desktop - amd 64 . iso file browse करें और चुनें जिसे हमने पहले download किया था
/home/abdullahm/Shivam//blind_data/172235_akeE0s3aKDyyCvEX_0055.wav,blast output को parse करने के लिए निम्न लाइनें type करें
/home/abdullahm/Shivam//blind_data/135893_9lNAZMRfDfuCN6XC_0076.wav,यहाँ भी output file में सारे records के लिए record id sequence और sequence की length दिखाता है
/home/abdullahm/Shivam//blind_data/452417_njTJ0H4xzGZHdznO_0014.wav,biopython tools निम्न के
/home/abdullahm/Shivam//blind_data/935529_oMCmIa1P3IAPKGyX_0019.wav,अब मैं omedit पर जाती हूँ
/home/abdullahm/Shivam//blind_data/731203_IfrROqMp8euBDI18_0099.wav,फिर हम उपलब्ध प्रतियों के numbers को variable available copies में संचित करते हैं
/home/abdullahm/Shivam//blind_data/910325_DPCsWwNZgf4mmvwU_0089.wav,इन उदाहरणों को om edit के drag और drop कार्यक्षमता का उपयोग करके भी बनाया जा सकता है
/home/abdullahm/Shivam//blind_data/341424_s7qmM57nndNUBRi4_0037.wav,ज़रूरी note
/home/abdullahm/Shivam//blind_data/835472_QHretkXfg8wS2YKf_0004.wav,desktop या व्यक्तिगत computer और laptop
/home/abdullahm/Shivam//blind_data/309014_gqEOe0kgNRGLHZph_0029.wav,बंद करते हैं जैसे नाम से पता चलता है navigation toolbar आपको internet के माध्यम से एक
/home/abdullahm/Shivam//blind_data/764823_MO16YTQW1VD8AudW_0051.wav,अब print test page विकल्प पर click करें
/home/abdullahm/Shivam//blind_data/662689_mndbMoheJbWHzF8b_0044.wav,चुनें और file type से
/home/abdullahm/Shivam//blind_data/341424_s7qmM57nndNUBRi4_0183.wav,spoken tutorial project भारत सरकार के mhrd के nmeict के द्वारा निधिबद्ध है
/home/abdullahm/Shivam//blind_data/755386_f5DL5lLLcrAit2gw_0058.wav,यहाँ एक अन्य उदाहरण है log 64 to the base 2 = 6
/home/abdullahm/Shivam//blind_data/315424_dFWh8NolvyRPEZIi_0126.wav,यह h v / s time प्लॉट बनाता है
/home/abdullahm/Shivam//blind_data/437963_SWMxcnx8okhoHB4s_0150.wav,spoken tutorial project भारत सरकार के mhrd के nmeict के द्वारा समर्थित है
/home/abdullahm/Shivam//blind_data/910325_DPCsWwNZgf4mmvwU_0013.wav,blocks को connect statement का उपोयग करके connect किया जा सकता है
/home/abdullahm/Shivam//blind_data/662689_mndbMoheJbWHzF8b_0082.wav,हम देखते हैं
/home/abdullahm/Shivam//blind_data/731203_IfrROqMp8euBDI18_0039.wav,अतः हम उस book को checkout या return कर सकते हैं
/home/abdullahm/Shivam//blind_data/910325_DPCsWwNZgf4mmvwU_0051.wav,उन तीनों पर डबलक्लिक करें
/home/abdullahm/Shivam//blind_data/952555_b9A7hrD5hUYxzb1E_0048.wav,पहला task form data parameters को पुनः प्राप्त करना है
/home/abdullahm/Shivam//blind_data/848297_1Ex3WEqCQ7VGfqIn_0094.wav,यह windows movie maker की मूल editing विशेषताओं को समाविष्ट करता है
/home/abdullahm/Shivam//blind_data/401356_C9yyvF8oQKRK8txb_0026.wav,और हम लिख सकते हैं set c set a का subset है क्योंकि c का हर एक element set a में है
/home/abdullahm/Shivam//blind_data/310356_u0sz1lTfmeW7wW5o_0078.wav,output string में gc की उपस्थिति के प्रथम instance की स्थिति दिखाता है
/home/abdullahm/Shivam//blind_data/662689_mndbMoheJbWHzF8b_0022.wav,my first project type करें project location
/home/abdullahm/Shivam//blind_data/310356_u0sz1lTfmeW7wW5o_0084.wav,अब base को sequence से बदलते हैं
/home/abdullahm/Shivam//blind_data/935529_oMCmIa1P3IAPKGyX_0045.wav,ध्यान दें extent और grid के units scale factor से भिन्न होते हैं
/home/abdullahm/Shivam//blind_data/334157_201xLiqOYAgU2d7a_0063.wav,या edit tools panel में paste button से या edit
/home/abdullahm/Shivam//blind_data/341424_s7qmM57nndNUBRi4_0166.wav,यहाँ देखें हमने bcc में दो प्राप्तकर्ताओं का उल्लेख किया
/home/abdullahm/Shivam//blind_data/309014_gqEOe0kgNRGLHZph_0079.wav,browser की history function का उपयोग करके yahoo website पर जाएँ
/home/abdullahm/Shivam//blind_data/443970_woduWyYl1wumm9Pt_0127.wav,library management system अग्रणी software mnc के corporate social responsibility कार्यक्रम के अंतर्गत योगदान दिया गया है
/home/abdullahm/Shivam//blind_data/334157_201xLiqOYAgU2d7a_0011.wav,अब menu menu item से audacity excess करते हैं applications sound and video audacity
/home/abdullahm/Shivam//blind_data/272044_2BqsQz87kAjMhCxB_0192.wav,project का हिस्सा है यह भारत सरकार के mhrd के ict के माध्यम से राष्ट्रीय
/home/abdullahm/Shivam//blind_data/981154_ph1l8Eyc0Sf6TsiC_0007.wav,हमने एक पिछले tutorial में bookmarks के बारे में थोड़ा सीखा था
/home/abdullahm/Shivam//blind_data/361930_TKM4DsRGN2zuNS6M_0016.wav,हमारी settings स्वचालित रूप से save हो जाएंगी
/home/abdullahm/Shivam//blind_data/731203_IfrROqMp8euBDI18_0082.wav,यहाँ हमने integer variable book already issued को 0 set किया है हम query निष्पादित करते
/home/abdullahm/Shivam//blind_data/272044_2BqsQz87kAjMhCxB_0096.wav,अब देखें कि यूज़र को database में कैसे जोड़ते हैं
/home/abdullahm/Shivam//blind_data/764823_MO16YTQW1VD8AudW_0007.wav,monitor
/home/abdullahm/Shivam//blind_data/341424_s7qmM57nndNUBRi4_0100.wav,default रूप से insert as drive link चयनित है
/home/abdullahm/Shivam//blind_data/135893_9lNAZMRfDfuCN6XC_0005.wav,और बुनियादी python programming से परिचित होना चाहिए
/home/abdullahm/Shivam//blind_data/715617_85MWWgmTkIhi4ZHP_0022.wav,सबसे पहले हम सीखेंगे कि कैसे virtual box में virtual machine बनाना है
/home/abdullahm/Shivam//blind_data/715617_85MWWgmTkIhi4ZHP_0004.wav,ubuntu linux 16 . 04 os का उपयोग करके
/home/abdullahm/Shivam//blind_data/512580_oT2CzZaFTPoHj47K_0083.wav,सबसे लम्बे record को व्यवस्थित करने के लिए निम्न लाइनें type करें
/home/abdullahm/Shivam//blind_data/341424_s7qmM57nndNUBRi4_0081.wav,अब मैं एक क्षण के लिए इस documents को
/home/abdullahm/Shivam//blind_data/361930_TKM4DsRGN2zuNS6M_0018.wav,window खोलें आप देखे
/home/abdullahm/Shivam//blind_data/930904_pauf66fOYFtqaQ0c_0049.wav,इन methods को देखने के लिए बायीं तरफ + sign पर click करें
/home/abdullahm/Shivam//blind_data/315424_dFWh8NolvyRPEZIi_0101.wav,toolbar में simulate button पर click करें
/home/abdullahm/Shivam//blind_data/334157_201xLiqOYAgU2d7a_0054.wav,जो परिचय ढाँचे और निष्कर्ष के लिए उचित है उसके आधार पर edit की योजना बनायें
/home/abdullahm/Shivam//blind_data/785686_o9IGdBMefgqASRUb_0067.wav,किसी file को upload करने के लिए पहले new button पर फिर file upload पर
/home/abdullahm/Shivam//blind_data/764823_MO16YTQW1VD8AudW_0057.wav,अब हमारा printer हमारे documents को print करने के लिए तैयार है
/home/abdullahm/Shivam//blind_data/329997_O89uJhZZDPErIcwv_0002.wav,address bar में auto complete का इस्तेमाल
/home/abdullahm/Shivam//blind_data/935529_oMCmIa1P3IAPKGyX_0078.wav,circle में नीले स्थान पर right click करें properties चुनें
/home/abdullahm/Shivam//blind_data/341424_s7qmM57nndNUBRi4_0016.wav,और sign in button पर click करें
/home/abdullahm/Shivam//blind_data/835472_QHretkXfg8wS2YKf_0042.wav,दबाकर गैर मानक प्रक्रियाएं जैसे shortcuts सक्रीय होते हैं mouse wheel
/home/abdullahm/Shivam//blind_data/315424_dFWh8NolvyRPEZIi_0131.wav,नीचे दाईं ओर modeling perspective पर click करके modeling perspective पर वापस जाएँ
/home/abdullahm/Shivam//blind_data/437963_SWMxcnx8okhoHB4s_0019.wav,यह हमें उस page पर ले जायेगा जहाँ हम ऊपर दायीं तरफ दो विकल्प देख सकते हैं
/home/abdullahm/Shivam//blind_data/835472_QHretkXfg8wS2YKf_0112.wav,speakers single unit में बने हुए हैं इसमें lan port
/home/abdullahm/Shivam//blind_data/846118_m7mB9BC8FPflJgLI_0034.wav,end user license agreement dialog box पर accept and install पर click करें
/home/abdullahm/Shivam//blind_data/835472_QHretkXfg8wS2YKf_0084.wav,cpu पर कुछ parallel ports भी हैं ये उपकरण जब
/home/abdullahm/Shivam//blind_data/910325_DPCsWwNZgf4mmvwU_0000.wav,नमस्कार block component modeling पर spoken tutorial में आपका स्वागत है
/home/abdullahm/Shivam//blind_data/715617_85MWWgmTkIhi4ZHP_0102.wav,के दौरान हमने जो विवरण दिया था उसके साथ login करें हमें
/home/abdullahm/Shivam//blind_data/452417_njTJ0H4xzGZHdznO_0063.wav,निम्न code type करें
/home/abdullahm/Shivam//blind_data/341424_s7qmM57nndNUBRi4_0072.wav,message के साथ जोड़ी गयी file को हटाने के लिए file नेम के दायीं तरफ x mark पर click करें
/home/abdullahm/Shivam//blind_data/361930_TKM4DsRGN2zuNS6M_0033.wav,save पर click करें और file desktop पर save होगी
/home/abdullahm/Shivam//blind_data/141425_wYQaKVNl7bh28u3u_0008.wav,अब हम web application – the library management system पर देखते हैं
/home/abdullahm/Shivam//blind_data/848297_1Ex3WEqCQ7VGfqIn_0023.wav,अगर आप चाहते हैं तो आप एकएक करके clip को timeline पर जोड़ सकते हैं इसको timeline पर drag और drop करके अब मैं इसे पीछे लेती हूँ
/home/abdullahm/Shivam//blind_data/512580_oT2CzZaFTPoHj47K_0005.wav,और लम्बाई के आधार पर file में records को कैसे sort
/home/abdullahm/Shivam//blind_data/329997_O89uJhZZDPErIcwv_0059.wav,अपने autocomplete विशेषता के द्वारा url bar में web addresses को लिखना सरल बना देता है हमे addresses bar में पूरा web addresses
/home/abdullahm/Shivam//blind_data/981154_ph1l8Eyc0Sf6TsiC_0051.wav,और my bookmarks पर click करें
/home/abdullahm/Shivam//blind_data/310356_u0sz1lTfmeW7wW5o_0013.wav,ipython interpreter version 2 . 3 . 0
/home/abdullahm/Shivam//blind_data/731203_IfrROqMp8euBDI18_0043.wav,यह class calendar प्रयोग करके हुआ है
/home/abdullahm/Shivam//blind_data/731203_IfrROqMp8euBDI18_0130.wav,अब इस method पर आते हैं
/home/abdullahm/Shivam//blind_data/272044_2BqsQz87kAjMhCxB_0094.wav,हम फिर error messages को list की तरह दर्शाते हैं
/home/abdullahm/Shivam//blind_data/443970_woduWyYl1wumm9Pt_0068.wav,अब browser पर वापस आते हैं
/home/abdullahm/Shivam//blind_data/954326_dI6sOoo6pFXFhJSN_0004.wav,यह mac os x microsoft windows gnu / linux तथा अन्य operating system के लिए उपलब्ध है
/home/abdullahm/Shivam//blind_data/910325_DPCsWwNZgf4mmvwU_0059.wav,text view पर जाएँ यदि यह diagram view में खुला है
/home/abdullahm/Shivam//blind_data/361930_TKM4DsRGN2zuNS6M_0056.wav,हम network option का उपयोग करके internet से firefox को जोड़ने वाले मार्ग
/home/abdullahm/Shivam//blind_data/910325_DPCsWwNZgf4mmvwU_0084.wav,जैसा हमने पिछले tutorial में देखा है product एक array function है जो arrey को input के रूप में लेता है
/home/abdullahm/Shivam//blind_data/334157_201xLiqOYAgU2d7a_0071.wav,ok पर click करें
/home/abdullahm/Shivam//blind_data/930904_pauf66fOYFtqaQ0c_0053.wav,confusion से बचने के लिए हम process request और get servlet info को मिटा देंगे
/home/abdullahm/Shivam//blind_data/437963_SWMxcnx8okhoHB4s_0110.wav,new message name के साथ एक window खुलती है
/home/abdullahm/Shivam//blind_data/135893_9lNAZMRfDfuCN6XC_0097.wav,आपुरा किया हुआ नियत कार्य code की निम्न लाइनें रखना चाहिए
/home/abdullahm/Shivam//blind_data/341424_s7qmM57nndNUBRi4_0122.wav,यह बताता है go to link
/home/abdullahm/Shivam//blind_data/334157_201xLiqOYAgU2d7a_0081.wav,निम्नतम value प्रयोग करें जो noise को स्वीकार्य स्तर तक कम करे
/home/abdullahm/Shivam//blind_data/452417_njTJ0H4xzGZHdznO_0057.wav,sequence को double ' और ( में रखें
/home/abdullahm/Shivam//blind_data/935529_oMCmIa1P3IAPKGyX_0065.wav,ध्यान दें कि extent में निर्देशांक का पहला युग्म - 200 - 100 से - 150 - 100 में बदल गया है
/home/abdullahm/Shivam//blind_data/543096_UwcQJEuG2r7AD8vq_0087.wav,यह इसलिए क्योंकि कई मुफ्त sites उनकी आय विज्ञापनों से अर्जित करती हैं adblocker
/home/abdullahm/Shivam//blind_data/341424_s7qmM57nndNUBRi4_0180.wav,कृपया इसे download करें और देखें
/home/abdullahm/Shivam//blind_data/315424_dFWh8NolvyRPEZIi_0060.wav,अब freefall class का उपयोग करके modelica के syntax को समझते हैं
/home/abdullahm/Shivam//blind_data/443970_woduWyYl1wumm9Pt_0054.wav,हम book object बनाते हैं
/home/abdullahm/Shivam//blind_data/315424_dFWh8NolvyRPEZIi_0023.wav,modeling perspective अब खुला है
/home/abdullahm/Shivam//blind_data/935529_oMCmIa1P3IAPKGyX_0020.wav,हम icon and diagram annotations को bouncing ball with annotations नामक उदाहरण के माध्यम से समझेंगे
/home/abdullahm/Shivam//blind_data/952555_b9A7hrD5hUYxzb1E_0111.wav,dopost method प्रयोग करके parameters pass करना
/home/abdullahm/Shivam//blind_data/272044_2BqsQz87kAjMhCxB_0024.wav,हम first name surname age gender email username और password देख सकते हैं
/home/abdullahm/Shivam//blind_data/935529_oMCmIa1P3IAPKGyX_0025.wav,libraries browser में इसके icon पर double click करें
/home/abdullahm/Shivam//blind_data/731203_IfrROqMp8euBDI18_0090.wav,username में arya type करें
/home/abdullahm/Shivam//blind_data/715617_85MWWgmTkIhi4ZHP_0057.wav,इसके बाद हम इसमें ubuntu linux 16 . 04 संस्थापित करेंगे
/home/abdullahm/Shivam//blind_data/952555_b9A7hrD5hUYxzb1E_0067.wav,हमें browser में प्रदर्शित हमारा home page मिल गया है
/home/abdullahm/Shivam//blind_data/315424_dFWh8NolvyRPEZIi_0100.wav,मैं आपको दिखाती हूँ कि इस class को simulate कैसे
/home/abdullahm/Shivam//blind_data/935529_oMCmIa1P3IAPKGyX_0087.wav,मैं red चुनूंगी और ok पर click करती हूँ
/home/abdullahm/Shivam//blind_data/272044_2BqsQz87kAjMhCxB_0010.wav,इस tutorial के अनुसरण के लिए आपको निम्न का ज्ञान होना
/home/abdullahm/Shivam//blind_data/846118_m7mB9BC8FPflJgLI_0007.wav,के लिए नई सुविधाएँ जोड़ने मौजीदा सुविधाएँ मे वृद्धी करने
/home/abdullahm/Shivam//blind_data/361930_TKM4DsRGN2zuNS6M_0057.wav,configure कर सकते है network tab में connections के नीचे settings button
/home/abdullahm/Shivam//blind_data/512580_oT2CzZaFTPoHj47K_0024.wav,sequence record object में एक sequence उच्च level features जैसे कि identifiers और descriptions के साथ संयुक्त की जाती है
/home/abdullahm/Shivam//blind_data/361930_TKM4DsRGN2zuNS6M_0026.wav,radio button पर click करके उसे चुने browse button पर click करें और default folder को
/home/abdullahm/Shivam//blind_data/543096_UwcQJEuG2r7AD8vq_0094.wav,फिर default theme पर वापस जाएँ
/home/abdullahm/Shivam//blind_data/835472_QHretkXfg8wS2YKf_0006.wav,कार्य एक computer
/home/abdullahm/Shivam//blind_data/785686_o9IGdBMefgqASRUb_0042.wav,वह add star विकल्प चुनते हैं आगे
/home/abdullahm/Shivam//blind_data/715617_85MWWgmTkIhi4ZHP_0094.wav,यह आग्रह करेगा कि जब user password प्रविष्ट करेगा जब भी वह logs in करेगा
/home/abdullahm/Shivam//blind_data/930904_pauf66fOYFtqaQ0c_0019.wav,servlet container servlets को इसके अंदर निष्पादित करने की अनुमति देता है
/home/abdullahm/Shivam//blind_data/835472_QHretkXfg8wS2YKf_0095.wav,यह bios system है जो निम्न जानकारी प्रदर्शित करता है computer
/home/abdullahm/Shivam//blind_data/935529_oMCmIa1P3IAPKGyX_0005.wav,इस tutorial को समझने और अभ्यास करने के लिए आपको modelica में class की परिभाषा के ज्ञान की आवश्यकता है आपको ज्ञान होना चाहिए कि annotation को निर्दिष्ट कैसे करते हैं
/home/abdullahm/Shivam//blind_data/662689_mndbMoheJbWHzF8b_0078.wav,fish server instance इस पर run होने वाली बहुत see applications रख सकता है एक विशेष appli
/home/abdullahm/Shivam//blind_data/437963_SWMxcnx8okhoHB4s_0075.wav,फिर continue button पर click करें
/home/abdullahm/Shivam//blind_data/272044_2BqsQz87kAjMhCxB_0101.wav,attributes के साथ एक java class और उनके लिए setters और getters
/home/abdullahm/Shivam//blind_data/443970_woduWyYl1wumm9Pt_0092.wav,इसमें फर्क सिर्फ sql query का है
/home/abdullahm/Shivam//blind_data/715617_85MWWgmTkIhi4ZHP_0086.wav,आप भाषा बदलना चाहते हैं तो वांछित विकल्प का चयन करें मै english us के साथ आगे बढ़ूंगी नी
/home/abdullahm/Shivam//blind_data/310356_u0sz1lTfmeW7wW5o_0104.wav,output % की तरह gc content दिखाता है
/home/abdullahm/Shivam//blind_data/618242_jN7JwubGvJhIkeYN_0029.wav,search bar में email wikipedia type करें search bar की दायीं ओर magnifying glass पर click करें
/home/abdullahm/Shivam//blind_data/662689_mndbMoheJbWHzF8b_0030.wav,कि यहाँ अनेक nodes हैं और my first project named web application बनाई गयी है अभी‌ हम इन सभी‌ nodes
/home/abdullahm/Shivam//blind_data/145704_5CY9t6duxwVCK5NI_0039.wav,हम format menu से fonts को चुनकर font style बदल सकते हैं
/home/abdullahm/Shivam//blind_data/662689_mndbMoheJbWHzF8b_0074.wav,अब अपने browser पर वापस आते हैं url को look
/home/abdullahm/Shivam//blind_data/141425_wYQaKVNl7bh28u3u_0027.wav,हम library में उपलब्ध सारी किताबों की सूची देख सकते हैं
/home/abdullahm/Shivam//blind_data/145704_5CY9t6duxwVCK5NI_0007.wav,यदि writer open नहीं है इसे windows start menu से open कर सकते हैं
/home/abdullahm/Shivam//blind_data/731203_IfrROqMp8euBDI18_0073.wav,पहले हम query निष्पादित करते हैं यह जांचने के लिए कि username table में है या नहीं फिर
/home/abdullahm/Shivam//blind_data/437963_SWMxcnx8okhoHB4s_0099.wav,मध्य display क्षेत्र जहाँ हम अपने सारे mails देख सकते हैं
/home/abdullahm/Shivam//blind_data/908920_LIkOEYXYEAz96aNv_0029.wav,अब क्या यह वास्तव में वही है जो हम लिखना चाहते थे
/home/abdullahm/Shivam//blind_data/910325_DPCsWwNZgf4mmvwU_0008.wav,blocks के बारे में सीखते हैं
/home/abdullahm/Shivam//blind_data/452417_njTJ0H4xzGZHdznO_0054.wav,ध्यान दें कि हमने seq और iupac modules को load करने के लिए import और from statements उपयोग किये हैं
/home/abdullahm/Shivam//blind_data/309014_gqEOe0kgNRGLHZph_0005.wav,mozilla firefox को सफलतापूर्वक इस्तेमाल करने के लिए इसके हर एक features से परिचित
/home/abdullahm/Shivam//blind_data/910325_DPCsWwNZgf4mmvwU_0019.wav,हम एक class लिखते हैं जो निम्नलिखित कार्यों को पूरा करने के लिए blocks का उपयोग करता है input और output के रूप में दो बार अलगअलग signal lan
/home/abdullahm/Shivam//blind_data/272044_2BqsQz87kAjMhCxB_0106.wav,हमारे पास निम्न attributes first name surname age gender email username password हैं
/home/abdullahm/Shivam//blind_data/452417_njTJ0H4xzGZHdznO_0025.wav,linux system पर संस्थापन
/home/abdullahm/Shivam//blind_data/310356_u0sz1lTfmeW7wW5o_0053.wav,यह स्थितियाँ शुरुआत को शामिल करती हैं किन्तु stop को शामिल नहीं करती हैं enter दबाएं
/home/abdullahm/Shivam//blind_data/443970_woduWyYl1wumm9Pt_0084.wav,हम सारी checkout list को iterate करते हैं
/home/abdullahm/Shivam//blind_data/543096_UwcQJEuG2r7AD8vq_0074.wav,ने के लिए मदत करते हैं adblock ऐसा ही
/home/abdullahm/Shivam//blind_data/731203_IfrROqMp8euBDI18_0022.wav,एक list users के लिए और दूसरा checkout या return book के लिए
/home/abdullahm/Shivam//blind_data/715617_85MWWgmTkIhi4ZHP_0091.wav,confirm your password tax box में वही password फिर से type करें
/home/abdullahm/Shivam//blind_data/952555_b9A7hrD5hUYxzb1E_0012.wav,के अनुसरण के लिए आपको निम्न का पता होना चाहिए
/home/abdullahm/Shivam//blind_data/846118_m7mB9BC8FPflJgLI_0036.wav,एक संदेश प्रदर्शित होता है कि addon संस्थापित होगा
/home/abdullahm/Shivam//blind_data/731203_IfrROqMp8euBDI18_0171.wav,library management system अग्रणी software mnc के corporate social responsibility कार्यक्रम के अंतर्गत योगदान दिया गया है
/home/abdullahm/Shivam//blind_data/908920_LIkOEYXYEAz96aNv_0038.wav,formula menu से maths लाते हैं मैंने पहले से ही quadratic equations time किया है मैं इसे cut और paste करूँगा जिससे समय की बच
/home/abdullahm/Shivam//blind_data/910325_DPCsWwNZgf4mmvwU_0101.wav,आप उन्हें modelica blocks interfaces package में देख सकते हैं
/home/abdullahm/Shivam//blind_data/731203_IfrROqMp8euBDI18_0076.wav,फिर user exists की value return होती है
/home/abdullahm/Shivam//blind_data/731203_IfrROqMp8euBDI18_0159.wav,एक book निकाल
/home/abdullahm/Shivam//blind_data/341424_s7qmM57nndNUBRi4_0141.wav,this drive file is not shared with all recipients
/home/abdullahm/Shivam//blind_data/543096_UwcQJEuG2r7AD8vq_0017.wav,themes page पर ले जाता है हम यहाँ बड़ी संख्या में themes को thumbnails के रूप में
/home/abdullahm/Shivam//blind_data/309014_gqEOe0kgNRGLHZph_0009.wav,file menu पर click करें और फिर new window click करें
/home/abdullahm/Shivam//blind_data/341424_s7qmM57nndNUBRi4_0127.wav,प्रयोग करें ध्यान दें कि text saved trash icon से
/home/abdullahm/Shivam//blind_data/835472_QHretkXfg8wS2YKf_0082.wav,कि cpu पर अन्य serial ports हैं ये हैं pds
/home/abdullahm/Shivam//blind_data/785686_o9IGdBMefgqASRUb_0092.wav,देख सकते हैं कि menus और text formatting विकल्प अन्य office suite की तरह ही हैं ऊपर
/home/abdullahm/Shivam//blind_data/341424_s7qmM57nndNUBRi4_0012.wav,login page खुलता है
/home/abdullahm/Shivam//blind_data/764823_MO16YTQW1VD8AudW_0029.wav,@
/home/abdullahm/Shivam//blind_data/755386_f5DL5lLLcrAit2gw_0052.wav,लिखिए logarithms और दो बार enter press करें
/home/abdullahm/Shivam//blind_data/309014_gqEOe0kgNRGLHZph_0050.wav,folder drop down menu से bookmarks tool
/home/abdullahm/Shivam//blind_data/443970_woduWyYl1wumm9Pt_0000.wav,creating and viewing inventories के spoken tutorial में आपका स्वागत है इस tutorial में
/home/abdullahm/Shivam//blind_data/443970_woduWyYl1wumm9Pt_0082.wav,अब हम list borrowed books . jsp पर आते हैं
/home/abdullahm/Shivam//blind_data/846118_m7mB9BC8FPflJgLI_0072.wav,scrap book update करने के लिए उसे चुने right click करें और find updates पर
/home/abdullahm/Shivam//blind_data/334157_201xLiqOYAgU2d7a_0028.wav,अगर audio file stereo mode में है और stereo output की आवश्यकता नहीं है तो आप mode को mono में बदल सकते हैं
/home/abdullahm/Shivam//blind_data/764823_MO16YTQW1VD8AudW_0039.wav,अब dialog box choose driver विकल्प पर जाता है
/home/abdullahm/Shivam//blind_data/618242_jN7JwubGvJhIkeYN_0043.wav,window में होगा default pop से popup blocking शुरू होती है
/home/abdullahm/Shivam//blind_data/341424_s7qmM57nndNUBRi4_0067.wav,यह file browser को खोलेगा
/home/abdullahm/Shivam//blind_data/543096_UwcQJEuG2r7AD8vq_0015.wav,/ firefox /
/home/abdullahm/Shivam//blind_data/846118_m7mB9BC8FPflJgLI_0035.wav,addon download प्रगति पर प्रदर्शित होता है आगे
/home/abdullahm/Shivam//blind_data/135893_9lNAZMRfDfuCN6XC_0007.wav,tutorial को record करने के लिए मैं उपयोग कर रही हूँ ubuntu os version 14 . 10
/home/abdullahm/Shivam//blind_data/361930_TKM4DsRGN2zuNS6M_0011.wav,चलिए सीखते हैं कि कैसे gmail को अपने default homepage के रूप में set करें
/home/abdullahm/Shivam//blind_data/846118_m7mB9BC8FPflJgLI_0008.wav,अब
/home/abdullahm/Shivam//blind_data/952555_b9A7hrD5hUYxzb1E_0080.wav,हम देख सकते हैं कि user name और password जो हमने form के अंदर enter किये थे url के भी अंदर है अब
/home/abdullahm/Shivam//blind_data/309014_gqEOe0kgNRGLHZph_0017.wav,निश्चित करता है अपने पसंद के webpage को homepage के रूप में set करने के लिए edit और preferences
/home/abdullahm/Shivam//blind_data/846118_m7mB9BC8FPflJgLI_0043.wav,के अन्य extension scrap book संस्थापित करें scrap book आप को web
/home/abdullahm/Shivam//blind_data/930904_pauf66fOYFtqaQ0c_0122.wav,स्तुति के उद्देश्य से jsp को वरीयता मिलती है
/home/abdullahm/Shivam//blind_data/334157_201xLiqOYAgU2d7a_0104.wav,i i t bombay से
/home/abdullahm/Shivam//blind_data/910325_DPCsWwNZgf4mmvwU_0083.wav,यह block miso को अच्छी तरह से inherit करता है
/home/abdullahm/Shivam//blind_data/135893_9lNAZMRfDfuCN6XC_0048.wav,editor बंद करें data
/home/abdullahm/Shivam//blind_data/981154_ph1l8Eyc0Sf6TsiC_0023.wav,tags हमें bookmarks को श्रेणीबद्ध करने में मदद करते हैं
/home/abdullahm/Shivam//blind_data/272044_2BqsQz87kAjMhCxB_0156.wav,try catch block के अंदर हमने parseint method प्रयोग किया
/home/abdullahm/Shivam//blind_data/846118_m7mB9BC8FPflJgLI_0055.wav,बायें panel से extensions पर
/home/abdullahm/Shivam//blind_data/543096_UwcQJEuG2r7AD8vq_0010.wav,menu bar से edit और फिर preferences पर click करें
/home/abdullahm/Shivam//blind_data/835472_QHretkXfg8wS2YKf_0038.wav,computer में text characters और अन्य commands को प्रविष्ट करने के लिए design किया गया है यह computer
/home/abdullahm/Shivam//blind_data/785686_o9IGdBMefgqASRUb_0149.wav,बताता है accept suggestion और cross mark बताता है reject suggestion अब मै
/home/abdullahm/Shivam//blind_data/848297_1Ex3WEqCQ7VGfqIn_0029.wav,पहली clip पर click करें video का first frame या शुरुआत अब यहाँ display में दिखाई देगी
/home/abdullahm/Shivam//blind_data/145704_5CY9t6duxwVCK5NI_0050.wav,फ़ॉर्मूले में font size बदलावों पर ध्यान दें
/home/abdullahm/Shivam//blind_data/272044_2BqsQz87kAjMhCxB_0041.wav,हमने connection object prepared statement object और result set object को null से initialize किया
/home/abdullahm/Shivam//blind_data/315424_dFWh8NolvyRPEZIi_0026.wav,हम आगे आगे इन buttons के बारे में अधिक सीखेंगे
/home/abdullahm/Shivam//blind_data/731203_IfrROqMp8euBDI18_0075.wav,अगर username होता है तो हम user exists को 1 set करते हैं
/home/abdullahm/Shivam//blind_data/981154_ph1l8Eyc0Sf6TsiC_0093.wav,menu bar से bookmarks पर click करें और show all bookmarks चुनें
/home/abdullahm/Shivam//blind_data/310356_u0sz1lTfmeW7wW5o_0057.wav,variable का नाम बदलकर string 2 और स्थितियाँ बदलकर 11 और 20 करें
/home/abdullahm/Shivam//blind_data/437963_SWMxcnx8okhoHB4s_0138.wav,आपने gmail को सफलतापूर्वक sign out कर दिया है
/home/abdullahm/Shivam//blind_data/145704_5CY9t6duxwVCK5NI_0037.wav,नई window में left option चुनें और ok button पर click करें
/home/abdullahm/Shivam//blind_data/341424_s7qmM57nndNUBRi4_0071.wav,attach files विकल्प प्रयोग करके उसी mail में अनेक files भी संलग्न की जा सकती हैं
/home/abdullahm/Shivam//blind_data/401356_C9yyvF8oQKRK8txb_0038.wav,अब हम जानते हैं कि math को कैसे call करें
/home/abdullahm/Shivam//blind_data/835472_QHretkXfg8wS2YKf_0123.wav,पलब्ध video देखें यह spoken tutorial
/home/abdullahm/Shivam//blind_data/334157_201xLiqOYAgU2d7a_0090.wav,एक audio file कैसे खोलें stereo को mono में बदलना zoom इन और zoom out करना labels जोड़ना
/home/abdullahm/Shivam//blind_data/329997_O89uJhZZDPErIcwv_0044.wav,पर click करिये
/home/abdullahm/Shivam//blind_data/785686_o9IGdBMefgqASRUb_0130.wav,ये कोई बदलाव नहीं ला सकता और ना ही बदलाव का सुझाव दे सकता है
/home/abdullahm/Shivam//blind_data/443970_woduWyYl1wumm9Pt_0120.wav,spoken tutorial project team
/home/abdullahm/Shivam//blind_data/981154_ph1l8Eyc0Sf6TsiC_0090.wav,and free software folder में ले जाया गया है
/home/abdullahm/Shivam//blind_data/452417_njTJ0H4xzGZHdznO_0064.wav,करें output को variable mrna में संचित करें
/home/abdullahm/Shivam//blind_data/135893_9lNAZMRfDfuCN6XC_0060.wav,के लिए record id record में उपस्थित sequence और sequence की length भी print करें
/home/abdullahm/Shivam//blind_data/755386_f5DL5lLLcrAit2gw_0044.wav,कि हम देख सकते हैं दोहरे integral के लिए mark up है i i n t उसी
/home/abdullahm/Shivam//blind_data/401356_C9yyvF8oQKRK8txb_0089.wav,इस पर अधिक जानकारी निम्न link पर उपलब्ध है
/home/abdullahm/Shivam//blind_data/512580_oT2CzZaFTPoHj47K_0022.wav,sequence record objects के बारे में अधिक जानकारी
/home/abdullahm/Shivam//blind_data/272044_2BqsQz87kAjMhCxB_0020.wav,मैं अभी उन्हें दर्शाऊंगा
/home/abdullahm/Shivam//blind_data/361930_TKM4DsRGN2zuNS6M_0041.wav,का चुनाव करते हैं इस option का चुनाव आपकी browsing गतिविधि के बारे में जानकारी संचित करने से websites को रोक दे
/home/abdullahm/Shivam//blind_data/310356_u0sz1lTfmeW7wW5o_0034.wav,output एक नई dna sequence दिखाता है जो पहले वाली से अलग है
/home/abdullahm/Shivam//blind_data/341424_s7qmM57nndNUBRi4_0170.wav,यह हमें इस tutorial के अंत में लाता है
/home/abdullahm/Shivam//blind_data/361930_TKM4DsRGN2zuNS6M_0004.wav,मति देता है windows उपयोगकर्ता के लिए इस feature को options कहते हैं
/home/abdullahm/Shivam//blind_data/437963_SWMxcnx8okhoHB4s_0103.wav,default रूप से inbox चुना हुआ है और इसकी विषय वस्तुएँ display क्षेत्र में प्रदर्शित की गयी हैं
/home/abdullahm/Shivam//blind_data/272044_2BqsQz87kAjMhCxB_0047.wav,यहाँ question mark database में प्रत्येक field को दर्शाता है
/home/abdullahm/Shivam//blind_data/764823_MO16YTQW1VD8AudW_0066.wav,यहाँ range में कुछ विकल्प उपलब्ध हैं
/home/abdullahm/Shivam//blind_data/315424_dFWh8NolvyRPEZIi_0066.wav,class कहाँ समाप्त है यह दर्शाने के लिए सभी class का एक end statement होना चाहिए
/home/abdullahm/Shivam//blind_data/935529_oMCmIa1P3IAPKGyX_0123.wav,diagram view में प्रविष्ट line की properties को यहां निर्दिष्ट किया गया है
/home/abdullahm/Shivam//blind_data/309014_gqEOe0kgNRGLHZph_0066.wav,google type करें परिणाम के रूप में सबसे पहले google homepage
/home/abdullahm/Shivam//blind_data/952555_b9A7hrD5hUYxzb1E_0079.wav,अब question mark के द्वारा page की जानकारी से form data को अलग किया गया है
/home/abdullahm/Shivam//blind_data/512580_oT2CzZaFTPoHj47K_0003.wav,sequence files कैसे लिखते हैं
/home/abdullahm/Shivam//blind_data/310356_u0sz1lTfmeW7wW5o_0064.wav,यानी कि हम एक नयी sequence बनाने के लिए dna sequence एक protein sequence को श्रेणीबद्ध नहीं कर सकते हैं
/home/abdullahm/Shivam//blind_data/731203_IfrROqMp8euBDI18_0162.wav,यह spoken tutorial project को सारांशित करता है
/home/abdullahm/Shivam//blind_data/848297_1Ex3WEqCQ7VGfqIn_0073.wav,मेरे पास एक छोटी see clip है जो मैं अपने विडिओ में सम्मिलित करना चाहती हूँ
/home/abdullahm/Shivam//blind_data/755386_f5DL5lLLcrAit2gw_0077.wav,integral equations और logarithms के साथ formulae
/home/abdullahm/Shivam//blind_data/172235_akeE0s3aKDyyCvEX_0064.wav,प्रत्येक alignment के लिये हमारे पास length score gaps e value और strings हैं
/home/abdullahm/Shivam//blind_data/715617_85MWWgmTkIhi4ZHP_0046.wav,अगला page file location and size hard disk size आवंटित करने के लिए है
/home/abdullahm/Shivam//blind_data/785686_o9IGdBMefgqASRUb_0087.wav,sheets बनाने के लिए google sheets हैं और
/home/abdullahm/Shivam//blind_data/315424_dFWh8NolvyRPEZIi_0070.wav,h पृथ्वी की सतह से bowl की ऊंचाई को दर्शाता है
/home/abdullahm/Shivam//blind_data/715617_85MWWgmTkIhi4ZHP_0051.wav,अनुशंसित आकार 10 gb है लेकिन मैं इसे 20 gb में बदल दूंगी
/home/abdullahm/Shivam//blind_data/930904_pauf66fOYFtqaQ0c_0041.wav,उसके अतिरिक्त java एक main method नहीं रखता
/home/abdullahm/Shivam//blind_data/930904_pauf66fOYFtqaQ0c_0070.wav,enter दबाएं
/home/abdullahm/Shivam//blind_data/835472_QHretkXfg8wS2YKf_0131.wav,है इस mission पर अधिक जानकारी spoken tutorial . org / nmeict intro पर उपलब्ध है i i t bombay
/home/abdullahm/Shivam//blind_data/315424_dFWh8NolvyRPEZIi_0083.wav,नकारात्मक चिन्ह sign convention के इस्तेमाल के कारण होता है
/home/abdullahm/Shivam//blind_data/981154_ph1l8Eyc0Sf6TsiC_0063.wav,ध्यान दें कि yahoo spoken tutorials ubuntu और firefox addons bookmarks यहाँ सूचीबद्ध हैं मानते है
/home/abdullahm/Shivam//blind_data/512580_oT2CzZaFTPoHj47K_0045.wav,output 1 दिखाता है जिसका मतलब है हमने एक sequence record object को fasta file में बदल दिया है
/home/abdullahm/Shivam//blind_data/334157_201xLiqOYAgU2d7a_0003.wav,stereo file को mono में कैसे बदलें labels कैसे जोड़ें audio को cut delete move और amplify कैसे करें background noise को कैसे filter करें audio file को
/home/abdullahm/Shivam//blind_data/755386_f5DL5lLLcrAit2gw_0083.wav,हमसे जुड़ने के लिए धन्यवाद
/home/abdullahm/Shivam//blind_data/935529_oMCmIa1P3IAPKGyX_0090.wav,thickness field border की मोटाई निर्दिष्ट करता है
/home/abdullahm/Shivam//blind_data/930904_pauf66fOYFtqaQ0c_0007.wav,jdk 1 . 7
/home/abdullahm/Shivam//blind_data/437963_SWMxcnx8okhoHB4s_0020.wav,create an account और sign in
/home/abdullahm/Shivam//blind_data/908920_LIkOEYXYEAz96aNv_0065.wav,ठीक है
/home/abdullahm/Shivam//blind_data/848297_1Ex3WEqCQ7VGfqIn_0068.wav,ध्यान दें कि बाद वाली clip आगे बढ़ती है और पहले वाली clip से जुड़ जाती है
/home/abdullahm/Shivam//blind_data/334157_201xLiqOYAgU2d7a_0072.wav,अगर ok button सक्रीय नहीं है तो allow clipping विकल्प पर click करें
/home/abdullahm/Shivam//blind_data/310356_u0sz1lTfmeW7wW5o_0052.wav,इन ( में बंद : से अलग की गयी आरंभ और रोकी हुई स्थितियां हैं
/home/abdullahm/Shivam//blind_data/141425_wYQaKVNl7bh28u3u_0043.wav,फिर हमारे पास list users विकल्प है यहाँ
/home/abdullahm/Shivam//blind_data/310356_u0sz1lTfmeW7wW5o_0070.wav,output 15 bases लम्बा sequence दिखाता है
/home/abdullahm/Shivam//blind_data/272044_2BqsQz87kAjMhCxB_0112.wav,इसी प्रकार हम set और get methods को प्रत्येक attributes पर परिभाषित करते हैं
/home/abdullahm/Shivam//blind_data/785686_o9IGdBMefgqASRUb_0013.wav,जब हम इसके ऊपर mouse लेकर जाते हैं help text कहता है apps इस पर click करें
/home/abdullahm/Shivam//blind_data/954326_dI6sOoo6pFXFhJSN_0069.wav,मैं इसे desktop directory में बदलती हूँ और test
/home/abdullahm/Shivam//blind_data/846118_m7mB9BC8FPflJgLI_0029.wav,दायाँ panel अब add addon की सूची बनाता है जो कि खोजे गए नाम से mail खाता हो
/home/abdullahm/Shivam//blind_data/315424_dFWh8NolvyRPEZIi_0143.wav,यह कहता है कि यहाँ बहुत कम equations है और model में 1 equations और 2 variables हैं इसलिए यह stimulate नहीं हुआ है
/home/abdullahm/Shivam//blind_data/785686_o9IGdBMefgqASRUb_0030.wav,हम वो pdf और zip file देख सकते हैं जो यहाँ हमने पिछले tutorial में upload कर दी थी
/home/abdullahm/Shivam//blind_data/334157_201xLiqOYAgU2d7a_0066.wav,left click करके drag करके और छोड़ के
/home/abdullahm/Shivam//blind_data/954326_dI6sOoo6pFXFhJSN_0023.wav,पहले ही इसका अनुवाद किया है और समय को note किया है जैसे के पहले उल्लेख किया था अब
/home/abdullahm/Shivam//blind_data/145704_5CY9t6duxwVCK5NI_0000.wav,libre office math के spoken tutorial में आपका स्वाग
/home/abdullahm/Shivam//blind_data/310356_u0sz1lTfmeW7wW5o_0014.wav,biopython version 164
/home/abdullahm/Shivam//blind_data/835472_QHretkXfg8wS2YKf_0080.wav,को configure या स्थापित करने के बारे में अन्य tutorial में सीखेंगे
/home/abdullahm/Shivam//blind_data/512580_oT2CzZaFTPoHj47K_0056.wav,प्रदर्शन के लिए मैं genbank file को fasta file में बदलूँगी
/home/abdullahm/Shivam//blind_data/141425_wYQaKVNl7bh28u3u_0024.wav,हम यहाँ एक बहुत आसान login form देख सकते हैं
/home/abdullahm/Shivam//blind_data/715617_85MWWgmTkIhi4ZHP_0047.wav,यहां आप ubuntu नाम देख सकते हैं जिसे हमने पहले दिया था
/home/abdullahm/Shivam//blind_data/512580_oT2CzZaFTPoHj47K_0034.wav,output देखने के लिए type करें record1
/home/abdullahm/Shivam//blind_data/361930_TKM4DsRGN2zuNS6M_0042.wav,history में कई options हैं
/home/abdullahm/Shivam//blind_data/930904_pauf66fOYFtqaQ0c_0074.wav,अब servlet को run करते हैं
/home/abdullahm/Shivam//blind_data/731203_IfrROqMp8euBDI18_0134.wav,अब browser पर वापस आते हैं
/home/abdullahm/Shivam//blind_data/341424_s7qmM57nndNUBRi4_0023.wav,cc का मतलब carbon copy और bcc का मतलब है blind carbon copy है
/home/abdullahm/Shivam//blind_data/141425_wYQaKVNl7bh28u3u_0046.wav,इस विकल्प पर click करें
/home/abdullahm/Shivam//blind_data/543096_UwcQJEuG2r7AD8vq_0097.wav,यह spoken tutorial project को सारांशित करता है
/home/abdullahm/Shivam//blind_data/981154_ph1l8Eyc0Sf6TsiC_0010.wav,email home page पर ले जाया जाएगा क्या आप
/home/abdullahm/Shivam//blind_data/172235_akeE0s3aKDyyCvEX_0045.wav,अपने home folder और file पर जाएँ
/home/abdullahm/Shivam//blind_data/310356_u0sz1lTfmeW7wW5o_0044.wav,ये पहले 6 और 7 bases के बीच
/home/abdullahm/Shivam//blind_data/172235_akeE0s3aKDyyCvEX_0059.wav,match के महत्वपूर्ण होने के लिए अपेक्षित score 0 . 01 से कम होना चाहिए
/home/abdullahm/Shivam//blind_data/512580_oT2CzZaFTPoHj47K_0098.wav,अधिक जानकारी के लिए कृपया हमें लिखें
/home/abdullahm/Shivam//blind_data/662689_mndbMoheJbWHzF8b_0054.wav,लिए my first project पर right click करें clean and build
/home/abdullahm/Shivam//blind_data/135893_9lNAZMRfDfuCN6XC_0094.wav,नियत कार्य में
/home/abdullahm/Shivam//blind_data/329997_O89uJhZZDPErIcwv_0008.wav,तरीको पर नजर डालते हैं एक तरीका है कि
/home/abdullahm/Shivam//blind_data/846118_m7mB9BC8FPflJgLI_0075.wav,यहाँ इस scrap book के लिए कोई updates नहीं हैं इसलिये update button
/home/abdullahm/Shivam//blind_data/341424_s7qmM57nndNUBRi4_0185.wav,देखने के लिए और हमसे जुड़ने के लिए धन्यवाद
/home/abdullahm/Shivam//blind_data/341424_s7qmM57nndNUBRi4_0111.wav,आप इस विकल्प का अन्वेषण अपने आप कर सकते हैं
/home/abdullahm/Shivam//blind_data/952555_b9A7hrD5hUYxzb1E_0117.wav,spoken tutorial project team spoken tutorial
/home/abdullahm/Shivam//blind_data/141425_wYQaKVNl7bh28u3u_0059.wav,spoken tutorial project के बारे में अधिक जानने के लिए
/home/abdullahm/Shivam//blind_data/272044_2BqsQz87kAjMhCxB_0157.wav,यह integer देगा जबकि number का string प्रदर्शन input की तरह हो
/home/abdullahm/Shivam//blind_data/361930_TKM4DsRGN2zuNS6M_0051.wav,security panel में आपके web browsing को सुरक्षित रखने से संबंधित वरीयता
/home/abdullahm/Shivam//blind_data/954326_dI6sOoo6pFXFhJSN_0090.wav,ठीक है मैं इसे close करती हूँ
/home/abdullahm/Shivam//blind_data/437963_SWMxcnx8okhoHB4s_0115.wav,अगला segment subject है
/home/abdullahm/Shivam//blind_data/341424_s7qmM57nndNUBRi4_0148.wav,यहाँ उस email के content को देख सकते हैं जो हमने भेजा
/home/abdullahm/Shivam//blind_data/443970_woduWyYl1wumm9Pt_0085.wav,और यहाँ हम checkout के attributes दर्शाते हैं
/home/abdullahm/Shivam//blind_data/935529_oMCmIa1P3IAPKGyX_0032.wav,पहले हम सीखेंगे कि canvas के properties को कैसे manipulate करना है
/home/abdullahm/Shivam//blind_data/952555_b9A7hrD5hUYxzb1E_0028.wav,आगे हमारे पास paragraph tag है जो सम्मिलित करता है this is the home page for library management system
/home/abdullahm/Shivam//blind_data/135893_9lNAZMRfDfuCN6XC_0036.wav,पहले चयनित समान files के लिए genbank format में files download करने के लिए ऊपर की तरह ही steps का अनुसरण करें file
/home/abdullahm/Shivam//blind_data/930904_pauf66fOYFtqaQ0c_0099.wav,यह बेहतर होगा कि आप इसको jsp से बदलें
/home/abdullahm/Shivam//blind_data/135893_9lNAZMRfDfuCN6XC_0074.wav,page code समान रहता है
/home/abdullahm/Shivam//blind_data/443970_woduWyYl1wumm9Pt_0029.wav,हम इस page पर वापस आएंगे अब netbeans ide खोलें
/home/abdullahm/Shivam//blind_data/401356_C9yyvF8oQKRK8txb_0076.wav,libreoffice . org documentation link पर गाइड्स download करें
/home/abdullahm/Shivam//blind_data/172235_akeE0s3aKDyyCvEX_0011.wav,यह sequence की जानकारी की तुलना करने के लिए algorithm है
/home/abdullahm/Shivam//blind_data/341424_s7qmM57nndNUBRi4_0082.wav,बंद करती हूँ insert files using drive विकल्प पर click करना भी हमें पहले वाली window पर ले जाता है
/home/abdullahm/Shivam//blind_data/935529_oMCmIa1P3IAPKGyX_0111.wav,circle पर right click करें और properties चुनें
/home/abdullahm/Shivam//blind_data/443970_woduWyYl1wumm9Pt_0095.wav,browser पर वापस आते है
/home/abdullahm/Shivam//blind_data/731203_IfrROqMp8euBDI18_0036.wav,अब checkout . jsp पर आते हैं
/home/abdullahm/Shivam//blind_data/272044_2BqsQz87kAjMhCxB_0081.wav,हैं यदि error messages list खाली नहीं है तो हम error messages को index . jsp पर प्रदर्शित करते हैं
/home/abdullahm/Shivam//blind_data/310356_u0sz1lTfmeW7wW5o_0107.wav,अच्छी bandwidth न मिलने पर आप इसे download करके देख सकते हैं
/home/abdullahm/Shivam//blind_data/848297_1Ex3WEqCQ7VGfqIn_0006.wav,यह आपके screen पर एक खाली movie projects खोलेगा
/home/abdullahm/Shivam//blind_data/401356_C9yyvF8oQKRK8txb_0071.wav,केवल इस number पर click करके हम इसे जांचते हैं ;
/home/abdullahm/Shivam//blind_data/361930_TKM4DsRGN2zuNS6M_0045.wav,यदि हम clear all current history पर click करते हैं तो आपके computer में संचित सभी browsing विवरण समाप्त हो जाय
/home/abdullahm/Shivam//blind_data/935529_oMCmIa1P3IAPKGyX_0122.wav,इसमें इसके component record के रूप में coordinate system और graphics है
/home/abdullahm/Shivam//blind_data/785686_o9IGdBMefgqASRUb_0062.wav,folder का नाम spoken tutorial देते हैं और create button पर click करते हैं default
/home/abdullahm/Shivam//blind_data/437963_SWMxcnx8okhoHB4s_0117.wav,जैसे कि welcome mail
/home/abdullahm/Shivam//blind_data/981154_ph1l8Eyc0Sf6TsiC_0094.wav,दिखाई देने वाली library window में बाएं panel से unsorted bookmarks चुनें
/home/abdullahm/Shivam//blind_data/930904_pauf66fOYFtqaQ0c_0086.wav,अब file save करें
/home/abdullahm/Shivam//blind_data/329997_O89uJhZZDPErIcwv_0067.wav,सकते हैं edit पर click करें और फिर preferences पर
/home/abdullahm/Shivam//blind_data/145704_5CY9t6duxwVCK5NI_0082.wav,spoken tutorial project talk to a teacher project का हिस्सा है यह भारत सरकार के mhrd के itc के माध्यम से राष्ट्रीय साक्षरता mission द्वारा समर्थित है
/home/abdullahm/Shivam//blind_data/846118_m7mB9BC8FPflJgLI_0060.wav,अब बाएँ panel में extension option पर click करें ध्यान दें
/home/abdullahm/Shivam//blind_data/309014_gqEOe0kgNRGLHZph_0015.wav,firefox का कौनसा version हम इस्तेमाल कर रहे हैं यह जानने के लिए help और ab
/home/abdullahm/Shivam//blind_data/443970_woduWyYl1wumm9Pt_0091.wav,यह वैसे ही किया जाता है जैसे हमने borrowed books के लिए किया था
/home/abdullahm/Shivam//blind_data/135893_9lNAZMRfDfuCN6XC_0016.wav,box में type करें human insulin search button पर click करें
/home/abdullahm/Shivam//blind_data/512580_oT2CzZaFTPoHj47K_0027.wav,prompt पर निम्न लाइनें type करें
/home/abdullahm/Shivam//blind_data/731203_IfrROqMp8euBDI18_0055.wav,हमें checkout success page मिलता है admin से
/home/abdullahm/Shivam//blind_data/141425_wYQaKVNl7bh28u3u_0038.wav,पहला हमारे पास list books विकल्प है
/home/abdullahm/Shivam//blind_data/954326_dI6sOoo6pFXFhJSN_0030.wav,एक बार में ही record करे तो फिर आपको एक single audio track मिलेगा
/home/abdullahm/Shivam//blind_data/543096_UwcQJEuG2r7AD8vq_0040.wav,download पूरा हो जाने पर एक चेतावनी संदेश की window प्रदर्शित
/home/abdullahm/Shivam//blind_data/785686_o9IGdBMefgqASRUb_0094.wav,edit होने वाला शीर्षक है शीर्षक को दोबारा नाम देने के लिए text पर click करें rename
/home/abdullahm/Shivam//blind_data/662689_mndbMoheJbWHzF8b_0016.wav,netbeans ide खोलेंगे ide के ऊपर
/home/abdullahm/Shivam//blind_data/846118_m7mB9BC8FPflJgLI_0084.wav,इस tutorial में हमने extension या add on extension संस्थापित करने अनुशंसित extension के बारे में
/home/abdullahm/Shivam//blind_data/309014_gqEOe0kgNRGLHZph_0026.wav,gujarati type करें आप देखेंगे कि page पर gujarati शब्द चिन्हांकित हुआ है
/home/abdullahm/Shivam//blind_data/401356_C9yyvF8oQKRK8txb_0057.wav,और वर्तमान formula को factorial definition के साथ overwrite करें
/home/abdullahm/Shivam//blind_data/731203_IfrROqMp8euBDI18_0083.wav,यह जांचने के लिए कि समान book id की book उसी user के द् issue की गयी है
/home/abdullahm/Shivam//blind_data/910325_DPCsWwNZgf4mmvwU_0093.wav,यह समीकरण singal के sum के लिए signal 1 और signal 2 की values को दर्शाता है जिसकी हमने slides में चर्चा की थी
/home/abdullahm/Shivam//blind_data/662689_mndbMoheJbWHzF8b_0075.wav,url co localhost : 8080 type करें और enter दबाएं हम देखते हैं कि
/home/abdullahm/Shivam//blind_data/731203_IfrROqMp8euBDI18_0153.wav,page उसी के समान है जैसा हमारे पास success checkout page के लिए था
/home/abdullahm/Shivam//blind_data/315424_dFWh8NolvyRPEZIi_0104.wav,class के सफल simulation पर plotting perspective स्वचालित रूप से खुलता है
/home/abdullahm/Shivam//blind_data/437963_SWMxcnx8okhoHB4s_0023.wav,अतः आप अपना email username और password प्रविष्ट करने के लिए text boxes देखेंगे
/home/abdullahm/Shivam//blind_data/272044_2BqsQz87kAjMhCxB_0114.wav,अब register करने के लिए here link पर click करें
/home/abdullahm/Shivam//blind_data/452417_njTJ0H4xzGZHdznO_0038.wav,इस tutorial में dna sequence को translate करने के लिए हम biopython modules का उपयोग करेंगे
/home/abdullahm/Shivam//blind_data/145704_5CY9t6duxwVCK5NI_0045.wav,font को save करते है writer gray box में देखें कि font बदल गया है
/home/abdullahm/Shivam//blind_data/334157_201xLiqOYAgU2d7a_0006.wav,मैं इसका समर्थन करता है जिसमें
/home/abdullahm/Shivam//blind_data/785686_o9IGdBMefgqASRUb_0089.wav,के लिए मैं केवल दिखाउंगी कि google docs प्रयोग करके एक उदाहरण कैसे बनता है एक
/home/abdullahm/Shivam//blind_data/452417_njTJ0H4xzGZHdznO_0078.wav,यदि आप template strand के साथ शुरू कर रहे हैं तो terminal पर प्रदर्शित की तरह reverse complement method उपयोग करके इसे coding
/home/abdullahm/Shivam//blind_data/785686_o9IGdBMefgqASRUb_0046.wav,अब हमारे पास दो files हैं
/home/abdullahm/Shivam//blind_data/952555_b9A7hrD5hUYxzb1E_0038.wav,इसमें एक submit button भी है जो sign in करने को कहता है
/home/abdullahm/Shivam//blind_data/272044_2BqsQz87kAjMhCxB_0045.wav,हम users table से user details प्राप्त करने के लिए पूछताछ करते हैं
/home/abdullahm/Shivam//blind_data/310356_u0sz1lTfmeW7wW5o_0046.wav,दूसरा slice 11 और 12 bases के बीच होगा
/home/abdullahm/Shivam//blind_data/952555_b9A7hrD5hUYxzb1E_0054.wav,अतः अगली line में type करें
/home/abdullahm/Shivam//blind_data/910325_DPCsWwNZgf4mmvwU_0080.wav,जैसा कि हमने पिछले tutorial में सीखा है sum एक array function है
/home/abdullahm/Shivam//blind_data/310356_u0sz1lTfmeW7wW5o_0039.wav,है sequence में पहला character 0 स्थिति है
/home/abdullahm/Shivam//blind_data/145704_5CY9t6duxwVCK5NI_0085.wav,spoken - tutorial . org / nmict _ intro i i t bombay की ओर से मैं रवि कुमार अब आपसे विदा लेता हूँ
/home/abdullahm/Shivam//blind_data/715617_85MWWgmTkIhi4ZHP_0096.wav,संस्थापन को पूरा करने में कुछ समय लग सकता है
